catalog	id	relationship	url	title	editor_status	proposal_stage	published_status	published_date	published_url	standing	organization	browser_target	series	repository	tests	tags	review_state	source	row_sha256
TC39-ECMA-402	datetimeformat-datestyle-timestyle-babf92f9	supplement	https://github.com/tc39/proposal-intl-datetime-style	DateTimeFormat dateStyle & timeStyle	NOT_APPLICABLE	Finished/standardized	NOT_APPLICABLE	NOT_APPLICABLE	NOT_APPLICABLE	good	Ecma International	language		https://github.com/tc39/proposal-intl-datetime-style			CATALOG_INGESTED	ecma402/finished-proposals.md	2c57f5ed4fd41499e8d3c1947984884bbe376013f8d04fcee816733a2994cf5b
TC39-ECMA-402	extend-timezonename-option-proposal-bdfe785d	supplement	https://github.com/tc39/proposal-intl-extend-timezonename	Extend TimeZoneName Option Proposal	NOT_APPLICABLE	Finished/standardized	NOT_APPLICABLE	NOT_APPLICABLE	NOT_APPLICABLE	good	Ecma International	language		https://github.com/tc39/proposal-intl-extend-timezonename			CATALOG_INGESTED	ecma402/finished-proposals.md	e069c85cb8b9b56df7ffeae6859bc9654d07a42f8fdd55eae307a2712521eee0
TC39-ECMA-402	intl-dateformat-prototype-formatrange-883964a4	supplement	https://github.com/tc39/proposal-intl-DateTimeFormat-formatRange	Intl.DateFormat.prototype.formatRange	NOT_APPLICABLE	Finished/standardized	NOT_APPLICABLE	NOT_APPLICABLE	NOT_APPLICABLE	good	Ecma International	language		https://github.com/tc39/proposal-intl-DateTimeFormat-formatRange		accessibility-i18n	CATALOG_INGESTED	ecma402/finished-proposals.md	89aee9e667e33c19fe6bb882044bbd22c4992238a4074b467faaf04db1b89fa0
TC39-ECMA-402	intl-displaynames-ec5fd313	supplement	https://github.com/tc39/proposal-intl-displaynames	Intl.DisplayNames	NOT_APPLICABLE	Finished/standardized	NOT_APPLICABLE	NOT_APPLICABLE	NOT_APPLICABLE	good	Ecma International	language		https://github.com/tc39/proposal-intl-displaynames		accessibility-i18n	CATALOG_INGESTED	ecma402/finished-proposals.md	7460548185655265036ef8783a428291b399fe8510838ef3220e48233c3b8def
TC39-ECMA-402	intl-displaynames-v2-f82e4b7d	supplement	https://github.com/tc39/proposal-intl-displaynames-v2	Intl.DisplayNames v2	NOT_APPLICABLE	Finished/standardized	NOT_APPLICABLE	NOT_APPLICABLE	NOT_APPLICABLE	good	Ecma International	language		https://github.com/tc39/proposal-intl-displaynames-v2		accessibility-i18n	CATALOG_INGESTED	ecma402/finished-proposals.md	cbf351ed4a1c7d901c19b4624c58560b759e2eaef01c92ad3073e08b63274844
TC39-ECMA-402	intl-durationformat-8123a610	supplement	https://github.com/tc39/proposal-intl-duration-format	Intl.DurationFormat	NOT_APPLICABLE	Finished/standardized	NOT_APPLICABLE	NOT_APPLICABLE	NOT_APPLICABLE	good	Ecma International	language		https://github.com/tc39/proposal-intl-duration-format		accessibility-i18n	CATALOG_INGESTED	ecma402/finished-proposals.md	66cb37ea282c62bd03a65dc4ac5f68a14fa66b959c147df565048c83e399285d
TC39-ECMA-402	intl-enumeration-api-1546eba0	supplement	https://github.com/tc39/proposal-intl-enumeration	Intl Enumeration API	NOT_APPLICABLE	Finished/standardized	NOT_APPLICABLE	NOT_APPLICABLE	NOT_APPLICABLE	good	Ecma International	language		https://github.com/tc39/proposal-intl-enumeration		accessibility-i18n	CATALOG_INGESTED	ecma402/finished-proposals.md	721d9b0ff3f0159b345d52ec9c2a75ae9d332ad819488758ed2d23702a08dd67
TC39-ECMA-402	intl-era-and-monthcode-proposal-640dd461	supplement	https://github.com/tc39/proposal-intl-era-monthcode	Intl Era and MonthCode Proposal	NOT_APPLICABLE	Finished/standardized	NOT_APPLICABLE	NOT_APPLICABLE	NOT_APPLICABLE	good	Ecma International	language		https://github.com/tc39/proposal-intl-era-monthcode		accessibility-i18n	CATALOG_INGESTED	ecma402/finished-proposals.md	873a34b4db696deae5693b9c3b91a5707e08f403f052314eeba72805a00d98be
TC39-ECMA-402	intl-listformat-9fe3e2ef	supplement	https://github.com/tc39/proposal-intl-list-format	Intl.ListFormat	NOT_APPLICABLE	Finished/standardized	NOT_APPLICABLE	NOT_APPLICABLE	NOT_APPLICABLE	good	Ecma International	language		https://github.com/tc39/proposal-intl-list-format		accessibility-i18n	CATALOG_INGESTED	ecma402/finished-proposals.md	ee9acf7f9e6a94ec8b445c9466166c1c0f4ff36a7bc9afa073353d017bbbe641
TC39-ECMA-402	intl-locale-7fd46bde	supplement	https://github.com/tc39/proposal-intl-locale	Intl.Locale	NOT_APPLICABLE	Finished/standardized	NOT_APPLICABLE	NOT_APPLICABLE	NOT_APPLICABLE	good	Ecma International	language		https://github.com/tc39/proposal-intl-locale		accessibility-i18n	CATALOG_INGESTED	ecma402/finished-proposals.md	e55cb2dacff962215ceaacb3e6e8c8c0e21bc72e2f606d7566a4bd0dc081fb4d
TC39-ECMA-402	intl-locale-info-fdaaee73	supplement	https://github.com/tc39/proposal-intl-locale-info	Intl Locale Info	NOT_APPLICABLE	Finished/standardized	NOT_APPLICABLE	NOT_APPLICABLE	NOT_APPLICABLE	good	Ecma International	language		https://github.com/tc39/proposal-intl-locale-info		accessibility-i18n	CATALOG_INGESTED	ecma402/finished-proposals.md	817a69033cc95b1617bf83f9b23e767ffe53456e0bbf8b6cd06f33978bbe17b8
TC39-ECMA-402	intl-numberformat-prototype-formattoparts-39254e11	supplement	https://github.com/tc39/proposal-intl-formatToParts	Intl.NumberFormat.prototype.formatToParts	NOT_APPLICABLE	Finished/standardized	NOT_APPLICABLE	NOT_APPLICABLE	NOT_APPLICABLE	good	Ecma International	language		https://github.com/tc39/proposal-intl-formatToParts		accessibility-i18n	CATALOG_INGESTED	ecma402/finished-proposals.md	f99b13518d86f7a9d1fc2e4adfffd5cb8df0f6816e543fd2dd1a3554e676f24f
TC39-ECMA-402	intl-numberformat-unified-api-proposal-785574eb	supplement	https://github.com/tc39/proposal-unified-intl-numberformat	Intl.NumberFormat Unified API Proposal	NOT_APPLICABLE	Finished/standardized	NOT_APPLICABLE	NOT_APPLICABLE	NOT_APPLICABLE	good	Ecma International	language		https://github.com/tc39/proposal-unified-intl-numberformat		accessibility-i18n	CATALOG_INGESTED	ecma402/finished-proposals.md	6c8774652fbdd9c00f893c514b69869666cb535a7ac802c5a1bdb405f1687a79
TC39-ECMA-402	intl-numberformat-v3-6231ff5e	supplement	https://github.com/tc39/proposal-intl-numberformat-v3	Intl.NumberFormat V3	NOT_APPLICABLE	Finished/standardized	NOT_APPLICABLE	NOT_APPLICABLE	NOT_APPLICABLE	good	Ecma International	language		https://github.com/tc39/proposal-intl-numberformat-v3		accessibility-i18n	CATALOG_INGESTED	ecma402/finished-proposals.md	f55352ba49227dbb666fbe50cdb3bbaebe84337c74d3fc09a068b40a167eacdc
TC39-ECMA-402	intl-pluralrules-9c672ac0	supplement	https://github.com/tc39/proposal-intl-plural-rules	Intl.PluralRules	NOT_APPLICABLE	Finished/standardized	NOT_APPLICABLE	NOT_APPLICABLE	NOT_APPLICABLE	good	Ecma International	language		https://github.com/tc39/proposal-intl-plural-rules		accessibility-i18n	CATALOG_INGESTED	ecma402/finished-proposals.md	a7bcd7724e790d6ff49fc677e89ce46d8fac50447d419fd4b429fe5cff8e374c
TC39-ECMA-402	intl-relativetimeformat-37ed9384	supplement	https://github.com/tc39/proposal-intl-relative-time	Intl.RelativeTimeFormat	NOT_APPLICABLE	Finished/standardized	NOT_APPLICABLE	NOT_APPLICABLE	NOT_APPLICABLE	good	Ecma International	language		https://github.com/tc39/proposal-intl-relative-time		accessibility-i18n	CATALOG_INGESTED	ecma402/finished-proposals.md	1a5e0e0dc8b24b74aa9f655028445f58290c9f947d376db8d0f2e95a4b83694b
TC39-ECMA-402	intl-segmenter-unicode-segmentation-in-javascript-87c52251	supplement	https://github.com/tc39/proposal-intl-segmenter	Intl.Segmenter: Unicode Segmentation in JavaScript	NOT_APPLICABLE	Finished/standardized	NOT_APPLICABLE	NOT_APPLICABLE	NOT_APPLICABLE	good	Ecma International	language		https://github.com/tc39/proposal-intl-segmenter		accessibility-i18n,execution-modules	CATALOG_INGESTED	ecma402/finished-proposals.md	0934d44cd749dfd12ca7fb2cf90585752a7f870fa1d235fbb25f299e0a9bb24a
TC39-ECMA-402	intl-unitformat-a2556de9	supplement	https://github.com/tc39/proposal-intl-unit-format	Intl.UnitFormat	NOT_APPLICABLE	Inactive/withdrawn	NOT_APPLICABLE	NOT_APPLICABLE	NOT_APPLICABLE	discontinued	Ecma International	language		https://github.com/tc39/proposal-intl-unit-format		accessibility-i18n	CATALOG_INGESTED	ecma402/inactive-proposals.md	78ff8a6d60d483612d3e921039ac867652c40e194f53839b5b59488564eee9db
TC39-ECMA-402	fix-9-2-3-lookupmatcher-algorithm-ad3ac90c	supplement	https://github.com/rxaviers/ecma402-fix-lookup-matcher	Fix 9.2.3 LookupMatcher algorithm	NOT_APPLICABLE	Stage 0	NOT_APPLICABLE	NOT_APPLICABLE	NOT_APPLICABLE	pending	Ecma International	language		https://github.com/rxaviers/ecma402-fix-lookup-matcher			CATALOG_INGESTED	ecma402/stage-0-proposals.md	ebaeecd0c3b61fd4a4f3032d805a4995f7e856d45d43b4c53cc7ddda18628186
TC39-ECMA-402	intl-numberformat-round-option-f8b7c331	supplement	https://github.com/rxaviers/ecma402-number-format-round-option	Intl.NumberFormat round option	NOT_APPLICABLE	Stage 0	NOT_APPLICABLE	NOT_APPLICABLE	NOT_APPLICABLE	pending	Ecma International	language		https://github.com/rxaviers/ecma402-number-format-round-option		accessibility-i18n	CATALOG_INGESTED	ecma402/stage-0-proposals.md	6d595addc6790c40147d5104f66aee5ba8f2746a089f86a4a3f66cabe400a777
TC39-ECMA-402	default-behaviours-for-some-intl-apis-cc183a4a	supplement	https://github.com/eemeli/proposal-intl-default-behaviours	Default Behaviours for some Intl APIs	NOT_APPLICABLE	Stage 1	NOT_APPLICABLE	NOT_APPLICABLE	NOT_APPLICABLE	pending	Ecma International	language		https://github.com/eemeli/proposal-intl-default-behaviours		accessibility-i18n	CATALOG_INGESTED	ecma402/README.md	f7466435bd57111e6f164e383ce566948d54812e2523af2d6acbd5f08587781b
TC39-ECMA-402	explore-associating-a-unit-with-a-number-dd3c5f23	supplement	https://github.com/sffc/proposal-intl-unit-protocol	explore associating a unit with a number	NOT_APPLICABLE	Stage 1	NOT_APPLICABLE	NOT_APPLICABLE	NOT_APPLICABLE	pending	Ecma International	language		https://github.com/sffc/proposal-intl-unit-protocol			CATALOG_INGESTED	ecma402/README.md	48220740da7c452e13eb5a841afb1fbbaaad1549f230f7be19238154c7aa71bc
TC39-ECMA-402	intl-datetimeformat-alignment-with-other-standards-29f04386	supplement	https://github.com/tc39/proposal-intl-datetime-alignment	Intl.DateTimeFormat Alignment With Other Standards	NOT_APPLICABLE	Stage 1	NOT_APPLICABLE	NOT_APPLICABLE	NOT_APPLICABLE	pending	Ecma International	language		https://github.com/tc39/proposal-intl-datetime-alignment		accessibility-i18n	CATALOG_INGESTED	ecma402/README.md	ae442356d7805c14d3cf1dc2ba8ec6bf098b41f591f7dc04085cf7669f9e0b84
TC39-ECMA-402	intl-energy-units-fde8c9db	supplement	https://github.com/johanrd/proposal-intl-energy-units	Intl Energy Units	NOT_APPLICABLE	Stage 1	NOT_APPLICABLE	NOT_APPLICABLE	NOT_APPLICABLE	pending	Ecma International	language		https://github.com/johanrd/proposal-intl-energy-units		accessibility-i18n	CATALOG_INGESTED	ecma402/README.md	8ef20df37ea210b8af01cb3fa2c2ca718f7f5f323c2790e6112aed434fdf6783
TC39-ECMA-402	intl-localematcher-a8ea9b29	supplement	https://github.com/tc39/proposal-intl-localematcher	Intl LocaleMatcher	NOT_APPLICABLE	Stage 1	NOT_APPLICABLE	NOT_APPLICABLE	NOT_APPLICABLE	pending	Ecma International	language		https://github.com/tc39/proposal-intl-localematcher		accessibility-i18n	CATALOG_INGESTED	ecma402/README.md	a6fff498df79957603612dfac4f21c5ffb497e3ff03db3be7e16eeb2726e877a
TC39-ECMA-402	intl-messageformat-82dbf86b	supplement	https://github.com/tc39/proposal-intl-messageformat	Intl.MessageFormat	NOT_APPLICABLE	Stage 1	NOT_APPLICABLE	NOT_APPLICABLE	NOT_APPLICABLE	pending	Ecma International	language		https://github.com/tc39/proposal-intl-messageformat		accessibility-i18n	CATALOG_INGESTED	ecma402/README.md	5562ffebcc773a44e3661cf47d8a7389efbdfcd3c3698ef58b2811fc5849665b
TC39-ECMA-402	intl-messageresource-d06016b4	supplement	https://github.com/tc39/proposal-intl-message-resource	Intl.MessageResource	NOT_APPLICABLE	Stage 1	NOT_APPLICABLE	NOT_APPLICABLE	NOT_APPLICABLE	pending	Ecma International	language		https://github.com/tc39/proposal-intl-message-resource		accessibility-i18n	CATALOG_INGESTED	ecma402/README.md	44b94200bfcab780782aa17cf325557ecff7699e3f4f5ca90e45f4a3967273be
TC39-ECMA-402	intl-segmenter-v2-7605aa2a	supplement	https://github.com/tc39/proposal-intl-segmenter-v2	Intl.Segmenter v2	NOT_APPLICABLE	Stage 1	NOT_APPLICABLE	NOT_APPLICABLE	NOT_APPLICABLE	pending	Ecma International	language		https://github.com/tc39/proposal-intl-segmenter-v2		accessibility-i18n	CATALOG_INGESTED	ecma402/README.md	c4c8dd5a6555d4c14139cacb649aed0fd40939c43d0dc64e56b861ef4ef2b9d0
TC39-ECMA-402	intl-sequence-units-8e015e22	supplement	https://github.com/tc39/proposal-intl-sequence-units	Intl Sequence Units	NOT_APPLICABLE	Stage 1	NOT_APPLICABLE	NOT_APPLICABLE	NOT_APPLICABLE	pending	Ecma International	language		https://github.com/tc39/proposal-intl-sequence-units		accessibility-i18n	CATALOG_INGESTED	ecma402/README.md	dabf3180adc21c3343d0ca7621e0d30e16cda7cc2a6ff649d75f84f0c2a2b436
TC39-ECMA-402	intl-zoneddatetimeformat-f188d7cd	supplement	https://github.com/FrankYFTang/intl-zoneddatetimeformat	Intl.ZonedDateTimeFormat	NOT_APPLICABLE	Stage 1	NOT_APPLICABLE	NOT_APPLICABLE	NOT_APPLICABLE	pending	Ecma International	language		https://github.com/FrankYFTang/intl-zoneddatetimeformat		accessibility-i18n	CATALOG_INGESTED	ecma402/README.md	bcefa396b281a034880e2e75b1b3cfe882c9f3deb12ce52ea71e0fd1c9600480
TC39-ECMA-402	smart-unit-preferences-in-intl-numberformat-2031fd3f	supplement	https://github.com/tc39/proposal-smart-unit-preferences	Smart Unit Preferences in Intl.NumberFormat	NOT_APPLICABLE	Stage 1	NOT_APPLICABLE	NOT_APPLICABLE	NOT_APPLICABLE	pending	Ecma International	language		https://github.com/tc39/proposal-smart-unit-preferences		accessibility-i18n	CATALOG_INGESTED	ecma402/README.md	8b664c5d55c8157c502dd179c7158baa2bc0a6af6abf3112d32b8bc2b00ddaa9
TC39-ECMA-402	stable-formatting-98a85794	supplement	https://github.com/tc39/proposal-stable-formatting	Stable Formatting	NOT_APPLICABLE	Stage 1	NOT_APPLICABLE	NOT_APPLICABLE	NOT_APPLICABLE	pending	Ecma International	language		https://github.com/tc39/proposal-stable-formatting			CATALOG_INGESTED	ecma402/README.md	63b3f7224947b048f7793a7089679d15e2aa52f815691f0094485a3a0c0af683
TC39-ECMA-402	eradisplay-option-for-intl-datetimeformat-b845118a	supplement	https://github.com/tc39/proposal-intl-eradisplay	eraDisplay option for Intl.DateTimeFormat	NOT_APPLICABLE	Stage 2	NOT_APPLICABLE	NOT_APPLICABLE	NOT_APPLICABLE	pending	Ecma International	language		https://github.com/tc39/proposal-intl-eradisplay		accessibility-i18n	CATALOG_INGESTED	ecma402/README.md	8fd19e558aff400a421f90e3051729b8e0986fadbd1cedaa093d289e3ee01a2a
TC39-ECMA-402	more-currency-display-choices-5c4c9a15	supplement	https://github.com/tc39/proposal-intl-currency-display-choices	More Currency Display Choices	NOT_APPLICABLE	Stage 2	NOT_APPLICABLE	NOT_APPLICABLE	NOT_APPLICABLE	pending	Ecma International	language		https://github.com/tc39/proposal-intl-currency-display-choices			CATALOG_INGESTED	ecma402/README.md	9700abfdd95a12594c7adb919b1828249f0f1f6e5f79c0771f9fb598fabb7cc8
TC39-ECMA-402	keep-trailing-zeros-in-intl-numberformat-and-intl-pluralrules-765f791d	supplement	https://github.com/tc39/proposal-intl-keep-trailing-zeros	Keep trailing zeros in Intl.NumberFormat and Intl.PluralRules	NOT_APPLICABLE	Stage 3	NOT_APPLICABLE	NOT_APPLICABLE	NOT_APPLICABLE	pending	Ecma International	language		https://github.com/tc39/proposal-intl-keep-trailing-zeros		accessibility-i18n	CATALOG_INGESTED	ecma402/README.md	551c0516617a53f75bae60dc5ca441d3102e2beed70c3d859073fa0b85a4eb19
TC39-ECMAScript	accessible-object-prototype-hasownproperty-16ba0867	supplement	https://github.com/tc39/proposal-accessible-object-hasownproperty	Accessible Object.prototype.hasOwnProperty	NOT_APPLICABLE	Finished/standardized	NOT_APPLICABLE	NOT_APPLICABLE	NOT_APPLICABLE	good	Ecma International	language		https://github.com/tc39/proposal-accessible-object-hasownproperty			CATALOG_INGESTED	finished-proposals.md	f4750f867c3ed32f403c3c3f2be9d48f7c1b9debd6544ccb2c0a752ae42736a6
TC39-ECMAScript	array-find-from-last-7fb56d60	supplement	https://github.com/tc39/proposal-array-find-from-last	Array find from last	NOT_APPLICABLE	Finished/standardized	NOT_APPLICABLE	NOT_APPLICABLE	NOT_APPLICABLE	good	Ecma International	language		https://github.com/tc39/proposal-array-find-from-last			CATALOG_INGESTED	finished-proposals.md	c7892e59cd80b58b785bc4e4824857feec518f8ca2a82e2258935ec2c80d9fdd
TC39-ECMAScript	array-fromasync-f6c40191	supplement	https://github.com/tc39/proposal-array-from-async	Array.fromAsync	NOT_APPLICABLE	Finished/standardized	NOT_APPLICABLE	NOT_APPLICABLE	NOT_APPLICABLE	good	Ecma International	language		https://github.com/tc39/proposal-array-from-async			CATALOG_INGESTED	finished-proposals.md	7424c5a5fbf0fdfd806c326ffee6fd3d485a56b9a98e26d98208d8d5ea3967c7
TC39-ECMAScript	array-grouping-1edde4e4	supplement	https://github.com/tc39/proposal-array-grouping	Array Grouping	NOT_APPLICABLE	Finished/standardized	NOT_APPLICABLE	NOT_APPLICABLE	NOT_APPLICABLE	good	Ecma International	language		https://github.com/tc39/proposal-array-grouping			CATALOG_INGESTED	finished-proposals.md	ba8ac955aee5e3b501c125068c32e4423e33eb1220bdcbefe1c0b31cf1f66359
TC39-ECMAScript	array-prototype-flat-flatmap-5cba56e7	supplement	https://github.com/tc39/proposal-flatMap	Array.prototype.{flat,flatMap}	NOT_APPLICABLE	Finished/standardized	NOT_APPLICABLE	NOT_APPLICABLE	NOT_APPLICABLE	good	Ecma International	language		https://github.com/tc39/proposal-flatMap			CATALOG_INGESTED	finished-proposals.md	ac9bfe35e16c97a5ecfbc283ff7091cd79ee2575b34583b6754a38d70d5ee5d4
TC39-ECMAScript	array-prototype-includes-55107779	supplement	https://github.com/tc39/proposal-Array.prototype.includes	Array.prototype.includes	NOT_APPLICABLE	Finished/standardized	NOT_APPLICABLE	NOT_APPLICABLE	NOT_APPLICABLE	good	Ecma International	language		https://github.com/tc39/proposal-Array.prototype.includes			CATALOG_INGESTED	finished-proposals.md	e23e5c745ae7e66b646985a964b6783e8bb232d4038b7792a2d55f2d39d560b7
TC39-ECMAScript	arraybuffer-transfer-a29eadb6	supplement	https://github.com/tc39/proposal-arraybuffer-transfer	ArrayBuffer transfer	NOT_APPLICABLE	Finished/standardized	NOT_APPLICABLE	NOT_APPLICABLE	NOT_APPLICABLE	good	Ecma International	language		https://github.com/tc39/proposal-arraybuffer-transfer			CATALOG_INGESTED	finished-proposals.md	967ce307b4fb3ecf50ccca42018a4ceb28fc8101842e4e12633f2c5bec542c75
TC39-ECMAScript	async-functions-66c87209	supplement	https://github.com/tc39/proposal-async-await	Async functions	NOT_APPLICABLE	Finished/standardized	NOT_APPLICABLE	NOT_APPLICABLE	NOT_APPLICABLE	good	Ecma International	language		https://github.com/tc39/proposal-async-await			CATALOG_INGESTED	finished-proposals.md	b7482bc57e704e0dedc1b519f2dd9a0dbc85e13c2de464fdd4c2ff3e50911940
TC39-ECMAScript	asynchronous-iteration-c88d78e6	supplement	https://github.com/tc39/proposal-async-iteration	Asynchronous Iteration	NOT_APPLICABLE	Finished/standardized	NOT_APPLICABLE	NOT_APPLICABLE	NOT_APPLICABLE	good	Ecma International	language		https://github.com/tc39/proposal-async-iteration			CATALOG_INGESTED	finished-proposals.md	06ceb84628b40fe5986315263a0a23c5fc1984c610b07ba38025bd4cd4ad6caa
TC39-ECMAScript	at-2f4902ad	supplement	https://github.com/tc39/proposal-relative-indexing-method	.at()	NOT_APPLICABLE	Finished/standardized	NOT_APPLICABLE	NOT_APPLICABLE	NOT_APPLICABLE	good	Ecma International	language		https://github.com/tc39/proposal-relative-indexing-method			CATALOG_INGESTED	finished-proposals.md	57489503e50641fb5a14b5f7248f4e7ed321af1149e5cab231902218975085a8
TC39-ECMAScript	atomics-pause-65208156	supplement	https://github.com/tc39/proposal-atomics-microwait	Atomics.pause	NOT_APPLICABLE	Finished/standardized	NOT_APPLICABLE	NOT_APPLICABLE	NOT_APPLICABLE	good	Ecma International	language		https://github.com/tc39/proposal-atomics-microwait			CATALOG_INGESTED	finished-proposals.md	dc8a6597769439b969ab7f61ecda67c051db1272b8b7046a052faef88bf4e1d7
TC39-ECMAScript	atomics-waitasync-9a643ff9	supplement	https://github.com/tc39/proposal-atomics-wait-async	Atomics.waitAsync	NOT_APPLICABLE	Finished/standardized	NOT_APPLICABLE	NOT_APPLICABLE	NOT_APPLICABLE	good	Ecma International	language		https://github.com/tc39/proposal-atomics-wait-async			CATALOG_INGESTED	finished-proposals.md	ce292956eecc049b73bbccb499a9b90a567b489a2b977fb78ed08d25501f2675
TC39-ECMAScript	bigint-2d36ae6d	supplement	https://github.com/tc39/proposal-bigint	BigInt	NOT_APPLICABLE	Finished/standardized	NOT_APPLICABLE	NOT_APPLICABLE	NOT_APPLICABLE	good	Ecma International	language		https://github.com/tc39/proposal-bigint			CATALOG_INGESTED	finished-proposals.md	7408fa857171ae4c27772a193b7d24f36fdfed880bd76b6f9f3cd8f25c35e573
TC39-ECMAScript	change-array-by-copy-ca16b756	supplement	https://github.com/tc39/proposal-change-array-by-copy	Change Array by Copy	NOT_APPLICABLE	Finished/standardized	NOT_APPLICABLE	NOT_APPLICABLE	NOT_APPLICABLE	good	Ecma International	language		https://github.com/tc39/proposal-change-array-by-copy			CATALOG_INGESTED	finished-proposals.md	af0ff7ce9ea25fcccd8e3fa6d872d8c7101e21eddf46eb8730f0dd4fb417d5c0
TC39-ECMAScript	class-fields-private-instance-methods-and-accessors-class-public-instanc-fa3ffad2	supplement	https://github.com/tc39/proposal-private-methods	Class Fields (Private instance methods and accessors, Class Public Instance Fields & Private Instance Fields, Static class fields and private static methods)	NOT_APPLICABLE	Finished/standardized	NOT_APPLICABLE	NOT_APPLICABLE	NOT_APPLICABLE	good	Ecma International	language		https://github.com/tc39/proposal-private-methods			CATALOG_INGESTED	finished-proposals.md	cfebe2b1f5f010649616740d572d9e5cfe8239298cff252f43a437fda55e7045
TC39-ECMAScript	class-static-block-4bb13409	supplement	https://github.com/tc39/proposal-class-static-block	Class Static Block	NOT_APPLICABLE	Finished/standardized	NOT_APPLICABLE	NOT_APPLICABLE	NOT_APPLICABLE	good	Ecma International	language		https://github.com/tc39/proposal-class-static-block			CATALOG_INGESTED	finished-proposals.md	d0bef0727e86ed98eb141826a7f4fb5e02d64291077053feb028f7b675684f50
TC39-ECMAScript	duplicate-named-capture-groups-3c9d8116	supplement	https://github.com/tc39/proposal-duplicate-named-capturing-groups	Duplicate named capture groups	NOT_APPLICABLE	Finished/standardized	NOT_APPLICABLE	NOT_APPLICABLE	NOT_APPLICABLE	good	Ecma International	language		https://github.com/tc39/proposal-duplicate-named-capturing-groups			CATALOG_INGESTED	finished-proposals.md	390b702bf42a22fef87d8ec63619b96b0f09b37c85a0a7dac846f0ac493349c4
TC39-ECMAScript	ergonomic-brand-checks-for-private-fields-37a2b82c	supplement	https://github.com/tc39/proposal-private-fields-in-in	Ergonomic brand checks for Private Fields	NOT_APPLICABLE	Finished/standardized	NOT_APPLICABLE	NOT_APPLICABLE	NOT_APPLICABLE	good	Ecma International	language		https://github.com/tc39/proposal-private-fields-in-in			CATALOG_INGESTED	finished-proposals.md	1fc04823834bf384a79b024effed1a8db9cf96e957de59583e069a03b11b12be
TC39-ECMAScript	error-cause-305d7333	supplement	https://github.com/tc39/proposal-error-cause	Error Cause	NOT_APPLICABLE	Finished/standardized	NOT_APPLICABLE	NOT_APPLICABLE	NOT_APPLICABLE	good	Ecma International	language		https://github.com/tc39/proposal-error-cause			CATALOG_INGESTED	finished-proposals.md	fdd70dae7ec050b790293e78606ef0db55cf870db12b8b397ccb68711cbef284
TC39-ECMAScript	error-iserror-7b166fba	supplement	https://github.com/tc39/proposal-is-error	Error.isError	NOT_APPLICABLE	Finished/standardized	NOT_APPLICABLE	NOT_APPLICABLE	NOT_APPLICABLE	good	Ecma International	language		https://github.com/tc39/proposal-is-error			CATALOG_INGESTED	finished-proposals.md	093588206f3646a986d8bb6a0fb5931594bb0d57563558a627f78ae8e31b5a66
TC39-ECMAScript	explicit-resource-management-ccb9a2db	supplement	https://github.com/tc39/proposal-explicit-resource-management	Explicit Resource Management	NOT_APPLICABLE	Finished/standardized	NOT_APPLICABLE	NOT_APPLICABLE	NOT_APPLICABLE	good	Ecma International	language		https://github.com/tc39/proposal-explicit-resource-management		navigation-loading	CATALOG_INGESTED	finished-proposals.md	8020cb2fb2e7e9fce50c99f1e4ae7ef5aafbf347e3f3e76f7414bc71dbcdc1cd
TC39-ECMAScript	exponentiation-operator-0cee57f1	supplement	https://github.com/tc39/proposal-exponentiation-operator	Exponentiation operator	NOT_APPLICABLE	Finished/standardized	NOT_APPLICABLE	NOT_APPLICABLE	NOT_APPLICABLE	good	Ecma International	language		https://github.com/tc39/proposal-exponentiation-operator			CATALOG_INGESTED	finished-proposals.md	5ef1517c3491f19dbed399d0538dabf951ae47aef049efa1282f4bc1226e168b
TC39-ECMAScript	float16-on-typedarrays-dataview-math-f16round-8669aede	supplement	https://github.com/tc39/proposal-float16array	Float16 on TypedArrays, DataView, Math.f16round	NOT_APPLICABLE	Finished/standardized	NOT_APPLICABLE	NOT_APPLICABLE	NOT_APPLICABLE	good	Ecma International	language		https://github.com/tc39/proposal-float16array			CATALOG_INGESTED	finished-proposals.md	3eaab086ba061adbeb08dc05561786e6920f8f34c44cb246cc9584878876b156
TC39-ECMAScript	for-in-mechanics-4f17d050	supplement	https://github.com/tc39/proposal-for-in-order	for-in mechanics	NOT_APPLICABLE	Finished/standardized	NOT_APPLICABLE	NOT_APPLICABLE	NOT_APPLICABLE	good	Ecma International	language		https://github.com/tc39/proposal-for-in-order			CATALOG_INGESTED	finished-proposals.md	4517434a4506861a2210dfc17ffdfa75492d2ca7464cb1f5551e1f477ea64412
TC39-ECMAScript	function-prototype-tostring-revision-e7b64788	supplement	https://github.com/tc39/Function-prototype-toString-revision	Function.prototype.toString revision	NOT_APPLICABLE	Finished/standardized	NOT_APPLICABLE	NOT_APPLICABLE	NOT_APPLICABLE	good	Ecma International	language		https://github.com/tc39/Function-prototype-toString-revision			CATALOG_INGESTED	finished-proposals.md	c07daa99389dd0ceb33a62388f1feb9bc36a53507feb1583468318ec3cc7f248
TC39-ECMAScript	globalthis-5b55a90b	supplement	https://github.com/tc39/proposal-global	globalThis	NOT_APPLICABLE	Finished/standardized	NOT_APPLICABLE	NOT_APPLICABLE	NOT_APPLICABLE	good	Ecma International	language		https://github.com/tc39/proposal-global			CATALOG_INGESTED	finished-proposals.md	a3ad7d3622fa37ac71441142520dc607a47e4a8aa0af97768ed2a9d07514e223
TC39-ECMAScript	hashbang-grammar-3f4653bd	supplement	https://github.com/tc39/proposal-hashbang	Hashbang Grammar	NOT_APPLICABLE	Finished/standardized	NOT_APPLICABLE	NOT_APPLICABLE	NOT_APPLICABLE	good	Ecma International	language		https://github.com/tc39/proposal-hashbang			CATALOG_INGESTED	finished-proposals.md	621275a858fc893dc640c199530763d0e030c566a5bd5e4fd5419e16df64f286
TC39-ECMAScript	import-1bd1ebb1	supplement	https://github.com/tc39/proposal-dynamic-import	import()	NOT_APPLICABLE	Finished/standardized	NOT_APPLICABLE	NOT_APPLICABLE	NOT_APPLICABLE	good	Ecma International	language		https://github.com/tc39/proposal-dynamic-import		execution-modules	CATALOG_INGESTED	finished-proposals.md	f72e383b3e95c7ebd75c0a6d5c55e1998ae6c1475141839d74b65202c9444034
TC39-ECMAScript	import-attributes-c2b74dd9	supplement	https://github.com/tc39/proposal-import-attributes	Import Attributes	NOT_APPLICABLE	Finished/standardized	NOT_APPLICABLE	NOT_APPLICABLE	NOT_APPLICABLE	good	Ecma International	language		https://github.com/tc39/proposal-import-attributes		execution-modules	CATALOG_INGESTED	finished-proposals.md	a097a2da3114e06c60816837c58095b6c08a99909c8e87cdc790a58f236bed16
TC39-ECMAScript	import-meta-71a844ca	supplement	https://github.com/tc39/proposal-import-meta	import.meta	NOT_APPLICABLE	Finished/standardized	NOT_APPLICABLE	NOT_APPLICABLE	NOT_APPLICABLE	good	Ecma International	language		https://github.com/tc39/proposal-import-meta		execution-modules	CATALOG_INGESTED	finished-proposals.md	a6c1291ae08a670548108ebb628c392cf9fd1ba29ad40c76ab7864ee9846d667
TC39-ECMAScript	iterator-sequencing-9879e8d8	supplement	https://github.com/tc39/proposal-iterator-sequencing	Iterator Sequencing	NOT_APPLICABLE	Finished/standardized	NOT_APPLICABLE	NOT_APPLICABLE	NOT_APPLICABLE	good	Ecma International	language		https://github.com/tc39/proposal-iterator-sequencing			CATALOG_INGESTED	finished-proposals.md	ce78fbea5f6cada4d5753a91a98afe8c7b6432875560e4d96057d35d7ac485de
TC39-ECMAScript	joint-iteration-4f35ccd9	supplement	https://github.com/tc39/proposal-joint-iteration	Joint Iteration	NOT_APPLICABLE	Finished/standardized	NOT_APPLICABLE	NOT_APPLICABLE	NOT_APPLICABLE	good	Ecma International	language		https://github.com/tc39/proposal-joint-iteration			CATALOG_INGESTED	finished-proposals.md	72d06a522263e2a5bbb9477c542f8f150ea379a885c25240ffc3d47ce32f2769
TC39-ECMAScript	json-modules-c7e3a895	supplement	https://github.com/tc39/proposal-json-modules	JSON Modules	NOT_APPLICABLE	Finished/standardized	NOT_APPLICABLE	NOT_APPLICABLE	NOT_APPLICABLE	good	Ecma International	language		https://github.com/tc39/proposal-json-modules			CATALOG_INGESTED	finished-proposals.md	5a753c5a0074fc12ddc7057ab25f3f22f897470f37c6a24162513cdd9c5614c7
TC39-ECMAScript	json-parse-source-text-access-6daa5914	supplement	https://github.com/tc39/proposal-json-parse-with-source	JSON.parse source text access	NOT_APPLICABLE	Finished/standardized	NOT_APPLICABLE	NOT_APPLICABLE	NOT_APPLICABLE	good	Ecma International	language		https://github.com/tc39/proposal-json-parse-with-source			CATALOG_INGESTED	finished-proposals.md	df3688876beb94625639b1baaf225ccdfb7507e8933aaac99df5946953e85c96
TC39-ECMAScript	json-superset-afae7dee	supplement	https://github.com/tc39/proposal-json-superset	JSON superset	NOT_APPLICABLE	Finished/standardized	NOT_APPLICABLE	NOT_APPLICABLE	NOT_APPLICABLE	good	Ecma International	language		https://github.com/tc39/proposal-json-superset			CATALOG_INGESTED	finished-proposals.md	22a8ca10bcb113d7df517579e81456246e19c064846aa3995c885d60ec2bf99a
TC39-ECMAScript	lifting-template-literal-restriction-e1eb8b36	supplement	https://github.com/tc39/proposal-template-literal-revision	Lifting template literal restriction	NOT_APPLICABLE	Finished/standardized	NOT_APPLICABLE	NOT_APPLICABLE	NOT_APPLICABLE	good	Ecma International	language		https://github.com/tc39/proposal-template-literal-revision			CATALOG_INGESTED	finished-proposals.md	a162df47c7ee28b500edb2ad0f5fd93c4883d236e14a3f2040e171ee470e06d1
TC39-ECMAScript	logical-assignment-operators-d48cb681	supplement	https://github.com/tc39/proposal-logical-assignment	Logical Assignment Operators	NOT_APPLICABLE	Finished/standardized	NOT_APPLICABLE	NOT_APPLICABLE	NOT_APPLICABLE	good	Ecma International	language		https://github.com/tc39/proposal-logical-assignment			CATALOG_INGESTED	finished-proposals.md	6c699dbf86357d7fb4e0757e2c1da828381710eb2627af14943702184157b97f
TC39-ECMAScript	math-sumprecise-2c9a199d	supplement	https://github.com/tc39/proposal-math-sum	Math.sumPrecise	NOT_APPLICABLE	Finished/standardized	NOT_APPLICABLE	NOT_APPLICABLE	NOT_APPLICABLE	good	Ecma International	language		https://github.com/tc39/proposal-math-sum			CATALOG_INGESTED	finished-proposals.md	ee6f707932d51736e4577dcfb6ab1758ffece3bc2db7c41f65bb7f52f05761e9
TC39-ECMAScript	new-set-methods-d6c588dc	supplement	https://github.com/tc39/proposal-set-methods	New Set methods	NOT_APPLICABLE	Finished/standardized	NOT_APPLICABLE	NOT_APPLICABLE	NOT_APPLICABLE	good	Ecma International	language		https://github.com/tc39/proposal-set-methods			CATALOG_INGESTED	finished-proposals.md	76b39868ed4e2442a5f0abe274faf0c041efb238df2c0727a1a372aad5adc064
TC39-ECMAScript	nullish-coalescing-operator-4db26967	supplement	https://github.com/tc39/proposal-nullish-coalescing	Nullish coalescing Operator	NOT_APPLICABLE	Finished/standardized	NOT_APPLICABLE	NOT_APPLICABLE	NOT_APPLICABLE	good	Ecma International	language		https://github.com/tc39/proposal-nullish-coalescing			CATALOG_INGESTED	finished-proposals.md	e776f5a04e49c759706162dba28d0cbfa8361730bde9c84866dd7b908463fc32
TC39-ECMAScript	numeric-separators-8d1b4059	supplement	https://github.com/tc39/proposal-numeric-separator	Numeric separators	NOT_APPLICABLE	Finished/standardized	NOT_APPLICABLE	NOT_APPLICABLE	NOT_APPLICABLE	good	Ecma International	language		https://github.com/tc39/proposal-numeric-separator			CATALOG_INGESTED	finished-proposals.md	ea2ce703dfef32acfd7c6ccc47e32c7cd075143cf9d138bab5fd6ff16ac6cf99
TC39-ECMAScript	object-fromentries-876e056a	supplement	https://github.com/tc39/proposal-object-from-entries	Object.fromEntries	NOT_APPLICABLE	Finished/standardized	NOT_APPLICABLE	NOT_APPLICABLE	NOT_APPLICABLE	good	Ecma International	language		https://github.com/tc39/proposal-object-from-entries			CATALOG_INGESTED	finished-proposals.md	2bb1eab45c1a0a3b8f440f7cf677407193cd83929173d3044062a3f9f9fe5761
TC39-ECMAScript	object-getownpropertydescriptors-7216ce66	supplement	https://github.com/tc39/proposal-object-getownpropertydescriptors	Object.getOwnPropertyDescriptors	NOT_APPLICABLE	Finished/standardized	NOT_APPLICABLE	NOT_APPLICABLE	NOT_APPLICABLE	good	Ecma International	language		https://github.com/tc39/proposal-object-getownpropertydescriptors			CATALOG_INGESTED	finished-proposals.md	d52dc6c5bfeab8ce2bdb03a956a96f2d53847bd0e4ea69195e2724325dfe7f5e
TC39-ECMAScript	object-values-object-entries-161fad49	supplement	https://github.com/tc39/proposal-object-values-entries	Object.values/Object.entries	NOT_APPLICABLE	Finished/standardized	NOT_APPLICABLE	NOT_APPLICABLE	NOT_APPLICABLE	good	Ecma International	language		https://github.com/tc39/proposal-object-values-entries			CATALOG_INGESTED	finished-proposals.md	ab6e0c4084007ecd6b39500fb83c0000c5f0da249a2eb7c84ea26abb1e2b7a8f
TC39-ECMAScript	optional-catch-binding-f688c664	supplement	https://github.com/tc39/proposal-optional-catch-binding	Optional catch binding	NOT_APPLICABLE	Finished/standardized	NOT_APPLICABLE	NOT_APPLICABLE	NOT_APPLICABLE	good	Ecma International	language		https://github.com/tc39/proposal-optional-catch-binding			CATALOG_INGESTED	finished-proposals.md	7e531769472c122fd5ee90f1127ecb9695bff8af618f4d84b08d3b1fc2e88aad
TC39-ECMAScript	optional-chaining-01fe1026	supplement	https://github.com/tc39/proposal-optional-chaining	Optional Chaining	NOT_APPLICABLE	Finished/standardized	NOT_APPLICABLE	NOT_APPLICABLE	NOT_APPLICABLE	good	Ecma International	language		https://github.com/tc39/proposal-optional-chaining			CATALOG_INGESTED	finished-proposals.md	f3d3838677d98b1db9816586eb760621e922ec392c1027c5e2d88bd1c7ef2ead
TC39-ECMAScript	promise-allsettled-f6bc2a6e	supplement	https://github.com/tc39/proposal-promise-allSettled	Promise.allSettled	NOT_APPLICABLE	Finished/standardized	NOT_APPLICABLE	NOT_APPLICABLE	NOT_APPLICABLE	good	Ecma International	language		https://github.com/tc39/proposal-promise-allSettled			CATALOG_INGESTED	finished-proposals.md	53de0826be62667e07c0db03df0897c9edfd7ddddb18aa592e98393f4e5c650d
TC39-ECMAScript	promise-any-74f84d0c	supplement	https://github.com/tc39/proposal-promise-any	Promise.any	NOT_APPLICABLE	Finished/standardized	NOT_APPLICABLE	NOT_APPLICABLE	NOT_APPLICABLE	good	Ecma International	language		https://github.com/tc39/proposal-promise-any			CATALOG_INGESTED	finished-proposals.md	8f880cb814222ce7734a9c744ad04f5472dd41b4f913fbfaf9618146d2291d71
TC39-ECMAScript	promise-prototype-finally-09d66f8a	supplement	https://github.com/tc39/proposal-promise-finally	Promise.prototype.finally	NOT_APPLICABLE	Finished/standardized	NOT_APPLICABLE	NOT_APPLICABLE	NOT_APPLICABLE	good	Ecma International	language		https://github.com/tc39/proposal-promise-finally			CATALOG_INGESTED	finished-proposals.md	e2519ac50778ff373952d88abf2d2a0004dd02c836c98ed4bcbc6e4ed22ca15d
TC39-ECMAScript	promise-try-157f4304	supplement	https://github.com/tc39/proposal-promise-try	Promise.try	NOT_APPLICABLE	Finished/standardized	NOT_APPLICABLE	NOT_APPLICABLE	NOT_APPLICABLE	good	Ecma International	language		https://github.com/tc39/proposal-promise-try			CATALOG_INGESTED	finished-proposals.md	ca30132a69eaf511095fff038b382a9c41c4e41554957d186ee40dc9da67c83e
TC39-ECMAScript	promise-withresolvers-e301ed39	supplement	https://github.com/tc39/proposal-promise-with-resolvers	Promise.withResolvers	NOT_APPLICABLE	Finished/standardized	NOT_APPLICABLE	NOT_APPLICABLE	NOT_APPLICABLE	good	Ecma International	language		https://github.com/tc39/proposal-promise-with-resolvers			CATALOG_INGESTED	finished-proposals.md	9670f88e75ed008a86039caa2f505c5cd949ee2382d090051ba5f59bc9bd2680
TC39-ECMAScript	redeclarable-global-eval-introduced-vars-5d7276ea	supplement	https://github.com/tc39/proposal-redeclarable-global-eval-vars	Redeclarable global eval-introduced vars	NOT_APPLICABLE	Finished/standardized	NOT_APPLICABLE	NOT_APPLICABLE	NOT_APPLICABLE	good	Ecma International	language		https://github.com/tc39/proposal-redeclarable-global-eval-vars			CATALOG_INGESTED	finished-proposals.md	91689c2218f67238924519fd3f2d8e6ca9b49cc48d201772ca81e8c708d23959
TC39-ECMAScript	regexp-escape-922109d3	supplement	https://github.com/tc39/proposal-regex-escaping	RegExp.escape	NOT_APPLICABLE	Finished/standardized	NOT_APPLICABLE	NOT_APPLICABLE	NOT_APPLICABLE	good	Ecma International	language		https://github.com/tc39/proposal-regex-escaping			CATALOG_INGESTED	finished-proposals.md	c62baf8f0653ced0f6a0ba20ceef31f1154f71df542fc6e6f829557e360b17b3
TC39-ECMAScript	regexp-lookbehind-assertions-4faa9a2a	supplement	https://github.com/tc39/proposal-regexp-lookbehind	RegExp Lookbehind Assertions	NOT_APPLICABLE	Finished/standardized	NOT_APPLICABLE	NOT_APPLICABLE	NOT_APPLICABLE	good	Ecma International	language		https://github.com/tc39/proposal-regexp-lookbehind			CATALOG_INGESTED	finished-proposals.md	1680580458f326db25b29d95dc6e90df891badf44297614303acbd97df4a16d8
TC39-ECMAScript	regexp-match-indices-8f59852e	supplement	https://github.com/tc39/proposal-regexp-match-indices	RegExp Match Indices	NOT_APPLICABLE	Finished/standardized	NOT_APPLICABLE	NOT_APPLICABLE	NOT_APPLICABLE	good	Ecma International	language		https://github.com/tc39/proposal-regexp-match-indices			CATALOG_INGESTED	finished-proposals.md	bb0db1bf58bbe03b02466242ea04b29314cc361bead77b2f0b0a947fd0b688d2
TC39-ECMAScript	regexp-modifiers-5fbc7148	supplement	https://github.com/tc39/proposal-regexp-modifiers	RegExp Modifiers	NOT_APPLICABLE	Finished/standardized	NOT_APPLICABLE	NOT_APPLICABLE	NOT_APPLICABLE	good	Ecma International	language		https://github.com/tc39/proposal-regexp-modifiers			CATALOG_INGESTED	finished-proposals.md	0f38e745c5bd5e8bb6bf0af7f358100555178997aedb6128a6344149a2315730
TC39-ECMAScript	regexp-named-capture-groups-5d688a6c	supplement	https://github.com/tc39/proposal-regexp-named-groups	RegExp named capture groups	NOT_APPLICABLE	Finished/standardized	NOT_APPLICABLE	NOT_APPLICABLE	NOT_APPLICABLE	good	Ecma International	language		https://github.com/tc39/proposal-regexp-named-groups			CATALOG_INGESTED	finished-proposals.md	47edcd7b20d9a3c7e6ca3b14c13fc5195544e867ff8f10e1825734f34f72cc21
TC39-ECMAScript	regexp-unicode-property-escapes-bf45c75d	supplement	https://github.com/tc39/proposal-regexp-unicode-property-escapes	RegExp Unicode Property Escapes	NOT_APPLICABLE	Finished/standardized	NOT_APPLICABLE	NOT_APPLICABLE	NOT_APPLICABLE	good	Ecma International	language		https://github.com/tc39/proposal-regexp-unicode-property-escapes		accessibility-i18n	CATALOG_INGESTED	finished-proposals.md	d1d80066bb900cd3271c98403f956f292a2b13382e22ecebe1c5b7a033a375b1
TC39-ECMAScript	regexp-v-flag-with-set-notation-properties-of-strings-a167ce25	supplement	https://github.com/tc39/proposal-regexp-v-flag	RegExp v flag with set notation + properties of strings	NOT_APPLICABLE	Finished/standardized	NOT_APPLICABLE	NOT_APPLICABLE	NOT_APPLICABLE	good	Ecma International	language		https://github.com/tc39/proposal-regexp-v-flag			CATALOG_INGESTED	finished-proposals.md	3116bfa688a3de930f3e8934cad02e02165bbc684e2b524a6bdde8ecea816f11
TC39-ECMAScript	resizable-and-growable-arraybuffers-6219abe7	supplement	https://github.com/tc39/proposal-resizablearraybuffer	Resizable and growable ArrayBuffers	NOT_APPLICABLE	Finished/standardized	NOT_APPLICABLE	NOT_APPLICABLE	NOT_APPLICABLE	good	Ecma International	language		https://github.com/tc39/proposal-resizablearraybuffer			CATALOG_INGESTED	finished-proposals.md	affcf54a7a860cf139af8c6fa60fe47236f302c641df594802af217562669920
TC39-ECMAScript	rest-spread-properties-b11be838	supplement	https://github.com/tc39/proposal-object-rest-spread	Rest/Spread Properties	NOT_APPLICABLE	Finished/standardized	NOT_APPLICABLE	NOT_APPLICABLE	NOT_APPLICABLE	good	Ecma International	language		https://github.com/tc39/proposal-object-rest-spread			CATALOG_INGESTED	finished-proposals.md	67716998c6d856950cf833dfd652a43b5cd0063e2b23252c5a3d80f2c29df3e9
TC39-ECMAScript	s-dotall-flag-for-regular-expressions-26a8426b	supplement	https://github.com/tc39/proposal-regexp-dotall-flag	s (dotAll) flag for regular expressions	NOT_APPLICABLE	Finished/standardized	NOT_APPLICABLE	NOT_APPLICABLE	NOT_APPLICABLE	good	Ecma International	language		https://github.com/tc39/proposal-regexp-dotall-flag			CATALOG_INGESTED	finished-proposals.md	5c3687afa8e216c173ff8b0410f2707b4e9e936b221477ac6aa4e3f26c989b32
TC39-ECMAScript	shared-memory-and-atomics-3f1ce5ea	supplement	https://github.com/tc39/proposal-ecmascript-sharedmem	Shared memory and atomics	NOT_APPLICABLE	Finished/standardized	NOT_APPLICABLE	NOT_APPLICABLE	NOT_APPLICABLE	good	Ecma International	language		https://github.com/tc39/proposal-ecmascript-sharedmem		performance-observability	CATALOG_INGESTED	finished-proposals.md	4ee19c112258441f0c16a38ab33a9153f20329b4fde76c05100af13d68f4459f
TC39-ECMAScript	string-padding-33fbbae1	supplement	https://github.com/tc39/proposal-string-pad-start-end	String padding	NOT_APPLICABLE	Finished/standardized	NOT_APPLICABLE	NOT_APPLICABLE	NOT_APPLICABLE	good	Ecma International	language		https://github.com/tc39/proposal-string-pad-start-end			CATALOG_INGESTED	finished-proposals.md	103ba1b4d4d11d94fd896798d838962637e8a5f8ea55bbe8f681845ebeceee70
TC39-ECMAScript	string-prototype-matchall-baff1ccb	supplement	https://github.com/tc39/proposal-string-matchall	String.prototype.matchAll	NOT_APPLICABLE	Finished/standardized	NOT_APPLICABLE	NOT_APPLICABLE	NOT_APPLICABLE	good	Ecma International	language		https://github.com/tc39/proposal-string-matchall			CATALOG_INGESTED	finished-proposals.md	afc4deb8ca94f8b6076b9a1deed128a685ea88e6c9e2ed2829a3453fda657fe0
TC39-ECMAScript	string-prototype-replaceall-383e1a7f	supplement	https://github.com/tc39/proposal-string-replaceall	String.prototype.replaceAll	NOT_APPLICABLE	Finished/standardized	NOT_APPLICABLE	NOT_APPLICABLE	NOT_APPLICABLE	good	Ecma International	language		https://github.com/tc39/proposal-string-replaceall			CATALOG_INGESTED	finished-proposals.md	38167300c45cdeeeaa47483713a164d205b2458bbb60f63ade78bd09dd911b21
TC39-ECMAScript	string-prototype-trimstart-trimend-c9fdfd88	supplement	https://github.com/tc39/proposal-string-left-right-trim	String.prototype.{trimStart,trimEnd}	NOT_APPLICABLE	Finished/standardized	NOT_APPLICABLE	NOT_APPLICABLE	NOT_APPLICABLE	good	Ecma International	language		https://github.com/tc39/proposal-string-left-right-trim			CATALOG_INGESTED	finished-proposals.md	dc0166cbc21436349058aafd031f792840a47fa883ce4fe5e9e7270401c874dc
TC39-ECMAScript	symbol-prototype-description-f53dda79	supplement	https://github.com/tc39/proposal-Symbol-description	Symbol.prototype.description	NOT_APPLICABLE	Finished/standardized	NOT_APPLICABLE	NOT_APPLICABLE	NOT_APPLICABLE	good	Ecma International	language		https://github.com/tc39/proposal-Symbol-description			CATALOG_INGESTED	finished-proposals.md	9f7b44df8ac5af57c1646ffe977a27522fdcad239f6d36c433731cdf597f4b0a
TC39-ECMAScript	symbols-as-weakmap-keys-1eeebf57	supplement	https://github.com/tc39/proposal-symbols-as-weakmap-keys	Symbols as WeakMap keys	NOT_APPLICABLE	Finished/standardized	NOT_APPLICABLE	NOT_APPLICABLE	NOT_APPLICABLE	good	Ecma International	language		https://github.com/tc39/proposal-symbols-as-weakmap-keys			CATALOG_INGESTED	finished-proposals.md	71aeffcafb812b88b037f22e1d67d2a3d3ac4537f48bd70935a59c86fe0d7637
TC39-ECMAScript	sync-iterator-helpers-b0931cb7	supplement	https://github.com/tc39/proposal-iterator-helpers	Sync Iterator helpers	NOT_APPLICABLE	Finished/standardized	NOT_APPLICABLE	NOT_APPLICABLE	NOT_APPLICABLE	good	Ecma International	language		https://github.com/tc39/proposal-iterator-helpers			CATALOG_INGESTED	finished-proposals.md	2a5ec02478a6be217371823cb59eb704927df1be56372ffd0d457889982700f4
TC39-ECMAScript	temporal-f95345e7	supplement	https://github.com/tc39/proposal-temporal	Temporal	NOT_APPLICABLE	Finished/standardized	NOT_APPLICABLE	NOT_APPLICABLE	NOT_APPLICABLE	good	Ecma International	language		https://github.com/tc39/proposal-temporal			CATALOG_INGESTED	finished-proposals.md	501a149e23b20ff3222839c32f25ccea8369679cf63a9c5a28609301d3c4920a
TC39-ECMAScript	top-level-await-ab32f718	supplement	https://github.com/tc39/proposal-top-level-await	Top-level await	NOT_APPLICABLE	Finished/standardized	NOT_APPLICABLE	NOT_APPLICABLE	NOT_APPLICABLE	good	Ecma International	language		https://github.com/tc39/proposal-top-level-await			CATALOG_INGESTED	finished-proposals.md	dc1e85feab97ebf62771de7727ef5eb6fb5f8a4b03de5981b96cad40ab830e65
TC39-ECMAScript	trailing-commas-in-function-parameter-lists-and-calls-56f11659	supplement	https://github.com/tc39/proposal-trailing-function-commas	Trailing commas in function parameter lists and calls	NOT_APPLICABLE	Finished/standardized	NOT_APPLICABLE	NOT_APPLICABLE	NOT_APPLICABLE	good	Ecma International	language		https://github.com/tc39/proposal-trailing-function-commas			CATALOG_INGESTED	finished-proposals.md	55a0cbb998d1ff077b93dcac034e1ea4336e88749b96f9ed318b6dc0367ba376
TC39-ECMAScript	uint8array-to-from-base64-46973e7d	supplement	https://github.com/tc39/proposal-arraybuffer-base64	Uint8Array to/from Base64	NOT_APPLICABLE	Finished/standardized	NOT_APPLICABLE	NOT_APPLICABLE	NOT_APPLICABLE	good	Ecma International	language		https://github.com/tc39/proposal-arraybuffer-base64			CATALOG_INGESTED	finished-proposals.md	d44848f63085cbce0ac23a4c070bdaa13b560fe1789d4b7f7590fb0649c2b8a3
TC39-ECMAScript	upsert-ce7cdf07	supplement	https://github.com/tc39/proposal-upsert	Upsert	NOT_APPLICABLE	Finished/standardized	NOT_APPLICABLE	NOT_APPLICABLE	NOT_APPLICABLE	good	Ecma International	language		https://github.com/tc39/proposal-upsert			CATALOG_INGESTED	finished-proposals.md	112146b164b97e15a89784ad0a61b74f866a1bf855c34a942af2c3b85f157db0
TC39-ECMAScript	weakrefs-d922b425	supplement	https://github.com/tc39/proposal-weakrefs	WeakRefs	NOT_APPLICABLE	Finished/standardized	NOT_APPLICABLE	NOT_APPLICABLE	NOT_APPLICABLE	good	Ecma International	language		https://github.com/tc39/proposal-weakrefs			CATALOG_INGESTED	finished-proposals.md	ac507dbaa963983930892a1f4b1276b5a3cfa7489e8510d2a788036da96a5377
TC39-ECMAScript	well-formed-json-stringify-abde8ba4	supplement	https://github.com/tc39/proposal-well-formed-stringify	Well-formed JSON.stringify	NOT_APPLICABLE	Finished/standardized	NOT_APPLICABLE	NOT_APPLICABLE	NOT_APPLICABLE	good	Ecma International	language		https://github.com/tc39/proposal-well-formed-stringify			CATALOG_INGESTED	finished-proposals.md	a7c8084b4d146d3fec352c7086d41ca16639df859f60dbd1f4a14db118bff267
TC39-ECMAScript	well-formed-unicode-strings-23822f51	supplement	https://github.com/tc39/proposal-is-usv-string	Well-Formed Unicode Strings	NOT_APPLICABLE	Finished/standardized	NOT_APPLICABLE	NOT_APPLICABLE	NOT_APPLICABLE	good	Ecma International	language		https://github.com/tc39/proposal-is-usv-string		accessibility-i18n	CATALOG_INGESTED	finished-proposals.md	36c1cb96992c9de2dd11a16995c9b0f9afc081706130c6fc655ee87904a62cc4
TC39-ECMAScript	annex-b-html-attribute-event-handlers-9277461b	supplement	UNKNOWN_URL	Annex B — HTML Attribute Event Handlers	NOT_APPLICABLE	Inactive/withdrawn	NOT_APPLICABLE	NOT_APPLICABLE	NOT_APPLICABLE	discontinued	Ecma International	language				document-ui	CATALOG_INGESTED	inactive-proposals.md	26dc715e37fde4984034e657a0e2b5f2e880e480298ced67aec575aa032105f0
TC39-ECMAScript	arraybuffer-prototype-transfer-08de9691	supplement	https://github.com/domenic/proposal-arraybuffer-transfer	ArrayBuffer.prototype.transfer	NOT_APPLICABLE	Inactive/withdrawn	NOT_APPLICABLE	NOT_APPLICABLE	NOT_APPLICABLE	discontinued	Ecma International	language		https://github.com/domenic/proposal-arraybuffer-transfer			CATALOG_INGESTED	inactive-proposals.md	0a112179e508ae8c81151becee306f82edc93d412974e01778caeb8843ed5e03
TC39-ECMAScript	blo-cks-89f3695a	supplement	https://github.com/domenic/proposal-blocks	Blöcks	NOT_APPLICABLE	Inactive/withdrawn	NOT_APPLICABLE	NOT_APPLICABLE	NOT_APPLICABLE	discontinued	Ecma International	language		https://github.com/domenic/proposal-blocks			CATALOG_INGESTED	inactive-proposals.md	283de1a92424a662cea65388688050295345ed5e92b3e100fdf73c3c0211055f
TC39-ECMAScript	builtins-typeof-and-builtins-is-f1e25f04	supplement	https://github.com/jasnell/proposal-istypes	Builtins.typeOf() and Builtins.is()	NOT_APPLICABLE	Inactive/withdrawn	NOT_APPLICABLE	NOT_APPLICABLE	NOT_APPLICABLE	discontinued	Ecma International	language		https://github.com/jasnell/proposal-istypes			CATALOG_INGESTED	inactive-proposals.md	73264b1e824fe5b833e570dc8d6a923f141d4a94cef029df24ba35839f7244c2
TC39-ECMAScript	callable-class-constructors-e64788d1	supplement	https://github.com/tc39/ecma262/blob/93183b81cb03116b75019615d148b5f788e70edf/workingdocs/callconstructor.md	Callable class constructors	NOT_APPLICABLE	Inactive/withdrawn	NOT_APPLICABLE	NOT_APPLICABLE	NOT_APPLICABLE	discontinued	Ecma International	language		https://github.com/tc39/ecma262/blob/93183b81cb03116b75019615d148b5f788e70edf/workingdocs/callconstructor.md			CATALOG_INGESTED	inactive-proposals.md	739e39e83c8f2179ddb552d8211bd36c8081c2f9d7da8fb913810dc88f8036c9
TC39-ECMAScript	cancelable-promises-60e73d39	supplement	https://github.com/tc39/proposal-cancelable-promises	Cancelable Promises	NOT_APPLICABLE	Inactive/withdrawn	NOT_APPLICABLE	NOT_APPLICABLE	NOT_APPLICABLE	discontinued	Ecma International	language		https://github.com/tc39/proposal-cancelable-promises			CATALOG_INGESTED	inactive-proposals.md	246c764cd771ad25475caf34ee83e6861ecffe4193f26da87f465aee77a79179
TC39-ECMAScript	constructor-construct-34c5f6ad	supplement	https://github.com/jasnell/proposal-construct	%constructor%.construct	NOT_APPLICABLE	Inactive/withdrawn	NOT_APPLICABLE	NOT_APPLICABLE	NOT_APPLICABLE	discontinued	Ecma International	language		https://github.com/jasnell/proposal-construct			CATALOG_INGESTED	inactive-proposals.md	3dcfc25ad6d2564fab40eb60f4c7ff690b538eebdcaae5c2b0345aba0d0687ec
TC39-ECMAScript	date-parse-fallback-semantics-00d6b052	supplement	https://github.com/tc39/proposal-date-time-string-format	Date.parse fallback semantics	NOT_APPLICABLE	Inactive/withdrawn	NOT_APPLICABLE	NOT_APPLICABLE	NOT_APPLICABLE	discontinued	Ecma International	language		https://github.com/tc39/proposal-date-time-string-format			CATALOG_INGESTED	inactive-proposals.md	7af2b9070c01603b8dd9455b705d13d089ee85100181309f71951af1947cf320
TC39-ECMAScript	deprecated-457c031f	supplement	https://github.com/jasnell/proposal-deprecated	deprecated	NOT_APPLICABLE	Inactive/withdrawn	NOT_APPLICABLE	NOT_APPLICABLE	NOT_APPLICABLE	discontinued	Ecma International	language		https://github.com/jasnell/proposal-deprecated			CATALOG_INGESTED	inactive-proposals.md	54cd9d5186c5c1db1a7bdd2cb42d6037ad90f0b6aab2618652bc8684b518772d
TC39-ECMAScript	distinguishing-literal-strings-b9374f95	supplement	https://github.com/mikewest/tc39-proposal-literals	Distinguishing literal strings	NOT_APPLICABLE	Inactive/withdrawn	NOT_APPLICABLE	NOT_APPLICABLE	NOT_APPLICABLE	discontinued	Ecma International	language		https://github.com/mikewest/tc39-proposal-literals			CATALOG_INGESTED	inactive-proposals.md	81d0696964c8a0d5dfcb407f2de2eac1fcba16490e473aee2f36f305d4acd80c
TC39-ECMAScript	dynamic-import-host-adjustment-c89a592c	supplement	https://github.com/tc39/proposal-dynamic-import-host-adjustment	Dynamic Import Host Adjustment	NOT_APPLICABLE	Inactive/withdrawn	NOT_APPLICABLE	NOT_APPLICABLE	NOT_APPLICABLE	discontinued	Ecma International	language		https://github.com/tc39/proposal-dynamic-import-host-adjustment		execution-modules	CATALOG_INGESTED	inactive-proposals.md	1a62d54b84695e1860761e663f0ae8cf8247550d0738a9d3146aab8d570fa3f1
TC39-ECMAScript	dynamic-module-reform-81579654	supplement	https://github.com/tc39/proposal-dynamic-modules	Dynamic Module Reform	NOT_APPLICABLE	Inactive/withdrawn	NOT_APPLICABLE	NOT_APPLICABLE	NOT_APPLICABLE	discontinued	Ecma International	language		https://github.com/tc39/proposal-dynamic-modules			CATALOG_INGESTED	inactive-proposals.md	9cc73f2de3d178b3af2bb52ba0ced13eab95e14a1b5b1147ecb97e8cf3527f99
TC39-ECMAScript	extensible-numeric-literals-c7ac2e19	supplement	https://github.com/tc39/proposal-extended-numeric-literals	Extensible numeric literals	NOT_APPLICABLE	Inactive/withdrawn	NOT_APPLICABLE	NOT_APPLICABLE	NOT_APPLICABLE	discontinued	Ecma International	language		https://github.com/tc39/proposal-extended-numeric-literals			CATALOG_INGESTED	inactive-proposals.md	82a54f8fb0810f41a1a7006ae66c9c035cd16c9d9086a145b7e9245663d38160
TC39-ECMAScript	from-import-574a41a3	supplement	https://github.com/bmeck/proposal-from-import	from ... import	NOT_APPLICABLE	Inactive/withdrawn	NOT_APPLICABLE	NOT_APPLICABLE	NOT_APPLICABLE	discontinued	Ecma International	language		https://github.com/bmeck/proposal-from-import		execution-modules	CATALOG_INGESTED	inactive-proposals.md	20d7ec5770f0601ec0ebf7482a6a373ac0fe34f8308c6df7990aa93c71de03e2
TC39-ECMAScript	function-helpers-8f41739f	supplement	https://github.com/tc39/proposal-function-helpers	Function helpers	NOT_APPLICABLE	Inactive/withdrawn	NOT_APPLICABLE	NOT_APPLICABLE	NOT_APPLICABLE	discontinued	Ecma International	language		https://github.com/tc39/proposal-function-helpers			CATALOG_INGESTED	inactive-proposals.md	fedccd1bd6b7c1d436450fbde122795e1d6b57b14c35536017fe979f73403dde
TC39-ECMAScript	function-pipe-and-flow-2639a82d	supplement	https://github.com/tc39/proposal-function-pipe-flow	Function.pipe and flow	NOT_APPLICABLE	Inactive/withdrawn	NOT_APPLICABLE	NOT_APPLICABLE	NOT_APPLICABLE	discontinued	Ecma International	language		https://github.com/tc39/proposal-function-pipe-flow			CATALOG_INGESTED	inactive-proposals.md	020bc238621821f2afb73c42d0d840d680dec81855359bf9006ebb91862845f8
TC39-ECMAScript	generator-arrow-functions-6ebf1d7d	supplement	https://github.com/tc39/proposal-generator-arrow-functions	Generator arrow functions	NOT_APPLICABLE	Inactive/withdrawn	NOT_APPLICABLE	NOT_APPLICABLE	NOT_APPLICABLE	discontinued	Ecma International	language		https://github.com/tc39/proposal-generator-arrow-functions			CATALOG_INGESTED	inactive-proposals.md	c1d3523c5a6e754f8ee57f8bf66f83f96ad48440635ae7654171bdaabc240b09
TC39-ECMAScript	generic-comparison-7efa5b01	supplement	https://github.com/hemanth/proposal-generic-comparison	Generic Comparison	NOT_APPLICABLE	Inactive/withdrawn	NOT_APPLICABLE	NOT_APPLICABLE	NOT_APPLICABLE	discontinued	Ecma International	language		https://github.com/hemanth/proposal-generic-comparison			CATALOG_INGESTED	inactive-proposals.md	65ff47b7f9881f5ee5e400d5952c68efa151fc9b53aa9131e3b13ec429f0528e
TC39-ECMAScript	getting-last-element-of-array-bb5caded	supplement	https://github.com/tc39/proposal-array-last	Getting last element of Array	NOT_APPLICABLE	Inactive/withdrawn	NOT_APPLICABLE	NOT_APPLICABLE	NOT_APPLICABLE	discontinued	Ecma International	language		https://github.com/tc39/proposal-array-last			CATALOG_INGESTED	inactive-proposals.md	8db3aa71c2727eb2de231ce00a8a741773ac4cceb50c4f7d6179c4b6aba2c6ee
TC39-ECMAScript	improving-iteration-on-objects-5750ae58	supplement	https://github.com/tc39/proposal-object-iteration	Improving iteration on Objects	NOT_APPLICABLE	Inactive/withdrawn	NOT_APPLICABLE	NOT_APPLICABLE	NOT_APPLICABLE	discontinued	Ecma International	language		https://github.com/tc39/proposal-object-iteration			CATALOG_INGESTED	inactive-proposals.md	68c695a7f964418f4b78ffa92f760bec380a0ad2b2f2303526422bcdf855977d
TC39-ECMAScript	istemplateobject-d59914d5	supplement	https://github.com/tc39/proposal-array-is-template-object	isTemplateObject	NOT_APPLICABLE	Inactive/withdrawn	NOT_APPLICABLE	NOT_APPLICABLE	NOT_APPLICABLE	discontinued	Ecma International	language		https://github.com/tc39/proposal-array-is-template-object			CATALOG_INGESTED	inactive-proposals.md	6f6b6df91031fb6bfbcb63509d9ed3e9d6c2a00e0180ba9f9d8c8a419218bc5c
TC39-ECMAScript	json-tryparse-ae41cbb1	supplement	https://github.com/Jack-Works/proposal-json-tryParse	JSON.tryParse	NOT_APPLICABLE	Inactive/withdrawn	NOT_APPLICABLE	NOT_APPLICABLE	NOT_APPLICABLE	discontinued	Ecma International	language		https://github.com/Jack-Works/proposal-json-tryParse			CATALOG_INGESTED	inactive-proposals.md	50c72598866a9ae5f6e5b074ed5ccdee1713151fe3963246d5f7ac9f827f4d3d
TC39-ECMAScript	math-extensions-6b7c61ac	supplement	https://github.com/rwaldron/proposal-math-extensions	Math Extensions	NOT_APPLICABLE	Inactive/withdrawn	NOT_APPLICABLE	NOT_APPLICABLE	NOT_APPLICABLE	discontinued	Ecma International	language		https://github.com/rwaldron/proposal-math-extensions			CATALOG_INGESTED	inactive-proposals.md	bf85a1867c95ba69180454aed43e24d1a4fcd0e04933cfb052b2f1318e78c5c6
TC39-ECMAScript	math-signbit-ieee-754-sign-bit-b1c5a6f9	supplement	https://github.com/tc39/proposal-Math.signbit	Math.signbit: IEEE-754 sign bit	NOT_APPLICABLE	Inactive/withdrawn	NOT_APPLICABLE	NOT_APPLICABLE	NOT_APPLICABLE	discontinued	Ecma International	language		https://github.com/tc39/proposal-Math.signbit			CATALOG_INGESTED	inactive-proposals.md	3c43af65649874fde1a2ae5e71c387af288074584931b59ce91a092a3cf07690
TC39-ECMAScript	normative-icu-reference-40e41162	supplement	https://github.com/tc39/notes/blob/HEAD/meetings/2017-05/may-23.md#normative-icu-reference	Normative ICU Reference	NOT_APPLICABLE	Inactive/withdrawn	NOT_APPLICABLE	NOT_APPLICABLE	NOT_APPLICABLE	discontinued	Ecma International	language		https://github.com/tc39/notes/blob/HEAD/meetings/2017-05/may-23.md#normative-icu-reference			CATALOG_INGESTED	inactive-proposals.md	9120227022b45a70ba8ec66b3249967e30e7bb3e89d507ca4cc37e33d100397c
TC39-ECMAScript	object-enumerables-b023ef51	supplement	https://github.com/leobalter/object-enumerables	Object enumerables	NOT_APPLICABLE	Inactive/withdrawn	NOT_APPLICABLE	NOT_APPLICABLE	NOT_APPLICABLE	discontinued	Ecma International	language		https://github.com/leobalter/object-enumerables			CATALOG_INGESTED	inactive-proposals.md	c20c0873db727499a1989e89c8481ac941ba1ef4eb36f30259e351aeff2caaf8
TC39-ECMAScript	object-shallowequal-6b1147c0	supplement	https://github.com/sebmarkbage/ecmascript-shallow-equal	Object.shallowEqual	NOT_APPLICABLE	Inactive/withdrawn	NOT_APPLICABLE	NOT_APPLICABLE	NOT_APPLICABLE	discontinued	Ecma International	language		https://github.com/sebmarkbage/ecmascript-shallow-equal			CATALOG_INGESTED	inactive-proposals.md	919bb493eddb20e2a8c09e5bc6c325afc1b0c1eedc8a1e6062842600c300170e
TC39-ECMAScript	operator-overloading-77a0e2f8	supplement	https://github.com/tc39/proposal-operator-overloading	Operator overloading	NOT_APPLICABLE	Inactive/withdrawn	NOT_APPLICABLE	NOT_APPLICABLE	NOT_APPLICABLE	discontinued	Ecma International	language		https://github.com/tc39/proposal-operator-overloading			CATALOG_INGESTED	inactive-proposals.md	09f73b6710ab73b4e7a310c9943a66e83e93bfa1401fe8ca758793033dc289ff
TC39-ECMAScript	proposed-grammar-change-to-es-modules-26db7e0b	supplement	https://github.com/tc39/proposal-UnambiguousJavaScriptGrammar	Proposed Grammar change to ES Modules	NOT_APPLICABLE	Inactive/withdrawn	NOT_APPLICABLE	NOT_APPLICABLE	NOT_APPLICABLE	discontinued	Ecma International	language		https://github.com/tc39/proposal-UnambiguousJavaScriptGrammar			CATALOG_INGESTED	inactive-proposals.md	89dbd08cf6ae91443548ae3e207642511abc88a00edeab1eae7767a7d936a455
TC39-ECMAScript	record-tuple-fe88c97e	supplement	https://github.com/tc39/proposal-record-tuple	Record & Tuple	NOT_APPLICABLE	Inactive/withdrawn	NOT_APPLICABLE	NOT_APPLICABLE	NOT_APPLICABLE	discontinued	Ecma International	language		https://github.com/tc39/proposal-record-tuple			CATALOG_INGESTED	inactive-proposals.md	ce20fac7b635d54fcc1cab6d996fb1bf7a1047f8d3e636fe3505015a94ecf011
TC39-ECMAScript	refcollection-8354db36	supplement	https://github.com/rricard/proposal-refcollection/	RefCollection	NOT_APPLICABLE	Inactive/withdrawn	NOT_APPLICABLE	NOT_APPLICABLE	NOT_APPLICABLE	discontinued	Ecma International	language		https://github.com/rricard/proposal-refcollection/			CATALOG_INGESTED	inactive-proposals.md	2c88c4ee566f405d890b4bab342d8c17e292f7c08bf568d404639ff69cbe850a
TC39-ECMAScript	regexp-atomic-groups-possessive-quantifiers-04dd82a5	supplement	https://github.com/jridgewell/proposal-regexp-atomic-and-possessive	RegExp Atomic Groups & Possessive Quantifiers	NOT_APPLICABLE	Inactive/withdrawn	NOT_APPLICABLE	NOT_APPLICABLE	NOT_APPLICABLE	discontinued	Ecma International	language		https://github.com/jridgewell/proposal-regexp-atomic-and-possessive			CATALOG_INGESTED	inactive-proposals.md	cbe299abd050176f7b5fb8242830aedc10b0b969e4f2bd51cade2aba794849fd
TC39-ECMAScript	sequence-properties-in-unicode-property-escapes-d135366e	supplement	https://github.com/tc39/proposal-regexp-unicode-sequence-properties	Sequence properties in Unicode property escapes	NOT_APPLICABLE	Inactive/withdrawn	NOT_APPLICABLE	NOT_APPLICABLE	NOT_APPLICABLE	discontinued	Ecma International	language		https://github.com/tc39/proposal-regexp-unicode-sequence-properties		accessibility-i18n	CATALOG_INGESTED	inactive-proposals.md	ec8f1109ee8e327884b5749f009c1a24ea7801e6283670db78ee3ae8cb59eca7
TC39-ECMAScript	set-map-prototype-tojson-958887cb	supplement	https://github.com/DavidBruant/Map-Set.prototype.toJSON	{Set,Map}.prototype.toJSON	NOT_APPLICABLE	Inactive/withdrawn	NOT_APPLICABLE	NOT_APPLICABLE	NOT_APPLICABLE	discontinued	Ecma International	language		https://github.com/DavidBruant/Map-Set.prototype.toJSON			CATALOG_INGESTED	inactive-proposals.md	4815fbda7eb9a6d13924da878b4a1275763f9cdcf8b0acf86c21825bbb8b8a33
TC39-ECMAScript	simd-js-simd-apis-4c94220d	supplement	https://github.com/tc39/ecmascript_simd/	SIMD.JS - SIMD APIs	NOT_APPLICABLE	Inactive/withdrawn	NOT_APPLICABLE	NOT_APPLICABLE	NOT_APPLICABLE	discontinued	Ecma International	language		https://github.com/tc39/ecmascript_simd/			CATALOG_INGESTED	inactive-proposals.md	7a1de5fc91db38a2467692b920a6b005d96785e35be7e26590a37e9371c50212
TC39-ECMAScript	string-prototype-at-439ad6dd	supplement	https://github.com/mathiasbynens/String.prototype.at	String.prototype.at	NOT_APPLICABLE	Inactive/withdrawn	NOT_APPLICABLE	NOT_APPLICABLE	NOT_APPLICABLE	discontinued	Ecma International	language		https://github.com/mathiasbynens/String.prototype.at			CATALOG_INGESTED	inactive-proposals.md	c84d3ee9e5f0efad7cf3f37362216ad4eaccc3a84f902a10393e26fa32ce12a6
TC39-ECMAScript	symbol-thenable-42f244ec	supplement	https://github.com/devsnek/proposal-symbol-thenable	Symbol.thenable	NOT_APPLICABLE	Inactive/withdrawn	NOT_APPLICABLE	NOT_APPLICABLE	NOT_APPLICABLE	discontinued	Ecma International	language		https://github.com/devsnek/proposal-symbol-thenable			CATALOG_INGESTED	inactive-proposals.md	6e63e9422693464a05afaf29bc564c0212aa3ba154fb63ea6ab471c15249d622
TC39-ECMAScript	tagged-collection-literals-f642dc2a	supplement	https://github.com/zkat/proposal-collection-literals	Tagged Collection Literals	NOT_APPLICABLE	Inactive/withdrawn	NOT_APPLICABLE	NOT_APPLICABLE	NOT_APPLICABLE	discontinued	Ecma International	language		https://github.com/zkat/proposal-collection-literals			CATALOG_INGESTED	inactive-proposals.md	85ec6bdb2a70f75a366769398af6473616218528ba56a90f6f832549b5fbec83
TC39-ECMAScript	typed-objects-cd761326	supplement	https://github.com/tschneidereit/proposal-typed-objects	Typed Objects	NOT_APPLICABLE	Inactive/withdrawn	NOT_APPLICABLE	NOT_APPLICABLE	NOT_APPLICABLE	discontinued	Ecma International	language		https://github.com/tschneidereit/proposal-typed-objects			CATALOG_INGESTED	inactive-proposals.md	d07936b2d1b715ad3df152c4ab5ef72cab405704512b65e755f0a6894335881a
TC39-ECMAScript	typedarray-stride-parameter-cb70ddd6	supplement	https://github.com/tc39/proposal-typedarray-stride	TypedArray stride parameter	NOT_APPLICABLE	Inactive/withdrawn	NOT_APPLICABLE	NOT_APPLICABLE	NOT_APPLICABLE	discontinued	Ecma International	language		https://github.com/tc39/proposal-typedarray-stride			CATALOG_INGESTED	inactive-proposals.md	40eb58e5155d33e2cc9c4f5b491794d4ed31d871bab19b453ec3eb4c5fe49ac3
TC39-ECMAScript	unused-function-parameters-f68df9ca	supplement	https://github.com/devsnek/proposal-unused-function-parameters	Unused Function Parameters	NOT_APPLICABLE	Inactive/withdrawn	NOT_APPLICABLE	NOT_APPLICABLE	NOT_APPLICABLE	discontinued	Ecma International	language		https://github.com/devsnek/proposal-unused-function-parameters			CATALOG_INGESTED	inactive-proposals.md	5a0c3a3faaa5ba4d49f6b331b5c5e19255e8065832c3319a35c2448c01b95815
TC39-ECMAScript	updates-to-tail-calls-to-include-an-explicit-syntactic-opt-in-277b0535	supplement	https://github.com/tc39/proposal-ptc-syntax	Updates to Tail Calls to include an explicit syntactic opt-in	NOT_APPLICABLE	Inactive/withdrawn	NOT_APPLICABLE	NOT_APPLICABLE	NOT_APPLICABLE	discontinued	Ecma International	language		https://github.com/tc39/proposal-ptc-syntax			CATALOG_INGESTED	inactive-proposals.md	c4b5a371d9f95500209a0313687eff57fd04dfe07b98210b4db4f58d4661428a
TC39-ECMAScript	use-module-9ed34f16	supplement	https://github.com/tc39/proposal-modules-pragma	"use module"	NOT_APPLICABLE	Inactive/withdrawn	NOT_APPLICABLE	NOT_APPLICABLE	NOT_APPLICABLE	discontinued	Ecma International	language		https://github.com/tc39/proposal-modules-pragma			CATALOG_INGESTED	inactive-proposals.md	1322d6fc4401c79d579194b6b4354807ef65e2697229be9a8247c6d19959cd5b
TC39-ECMAScript	uuid-9faa27c4	supplement	https://github.com/tc39/proposal-uuid	UUID	NOT_APPLICABLE	Inactive/withdrawn	NOT_APPLICABLE	NOT_APPLICABLE	NOT_APPLICABLE	discontinued	Ecma International	language		https://github.com/tc39/proposal-uuid			CATALOG_INGESTED	inactive-proposals.md	7a870d3732caaf2194d625c4a2b19c5a0dc98f36edf983721a3d819fa8e31260
TC39-ECMAScript	weakrefs-cleanupsome-004621fd	supplement	https://github.com/tc39/proposal-cleanup-some	WeakRefs cleanupSome	NOT_APPLICABLE	Inactive/withdrawn	NOT_APPLICABLE	NOT_APPLICABLE	NOT_APPLICABLE	discontinued	Ecma International	language		https://github.com/tc39/proposal-cleanup-some			CATALOG_INGESTED	inactive-proposals.md	868288f943dfae12d76524a41433e24fe4ffbf0cc39920e43ec7b9d90a41b58e
TC39-ECMAScript	zones-e1b40440	supplement	https://github.com/domenic/zones	Zones	NOT_APPLICABLE	Inactive/withdrawn	NOT_APPLICABLE	NOT_APPLICABLE	NOT_APPLICABLE	discontinued	Ecma International	language		https://github.com/domenic/zones			CATALOG_INGESTED	inactive-proposals.md	772286e17c058fddf08407bfacc87df7fe428db041cdcea80b5278747fc998a5
TC39-ECMAScript	additional-metaproperties-a866e704	supplement	https://github.com/allenwb/ESideas/blob/HEAD/ES7MetaProps.md	Additional metaproperties	NOT_APPLICABLE	Stage 0	NOT_APPLICABLE	NOT_APPLICABLE	NOT_APPLICABLE	pending	Ecma International	language		https://github.com/allenwb/ESideas/blob/HEAD/ES7MetaProps.md			CATALOG_INGESTED	stage-0-proposals.md	18595e5e46db4ad5af965780ee4f4d12400ab359b8ce173baec33a35dafd6a35
TC39-ECMAScript	as-destructuring-patterns-b6f6d7aa	supplement	https://github.com/zkat/proposal-as-patterns	as destructuring patterns	NOT_APPLICABLE	Stage 0	NOT_APPLICABLE	NOT_APPLICABLE	NOT_APPLICABLE	pending	Ecma International	language		https://github.com/zkat/proposal-as-patterns			CATALOG_INGESTED	stage-0-proposals.md	c86b706d5ba93b3663de78f8263444661f5254d1a907934a31702e7de977994c
TC39-ECMAScript	catch-guard-b3b5de58	supplement	https://github.com/wmsbill/proposal-catch-guards	Catch Guard	NOT_APPLICABLE	Stage 0	NOT_APPLICABLE	NOT_APPLICABLE	NOT_APPLICABLE	pending	Ecma International	language		https://github.com/wmsbill/proposal-catch-guards			CATALOG_INGESTED	stage-0-proposals.md	3bcf7df1eea6e91c57b49869ff7efb0d906e3b1ac8f4feea263cba6c8ed5a69e
TC39-ECMAScript	defensible-classes-2628ab80	supplement	https://web.archive.org/web/20160804042547/http://wiki.ecmascript.org/doku.php?id=strawman:defensible_classes	Defensible Classes	NOT_APPLICABLE	Stage 0	NOT_APPLICABLE	NOT_APPLICABLE	NOT_APPLICABLE	pending	Ecma International	language					CATALOG_INGESTED	stage-0-proposals.md	526c8c5053b122297d9719c50711290979ab372811e330907c864d4b39597d92
TC39-ECMAScript	function-bind-syntax-9e191232	supplement	https://github.com/tc39/proposal-bind-operator	Function bind syntax	NOT_APPLICABLE	Stage 0	NOT_APPLICABLE	NOT_APPLICABLE	NOT_APPLICABLE	pending	Ecma International	language		https://github.com/tc39/proposal-bind-operator			CATALOG_INGESTED	stage-0-proposals.md	8c426f9bfa7e4eb7a8daea569eb1020af85f68f34ea413efac0c5266fb14a587
TC39-ECMAScript	function-expression-decorators-98509f81	supplement	https://goo.gl/8MmCMG	Function expression decorators	NOT_APPLICABLE	Stage 0	NOT_APPLICABLE	NOT_APPLICABLE	NOT_APPLICABLE	pending	Ecma International	language					CATALOG_INGESTED	stage-0-proposals.md	7ee15e9e54771cf9d0dbdb99673bfff4b02b94750281b0e3ab859c584d7da23b
TC39-ECMAScript	method-parameter-decorators-fefbc20c	supplement	https://goo.gl/r1XT9b	Method parameter decorators	NOT_APPLICABLE	Stage 0	NOT_APPLICABLE	NOT_APPLICABLE	NOT_APPLICABLE	pending	Ecma International	language					CATALOG_INGESTED	stage-0-proposals.md	f8f161f88f3e1442262725d05569e8f55aca80c87020c57a662dbaa74f62a09e
TC39-ECMAScript	nested-import-declarations-2274ed60	supplement	https://github.com/benjamn/reify/blob/HEAD/PROPOSAL.md	Nested import declarations	NOT_APPLICABLE	Stage 0	NOT_APPLICABLE	NOT_APPLICABLE	NOT_APPLICABLE	pending	Ecma International	language		https://github.com/benjamn/reify/blob/HEAD/PROPOSAL.md		execution-modules	CATALOG_INGESTED	stage-0-proposals.md	db43da9ad26e1ee6eafb04e4231fb33c1288dd752eef63aaf55a385ae123d136
TC39-ECMAScript	object-shorthand-improvements-863291bd	supplement	https://github.com/rbuckton/proposal-shorthand-improvements	Object Shorthand Improvements	NOT_APPLICABLE	Stage 0	NOT_APPLICABLE	NOT_APPLICABLE	NOT_APPLICABLE	pending	Ecma International	language		https://github.com/rbuckton/proposal-shorthand-improvements			CATALOG_INGESTED	stage-0-proposals.md	e56121d1fd41319661d5a426f96f9d18edbb6871c5d92b85cac7eac174b6c84a
TC39-ECMAScript	orthogonal-classes-56375670	supplement	https://github.com/erights/Orthogonal-Classes	Orthogonal Classes	NOT_APPLICABLE	Stage 0	NOT_APPLICABLE	NOT_APPLICABLE	NOT_APPLICABLE	pending	Ecma International	language		https://github.com/erights/Orthogonal-Classes			CATALOG_INGESTED	stage-0-proposals.md	551e4b7d80a431bc58d4a6a4be811cc2eacc5bab78e76fe3345e7b2ba6c84f65
TC39-ECMAScript	reflect-iscallable-isconstructor-8d2624ec	supplement	https://github.com/caitp/TC39-Proposals/blob/HEAD/tc39-reflect-isconstructor-iscallable.md	Reflect.{isCallable,isConstructor}	NOT_APPLICABLE	Stage 0	NOT_APPLICABLE	NOT_APPLICABLE	NOT_APPLICABLE	pending	Ecma International	language		https://github.com/caitp/TC39-Proposals/blob/HEAD/tc39-reflect-isconstructor-iscallable.md			CATALOG_INGESTED	stage-0-proposals.md	00dd172b858966c8e5fdedb38a3d46b6a30be6757d5c0f6b7f68c1625f93f34e
TC39-ECMAScript	relationships-dca72e0c	supplement	https://web.archive.org/web/20160804042554/http://wiki.ecmascript.org/doku.php?id=strawman:relationships	Relationships	NOT_APPLICABLE	Stage 0	NOT_APPLICABLE	NOT_APPLICABLE	NOT_APPLICABLE	pending	Ecma International	language					CATALOG_INGESTED	stage-0-proposals.md	d58397cb62efe6872e33111c1977eec4c07a926ff6c4087cee050202b74df5db
TC39-ECMAScript	string-trim-characters-c9fd7d72	supplement	https://github.com/Kingwl/proposal-string-trim-characters	String trim characters	NOT_APPLICABLE	Stage 0	NOT_APPLICABLE	NOT_APPLICABLE	NOT_APPLICABLE	pending	Ecma International	language		https://github.com/Kingwl/proposal-string-trim-characters			CATALOG_INGESTED	stage-0-proposals.md	70bb1c4cfee70fe2da802b3e3e51f0a38acc645dad328b92e70913eae51fb0d1
TC39-ECMAScript	structured-clone-ae435de2	supplement	https://github.com/dslomov/ecmascript-structured-clone	Structured Clone	NOT_APPLICABLE	Stage 0	NOT_APPLICABLE	NOT_APPLICABLE	NOT_APPLICABLE	pending	Ecma International	language		https://github.com/dslomov/ecmascript-structured-clone			CATALOG_INGESTED	stage-0-proposals.md	0bc63256edd96a92e3e894fdd9b66cdd1db41d339be92c0f04e54577f755ce5c
TC39-ECMAScript	alias-accessors-51a56043	supplement	https://github.com/tc39/proposal-alias-accessors	Alias Accessors	NOT_APPLICABLE	Stage 1	NOT_APPLICABLE	NOT_APPLICABLE	NOT_APPLICABLE	pending	Ecma International	language		https://github.com/tc39/proposal-alias-accessors			CATALOG_INGESTED	stage-1-proposals.md	6eea00c5cb6b4a9551d1d004e1b796f3a43b52ef3eafeefd51f5c073a9f9fa56
TC39-ECMAScript	array-equality-c68c8ea9	supplement	https://github.com/tc39/proposal-array-equality	Array Equality	NOT_APPLICABLE	Stage 1	NOT_APPLICABLE	NOT_APPLICABLE	NOT_APPLICABLE	pending	Ecma International	language		https://github.com/tc39/proposal-array-equality			CATALOG_INGESTED	stage-1-proposals.md	9995bd46012ac03c375406702612644e683e5a53249c48b7ce29439c18b1f47c
TC39-ECMAScript	array-filtering-5e6cf41e	supplement	https://github.com/tc39/proposal-array-filtering	Array filtering	NOT_APPLICABLE	Stage 1	NOT_APPLICABLE	NOT_APPLICABLE	NOT_APPLICABLE	pending	Ecma International	language		https://github.com/tc39/proposal-array-filtering			CATALOG_INGESTED	stage-1-proposals.md	a0c31a3d5989d09b1d6785c176b5dc5377a71301a11f7efcb729b62ff7e42e6f
TC39-ECMAScript	array-prototype-unique-af34f57f	supplement	https://github.com/tc39/proposal-array-unique	Array.prototype.unique()	NOT_APPLICABLE	Stage 1	NOT_APPLICABLE	NOT_APPLICABLE	NOT_APPLICABLE	pending	Ecma International	language		https://github.com/tc39/proposal-array-unique			CATALOG_INGESTED	stage-1-proposals.md	3409f826d2d5a3a9e130fd8a97b53df6ffeeacd16f2392af4127d0e6c1bceced
TC39-ECMAScript	array-zip-and-array-zipkeyed-f6d2942e	supplement	https://github.com/tc39/proposal-array-zip	Array.zip and Array.zipKeyed	NOT_APPLICABLE	Stage 1	NOT_APPLICABLE	NOT_APPLICABLE	NOT_APPLICABLE	pending	Ecma International	language		https://github.com/tc39/proposal-array-zip			CATALOG_INGESTED	stage-1-proposals.md	c5098485334de0727bb00ce44c7da28e09f33f86d4ce5ba869e57e5725eb8956
TC39-ECMAScript	asset-references-453aadcf	supplement	https://github.com/tc39/proposal-asset-references	Asset References	NOT_APPLICABLE	Stage 1	NOT_APPLICABLE	NOT_APPLICABLE	NOT_APPLICABLE	pending	Ecma International	language		https://github.com/tc39/proposal-asset-references			CATALOG_INGESTED	stage-1-proposals.md	c14d4149fd11a856f3a700613bbc4f14910d9818a871ccef693936cca50ccf06
TC39-ECMAScript	async-do-expressions-737a3408	supplement	https://github.com/tc39/proposal-async-do-expressions	async do expressions	NOT_APPLICABLE	Stage 1	NOT_APPLICABLE	NOT_APPLICABLE	NOT_APPLICABLE	pending	Ecma International	language		https://github.com/tc39/proposal-async-do-expressions			CATALOG_INGESTED	stage-1-proposals.md	1fe80dd6351f5790b8a41abfab48d8f7e5626da933273a015d425d8ed01fbd75
TC39-ECMAScript	async-initialization-076f8e28	supplement	https://docs.google.com/presentation/d/1DsjZAzBjn2gCrr4l0uZzCymPIWZTKM8KzcnMBF31HAg/edit#slide=id.g7d23d45064_0_196	Async initialization	NOT_APPLICABLE	Stage 1	NOT_APPLICABLE	NOT_APPLICABLE	NOT_APPLICABLE	pending	Ecma International	language					CATALOG_INGESTED	stage-1-proposals.md	e4bb8c87668e740372f7ef3422715a884ebb01bc665b3a7808496223f756c80a
TC39-ECMAScript	await-operations-a2698878	supplement	https://github.com/tc39/proposal-await.ops	await operations	NOT_APPLICABLE	Stage 1	NOT_APPLICABLE	NOT_APPLICABLE	NOT_APPLICABLE	pending	Ecma International	language		https://github.com/tc39/proposal-await.ops			CATALOG_INGESTED	stage-1-proposals.md	0600e0a8ea473743db3c713ce7e380e36fd7f868297d04714773c096347892e7
TC39-ECMAScript	bigint-from-exponential-2461da99	supplement	https://github.com/tc39/proposal-bigint-from-exponential	Bigint from exponential	NOT_APPLICABLE	Stage 1	NOT_APPLICABLE	NOT_APPLICABLE	NOT_APPLICABLE	pending	Ecma International	language		https://github.com/tc39/proposal-bigint-from-exponential			CATALOG_INGESTED	stage-1-proposals.md	1cfb0302cc694d6146b20657442d560279c84db00059c59f9ff7f1ba32d1a0f3
TC39-ECMAScript	bigint-math-14353549	supplement	https://github.com/tc39/proposal-bigint-math	BigInt Math	NOT_APPLICABLE	Stage 1	NOT_APPLICABLE	NOT_APPLICABLE	NOT_APPLICABLE	pending	Ecma International	language		https://github.com/tc39/proposal-bigint-math			CATALOG_INGESTED	stage-1-proposals.md	7bbe07520b59223d0aed089cfb64d8b7d007787186fb43d08d65cc13bce57cf2
TC39-ECMAScript	bigint-number-fromstring-fffee4c1	supplement	https://github.com/tc39/proposal-number-fromstring	{BigInt,Number}.fromString	NOT_APPLICABLE	Stage 1	NOT_APPLICABLE	NOT_APPLICABLE	NOT_APPLICABLE	pending	Ecma International	language		https://github.com/tc39/proposal-number-fromstring			CATALOG_INGESTED	stage-1-proposals.md	315791721e339dc1404de2cbd51f04e9f471cb592ac0f9080887bc8bfd255cfe
TC39-ECMAScript	binary-ast-641c5710	supplement	https://github.com/tc39/proposal-binary-ast	Binary AST	NOT_APPLICABLE	Stage 1	NOT_APPLICABLE	NOT_APPLICABLE	NOT_APPLICABLE	pending	Ecma International	language		https://github.com/tc39/proposal-binary-ast			CATALOG_INGESTED	stage-1-proposals.md	be3d95eed074ee9373feef56dff1bade0b14fa0c38159e742410cde3112d512f
TC39-ECMAScript	block-params-5ed2813e	supplement	https://github.com/samuelgoto/proposal-block-params	Block Params	NOT_APPLICABLE	Stage 1	NOT_APPLICABLE	NOT_APPLICABLE	NOT_APPLICABLE	pending	Ecma International	language		https://github.com/samuelgoto/proposal-block-params			CATALOG_INGESTED	stage-1-proposals.md	bbdf5f9b2639bcd24883400541e719dc79c74564a66a80cf84a0c5ca37a54d1a
TC39-ECMAScript	built-in-modules-aka-js-standard-library-5cfd7637	supplement	https://github.com/tc39/proposal-built-in-modules	Built In Modules (aka JS Standard Library)	NOT_APPLICABLE	Stage 1	NOT_APPLICABLE	NOT_APPLICABLE	NOT_APPLICABLE	pending	Ecma International	language		https://github.com/tc39/proposal-built-in-modules			CATALOG_INGESTED	stage-1-proposals.md	9dde51dc3e01cdec4506caf37e1ae23405fbc80e9d0374bc7264359d71226cd7
TC39-ECMAScript	bulk-add-array-elements-ddb3acce	supplement	https://github.com/tc39/proposal-bulk-add-array-elements	Bulk-add array elements	NOT_APPLICABLE	Stage 1	NOT_APPLICABLE	NOT_APPLICABLE	NOT_APPLICABLE	pending	Ecma International	language		https://github.com/tc39/proposal-bulk-add-array-elements			CATALOG_INGESTED	stage-1-proposals.md	311812bd10de068e4d00fe485b9ec385c359aaf4b8977df58ee9b437cd29cdd1
TC39-ECMAScript	call-this-operator-314d8c93	supplement	https://github.com/tc39/proposal-call-this	Call-this operator	NOT_APPLICABLE	Stage 1	NOT_APPLICABLE	NOT_APPLICABLE	NOT_APPLICABLE	pending	Ecma International	language		https://github.com/tc39/proposal-call-this			CATALOG_INGESTED	stage-1-proposals.md	4065376d860718c181f07461b0995c1ebf6ed95deee4371e91739c219d565f87
TC39-ECMAScript	cancellation-api-811519a8	supplement	https://github.com/tc39/proposal-cancellation	Cancellation API	NOT_APPLICABLE	Stage 1	NOT_APPLICABLE	NOT_APPLICABLE	NOT_APPLICABLE	pending	Ecma International	language		https://github.com/tc39/proposal-cancellation			CATALOG_INGESTED	stage-1-proposals.md	bbac11af989c4c86173e73698a84bc54b3a09b2e83025e444439fc7cb4be2655
TC39-ECMAScript	change-number-parseint-parsefloat-to-not-coerce-null-undefined-nan-repo--237f09e3	supplement	UNKNOWN_URL	Change Number.parseInt/parseFloat to not coerce null/undefined/NaN (repo link TBD)	NOT_APPLICABLE	Stage 1	NOT_APPLICABLE	NOT_APPLICABLE	NOT_APPLICABLE	pending	Ecma International	language					CATALOG_INGESTED	stage-1-proposals.md	f073d6f590542571326f8bdd771d36aeee40e02d8434c351f990f2cfa2ac6a52
TC39-ECMAScript	class-access-expressions-ef6ae854	supplement	https://github.com/tc39/proposal-class-access-expressions	class Access Expressions	NOT_APPLICABLE	Stage 1	NOT_APPLICABLE	NOT_APPLICABLE	NOT_APPLICABLE	pending	Ecma International	language		https://github.com/tc39/proposal-class-access-expressions			CATALOG_INGESTED	stage-1-proposals.md	2f37e3e98bda8d6bb319af5e6f62775233cbae8841da6cbac79e69c0803b5a4e
TC39-ECMAScript	class-brand-checks-bd2a3774	supplement	https://github.com/tc39/proposal-class-brand-check	Class Brand Checks	NOT_APPLICABLE	Stage 1	NOT_APPLICABLE	NOT_APPLICABLE	NOT_APPLICABLE	pending	Ecma International	language		https://github.com/tc39/proposal-class-brand-check			CATALOG_INGESTED	stage-1-proposals.md	a82059157dcc82890774b6ee3b515bd244b7f0fa1f1b50a9a9e873345325e782
TC39-ECMAScript	class-method-parameter-decorators-8bc95c2e	supplement	https://github.com/tc39/proposal-class-method-parameter-decorators	Class Method Parameter Decorators	NOT_APPLICABLE	Stage 1	NOT_APPLICABLE	NOT_APPLICABLE	NOT_APPLICABLE	pending	Ecma International	language		https://github.com/tc39/proposal-class-method-parameter-decorators			CATALOG_INGESTED	stage-1-proposals.md	cb698d7d11cd112531caf7baf834c3bfc68ed8e5594fd89899f650e0f68c2023
TC39-ECMAScript	collection-methods-072b6c5f	supplement	https://github.com/tc39/proposal-collection-methods	Collection methods	NOT_APPLICABLE	Stage 1	NOT_APPLICABLE	NOT_APPLICABLE	NOT_APPLICABLE	pending	Ecma International	language		https://github.com/tc39/proposal-collection-methods			CATALOG_INGESTED	stage-1-proposals.md	5e6c338a0df96b68ce77a1c8a4c20df6dc4fab9633cda5b0d199dfe7e78bcf65
TC39-ECMAScript	compare-strings-by-codepoint-7c0dadc8	supplement	https://github.com/tc39/proposal-compare-strings-by-codepoint	Compare Strings by Codepoint	NOT_APPLICABLE	Stage 1	NOT_APPLICABLE	NOT_APPLICABLE	NOT_APPLICABLE	pending	Ecma International	language		https://github.com/tc39/proposal-compare-strings-by-codepoint			CATALOG_INGESTED	stage-1-proposals.md	e5554dd654c457f9c5f6c73928c0a2604090d474e25bd453e9f3e54bdadc7e52
TC39-ECMAScript	comparisons-ad67f1b4	supplement	https://github.com/JakobJingleheimer/proposal-comparisons	Comparisons	NOT_APPLICABLE	Stage 1	NOT_APPLICABLE	NOT_APPLICABLE	NOT_APPLICABLE	pending	Ecma International	language		https://github.com/JakobJingleheimer/proposal-comparisons			CATALOG_INGESTED	stage-1-proposals.md	3959037b9b710b700e022cacf838185d9cf479a7413bef7941440740a729de11
TC39-ECMAScript	compartments-fa8ddabd	supplement	https://github.com/tc39/proposal-compartments	Compartments	NOT_APPLICABLE	Stage 1	NOT_APPLICABLE	NOT_APPLICABLE	NOT_APPLICABLE	pending	Ecma International	language		https://github.com/tc39/proposal-compartments			CATALOG_INGESTED	stage-1-proposals.md	9f38b653acf546c886604b49f343f03c91c7d1e55704345a36df14063ac9a364
TC39-ECMAScript	composable-accessors-via-built-in-decorators-d2173734	supplement	https://github.com/tc39/proposal-composable-accessors	Composable Accessors via built-in decorators	NOT_APPLICABLE	Stage 1	NOT_APPLICABLE	NOT_APPLICABLE	NOT_APPLICABLE	pending	Ecma International	language		https://github.com/tc39/proposal-composable-accessors			CATALOG_INGESTED	stage-1-proposals.md	3ff0d12a3a40493a3623d441eb00f16457c4662f7a6e5f648933ccae68432956
TC39-ECMAScript	composites-9303ad2f	supplement	https://github.com/tc39/proposal-composites	Composites	NOT_APPLICABLE	Stage 1	NOT_APPLICABLE	NOT_APPLICABLE	NOT_APPLICABLE	pending	Ecma International	language		https://github.com/tc39/proposal-composites			CATALOG_INGESTED	stage-1-proposals.md	6ba1c50705d3b202dd3d46c602d9155002cdd8ba3411b5078937359bc1f3ae41
TC39-ECMAScript	concurrency-control-9b2bad86	supplement	https://github.com/tc39/proposal-concurrency-control	Concurrency Control	NOT_APPLICABLE	Stage 1	NOT_APPLICABLE	NOT_APPLICABLE	NOT_APPLICABLE	pending	Ecma International	language		https://github.com/tc39/proposal-concurrency-control			CATALOG_INGESTED	stage-1-proposals.md	0d6d1990f174fc5820ba0b1259d25568432b54465c0c753d1e63c9575182df77
TC39-ECMAScript	cryptographically-secure-random-number-generation-d37803bc	supplement	https://github.com/tc39/proposal-csprng	Cryptographically Secure Random Number Generation	NOT_APPLICABLE	Stage 1	NOT_APPLICABLE	NOT_APPLICABLE	NOT_APPLICABLE	pending	Ecma International	language		https://github.com/tc39/proposal-csprng			CATALOG_INGESTED	stage-1-proposals.md	3be8053d900a1819d2cfe2de34bfed245c3c29c6464dbdd22a89a1301b28cfd1
TC39-ECMAScript	dataview-get-set-uint8clamped-methods-80f4a323	supplement	https://github.com/tc39/proposal-dataview-get-set-uint8clamped	DataView get/set Uint8Clamped methods	NOT_APPLICABLE	Stage 1	NOT_APPLICABLE	NOT_APPLICABLE	NOT_APPLICABLE	pending	Ecma International	language		https://github.com/tc39/proposal-dataview-get-set-uint8clamped			CATALOG_INGESTED	stage-1-proposals.md	2bc6d460d7fc6fcd25dc145f33fee955aa031f6b466bbb7c0d532818555d667d
TC39-ECMAScript	decimal-a816343f	supplement	https://github.com/tc39/proposal-decimal	Decimal	NOT_APPLICABLE	Stage 1	NOT_APPLICABLE	NOT_APPLICABLE	NOT_APPLICABLE	pending	Ecma International	language		https://github.com/tc39/proposal-decimal			CATALOG_INGESTED	stage-1-proposals.md	5e9a2955b4e844b02c551b0758ed2d4449f4b0f86e86f3199217fc5cc92debcc
TC39-ECMAScript	declarations-in-conditionals-36070ea4	supplement	https://github.com/tc39/proposal-Declarations-in-Conditionals	Declarations in Conditionals	NOT_APPLICABLE	Stage 1	NOT_APPLICABLE	NOT_APPLICABLE	NOT_APPLICABLE	pending	Ecma International	language		https://github.com/tc39/proposal-Declarations-in-Conditionals			CATALOG_INGESTED	stage-1-proposals.md	18353bb65f8762940b585d637659645fdcf5ca586ae46970c064acf2c906f3b0
TC39-ECMAScript	deep-path-properties-in-record-literals-6e32db24	supplement	https://github.com/tc39/proposal-deep-path-properties-for-record	Deep Path Properties in Record Literals	NOT_APPLICABLE	Stage 1	NOT_APPLICABLE	NOT_APPLICABLE	NOT_APPLICABLE	pending	Ecma International	language		https://github.com/tc39/proposal-deep-path-properties-for-record			CATALOG_INGESTED	stage-1-proposals.md	ea02a5a5efd75ba3c8cddcfe723d97a71b5e68314ee618fe77813b0900e45173
TC39-ECMAScript	disposable-asynccontext-variable-7a493975	supplement	https://github.com/tc39/proposal-async-context-disposable	Disposable AsyncContext.Variable	NOT_APPLICABLE	Stage 1	NOT_APPLICABLE	NOT_APPLICABLE	NOT_APPLICABLE	pending	Ecma International	language		https://github.com/tc39/proposal-async-context-disposable			CATALOG_INGESTED	stage-1-proposals.md	59d293e01587cab57de2648f979a60356065dabcda851581457c92885a90a390
TC39-ECMAScript	do-expressions-da23b5e6	supplement	https://github.com/tc39/proposal-do-expressions	do expressions	NOT_APPLICABLE	Stage 1	NOT_APPLICABLE	NOT_APPLICABLE	NOT_APPLICABLE	pending	Ecma International	language		https://github.com/tc39/proposal-do-expressions			CATALOG_INGESTED	stage-1-proposals.md	18aa0ef137a85ae36bfe1cb68fad04a6112f665bb04555fba848b5c7ec50adc8
TC39-ECMAScript	double-ended-iterator-and-destructuring-96c898e3	supplement	https://github.com/tc39/proposal-deiter	Double-Ended Iterator and Destructuring	NOT_APPLICABLE	Stage 1	NOT_APPLICABLE	NOT_APPLICABLE	NOT_APPLICABLE	pending	Ecma International	language		https://github.com/tc39/proposal-deiter			CATALOG_INGESTED	stage-1-proposals.md	1d4f9fd32d5abfdb70de112f0d106a9ca6f7f53390d7fbc3e8f337d5b56e1ceb
TC39-ECMAScript	dynamic-modules-6f4e962e	supplement	https://github.com/nodejs/dynamic-modules	Dynamic Modules	NOT_APPLICABLE	Stage 1	NOT_APPLICABLE	NOT_APPLICABLE	NOT_APPLICABLE	pending	Ecma International	language		https://github.com/nodejs/dynamic-modules			CATALOG_INGESTED	stage-1-proposals.md	07d8801db9a4213cfb1ef078ef39972feba4a00b985b96d79a05f22a3c03f545
TC39-ECMAScript	emitter-352fb3da	supplement	https://github.com/tc39/proposal-emitter	Emitter	NOT_APPLICABLE	Stage 1	NOT_APPLICABLE	NOT_APPLICABLE	NOT_APPLICABLE	pending	Ecma International	language		https://github.com/tc39/proposal-emitter			CATALOG_INGESTED	stage-1-proposals.md	9b4df1fb519912277c5f8f041415ba8456e638fef23e160dba5f9f262345ca7b
TC39-ECMAScript	enums-90b194eb	supplement	https://github.com/tc39/proposal-enum	Enums	NOT_APPLICABLE	Stage 1	NOT_APPLICABLE	NOT_APPLICABLE	NOT_APPLICABLE	pending	Ecma International	language		https://github.com/tc39/proposal-enum			CATALOG_INGESTED	stage-1-proposals.md	a1ac00ce63eb3a5e2bf8352f9affdd4b48146c26d4da0f9cfceccd5b5a50898c
TC39-ECMAScript	error-option-framesabove-923311fa	supplement	https://github.com/tc39/proposal-error-frames-above	Error option framesAbove	NOT_APPLICABLE	Stage 1	NOT_APPLICABLE	NOT_APPLICABLE	NOT_APPLICABLE	pending	Ecma International	language		https://github.com/tc39/proposal-error-frames-above			CATALOG_INGESTED	stage-1-proposals.md	0b9fe0712897cb802a548da37d6b3813d183a98d8039eb71c45712ac483214c1
TC39-ECMAScript	error-option-limit-38ffb936	supplement	https://github.com/tc39/proposal-error-limit-option	Error option limit	NOT_APPLICABLE	Stage 1	NOT_APPLICABLE	NOT_APPLICABLE	NOT_APPLICABLE	pending	Ecma International	language		https://github.com/tc39/proposal-error-limit-option			CATALOG_INGESTED	stage-1-proposals.md	3170a839ad268fd89caf9d9c1e32c7bfd322ec2bcc325cfdd0e38bd1262ddef2
TC39-ECMAScript	error-stacks-bbac4f73	supplement	https://github.com/tc39/proposal-error-stacks	Error stacks	NOT_APPLICABLE	Stage 1	NOT_APPLICABLE	NOT_APPLICABLE	NOT_APPLICABLE	pending	Ecma International	language		https://github.com/tc39/proposal-error-stacks			CATALOG_INGESTED	stage-1-proposals.md	5515d711a658476540fbac670c5dd3699f7c80a0471307220a7f7e82abd0e4e9
TC39-ECMAScript	export-all-from-2c69d35b	supplement	https://github.com/guybedford/proposal-export-star-default	export all from	NOT_APPLICABLE	Stage 1	NOT_APPLICABLE	NOT_APPLICABLE	NOT_APPLICABLE	pending	Ecma International	language		https://github.com/guybedford/proposal-export-star-default			CATALOG_INGESTED	stage-1-proposals.md	0748c01817882af3ca316d4dedb3cf969057e7a7f9d8ce5644fbc68f24d6ef05
TC39-ECMAScript	export-v-from-mod-statements-1bb867c3	supplement	https://github.com/tc39/proposal-export-default-from	export v from "mod"; statements	NOT_APPLICABLE	Stage 1	NOT_APPLICABLE	NOT_APPLICABLE	NOT_APPLICABLE	pending	Ecma International	language		https://github.com/tc39/proposal-export-default-from			CATALOG_INGESTED	stage-1-proposals.md	3641fa0718cf4118715ddf4064888d65674eeb9001b3484233b2076a6699eb36
TC39-ECMAScript	extensions-3ab260fc	supplement	https://github.com/tc39/proposal-extensions	Extensions	NOT_APPLICABLE	Stage 1	NOT_APPLICABLE	NOT_APPLICABLE	NOT_APPLICABLE	pending	Ecma International	language		https://github.com/tc39/proposal-extensions			CATALOG_INGESTED	stage-1-proposals.md	8f91e17965ac1ec364aa9207c456f7ffd2acd2489b27b2b22e71882f1c9be2d1
TC39-ECMAScript	faster-promise-adoption-6f3cd4a3	supplement	https://github.com/tc39/proposal-faster-promise-adoption	Faster Promise adoption	NOT_APPLICABLE	Stage 1	NOT_APPLICABLE	NOT_APPLICABLE	NOT_APPLICABLE	pending	Ecma International	language		https://github.com/tc39/proposal-faster-promise-adoption			CATALOG_INGESTED	stage-1-proposals.md	b3f79862a852d26b4daede62def86e378f86fdb65ed6b1ab89a439b6ea077472
TC39-ECMAScript	first-class-protocols-34357324	supplement	https://github.com/tc39/proposal-first-class-protocols	First-class protocols	NOT_APPLICABLE	Stage 1	NOT_APPLICABLE	NOT_APPLICABLE	NOT_APPLICABLE	pending	Ecma International	language		https://github.com/tc39/proposal-first-class-protocols			CATALOG_INGESTED	stage-1-proposals.md	5cc900ec7b193dc6114aa66e7794de1c88f3fc07850c172c775443b6807e5438
TC39-ECMAScript	freezing-prototypes-63a0976a	supplement	https://github.com/tc39/proposal-freeze-prototype	Freezing prototypes	NOT_APPLICABLE	Stage 1	NOT_APPLICABLE	NOT_APPLICABLE	NOT_APPLICABLE	pending	Ecma International	language		https://github.com/tc39/proposal-freeze-prototype			CATALOG_INGESTED	stage-1-proposals.md	2ebe0fd7742b5ec9bff972d80225d2b6323a5fff1137ecf7a640046116c24e41
TC39-ECMAScript	function-and-object-literal-decorators-85741b9b	supplement	https://github.com/tc39/proposal-function-and-object-literal-element-decorators	Function and Object Literal Decorators	NOT_APPLICABLE	Stage 1	NOT_APPLICABLE	NOT_APPLICABLE	NOT_APPLICABLE	pending	Ecma International	language		https://github.com/tc39/proposal-function-and-object-literal-element-decorators			CATALOG_INGESTED	stage-1-proposals.md	e9d56834e415d7c548165ecc3ea2ba976765cb0a91fa1e0f0a5a8e9ba4eb7372
TC39-ECMAScript	function-memoization-ddf0363d	supplement	https://github.com/tc39/proposal-function-memo	Function Memoization	NOT_APPLICABLE	Stage 1	NOT_APPLICABLE	NOT_APPLICABLE	NOT_APPLICABLE	pending	Ecma International	language		https://github.com/tc39/proposal-function-memo			CATALOG_INGESTED	stage-1-proposals.md	ad12889070e6473fca8f79258bac9022c0e7362bec3582530b19457a939c27e8
TC39-ECMAScript	function-once-c1dabe85	supplement	https://github.com/tc39/proposal-function-once	Function once	NOT_APPLICABLE	Stage 1	NOT_APPLICABLE	NOT_APPLICABLE	NOT_APPLICABLE	pending	Ecma International	language		https://github.com/tc39/proposal-function-once			CATALOG_INGESTED	stage-1-proposals.md	dc3175a26b754e33ed974e069446bd6f2573ab266971fe42071f92bbfc92b240
TC39-ECMAScript	get-intrinsic-da289772	supplement	https://github.com/tc39/proposal-get-intrinsic	Get Intrinsic	NOT_APPLICABLE	Stage 1	NOT_APPLICABLE	NOT_APPLICABLE	NOT_APPLICABLE	pending	Ecma International	language		https://github.com/tc39/proposal-get-intrinsic			CATALOG_INGESTED	stage-1-proposals.md	2305c62c28ba16e92696710b84caec5bd017251441fa1bc24e6734f3ab0f1557
TC39-ECMAScript	grouped-accessors-and-auto-accessors-4d5f769a	supplement	https://github.com/tc39/proposal-grouped-and-auto-accessors	Grouped Accessors and Auto-Accessors	NOT_APPLICABLE	Stage 1	NOT_APPLICABLE	NOT_APPLICABLE	NOT_APPLICABLE	pending	Ecma International	language		https://github.com/tc39/proposal-grouped-and-auto-accessors			CATALOG_INGESTED	stage-1-proposals.md	40caee48c3662db558aad8e6934a7a1963f5f8feb84c4044dfb6bcd3951afccf
TC39-ECMAScript	idl-for-ecmascript-61198759	supplement	https://github.com/tc39/proposal-idl	IDL for ECMAScript	NOT_APPLICABLE	Stage 1	NOT_APPLICABLE	NOT_APPLICABLE	NOT_APPLICABLE	pending	Ecma International	language		https://github.com/tc39/proposal-idl		execution-modules	CATALOG_INGESTED	stage-1-proposals.md	a25f6e6ab14fbbaea01c251e36dd64fc81f7b0bec1498873f3e8b7b8b33c8982
TC39-ECMAScript	improved-escapes-for-template-literals-c7a7fc15	supplement	https://github.com/tc39/proposal-improve-template-literals	Improved Escapes for Template Literals	NOT_APPLICABLE	Stage 1	NOT_APPLICABLE	NOT_APPLICABLE	NOT_APPLICABLE	pending	Ecma International	language		https://github.com/tc39/proposal-improve-template-literals			CATALOG_INGESTED	stage-1-proposals.md	b49d6d883f283b54db6fcf7cf6a4e00b619d92b5bc6050026bfde8d3fd4dff90
TC39-ECMAScript	inspector-8319cc9c	supplement	https://github.com/tc39/proposal-inspector	Inspector	NOT_APPLICABLE	Stage 1	NOT_APPLICABLE	NOT_APPLICABLE	NOT_APPLICABLE	pending	Ecma International	language		https://github.com/tc39/proposal-inspector			CATALOG_INGESTED	stage-1-proposals.md	58662e147e7d88395c6d5e51476e9016a50706feb32a143eb99680e2fd130303
TC39-ECMAScript	iterator-unique-75053c1b	supplement	https://github.com/tc39/proposal-iterator-unique	Iterator unique	NOT_APPLICABLE	Stage 1	NOT_APPLICABLE	NOT_APPLICABLE	NOT_APPLICABLE	pending	Ecma International	language		https://github.com/tc39/proposal-iterator-unique			CATALOG_INGESTED	stage-1-proposals.md	f47fe4aa209d2658bc53987027481f3b65aaccb58bf757a379fd72f0aaa20afe
TC39-ECMAScript	legacy-reflection-features-for-functions-in-javascript-bc1cc2b0	supplement	https://github.com/claudepache/es-legacy-function-reflection	Legacy reflection features for functions in JavaScript	NOT_APPLICABLE	Stage 1	NOT_APPLICABLE	NOT_APPLICABLE	NOT_APPLICABLE	pending	Ecma International	language		https://github.com/claudepache/es-legacy-function-reflection		execution-modules	CATALOG_INGESTED	stage-1-proposals.md	58d4550cbb45264885316fd548a71e061c3dfe698e6179e9e8d9ca85968f7b2a
TC39-ECMAScript	limited-arraybuffer-28b6dd11	supplement	https://github.com/tc39/proposal-limited-arraybuffer	Limited ArrayBuffer	NOT_APPLICABLE	Stage 1	NOT_APPLICABLE	NOT_APPLICABLE	NOT_APPLICABLE	pending	Ecma International	language		https://github.com/tc39/proposal-limited-arraybuffer			CATALOG_INGESTED	stage-1-proposals.md	e94ee28fe4516130b730f9a3b7b499a1cef406687d497a79a40a0846055f9b6e
TC39-ECMAScript	linear-matching-5fb9f419	supplement	https://github.com/tc39/proposal-linear-matching	Linear Matching	NOT_APPLICABLE	Stage 1	NOT_APPLICABLE	NOT_APPLICABLE	NOT_APPLICABLE	pending	Ecma International	language		https://github.com/tc39/proposal-linear-matching			CATALOG_INGESTED	stage-1-proposals.md	0ac27cd9ea13011fb90700dc7ed9e79e86667cffe8c38b163de343387eebe3b0
TC39-ECMAScript	locale-extensions-76abc314	supplement	https://github.com/ben-allen/locale-extensions	Locale Extensions	NOT_APPLICABLE	Stage 1	NOT_APPLICABLE	NOT_APPLICABLE	NOT_APPLICABLE	pending	Ecma International	language		https://github.com/ben-allen/locale-extensions		accessibility-i18n	CATALOG_INGESTED	stage-1-proposals.md	2cadb776bcdf64a9ec4d7b8f7768f6419d63b3114458d0314b8b9add7f8ce9af
TC39-ECMAScript	map-get-and-delete-26f6b85d	supplement	https://github.com/tc39/proposal-Map-getAndDelete	Map get and delete	NOT_APPLICABLE	Stage 1	NOT_APPLICABLE	NOT_APPLICABLE	NOT_APPLICABLE	pending	Ecma International	language		https://github.com/tc39/proposal-Map-getAndDelete			CATALOG_INGESTED	stage-1-proposals.md	ea63657a39b8857480a5018e9f41cd899139e9e21a3c7e3a6ca9362a9ccd5873
TC39-ECMAScript	mass-proxy-revocation-297c0c3e	supplement	https://github.com/tc39/proposal-mass-proxy-revocation	Mass Proxy Revocation	NOT_APPLICABLE	Stage 1	NOT_APPLICABLE	NOT_APPLICABLE	NOT_APPLICABLE	pending	Ecma International	language		https://github.com/tc39/proposal-mass-proxy-revocation			CATALOG_INGESTED	stage-1-proposals.md	ddce132af5fb14cdc628507c651ee42546044d2f5dd11ff8ec6685c9b44877c7
TC39-ECMAScript	maximally-minimal-mixins-9e5ac7c9	supplement	https://github.com/tc39/proposal-mixins	Maximally minimal mixins	NOT_APPLICABLE	Stage 1	NOT_APPLICABLE	NOT_APPLICABLE	NOT_APPLICABLE	pending	Ecma International	language		https://github.com/tc39/proposal-mixins			CATALOG_INGESTED	stage-1-proposals.md	9dc345fee9942eeba8ed3e4fe958c89f22d62aac3010f89d65a8122d4d5aefcf
TC39-ECMAScript	module-global-48143d64	supplement	https://github.com/endojs/proposal-new-global	Module Global	NOT_APPLICABLE	Stage 1	NOT_APPLICABLE	NOT_APPLICABLE	NOT_APPLICABLE	pending	Ecma International	language		https://github.com/endojs/proposal-new-global			CATALOG_INGESTED	stage-1-proposals.md	1775abeac0bcc2014118d1b92c0a519d8613655d3fa73008e53cc076e9e3084f
TC39-ECMAScript	module-keys-b74c34df	supplement	https://github.com/tc39/proposal-module-keys	Module Keys	NOT_APPLICABLE	Stage 1	NOT_APPLICABLE	NOT_APPLICABLE	NOT_APPLICABLE	pending	Ecma International	language		https://github.com/tc39/proposal-module-keys			CATALOG_INGESTED	stage-1-proposals.md	d078cb503131b32c21eee1e989e93e0f6370382e3fac44e8a30833ba5ed68000
TC39-ECMAScript	module-sync-assert-39b484f3	supplement	https://github.com/tc39/proposal-module-sync-assert	Module sync assert	NOT_APPLICABLE	Stage 1	NOT_APPLICABLE	NOT_APPLICABLE	NOT_APPLICABLE	pending	Ecma International	language		https://github.com/tc39/proposal-module-sync-assert			CATALOG_INGESTED	stage-1-proposals.md	19f6ef662365e0f460eed67bf450f40c8b92cde1433c6c0ff6e8e07e8d1f98ba
TC39-ECMAScript	modulus-and-additional-integer-math-3fc26d43	supplement	https://github.com/tc39/proposal-integer-and-modulus-math	Modulus and Additional Integer Math	NOT_APPLICABLE	Stage 1	NOT_APPLICABLE	NOT_APPLICABLE	NOT_APPLICABLE	pending	Ecma International	language		https://github.com/tc39/proposal-integer-and-modulus-math			CATALOG_INGESTED	stage-1-proposals.md	e5699dd24465498953ada071f96728cc736258b4eea46193d7265194a9203d3f
TC39-ECMAScript	more-random-functions-390c8846	supplement	https://github.com/tc39/proposal-random-functions	More Random Functions	NOT_APPLICABLE	Stage 1	NOT_APPLICABLE	NOT_APPLICABLE	NOT_APPLICABLE	pending	Ecma International	language		https://github.com/tc39/proposal-random-functions			CATALOG_INGESTED	stage-1-proposals.md	3ef1c735c83cc3410912c9e7b47f01893ae4bee02733f4da7252bfd939c3af7f
TC39-ECMAScript	negated-in-and-instanceof-operators-8ba74b47	supplement	https://github.com/tc39/proposal-negated-in-instanceof	Negated in and instanceof operators	NOT_APPLICABLE	Stage 1	NOT_APPLICABLE	NOT_APPLICABLE	NOT_APPLICABLE	pending	Ecma International	language		https://github.com/tc39/proposal-negated-in-instanceof			CATALOG_INGESTED	stage-1-proposals.md	043d05b59fc0a0ba2fd162d18b454b6ccffad490afb622fd3042a165096a55d8
TC39-ECMAScript	new-initialize-34e29b7d	supplement	https://github.com/littledan/proposal-new-initialize	new.initialize	NOT_APPLICABLE	Stage 1	NOT_APPLICABLE	NOT_APPLICABLE	NOT_APPLICABLE	pending	Ecma International	language		https://github.com/littledan/proposal-new-initialize			CATALOG_INGESTED	stage-1-proposals.md	d9e5497855358e094b7a5609690a5fa0493f1eacd1b1e8042d1550425957e6e8
TC39-ECMAScript	object-freeze-object-seal-syntax-065c5c9b	supplement	https://github.com/tc39/proposal-object-freeze-seal-syntax	Object.freeze + Object.seal syntax	NOT_APPLICABLE	Stage 1	NOT_APPLICABLE	NOT_APPLICABLE	NOT_APPLICABLE	pending	Ecma International	language		https://github.com/tc39/proposal-object-freeze-seal-syntax			CATALOG_INGESTED	stage-1-proposals.md	0491e604cc822a5745b8553bbada93d7cf869600e87ff565fa9f2b4ecea2836b
TC39-ECMAScript	object-getnonindexstringproperties-f3b816e6	supplement	https://github.com/tc39/proposal-array-get-non-index-string-properties	Object.getNonIndexStringProperties()	NOT_APPLICABLE	Stage 1	NOT_APPLICABLE	NOT_APPLICABLE	NOT_APPLICABLE	pending	Ecma International	language		https://github.com/tc39/proposal-array-get-non-index-string-properties			CATALOG_INGESTED	stage-1-proposals.md	c02b60a426e5fabd43baf5788d39765eac38f9231ef06a200cdf8ca35a332534
TC39-ECMAScript	object-pick-omit-d21a2a44	supplement	https://github.com/tc39/proposal-object-pick-or-omit	Object pick/omit	NOT_APPLICABLE	Stage 1	NOT_APPLICABLE	NOT_APPLICABLE	NOT_APPLICABLE	pending	Ecma International	language		https://github.com/tc39/proposal-object-pick-or-omit			CATALOG_INGESTED	stage-1-proposals.md	66612b5b4e7d8e6b4d97a6b8e00cc599ed12698beee798c8b00183a6ece02605
TC39-ECMAScript	object-propertycount-3dfc6389	supplement	https://github.com/tc39/proposal-object-property-count	Object.propertyCount	NOT_APPLICABLE	Stage 1	NOT_APPLICABLE	NOT_APPLICABLE	NOT_APPLICABLE	pending	Ecma International	language		https://github.com/tc39/proposal-object-property-count			CATALOG_INGESTED	stage-1-proposals.md	e89e3fa6fb2d59eea7ba026e539e9dbce6b55e29acfb3731be616dd062feae0b
TC39-ECMAScript	observable-13576601	supplement	https://github.com/tc39/proposal-observable	Observable	NOT_APPLICABLE	Stage 1	NOT_APPLICABLE	NOT_APPLICABLE	NOT_APPLICABLE	pending	Ecma International	language		https://github.com/tc39/proposal-observable			CATALOG_INGESTED	stage-1-proposals.md	4d59749d194b80f459f278354d9268a1ffe6387ddb7b567aa47597810dcf4f9c
TC39-ECMAScript	of-and-from-on-collection-constructors-89f8f94a	supplement	https://github.com/tc39/proposal-setmap-offrom	of and from on collection constructors	NOT_APPLICABLE	Stage 1	NOT_APPLICABLE	NOT_APPLICABLE	NOT_APPLICABLE	pending	Ecma International	language		https://github.com/tc39/proposal-setmap-offrom			CATALOG_INGESTED	stage-1-proposals.md	0386abb0bc995eba436b4af1e48417aedcdf5f546e83fdaeff91c32d6994852d
TC39-ECMAScript	oom-fails-fast-2f75684b	supplement	https://github.com/tc39/proposal-oom-fails-fast	OOM Fails Fast	NOT_APPLICABLE	Stage 1	NOT_APPLICABLE	NOT_APPLICABLE	NOT_APPLICABLE	pending	Ecma International	language		https://github.com/tc39/proposal-oom-fails-fast			CATALOG_INGESTED	stage-1-proposals.md	5cebaf65fe97506277cd1f8ecdd95a965dca6374c7b3ebffafee29439fca5cf8
TC39-ECMAScript	optional-chaining-in-assignment-lhs-4a19850d	supplement	https://github.com/tc39/proposal-optional-chaining-assignment	Optional chaining in assignment LHS	NOT_APPLICABLE	Stage 1	NOT_APPLICABLE	NOT_APPLICABLE	NOT_APPLICABLE	pending	Ecma International	language		https://github.com/tc39/proposal-optional-chaining-assignment			CATALOG_INGESTED	stage-1-proposals.md	1773dfb8fe04e0e9c2b25e0c500ef699224a5a3a16c4388c7203e5380de193f5
TC39-ECMAScript	partial-application-0b43c3e0	supplement	https://github.com/tc39/proposal-partial-application	Partial application	NOT_APPLICABLE	Stage 1	NOT_APPLICABLE	NOT_APPLICABLE	NOT_APPLICABLE	pending	Ecma International	language		https://github.com/tc39/proposal-partial-application			CATALOG_INGESTED	stage-1-proposals.md	5b062a671f1e350e49882b9c14fc1836b30b7a41b032d5f181aed648bcf4b0b8
TC39-ECMAScript	pattern-matching-c783f872	supplement	https://github.com/tc39/proposal-pattern-matching	Pattern Matching	NOT_APPLICABLE	Stage 1	NOT_APPLICABLE	NOT_APPLICABLE	NOT_APPLICABLE	pending	Ecma International	language		https://github.com/tc39/proposal-pattern-matching			CATALOG_INGESTED	stage-1-proposals.md	e7f820b11eb4ec5095c9e7df9372680790dad5a4168868bbaf78f96972a1b320
TC39-ECMAScript	policy-maps-and-sets-570fdb7a	supplement	https://github.com/tc39/proposal-policy-map-set	Policy Maps and Sets	NOT_APPLICABLE	Stage 1	NOT_APPLICABLE	NOT_APPLICABLE	NOT_APPLICABLE	pending	Ecma International	language		https://github.com/tc39/proposal-policy-map-set			CATALOG_INGESTED	stage-1-proposals.md	11aee0d89d1efb1f7fd553fb2e6cb55a691260cfa06bba62ad6150adc3c7fd53
TC39-ECMAScript	preserve-host-virtualizability-52045185	supplement	https://github.com/tc39/proposal-preserve-virtualizability	Preserve Host Virtualizability	NOT_APPLICABLE	Stage 1	NOT_APPLICABLE	NOT_APPLICABLE	NOT_APPLICABLE	pending	Ecma International	language		https://github.com/tc39/proposal-preserve-virtualizability			CATALOG_INGESTED	stage-1-proposals.md	d148fa3f01581dfeab46e5f3d74cc89606b1227866dcbf261133f435dd1c00fc
TC39-ECMAScript	private-declarations-1d96b42d	supplement	https://github.com/tc39/proposal-private-declarations	Private declarations	NOT_APPLICABLE	Stage 1	NOT_APPLICABLE	NOT_APPLICABLE	NOT_APPLICABLE	pending	Ecma International	language		https://github.com/tc39/proposal-private-declarations			CATALOG_INGESTED	stage-1-proposals.md	4761d94fbbc4993fc157db55c53b478e7330e98035e336e4fb91fd62a579ee6e
TC39-ECMAScript	prototype-pollution-mitigation-6b35f633	supplement	https://github.com/tc39/proposal-symbol-proto	Prototype pollution mitigation	NOT_APPLICABLE	Stage 1	NOT_APPLICABLE	NOT_APPLICABLE	NOT_APPLICABLE	pending	Ecma International	language		https://github.com/tc39/proposal-symbol-proto			CATALOG_INGESTED	stage-1-proposals.md	0e4294f75ee99e1e49bbf423e84a486dc62f7d6b92e5cefa0bc08948739d4cc3
TC39-ECMAScript	readonly-collections-2dd4103d	supplement	https://github.com/tc39/proposal-readonly-collections	Readonly Collections	NOT_APPLICABLE	Stage 1	NOT_APPLICABLE	NOT_APPLICABLE	NOT_APPLICABLE	pending	Ecma International	language		https://github.com/tc39/proposal-readonly-collections			CATALOG_INGESTED	stage-1-proposals.md	b70ea1c47f1e1c1415221ecd8a13224e88a063db36818dc0ce596e7e10ca0fca
TC39-ECMAScript	regexp-atomic-operators-545d0949	supplement	https://github.com/tc39/proposal-regexp-atomic-operators	RegExp Atomic Operators	NOT_APPLICABLE	Stage 1	NOT_APPLICABLE	NOT_APPLICABLE	NOT_APPLICABLE	pending	Ecma International	language		https://github.com/tc39/proposal-regexp-atomic-operators			CATALOG_INGESTED	stage-1-proposals.md	8be377938680b124bb1bacdf424452e99d3e2eeaa688d1b3650f36b9dc1bd954
TC39-ECMAScript	regexp-extended-mode-and-comments-e3d267d2	supplement	https://github.com/tc39/proposal-regexp-x-mode	RegExp Extended Mode and Comments	NOT_APPLICABLE	Stage 1	NOT_APPLICABLE	NOT_APPLICABLE	NOT_APPLICABLE	pending	Ecma International	language		https://github.com/tc39/proposal-regexp-x-mode			CATALOG_INGESTED	stage-1-proposals.md	63c42eede1b71e8946d3c7dced8eda7ee65d961329b7f746ac011f11aefd3fb9
TC39-ECMAScript	regexp-r-escape-68197ee4	supplement	https://github.com/tc39/proposal-regexp-r-escape	RegExp \R Escape	NOT_APPLICABLE	Stage 1	NOT_APPLICABLE	NOT_APPLICABLE	NOT_APPLICABLE	pending	Ecma International	language		https://github.com/tc39/proposal-regexp-r-escape			CATALOG_INGESTED	stage-1-proposals.md	f2d0fb0b0c12911ee81cc8c6a5917e44474b86b2b2cc7517a7ce3f33124bef13
TC39-ECMAScript	restrict-subclassing-support-in-built-in-methods-96edfda8	supplement	https://github.com/tc39/proposal-rm-builtin-subclassing	Restrict subclassing support in built-in methods	NOT_APPLICABLE	Stage 1	NOT_APPLICABLE	NOT_APPLICABLE	NOT_APPLICABLE	pending	Ecma International	language		https://github.com/tc39/proposal-rm-builtin-subclassing			CATALOG_INGESTED	stage-1-proposals.md	e3339b8ec0f88315dc8bfc7803a81e75265bfd1aa058a4219672bd5b0f56e21b
TC39-ECMAScript	reverse-iteration-07d4017b	supplement	https://github.com/tc39/proposal-reverseIterator	Reverse iteration	NOT_APPLICABLE	Stage 1	NOT_APPLICABLE	NOT_APPLICABLE	NOT_APPLICABLE	pending	Ecma International	language		https://github.com/tc39/proposal-reverseIterator			CATALOG_INGESTED	stage-1-proposals.md	7e68dd14f6faf144f7756ace3df37056b781f450305497a4430195b1d09d5b0d
TC39-ECMAScript	reversible-string-split-e8754bb8	supplement	https://github.com/tc39/proposal-reversible-string-split	Reversible string split	NOT_APPLICABLE	Stage 1	NOT_APPLICABLE	NOT_APPLICABLE	NOT_APPLICABLE	pending	Ecma International	language		https://github.com/tc39/proposal-reversible-string-split			CATALOG_INGESTED	stage-1-proposals.md	df8cd34053bdc691c3eb879003d594f84b774c55370215b90385b3faea45ddf7
TC39-ECMAScript	richer-keys-5fa874f7	supplement	https://github.com/tc39/proposal-richer-keys	Richer Keys	NOT_APPLICABLE	Stage 1	NOT_APPLICABLE	NOT_APPLICABLE	NOT_APPLICABLE	pending	Ecma International	language		https://github.com/tc39/proposal-richer-keys			CATALOG_INGESTED	stage-1-proposals.md	3af9be1b5fec22ec811a30c31c2d577501cf0bfd368cd0a31c8fefc0d1b61b6f
TC39-ECMAScript	ses-secure-ecmascript-b9bec8ed	supplement	https://github.com/tc39/proposal-ses	SES (Secure EcmaScript)	NOT_APPLICABLE	Stage 1	NOT_APPLICABLE	NOT_APPLICABLE	NOT_APPLICABLE	pending	Ecma International	language		https://github.com/tc39/proposal-ses		execution-modules	CATALOG_INGESTED	stage-1-proposals.md	8b6184348eda3b6ee18c5ac377d5f3144de6b4f7dc82844e94215b5ba30b1612
TC39-ECMAScript	signals-93c39026	supplement	https://github.com/tc39/proposal-signals	Signals	NOT_APPLICABLE	Stage 1	NOT_APPLICABLE	NOT_APPLICABLE	NOT_APPLICABLE	pending	Ecma International	language		https://github.com/tc39/proposal-signals			CATALOG_INGESTED	stage-1-proposals.md	344aeee4547cca323212ba96d40ce5e404c51783436aef99f77b741c7c527b74
TC39-ECMAScript	slice-notation-15a6cade	supplement	https://github.com/tc39/proposal-slice-notation	Slice notation	NOT_APPLICABLE	Stage 1	NOT_APPLICABLE	NOT_APPLICABLE	NOT_APPLICABLE	pending	Ecma International	language		https://github.com/tc39/proposal-slice-notation			CATALOG_INGESTED	stage-1-proposals.md	07bd3a1b223f358711bd12b9ab88e9c132da9ca241cb885586a86da835852fbb
TC39-ECMAScript	stabilize-42356ded	supplement	https://github.com/tc39/proposal-stabilize	Stabilize	NOT_APPLICABLE	Stage 1	NOT_APPLICABLE	NOT_APPLICABLE	NOT_APPLICABLE	pending	Ecma International	language		https://github.com/tc39/proposal-stabilize			CATALOG_INGESTED	stage-1-proposals.md	d7ea0e24f9fa8a94b962332550392c7988e5cf2258cb1aaa620291996309b3a8
TC39-ECMAScript	standardized-debug-8a140061	supplement	https://github.com/tc39/proposal-standardized-debug	Standardized Debug	NOT_APPLICABLE	Stage 1	NOT_APPLICABLE	NOT_APPLICABLE	NOT_APPLICABLE	pending	Ecma International	language		https://github.com/tc39/proposal-standardized-debug			CATALOG_INGESTED	stage-1-proposals.md	efb3032b643ac1c1a90206fa7bbe968b0e30b9bc2367e9705dc2cc28bfd6560c
TC39-ECMAScript	strict-enforcement-of-using-69f76ccd	supplement	https://github.com/tc39/proposal-using-enforcement	Strict Enforcement of 'using'	NOT_APPLICABLE	Stage 1	NOT_APPLICABLE	NOT_APPLICABLE	NOT_APPLICABLE	pending	Ecma International	language		https://github.com/tc39/proposal-using-enforcement			CATALOG_INGESTED	stage-1-proposals.md	78c8355dbd94cdb8e1fa3c32e61894ce8e4bab49a6caff0cfbe2a51540990524
TC39-ECMAScript	string-cooked-dc6743d3	supplement	https://github.com/tc39/proposal-string-cooked	String.cooked	NOT_APPLICABLE	Stage 1	NOT_APPLICABLE	NOT_APPLICABLE	NOT_APPLICABLE	pending	Ecma International	language		https://github.com/tc39/proposal-string-cooked			CATALOG_INGESTED	stage-1-proposals.md	1884d9a6c3606192f36b8da4246299fcd14333245d5e591a0eca3ed3771ea60c
TC39-ECMAScript	string-prototype-codepoints-1509a2c4	supplement	https://github.com/tc39/proposal-string-prototype-codepoints	String.prototype.codePoints	NOT_APPLICABLE	Stage 1	NOT_APPLICABLE	NOT_APPLICABLE	NOT_APPLICABLE	pending	Ecma International	language		https://github.com/tc39/proposal-string-prototype-codepoints			CATALOG_INGESTED	stage-1-proposals.md	8b1a9a25b8c6e0deacb033d4fdec7fb85cf05b6a05ee89ad7d82d44c3f099c94
TC39-ECMAScript	support-for-distributed-promise-pipelining-6af0dd9a	supplement	https://github.com/tc39/proposal-eventual-send	Support for Distributed Promise Pipelining	NOT_APPLICABLE	Stage 1	NOT_APPLICABLE	NOT_APPLICABLE	NOT_APPLICABLE	pending	Ecma International	language		https://github.com/tc39/proposal-eventual-send			CATALOG_INGESTED	stage-1-proposals.md	de5f37f31d6b9da5e125c34e131607c1ba2d35560b40d9d4d364421e48cefec2
TC39-ECMAScript	type-annotations-e2681a6c	supplement	https://github.com/tc39/proposal-type-annotations	Type Annotations	NOT_APPLICABLE	Stage 1	NOT_APPLICABLE	NOT_APPLICABLE	NOT_APPLICABLE	pending	Ecma International	language		https://github.com/tc39/proposal-type-annotations			CATALOG_INGESTED	stage-1-proposals.md	7a0fe9111755ad2c4bffc0ba48caa2f1f354f75b05bf2488855ff61c3ad9fafb
TC39-ECMAScript	typedarray-concat-b9f6336b	supplement	https://github.com/tc39/proposal-typedarray-concat	TypedArray Concat	NOT_APPLICABLE	Stage 1	NOT_APPLICABLE	NOT_APPLICABLE	NOT_APPLICABLE	pending	Ecma International	language		https://github.com/tc39/proposal-typedarray-concat			CATALOG_INGESTED	stage-1-proposals.md	eec1239720490fd506e54a17de887686fe81f42a495e78cf76cb7460b3bac3e6
TC39-ECMAScript	typedarray-find-within-4d7cdb5a	supplement	https://github.com/tc39/proposal-typedarray-findwithin	TypedArray Find Within	NOT_APPLICABLE	Stage 1	NOT_APPLICABLE	NOT_APPLICABLE	NOT_APPLICABLE	pending	Ecma International	language		https://github.com/tc39/proposal-typedarray-findwithin			CATALOG_INGESTED	stage-1-proposals.md	a76a055a0e4d95e67f0a5f3460d5fb8dca4e376d331d93435cb5b49b361f96bd
TC39-ECMAScript	uniform-parsing-of-quasi-standard-date-parse-input-093d6c28	supplement	https://github.com/tc39/proposal-uniform-interchange-date-parsing	uniform parsing of quasi-standard Date.parse input	NOT_APPLICABLE	Stage 1	NOT_APPLICABLE	NOT_APPLICABLE	NOT_APPLICABLE	pending	Ecma International	language		https://github.com/tc39/proposal-uniform-interchange-date-parsing			CATALOG_INGESTED	stage-1-proposals.md	193fd5bcbacc6b95861543cbc7b9d4b78dcade7b196bd756cf1efb7d56d2591f
TC39-ECMAScript	unordered-async-iterator-helpers-a661fa96	supplement	https://github.com/tc39/proposal-unordered-async-iterator-helpers	Unordered Async Iterator Helpers	NOT_APPLICABLE	Stage 1	NOT_APPLICABLE	NOT_APPLICABLE	NOT_APPLICABLE	pending	Ecma International	language		https://github.com/tc39/proposal-unordered-async-iterator-helpers			CATALOG_INGESTED	stage-1-proposals.md	00f22c0a55b21373791d9d1a7783915e3715315d4af5e05d5d4eeae541bd99e9
TC39-ECMAScript	wavy-dot-syntactic-support-for-promise-pipelining-106dacab	supplement	https://github.com/tc39/proposal-wavy-dot	Wavy Dot: Syntactic Support for Promise Pipelining	NOT_APPLICABLE	Stage 1	NOT_APPLICABLE	NOT_APPLICABLE	NOT_APPLICABLE	pending	Ecma International	language		https://github.com/tc39/proposal-wavy-dot			CATALOG_INGESTED	stage-1-proposals.md	1a855ddd12c9ee919831856494a9f855b95e19cb8ad3e6178e7e3d2f4e8fc537
TC39-ECMAScript	amount-255c5ba1	supplement	https://github.com/tc39/proposal-amount	Amount	NOT_APPLICABLE	Stage 2	NOT_APPLICABLE	NOT_APPLICABLE	NOT_APPLICABLE	pending	Ecma International	language		https://github.com/tc39/proposal-amount			CATALOG_INGESTED	README.md	322246a76363163f2ec2c0b2c4200fe8a995b1c7a05fb5947ccaade2c87ce850
TC39-ECMAScript	async-context-ebf210db	supplement	https://github.com/tc39/proposal-async-context	Async Context	NOT_APPLICABLE	Stage 2	NOT_APPLICABLE	NOT_APPLICABLE	NOT_APPLICABLE	pending	Ecma International	language		https://github.com/tc39/proposal-async-context			CATALOG_INGESTED	README.md	ef8314fe05ae0ca62e305968379f92d12db9afbcd88e4c2cf8c8ae502f24f8d6
TC39-ECMAScript	async-iterator-helpers-a3951a50	supplement	https://github.com/tc39/proposal-async-iterator-helpers	Async Iterator helpers	NOT_APPLICABLE	Stage 2	NOT_APPLICABLE	NOT_APPLICABLE	NOT_APPLICABLE	pending	Ecma International	language		https://github.com/tc39/proposal-async-iterator-helpers			CATALOG_INGESTED	README.md	0639856f370036b6f952332ebdb51227f764ad1ffce8d3bdfb2a775938c81386
TC39-ECMAScript	collection-normalization-993bc6a8	supplement	https://github.com/tc39/proposal-collection-normalization	collection normalization	NOT_APPLICABLE	Stage 2	NOT_APPLICABLE	NOT_APPLICABLE	NOT_APPLICABLE	pending	Ecma International	language		https://github.com/tc39/proposal-collection-normalization			CATALOG_INGESTED	README.md	219f317f0826c35d24872410b8e5102c4a6b9d1cdc8dedb07c4db508f8d84449
TC39-ECMAScript	curtailing-the-power-of-thenables-95ac0aa3	supplement	https://github.com/tc39/proposal-thenable-curtailment	Curtailing the power of "Thenables"	NOT_APPLICABLE	Stage 2	NOT_APPLICABLE	NOT_APPLICABLE	NOT_APPLICABLE	pending	Ecma International	language		https://github.com/tc39/proposal-thenable-curtailment			CATALOG_INGESTED	README.md	a2f9e7efddd3d89b817f0e034d0d2bd36ca4803c37dee5c3c07e8ba0ae02c358
TC39-ECMAScript	deferred-re-exports-b20a93ed	supplement	https://github.com/tc39/proposal-deferred-reexports	Deferred Re-exports	NOT_APPLICABLE	Stage 2	NOT_APPLICABLE	NOT_APPLICABLE	NOT_APPLICABLE	pending	Ecma International	language		https://github.com/tc39/proposal-deferred-reexports			CATALOG_INGESTED	README.md	313b97fa22bd824444736b0e289eaae7cfccedbcd1082a9421f90a232031a0b6
TC39-ECMAScript	destructure-private-fields-adec487a	supplement	https://github.com/tc39/proposal-destructuring-private	Destructure Private Fields	NOT_APPLICABLE	Stage 2	NOT_APPLICABLE	NOT_APPLICABLE	NOT_APPLICABLE	pending	Ecma International	language		https://github.com/tc39/proposal-destructuring-private			CATALOG_INGESTED	README.md	1b21ca443cc328c65be3629cdda075426c2d3a88a82df4d4242b867310703d1a
TC39-ECMAScript	discard-void-bindings-0b3db12f	supplement	https://github.com/tc39/proposal-discard-binding	"Discard" (void) Bindings	NOT_APPLICABLE	Stage 2	NOT_APPLICABLE	NOT_APPLICABLE	NOT_APPLICABLE	pending	Ecma International	language		https://github.com/tc39/proposal-discard-binding			CATALOG_INGESTED	README.md	08806f286b04cb28dc5979297663eef366c469ef50563f14196674ad59e79c1a
TC39-ECMAScript	error-capturestacktrace-55d04c09	supplement	https://github.com/tc39/proposal-error-capturestacktrace	Error.captureStackTrace	NOT_APPLICABLE	Stage 2	NOT_APPLICABLE	NOT_APPLICABLE	NOT_APPLICABLE	pending	Ecma International	language		https://github.com/tc39/proposal-error-capturestacktrace			CATALOG_INGESTED	README.md	f8a763890ce038f1adfc26990749b7c7abb2f6c8c4875261ff6972f1110df918
TC39-ECMAScript	error-code-property-976d4143	supplement	https://github.com/tc39/proposal-error-code-property	Error code property	NOT_APPLICABLE	Stage 2	NOT_APPLICABLE	NOT_APPLICABLE	NOT_APPLICABLE	pending	Ecma International	language		https://github.com/tc39/proposal-error-code-property			CATALOG_INGESTED	README.md	ef0e0b04dcf774b24e83799ec77b7c0018254110ccff0a0b8cf4e4f01d7b152a
TC39-ECMAScript	extractors-2cb82b5d	supplement	https://github.com/tc39/proposal-extractors	Extractors	NOT_APPLICABLE	Stage 2	NOT_APPLICABLE	NOT_APPLICABLE	NOT_APPLICABLE	pending	Ecma International	language		https://github.com/tc39/proposal-extractors			CATALOG_INGESTED	README.md	5f8e28116f09c11c390c6d5efc0d1d8e2eead74c4ff14e72fe1be0c7ac91f27a
TC39-ECMAScript	function-implementation-hiding-0e6d89d6	supplement	https://github.com/tc39/proposal-function-implementation-hiding	Function implementation hiding	NOT_APPLICABLE	Stage 2	NOT_APPLICABLE	NOT_APPLICABLE	NOT_APPLICABLE	pending	Ecma International	language		https://github.com/tc39/proposal-function-implementation-hiding			CATALOG_INGESTED	README.md	67eaa2b472c99364ca1d2ac242a90dc5970f17d92de821fe8ec4af7acff77adc
TC39-ECMAScript	function-sent-metaproperty-6c452b95	supplement	https://github.com/tc39/proposal-function.sent	function.sent metaproperty	NOT_APPLICABLE	Stage 2	NOT_APPLICABLE	NOT_APPLICABLE	NOT_APPLICABLE	pending	Ecma International	language		https://github.com/tc39/proposal-function.sent			CATALOG_INGESTED	README.md	7831f1517603546f5100299bbd73315239bc9015aebf86be2e520fc7e0dd20d5
TC39-ECMAScript	fused-multiply-add-c1adf86a	supplement	https://github.com/tc39/proposal-fma	Fused Multiply-Add	NOT_APPLICABLE	Stage 2	NOT_APPLICABLE	NOT_APPLICABLE	NOT_APPLICABLE	pending	Ecma International	language		https://github.com/tc39/proposal-fma			CATALOG_INGESTED	README.md	e02dd2fa96eb2a90c6bf3d0b83c645c0e8cc3273153e5ca3417c6ba1b249a328
TC39-ECMAScript	iterator-range-2dd48529	supplement	https://github.com/tc39/proposal-iterator.range	Iterator.range	NOT_APPLICABLE	Stage 2	NOT_APPLICABLE	NOT_APPLICABLE	NOT_APPLICABLE	pending	Ecma International	language		https://github.com/tc39/proposal-iterator.range			CATALOG_INGESTED	README.md	9f60c703f756d3db6226844dd28d1198cef77b59dad4d879a9dce33de130cd31
TC39-ECMAScript	json-parseimmutable-c9de41e8	supplement	https://github.com/tc39/proposal-json-parseimmutable	JSON.parseImmutable	NOT_APPLICABLE	Stage 2	NOT_APPLICABLE	NOT_APPLICABLE	NOT_APPLICABLE	pending	Ecma International	language		https://github.com/tc39/proposal-json-parseimmutable			CATALOG_INGESTED	README.md	79b7ce7552f73d849c65f1e3291e29976d5c728378c329c4ca46476a9cfaa337
TC39-ECMAScript	math-clamp-4821a387	supplement	https://github.com/tc39/proposal-math-clamp	Math.clamp	NOT_APPLICABLE	Stage 2	NOT_APPLICABLE	NOT_APPLICABLE	NOT_APPLICABLE	pending	Ecma International	language		https://github.com/tc39/proposal-math-clamp			CATALOG_INGESTED	README.md	f01ae91f7fdb1932f26aae37b83a6ee78fa4658f861203569a5c016136b98b19
TC39-ECMAScript	module-declarations-4e06dc52	supplement	https://github.com/tc39/proposal-module-declarations	Module Declarations	NOT_APPLICABLE	Stage 2	NOT_APPLICABLE	NOT_APPLICABLE	NOT_APPLICABLE	pending	Ecma International	language		https://github.com/tc39/proposal-module-declarations			CATALOG_INGESTED	README.md	6dd179ccb520aa51e8206b48077b2ff2c2bf1d602d6564fe93333809c26172fc
TC39-ECMAScript	module-expressions-0cbbb433	supplement	https://github.com/tc39/proposal-module-expressions	Module Expressions	NOT_APPLICABLE	Stage 2	NOT_APPLICABLE	NOT_APPLICABLE	NOT_APPLICABLE	pending	Ecma International	language		https://github.com/tc39/proposal-module-expressions			CATALOG_INGESTED	README.md	ec5506e3573fbcd84efaad02cda650f23ee22009edda436c4b7fb460698d7bda
TC39-ECMAScript	native-promise-predicate-5f0e560a	supplement	https://github.com/mhofman/proposal-native-promise-predicate	Native Promise Predicate	NOT_APPLICABLE	Stage 2	NOT_APPLICABLE	NOT_APPLICABLE	NOT_APPLICABLE	pending	Ecma International	language		https://github.com/mhofman/proposal-native-promise-predicate			CATALOG_INGESTED	README.md	b089282c80dbe68acc8e51beafeadf7bf878e1a40e467574eb1961bdd1082004
TC39-ECMAScript	object-keyslength-6b49da90	supplement	https://github.com/tc39/proposal-object-keys-length	Object.keysLength	NOT_APPLICABLE	Stage 2	NOT_APPLICABLE	NOT_APPLICABLE	NOT_APPLICABLE	pending	Ecma International	language		https://github.com/tc39/proposal-object-keys-length			CATALOG_INGESTED	README.md	54b4160eb120e03b623a66155f30fb358f8a29d5aa54dfc086b170d99af33a09
TC39-ECMAScript	pipeline-operator-a174107f	supplement	https://github.com/tc39/proposal-pipeline-operator	Pipeline Operator	NOT_APPLICABLE	Stage 2	NOT_APPLICABLE	NOT_APPLICABLE	NOT_APPLICABLE	pending	Ecma International	language		https://github.com/tc39/proposal-pipeline-operator			CATALOG_INGESTED	README.md	17d6b7299053ec4b9c47185fa206d01237922ea79ef14da703a4fe999719aa39
TC39-ECMAScript	propagate-active-scriptormodule-with-jobcallback-record-b2305d25	supplement	https://github.com/tc39/proposal-jobcallback-module	Propagate active ScriptOrModule with JobCallback Record	NOT_APPLICABLE	Stage 2	NOT_APPLICABLE	NOT_APPLICABLE	NOT_APPLICABLE	pending	Ecma International	language		https://github.com/tc39/proposal-jobcallback-module			CATALOG_INGESTED	README.md	5d23c8c03e1de4c9af5a4ccddd8e577e5cf53cbc1537ea3ddd684cf7fc42bcef
TC39-ECMAScript	seededprng-c575d84f	supplement	https://github.com/tc39/proposal-seeded-random	SeededPRNG	NOT_APPLICABLE	Stage 2	NOT_APPLICABLE	NOT_APPLICABLE	NOT_APPLICABLE	pending	Ecma International	language		https://github.com/tc39/proposal-seeded-random			CATALOG_INGESTED	README.md	d87a5a57c5160393bf0aa4426847c4f5f1d6008141956dc58127681abc50be9a
TC39-ECMAScript	string-dedent-64173382	supplement	https://github.com/tc39/proposal-string-dedent	String.dedent	NOT_APPLICABLE	Stage 2	NOT_APPLICABLE	NOT_APPLICABLE	NOT_APPLICABLE	pending	Ecma International	language		https://github.com/tc39/proposal-string-dedent			CATALOG_INGESTED	README.md	9f2bfce57a0dc7fc81950b955c1cbc7eccee809310ffd98e8cc5e5f1e07e71ce
TC39-ECMAScript	structs-fixed-layout-objects-and-some-synchronization-primitives-61d23a35	supplement	https://github.com/tc39/proposal-structs	Structs: Fixed Layout Objects and Some Synchronization Primitives	NOT_APPLICABLE	Stage 2	NOT_APPLICABLE	NOT_APPLICABLE	NOT_APPLICABLE	pending	Ecma International	language		https://github.com/tc39/proposal-structs		document-ui	CATALOG_INGESTED	README.md	3380df0124cfcf4ceedb0ef220e461c75c464e4bbe14d175be8196c47bb75844
TC39-ECMAScript	symbol-predicates-6bd5bc82	supplement	https://github.com/tc39/proposal-symbol-predicates	Symbol Predicates	NOT_APPLICABLE	Stage 2	NOT_APPLICABLE	NOT_APPLICABLE	NOT_APPLICABLE	pending	Ecma International	language		https://github.com/tc39/proposal-symbol-predicates			CATALOG_INGESTED	README.md	4b8fcb64d72b7ca12cf215ecf832035e011cc865a28c1108bd3f448f568b0a11
TC39-ECMAScript	sync-imports-0062773c	supplement	https://github.com/tc39/proposal-import-sync	Sync Imports	NOT_APPLICABLE	Stage 2	NOT_APPLICABLE	NOT_APPLICABLE	NOT_APPLICABLE	pending	Ecma International	language		https://github.com/tc39/proposal-import-sync			CATALOG_INGESTED	README.md	5b0abb4e88d552f35b007b726645dff9389ab70ed188046097aa77541fbc759e
TC39-ECMAScript	throw-expressions-d71c63ae	supplement	https://github.com/tc39/proposal-throw-expressions	throw expressions	NOT_APPLICABLE	Stage 2	NOT_APPLICABLE	NOT_APPLICABLE	NOT_APPLICABLE	pending	Ecma International	language		https://github.com/tc39/proposal-throw-expressions			CATALOG_INGESTED	README.md	c65e35bb50a8e6225959832ef2ebb6da7307febb3c3a30d0909f20798e1f2988
TC39-ECMAScript	decorator-metadata-d2143863	supplement	https://github.com/tc39/proposal-decorator-metadata	Decorator Metadata	NOT_APPLICABLE	Stage 2.7	NOT_APPLICABLE	NOT_APPLICABLE	NOT_APPLICABLE	pending	Ecma International	language		https://github.com/tc39/proposal-decorator-metadata			CATALOG_INGESTED	README.md	4e997a10368d027f279602880ca0c5b412dc1fb07ba0961cbb54358275eaa013
TC39-ECMAScript	decorators-84141c34	supplement	https://github.com/tc39/proposal-decorators	Decorators	NOT_APPLICABLE	Stage 2.7	NOT_APPLICABLE	NOT_APPLICABLE	NOT_APPLICABLE	pending	Ecma International	language		https://github.com/tc39/proposal-decorators			CATALOG_INGESTED	README.md	a7226be3571a40f03904d67aaa1837556750b2bc7bcc6fdf611645852a3faf02
TC39-ECMAScript	esm-phase-imports-77f0030d	supplement	https://github.com/tc39/proposal-esm-phase-imports	ESM Phase Imports	NOT_APPLICABLE	Stage 2.7	NOT_APPLICABLE	NOT_APPLICABLE	NOT_APPLICABLE	pending	Ecma International	language		https://github.com/tc39/proposal-esm-phase-imports			CATALOG_INGESTED	README.md	8c64307a95aefb3386a65ecdaf3ed84277f497a2168c102db655cc3b01ca60c4
TC39-ECMAScript	immutable-arraybuffers-3ef768e6	supplement	https://github.com/tc39/proposal-immutable-arraybuffer	Immutable ArrayBuffers	NOT_APPLICABLE	Stage 2.7	NOT_APPLICABLE	NOT_APPLICABLE	NOT_APPLICABLE	pending	Ecma International	language		https://github.com/tc39/proposal-immutable-arraybuffer			CATALOG_INGESTED	README.md	da652b92874d5e5ca903470e464ef3ec00f43e444ece412803e79f922db94ec2
TC39-ECMAScript	import-bytes-7c53ec21	supplement	https://github.com/styfle/proposal-import-buffer	Import Bytes	NOT_APPLICABLE	Stage 2.7	NOT_APPLICABLE	NOT_APPLICABLE	NOT_APPLICABLE	pending	Ecma International	language		https://github.com/styfle/proposal-import-buffer		execution-modules	CATALOG_INGESTED	README.md	2a1d70d16d9be47a2643a09a418273bb743574f093ee5d48ba8ddb6709b75924
TC39-ECMAScript	shadowrealm-27334ecf	supplement	https://github.com/tc39/proposal-shadowrealm	ShadowRealm	NOT_APPLICABLE	Stage 2.7	NOT_APPLICABLE	NOT_APPLICABLE	NOT_APPLICABLE	pending	Ecma International	language		https://github.com/tc39/proposal-shadowrealm			CATALOG_INGESTED	README.md	b323a1efd955d5622939fc7482baf3cc976b367eb7147bb55a73db1d29afaf81
TC39-ECMAScript	await-dictionary-7029969c	supplement	https://github.com/tc39/proposal-await-dictionary	Await Dictionary	NOT_APPLICABLE	Stage 3	NOT_APPLICABLE	NOT_APPLICABLE	NOT_APPLICABLE	pending	Ecma International	language		https://github.com/tc39/proposal-await-dictionary			CATALOG_INGESTED	README.md	6614dba01e51fac42d41c3676a96ba26acd53ac15665e6b44627a92a5143d59e
TC39-ECMAScript	deferring-module-evaluation-13a9af09	supplement	https://github.com/tc39/proposal-defer-import-eval	Deferring Module Evaluation	NOT_APPLICABLE	Stage 3	NOT_APPLICABLE	NOT_APPLICABLE	NOT_APPLICABLE	pending	Ecma International	language		https://github.com/tc39/proposal-defer-import-eval			CATALOG_INGESTED	README.md	1aec5d32b1fd942e3f710fecd69663011420da1f7676b48df815c53725fc6b40
TC39-ECMAScript	dynamic-code-brand-checks-04fde076	supplement	https://github.com/tc39/proposal-dynamic-code-brand-checks	Dynamic Code Brand Checks	NOT_APPLICABLE	Stage 3	NOT_APPLICABLE	NOT_APPLICABLE	NOT_APPLICABLE	pending	Ecma International	language		https://github.com/tc39/proposal-dynamic-code-brand-checks			CATALOG_INGESTED	README.md	556ec32c1d9343683b18db11d1f8bad0643161cfda2e61e64a069098fd042e70
TC39-ECMAScript	error-stack-accessor-234340b0	supplement	https://github.com/tc39/proposal-error-stack-accessor	Error Stack Accessor	NOT_APPLICABLE	Stage 3	NOT_APPLICABLE	NOT_APPLICABLE	NOT_APPLICABLE	pending	Ecma International	language		https://github.com/tc39/proposal-error-stack-accessor			CATALOG_INGESTED	README.md	69df6ae3db4346905dbc9cf0a21897ba18f88d0a25cdb96563b349eecc95434a
TC39-ECMAScript	import-text-dd5076c5	supplement	https://github.com/tc39/proposal-import-text	Import Text	NOT_APPLICABLE	Stage 3	NOT_APPLICABLE	NOT_APPLICABLE	NOT_APPLICABLE	pending	Ecma International	language		https://github.com/tc39/proposal-import-text		execution-modules	CATALOG_INGESTED	README.md	339d7a80733e093619b99e8821517892f52a5b0fa56152867b2eee6dbc840fe5
TC39-ECMAScript	iterator-chunking-cde2afa2	supplement	https://github.com/tc39/proposal-iterator-chunking	iterator chunking	NOT_APPLICABLE	Stage 3	NOT_APPLICABLE	NOT_APPLICABLE	NOT_APPLICABLE	pending	Ecma International	language		https://github.com/tc39/proposal-iterator-chunking			CATALOG_INGESTED	README.md	fbb685bfd24733a06690dbcc482b921c57154d4e4e90d488e7b90d6756b90884
TC39-ECMAScript	iterator-includes-0b3ef067	supplement	https://github.com/michaelficarra/proposal-iterator-includes	Iterator Includes	NOT_APPLICABLE	Stage 3	NOT_APPLICABLE	NOT_APPLICABLE	NOT_APPLICABLE	pending	Ecma International	language		https://github.com/michaelficarra/proposal-iterator-includes			CATALOG_INGESTED	README.md	481a8e2c598037ffc4d59fa220f9de7c2b8f71947c708cb5487af1d0f560a562
TC39-ECMAScript	iterator-join-b3b96dd9	supplement	https://github.com/tc39/proposal-iterator-join	Iterator Join	NOT_APPLICABLE	Stage 3	NOT_APPLICABLE	NOT_APPLICABLE	NOT_APPLICABLE	pending	Ecma International	language		https://github.com/tc39/proposal-iterator-join			CATALOG_INGESTED	README.md	3a9bd6128befc5a5a32eb1498271aac837d7a28fb4620984416c0806fd8a3b1f
TC39-ECMAScript	legacy-regexp-features-in-javascript-f6d92abd	supplement	https://github.com/tc39/proposal-regexp-legacy-features	Legacy RegExp features in JavaScript	NOT_APPLICABLE	Stage 3	NOT_APPLICABLE	NOT_APPLICABLE	NOT_APPLICABLE	pending	Ecma International	language		https://github.com/tc39/proposal-regexp-legacy-features		execution-modules	CATALOG_INGESTED	README.md	185d88956ed98a5c9bfa86f3578eba666247b3b10894721e60996da3d101d8a6
TC39-ECMAScript	non-extensible-applies-to-private-d4660c3a	supplement	https://github.com/tc39/proposal-nonextensible-applies-to-private	Non-extensible Applies to Private	NOT_APPLICABLE	Stage 3	NOT_APPLICABLE	NOT_APPLICABLE	NOT_APPLICABLE	pending	Ecma International	language		https://github.com/tc39/proposal-nonextensible-applies-to-private			CATALOG_INGESTED	README.md	e4fd79baf4ea6dfc02801c69233ac44934da256675ee633cb07a82421c4c9b16
TC39-ECMAScript	regexp-buffer-boundaries-a-z-z-ec55e037	supplement	https://github.com/tc39/proposal-regexp-buffer-boundaries	RegExp Buffer Boundaries (\A, \z, \Z)	NOT_APPLICABLE	Stage 3	NOT_APPLICABLE	NOT_APPLICABLE	NOT_APPLICABLE	pending	Ecma International	language		https://github.com/tc39/proposal-regexp-buffer-boundaries			CATALOG_INGESTED	README.md	6aa9cad57a626ce86ee7285065b47ed61d40b42c433edef9750fa4ad1c3d2769
TC39-ECMAScript	source-phase-imports-7ecc3c23	supplement	https://github.com/tc39/proposal-source-phase-imports	Source Phase Imports	NOT_APPLICABLE	Stage 3	NOT_APPLICABLE	NOT_APPLICABLE	NOT_APPLICABLE	pending	Ecma International	language		https://github.com/tc39/proposal-source-phase-imports			CATALOG_INGESTED	README.md	635bf276a24bbb9afc2408254f22c230f395956b038dd23b63882ca3dffcc4d9
WASI-proposal	proxy-wasm-spec-will-advance-as-multiple-smaller-proposals-00296063	supplement	https://github.com/proxy-wasm/spec	proxy-wasm/spec (will advance as multiple, smaller proposals)	NOT_APPLICABLE	Phase 0	NOT_APPLICABLE	NOT_APPLICABLE	NOT_APPLICABLE	pending	WASI Subgroup	portable-runtime		https://github.com/proxy-wasm/spec		execution-modules	CATALOG_INGESTED	docs/Proposals.md	3f9820d9967239925b6a384916f35ef4b9a0908672b67d4780cf67ed0d7f7713
WASI-proposal	blob-store-18c38986	supplement	https://github.com/WebAssembly/wasi-blob-store	Blob Store	NOT_APPLICABLE	Phase 1	NOT_APPLICABLE	NOT_APPLICABLE	NOT_APPLICABLE	pending	WASI Subgroup	portable-runtime		https://github.com/WebAssembly/wasi-blob-store			CATALOG_INGESTED	docs/Proposals.md	3e096f177e8616274c8854cf3b5a742616a1f79386e8f4426c70f748c8543989
WASI-proposal	crypto-2726cb66	supplement	https://github.com/WebAssembly/wasi-crypto	Crypto	NOT_APPLICABLE	Phase 1	NOT_APPLICABLE	NOT_APPLICABLE	NOT_APPLICABLE	pending	WASI Subgroup	portable-runtime		https://github.com/WebAssembly/wasi-crypto		security-privacy	CATALOG_INGESTED	docs/Proposals.md	00865300c22e7ecab073393c984e83aa9be6d78606108f2be09bfbf3de4eeca0
WASI-proposal	distributed-lock-service-16407b02	supplement	https://github.com/WebAssembly/wasi-distributed-lock-service	Distributed Lock Service	NOT_APPLICABLE	Phase 1	NOT_APPLICABLE	NOT_APPLICABLE	NOT_APPLICABLE	pending	WASI Subgroup	portable-runtime		https://github.com/WebAssembly/wasi-distributed-lock-service			CATALOG_INGESTED	docs/Proposals.md	328108df53b3b0c2b8ceba75b517c9be635219aba632e6f755b7e07e33631003
WASI-proposal	gpio-29a6fbdd	supplement	https://github.com/WebAssembly/wasi-gpio	GPIO	NOT_APPLICABLE	Phase 1	NOT_APPLICABLE	NOT_APPLICABLE	NOT_APPLICABLE	pending	WASI Subgroup	portable-runtime		https://github.com/WebAssembly/wasi-gpio			CATALOG_INGESTED	docs/Proposals.md	1d1298fceaa08506de81638ae2e2213e733479c2620a632477e92ea44c432c49
WASI-proposal	logging-54940b0b	supplement	https://github.com/WebAssembly/wasi-logging	Logging	NOT_APPLICABLE	Phase 1	NOT_APPLICABLE	NOT_APPLICABLE	NOT_APPLICABLE	pending	WASI Subgroup	portable-runtime		https://github.com/WebAssembly/wasi-logging			CATALOG_INGESTED	docs/Proposals.md	03f3ec8390299a36abaf0f7ec586c88f197f1053c6ff9efec3321951fd1e5066
WASI-proposal	observe-48c015e5	supplement	https://github.com/dylibso/wasi-observe	Observe	NOT_APPLICABLE	Phase 1	NOT_APPLICABLE	NOT_APPLICABLE	NOT_APPLICABLE	pending	WASI Subgroup	portable-runtime		https://github.com/dylibso/wasi-observe			CATALOG_INGESTED	docs/Proposals.md	936d3f8965db538683f162cba4cae7f88e1340eaab424e33adbcfaba5e26b330
WASI-proposal	otel-13edabc5	supplement	https://github.com/calebschoepp/wasi-otel	OTel	NOT_APPLICABLE	Phase 1	NOT_APPLICABLE	NOT_APPLICABLE	NOT_APPLICABLE	pending	WASI Subgroup	portable-runtime		https://github.com/calebschoepp/wasi-otel			CATALOG_INGESTED	docs/Proposals.md	690268b24c36946364c38da4680c3f5c501f2b7aee72dae657cf784c3bdab7dd
WASI-proposal	parallel-5bb1472c	supplement	https://github.com/WebAssembly/wasi-parallel	Parallel	NOT_APPLICABLE	Phase 1	NOT_APPLICABLE	NOT_APPLICABLE	NOT_APPLICABLE	pending	WASI Subgroup	portable-runtime		https://github.com/WebAssembly/wasi-parallel			CATALOG_INGESTED	docs/Proposals.md	c94d59a48067bab9d9f7f4f09e5371a5a0775fc2b840a52b769d9f4c18964d8b
WASI-proposal	pattern-match-94011e33	supplement	https://github.com/WebAssembly/wasi-pattern-match	Pattern Match	NOT_APPLICABLE	Phase 1	NOT_APPLICABLE	NOT_APPLICABLE	NOT_APPLICABLE	pending	WASI Subgroup	portable-runtime		https://github.com/WebAssembly/wasi-pattern-match			CATALOG_INGESTED	docs/Proposals.md	bef39422ec27de3c0f0d6a84e8983045a2dc9b78b2fa17deb623e93fef6899cb
WASI-proposal	spi-081e0dcc	supplement	https://github.com/WebAssembly/wasi-spi	SPI	NOT_APPLICABLE	Phase 1	NOT_APPLICABLE	NOT_APPLICABLE	NOT_APPLICABLE	pending	WASI Subgroup	portable-runtime		https://github.com/WebAssembly/wasi-spi			CATALOG_INGESTED	docs/Proposals.md	c2579067e697061b736802c1ee4002d908a9be3d01c109a5f35a1006e2ec1d0e
WASI-proposal	sql-7af1af94	supplement	https://github.com/WebAssembly/wasi-sql	SQL	NOT_APPLICABLE	Phase 1	NOT_APPLICABLE	NOT_APPLICABLE	NOT_APPLICABLE	pending	WASI Subgroup	portable-runtime		https://github.com/WebAssembly/wasi-sql			CATALOG_INGESTED	docs/Proposals.md	51c9c07c09e8d61295d5b4113811799b488856f8ed8181fde5d2bb63b7049938
WASI-proposal	sql-embed-6125d20c	supplement	https://github.com/WebAssembly/wasi-sql-embed	SQL Embed	NOT_APPLICABLE	Phase 1	NOT_APPLICABLE	NOT_APPLICABLE	NOT_APPLICABLE	pending	WASI Subgroup	portable-runtime		https://github.com/WebAssembly/wasi-sql-embed			CATALOG_INGESTED	docs/Proposals.md	4a2514340dd64993af73020416002c8ec137fc1a8f9475987ea4ad765760d3c8
WASI-proposal	threads-8d209dd7	supplement	https://github.com/WebAssembly/wasi-native-threads	Threads	NOT_APPLICABLE	Phase 1	NOT_APPLICABLE	NOT_APPLICABLE	NOT_APPLICABLE	pending	WASI Subgroup	portable-runtime		https://github.com/WebAssembly/wasi-native-threads			CATALOG_INGESTED	docs/Proposals.md	29a7f2aa7ba9a9340390d7b224e4b3fed4ca1ec0450052c4c9c5bd7a391691b2
WASI-proposal	tls-f56e26ea	supplement	https://github.com/WebAssembly/wasi-tls	TLS	NOT_APPLICABLE	Phase 1	NOT_APPLICABLE	NOT_APPLICABLE	NOT_APPLICABLE	pending	WASI Subgroup	portable-runtime		https://github.com/WebAssembly/wasi-tls			CATALOG_INGESTED	docs/Proposals.md	c0ecba1d97444536de538281aa58e3cdbaed02cb2e10dd764378aa5ac82b2587
WASI-proposal	url-d2a374bd	supplement	https://github.com/WebAssembly/wasi-url	URL	NOT_APPLICABLE	Phase 1	NOT_APPLICABLE	NOT_APPLICABLE	NOT_APPLICABLE	pending	WASI Subgroup	portable-runtime		https://github.com/WebAssembly/wasi-url		navigation-loading	CATALOG_INGESTED	docs/Proposals.md	af7124f0fc97d57b00fe6666aa9e6fff6fc3209e872454e8e007588795398ae3
WASI-proposal	usb-0058e6b5	supplement	https://github.com/WebAssembly/wasi-usb	USB	NOT_APPLICABLE	Phase 1	NOT_APPLICABLE	NOT_APPLICABLE	NOT_APPLICABLE	pending	WASI Subgroup	portable-runtime		https://github.com/WebAssembly/wasi-usb		device-input	CATALOG_INGESTED	docs/Proposals.md	da5f3082735febed66c890f6fc02b5882cffda8a675da669f5567916be6e566c
WASI-proposal	clocks-timezone-259b585a	supplement	https://github.com/WebAssembly/wasi-clocks	Clocks: Timezone	NOT_APPLICABLE	Phase 2	NOT_APPLICABLE	NOT_APPLICABLE	NOT_APPLICABLE	pending	WASI Subgroup	portable-runtime		https://github.com/WebAssembly/wasi-clocks			CATALOG_INGESTED	docs/Proposals.md	f05bfda8241101578271b5cc97887f914bf9bf67582d82a00e9f582931f065ba
WASI-proposal	http-informational-outbound-response-cb63b582	supplement	https://github.com/WebAssembly/wasi-http	HTTP: Informational Outbound Response	NOT_APPLICABLE	Phase 2	NOT_APPLICABLE	NOT_APPLICABLE	NOT_APPLICABLE	pending	WASI Subgroup	portable-runtime		https://github.com/WebAssembly/wasi-http		network-realtime	CATALOG_INGESTED	docs/Proposals.md	b6ab32413d69a459af0f8bae89ecc874b73d421fb8c781a901a861d62cbec3fd
WASI-proposal	i2c-1a75e691	supplement	https://github.com/WebAssembly/wasi-i2c	I2C	NOT_APPLICABLE	Phase 2	NOT_APPLICABLE	NOT_APPLICABLE	NOT_APPLICABLE	pending	WASI Subgroup	portable-runtime		https://github.com/WebAssembly/wasi-i2c			CATALOG_INGESTED	docs/Proposals.md	2aba8227ae80227321d96d3cf38aeecb51361d599fa46e26ab54f6752eb68b02
WASI-proposal	key-value-store-70df472e	supplement	https://github.com/WebAssembly/wasi-kv-store	Key-value Store	NOT_APPLICABLE	Phase 2	NOT_APPLICABLE	NOT_APPLICABLE	NOT_APPLICABLE	pending	WASI Subgroup	portable-runtime		https://github.com/WebAssembly/wasi-kv-store			CATALOG_INGESTED	docs/Proposals.md	c903a2dcdf0d9d0437a8c501b5d1eef682e054d1f716a73b99c9d77bc0e10e56
WASI-proposal	machine-learning-wasi-nn-75dced6f	supplement	https://github.com/WebAssembly/wasi-nn	Machine Learning (wasi-nn)	NOT_APPLICABLE	Phase 2	NOT_APPLICABLE	NOT_APPLICABLE	NOT_APPLICABLE	pending	WASI Subgroup	portable-runtime		https://github.com/WebAssembly/wasi-nn		execution-modules,agents-ml	CATALOG_INGESTED	docs/Proposals.md	e548d9ca16a4f0022a65dcc8fe2107549e5b57333b7073d487b1cda56b940e4c
WASI-proposal	messaging-296bd5f7	supplement	https://github.com/WebAssembly/wasi-messaging	Messaging	NOT_APPLICABLE	Phase 2	NOT_APPLICABLE	NOT_APPLICABLE	NOT_APPLICABLE	pending	WASI Subgroup	portable-runtime		https://github.com/WebAssembly/wasi-messaging			CATALOG_INGESTED	docs/Proposals.md	4b3295286fe9ae1da48b8cbf737f5316ab77a258ce04e25ed3e9831700ddbffc
WASI-proposal	runtime-config-576b5d27	supplement	https://github.com/WebAssembly/wasi-runtime-config	Runtime Config	NOT_APPLICABLE	Phase 2	NOT_APPLICABLE	NOT_APPLICABLE	NOT_APPLICABLE	pending	WASI Subgroup	portable-runtime		https://github.com/WebAssembly/wasi-runtime-config			CATALOG_INGESTED	docs/Proposals.md	bb5c0d665d7eab5a291ab0255045144e88e1c62e9011f11177b65a9c35be06c4
WASI-proposal	webgpu-534d21da	supplement	https://github.com/WebAssembly/wasi-webgpu	WebGPU	NOT_APPLICABLE	Phase 2	NOT_APPLICABLE	NOT_APPLICABLE	NOT_APPLICABLE	pending	WASI Subgroup	portable-runtime		https://github.com/WebAssembly/wasi-webgpu			CATALOG_INGESTED	docs/Proposals.md	f79b519a9cfbac370dde16643178ccf2f0f9023b56e80246dc73855681023538
WASI-proposal	cli-c0c8b1fe	supplement	https://github.com/WebAssembly/wasi-cli	CLI	NOT_APPLICABLE	Phase 3	NOT_APPLICABLE	NOT_APPLICABLE	NOT_APPLICABLE	pending	WASI Subgroup	portable-runtime		https://github.com/WebAssembly/wasi-cli			CATALOG_INGESTED	docs/Proposals.md	25d545427253d329a0bbc0546d2602be1c8021bfd3bc13546757ab516cfd95ba
WASI-proposal	clocks-840a6106	supplement	https://github.com/WebAssembly/wasi-clocks	Clocks	NOT_APPLICABLE	Phase 3	NOT_APPLICABLE	NOT_APPLICABLE	NOT_APPLICABLE	pending	WASI Subgroup	portable-runtime		https://github.com/WebAssembly/wasi-clocks			CATALOG_INGESTED	docs/Proposals.md	e954d5bee2c51c4f588856b54faca3bb4fa7ccac8ce8cdb737a6ebb65d86b16a
WASI-proposal	filesystem-2309d071	supplement	https://github.com/WebAssembly/wasi-filesystem	Filesystem	NOT_APPLICABLE	Phase 3	NOT_APPLICABLE	NOT_APPLICABLE	NOT_APPLICABLE	pending	WASI Subgroup	portable-runtime		https://github.com/WebAssembly/wasi-filesystem		storage-files	CATALOG_INGESTED	docs/Proposals.md	b7bfc0e434e4bce724414a411b3b758b6d795dcafff5e9b68786f7942f007fbe
WASI-proposal	http-34b3b35f	supplement	https://github.com/WebAssembly/wasi-http	HTTP	NOT_APPLICABLE	Phase 3	NOT_APPLICABLE	NOT_APPLICABLE	NOT_APPLICABLE	pending	WASI Subgroup	portable-runtime		https://github.com/WebAssembly/wasi-http		network-realtime	CATALOG_INGESTED	docs/Proposals.md	9da13a61ba837461abf677a41f1d902b5a3a3001b1e4beafae32084c035c058b
WASI-proposal	random-cd1cf785	supplement	https://github.com/WebAssembly/wasi-random	Random	NOT_APPLICABLE	Phase 3	NOT_APPLICABLE	NOT_APPLICABLE	NOT_APPLICABLE	pending	WASI Subgroup	portable-runtime		https://github.com/WebAssembly/wasi-random			CATALOG_INGESTED	docs/Proposals.md	31bdf3cc2d398eb7b4d78e66367cbd93a188d6242c12663ce0799c76408da3ff
WASI-proposal	sockets-0c2dcab3	supplement	https://github.com/WebAssembly/wasi-sockets	Sockets	NOT_APPLICABLE	Phase 3	NOT_APPLICABLE	NOT_APPLICABLE	NOT_APPLICABLE	pending	WASI Subgroup	portable-runtime		https://github.com/WebAssembly/wasi-sockets			CATALOG_INGESTED	docs/Proposals.md	4916bbfd9d45a9f83a086848d456dd87fafda0f7900d5cb52ce4d8daf50744f0
WebAssembly-proposal	branch-hinting-0a3b5552	supplement	https://github.com/WebAssembly/branch-hinting	Branch Hinting	NOT_APPLICABLE	Finished/standardized	NOT_APPLICABLE	NOT_APPLICABLE	NOT_APPLICABLE	good	WebAssembly CG/WG	portable-runtime		https://github.com/WebAssembly/branch-hinting			CATALOG_INGESTED	finished-proposals.md	5c39e7bf46ab3dfaddd7044429b58286aa35c5f7c37ecd6ecb811776eef22c34
WebAssembly-proposal	bulk-memory-operations-8c6229ea	supplement	https://github.com/WebAssembly/bulk-memory-operations	Bulk memory operations	NOT_APPLICABLE	Finished/standardized	NOT_APPLICABLE	NOT_APPLICABLE	NOT_APPLICABLE	good	WebAssembly CG/WG	portable-runtime		https://github.com/WebAssembly/bulk-memory-operations		performance-observability	CATALOG_INGESTED	finished-proposals.md	f43108e2b539d2ae8d7cb218f100525b5222cb0a9b87296d218b8d67a55b97cf
WebAssembly-proposal	custom-annotation-syntax-in-the-text-format-d51cbcc8	supplement	https://github.com/WebAssembly/annotations	Custom Annotation Syntax in the Text Format	NOT_APPLICABLE	Finished/standardized	NOT_APPLICABLE	NOT_APPLICABLE	NOT_APPLICABLE	good	WebAssembly CG/WG	portable-runtime		https://github.com/WebAssembly/annotations			CATALOG_INGESTED	finished-proposals.md	d34d50414154fdf6f23f1e52c7e6f13e10709530881d68c329d63dccb9449518
WebAssembly-proposal	exception-handling-0d53b25b	supplement	https://github.com/WebAssembly/exception-handling	Exception handling	NOT_APPLICABLE	Finished/standardized	NOT_APPLICABLE	NOT_APPLICABLE	NOT_APPLICABLE	good	WebAssembly CG/WG	portable-runtime		https://github.com/WebAssembly/exception-handling			CATALOG_INGESTED	finished-proposals.md	7f79b21e9a46b423652f419434bb2fe10ddff818b1a21516010b7485b0eae89b
WebAssembly-proposal	extended-constant-expressions-ed712492	supplement	https://github.com/WebAssembly/extended-const	Extended Constant Expressions	NOT_APPLICABLE	Finished/standardized	NOT_APPLICABLE	NOT_APPLICABLE	NOT_APPLICABLE	good	WebAssembly CG/WG	portable-runtime		https://github.com/WebAssembly/extended-const			CATALOG_INGESTED	finished-proposals.md	c7c45d0f3d1c20774a7d3ca78d92df1d6a4339d869faea8007b7b339fbfa5227
WebAssembly-proposal	fixed-width-simd-6b7af3c4	supplement	https://github.com/webassembly/simd	Fixed-width SIMD	NOT_APPLICABLE	Finished/standardized	NOT_APPLICABLE	NOT_APPLICABLE	NOT_APPLICABLE	good	WebAssembly CG/WG	portable-runtime		https://github.com/webassembly/simd			CATALOG_INGESTED	finished-proposals.md	9832c095e78e87c678443e8d49bc961adb89b274f5ff422d86188962e121bf21
WebAssembly-proposal	garbage-collection-b9dcaecf	supplement	https://github.com/WebAssembly/gc	Garbage collection	NOT_APPLICABLE	Finished/standardized	NOT_APPLICABLE	NOT_APPLICABLE	NOT_APPLICABLE	good	WebAssembly CG/WG	portable-runtime		https://github.com/WebAssembly/gc			CATALOG_INGESTED	finished-proposals.md	ae88b4b3de629cabceb2d082afeaa935ac7ec749ccaa2f6b873a737339a873ee
WebAssembly-proposal	import-export-of-mutable-globals-bf1b2877	supplement	https://github.com/WebAssembly/mutable-global	Import/Export of Mutable Globals	NOT_APPLICABLE	Finished/standardized	NOT_APPLICABLE	NOT_APPLICABLE	NOT_APPLICABLE	good	WebAssembly CG/WG	portable-runtime		https://github.com/WebAssembly/mutable-global		execution-modules	CATALOG_INGESTED	finished-proposals.md	28d3c52642ee4f4bff9678a706fdd78ae0a486aac443e974bbbe6387428c595e
WebAssembly-proposal	javascript-bigint-to-webassembly-i64-integration-950061c7	supplement	https://github.com/WebAssembly/JS-BigInt-integration	JavaScript BigInt to WebAssembly i64 integration	NOT_APPLICABLE	Finished/standardized	NOT_APPLICABLE	NOT_APPLICABLE	NOT_APPLICABLE	good	WebAssembly CG/WG	portable-runtime		https://github.com/WebAssembly/JS-BigInt-integration		execution-modules	CATALOG_INGESTED	finished-proposals.md	9118b02d7249742acd37490cae08d690261ef696f370e92648aa85579b8ee4bf
WebAssembly-proposal	js-string-builtins-53636c73	supplement	https://github.com/WebAssembly/js-string-builtins	JS String Builtins	NOT_APPLICABLE	Finished/standardized	NOT_APPLICABLE	NOT_APPLICABLE	NOT_APPLICABLE	good	WebAssembly CG/WG	portable-runtime		https://github.com/WebAssembly/js-string-builtins			CATALOG_INGESTED	finished-proposals.md	c429d3ac0702ca7307550bb2ad158bdf93a6b1319d374a2c21bb28948529f5f6
WebAssembly-proposal	memory64-74d7091d	supplement	https://github.com/WebAssembly/memory64	Memory64	NOT_APPLICABLE	Finished/standardized	NOT_APPLICABLE	NOT_APPLICABLE	NOT_APPLICABLE	good	WebAssembly CG/WG	portable-runtime		https://github.com/WebAssembly/memory64			CATALOG_INGESTED	finished-proposals.md	5c7819c7e07697d0a7583489e2f278e5d2267afe5d75c0996230efa35c4fc626
WebAssembly-proposal	multi-value-489531d6	supplement	https://github.com/WebAssembly/multi-value	Multi-value	NOT_APPLICABLE	Finished/standardized	NOT_APPLICABLE	NOT_APPLICABLE	NOT_APPLICABLE	good	WebAssembly CG/WG	portable-runtime		https://github.com/WebAssembly/multi-value			CATALOG_INGESTED	finished-proposals.md	19f1e102d1dbe8a3aa86c28f2fc62544c29288df9b8bfaef1cc0cc1922d57ba4
WebAssembly-proposal	multiple-memories-054abdd7	supplement	https://github.com/WebAssembly/multi-memory	Multiple memories	NOT_APPLICABLE	Finished/standardized	NOT_APPLICABLE	NOT_APPLICABLE	NOT_APPLICABLE	good	WebAssembly CG/WG	portable-runtime		https://github.com/WebAssembly/multi-memory			CATALOG_INGESTED	finished-proposals.md	6c492a481d2a058362711913f5baeff6677a9f30ae82457a15669bfbf9ab1031
WebAssembly-proposal	mvp-38f97926	supplement	https://github.com/WebAssembly/design/blob/main/MVP.md	MVP	NOT_APPLICABLE	Finished/standardized	NOT_APPLICABLE	NOT_APPLICABLE	NOT_APPLICABLE	good	WebAssembly CG/WG	portable-runtime		https://github.com/WebAssembly/design/blob/main/MVP.md			CATALOG_INGESTED	finished-proposals.md	e85607c2e09ba5cd7e2281b03d0893a33d98dfd962adb00ccddb69a063a97442
WebAssembly-proposal	non-trapping-float-to-int-conversions-4510632c	supplement	https://github.com/WebAssembly/nontrapping-float-to-int-conversions	Non-trapping float-to-int conversions	NOT_APPLICABLE	Finished/standardized	NOT_APPLICABLE	NOT_APPLICABLE	NOT_APPLICABLE	good	WebAssembly CG/WG	portable-runtime		https://github.com/WebAssembly/nontrapping-float-to-int-conversions			CATALOG_INGESTED	finished-proposals.md	60e57e82ca35102458b21a04ed1a5768cd08aa16b378cd3b244a3fa1815adc80
WebAssembly-proposal	reference-types-b2555113	supplement	https://github.com/WebAssembly/reference-types	Reference Types	NOT_APPLICABLE	Finished/standardized	NOT_APPLICABLE	NOT_APPLICABLE	NOT_APPLICABLE	good	WebAssembly CG/WG	portable-runtime		https://github.com/WebAssembly/reference-types			CATALOG_INGESTED	finished-proposals.md	c92cf939e7b49bce503ade5a4e1f25c00f150aafa667a6efdc5fd4eab884193b
WebAssembly-proposal	relaxed-simd-bd26ac28	supplement	https://github.com/WebAssembly/relaxed-simd	Relaxed SIMD	NOT_APPLICABLE	Finished/standardized	NOT_APPLICABLE	NOT_APPLICABLE	NOT_APPLICABLE	good	WebAssembly CG/WG	portable-runtime		https://github.com/WebAssembly/relaxed-simd			CATALOG_INGESTED	finished-proposals.md	6781059b7d185bd2492e5eb3fb004213ac11f3060082ece223fd91923b4cf24c
WebAssembly-proposal	sign-extension-operators-ca5ddd18	supplement	https://github.com/WebAssembly/sign-extension-ops	Sign-extension operators	NOT_APPLICABLE	Finished/standardized	NOT_APPLICABLE	NOT_APPLICABLE	NOT_APPLICABLE	good	WebAssembly CG/WG	portable-runtime		https://github.com/WebAssembly/sign-extension-ops			CATALOG_INGESTED	finished-proposals.md	0503ecb66e2090952bdce7c31064989179dc141ebc8c7bd6fa589e2c2b8ff656
WebAssembly-proposal	tail-call-1191ad49	supplement	https://github.com/WebAssembly/tail-call	Tail call	NOT_APPLICABLE	Finished/standardized	NOT_APPLICABLE	NOT_APPLICABLE	NOT_APPLICABLE	good	WebAssembly CG/WG	portable-runtime		https://github.com/WebAssembly/tail-call			CATALOG_INGESTED	finished-proposals.md	c96286502e95c859f8dd460dd9052406acd30940b0e65a41abbd9cf07aa51045
WebAssembly-proposal	typed-function-references-ee271188	supplement	https://github.com/WebAssembly/function-references	Typed Function References	NOT_APPLICABLE	Finished/standardized	NOT_APPLICABLE	NOT_APPLICABLE	NOT_APPLICABLE	good	WebAssembly CG/WG	portable-runtime		https://github.com/WebAssembly/function-references			CATALOG_INGESTED	finished-proposals.md	4bbb8ff7b27fd009b11eb14bcf283a9727f13ba1c53fac1e5c34dbd22fb768d0
WebAssembly-proposal	call-tags-d09c1d0b	supplement	https://github.com/WebAssembly/call-tags	Call Tags	NOT_APPLICABLE	Inactive/withdrawn	NOT_APPLICABLE	NOT_APPLICABLE	NOT_APPLICABLE	discontinued	WebAssembly CG/WG	portable-runtime		https://github.com/WebAssembly/call-tags			CATALOG_INGESTED	inactive-proposals.md	62f56184e25f2d784770b077c93d64e5a9d79df95d2d72abc65daa3b3d32566f
WebAssembly-proposal	conditional-sections-2c579d0a	supplement	https://github.com/WebAssembly/conditional-sections	Conditional sections	NOT_APPLICABLE	Inactive/withdrawn	NOT_APPLICABLE	NOT_APPLICABLE	NOT_APPLICABLE	discontinued	WebAssembly CG/WG	portable-runtime		https://github.com/WebAssembly/conditional-sections			CATALOG_INGESTED	inactive-proposals.md	5ee75622b00f525c01ef4a768b45293a716131fcf349ecbf0e8f5555b3eef3b7
WebAssembly-proposal	constant-time-9478acb9	supplement	https://github.com/WebAssembly/constant-time	Constant Time	NOT_APPLICABLE	Inactive/withdrawn	NOT_APPLICABLE	NOT_APPLICABLE	NOT_APPLICABLE	discontinued	WebAssembly CG/WG	portable-runtime		https://github.com/WebAssembly/constant-time			CATALOG_INGESTED	inactive-proposals.md	3f63309312e20f67d3d3885bba02598bbce305ba422a95117907f28d554cde66
WebAssembly-proposal	feature-detection-866579c1	supplement	https://github.com/WebAssembly/feature-detection	Feature Detection	NOT_APPLICABLE	Inactive/withdrawn	NOT_APPLICABLE	NOT_APPLICABLE	NOT_APPLICABLE	discontinued	WebAssembly CG/WG	portable-runtime		https://github.com/WebAssembly/feature-detection			CATALOG_INGESTED	inactive-proposals.md	87bbf065461ac5ecb5c79445ce3185510dc9b623ef172eb58cf3296353157e06
WebAssembly-proposal	funclets-flexible-intraprocedural-control-flow-ba2ee0d1	supplement	https://github.com/WebAssembly/funclets	Funclets: Flexible Intraprocedural Control Flow	NOT_APPLICABLE	Inactive/withdrawn	NOT_APPLICABLE	NOT_APPLICABLE	NOT_APPLICABLE	discontinued	WebAssembly CG/WG	portable-runtime		https://github.com/WebAssembly/funclets			CATALOG_INGESTED	inactive-proposals.md	0b2d7400e8d96a4791d6b179cc1077cdd84bf47aa3ee62f1d90bac7a1005b95f
WebAssembly-proposal	instrument-and-tracing-technology-b450f439	supplement	https://github.com/WebAssembly/instrument-tracing	Instrument and Tracing Technology	NOT_APPLICABLE	Inactive/withdrawn	NOT_APPLICABLE	NOT_APPLICABLE	NOT_APPLICABLE	discontinued	WebAssembly CG/WG	portable-runtime		https://github.com/WebAssembly/instrument-tracing			CATALOG_INGESTED	inactive-proposals.md	1cd6beea7a4d06d746222dbba7ce9fa45200e4fd394b9b882afc53ee55652d7e
WebAssembly-proposal	interface-types-bb1f067d	supplement	https://github.com/WebAssembly/interface-types	Interface Types	NOT_APPLICABLE	Inactive/withdrawn	NOT_APPLICABLE	NOT_APPLICABLE	NOT_APPLICABLE	discontinued	WebAssembly CG/WG	portable-runtime		https://github.com/WebAssembly/interface-types			CATALOG_INGESTED	inactive-proposals.md	445f71afa1bb0ec893d3f8305a86ba11df848cd1c9dc8f3b9104d54cb32cb3f8
WebAssembly-proposal	js-customization-for-gc-objects-0d693c9b	supplement	https://github.com/WebAssembly/gc-js-customization	JS Customization for GC Objects	NOT_APPLICABLE	Inactive/withdrawn	NOT_APPLICABLE	NOT_APPLICABLE	NOT_APPLICABLE	discontinued	WebAssembly CG/WG	portable-runtime		https://github.com/WebAssembly/gc-js-customization			CATALOG_INGESTED	inactive-proposals.md	23561c91ac8eae416fb37e2c28c57207a874ad6a286c8a86e3a97d4bec479bfc
WebAssembly-proposal	module-linking-851700a6	supplement	https://github.com/WebAssembly/module-linking	Module Linking	NOT_APPLICABLE	Inactive/withdrawn	NOT_APPLICABLE	NOT_APPLICABLE	NOT_APPLICABLE	discontinued	WebAssembly CG/WG	portable-runtime		https://github.com/WebAssembly/module-linking			CATALOG_INGESTED	inactive-proposals.md	d515770d9d9941feef98290a92a75d841d1d525742928537a30549fda955f05a
WebAssembly-proposal	unmanaged-closures-8da3da78	supplement	https://github.com/WebAssembly/proposals/issues/6	Unmanaged closures	NOT_APPLICABLE	Inactive/withdrawn	NOT_APPLICABLE	NOT_APPLICABLE	NOT_APPLICABLE	discontinued	WebAssembly CG/WG	portable-runtime		https://github.com/WebAssembly/proposals/issues/6			CATALOG_INGESTED	inactive-proposals.md	dd346fd092a67d57a2734dad645d95cfb32db0f17f8f3b15c2d104e9d8597e88
WebAssembly-proposal	component-model-c7bdb751	supplement	https://github.com/WebAssembly/component-model	Component Model	NOT_APPLICABLE	Phase 1	NOT_APPLICABLE	NOT_APPLICABLE	NOT_APPLICABLE	pending	WebAssembly CG/WG	portable-runtime		https://github.com/WebAssembly/component-model		execution-modules,agents-ml	CATALOG_INGESTED	README.md	79331e600ae287e106ef14c0a51118a328335d67157370532ffc08d14e4e70bd
WebAssembly-proposal	flexible-vectors-41df21aa	supplement	https://github.com/WebAssembly/flexible-vectors	Flexible Vectors	NOT_APPLICABLE	Phase 1	NOT_APPLICABLE	NOT_APPLICABLE	NOT_APPLICABLE	pending	WebAssembly CG/WG	portable-runtime		https://github.com/WebAssembly/flexible-vectors			CATALOG_INGESTED	README.md	37f57a639a56540280de8e97fec5c92e2482196ff4b6b0b4d4537aee372c6a84
WebAssembly-proposal	frozen-values-0a3fe6a5	supplement	https://github.com/WebAssembly/frozen-values	Frozen Values	NOT_APPLICABLE	Phase 1	NOT_APPLICABLE	NOT_APPLICABLE	NOT_APPLICABLE	pending	WebAssembly CG/WG	portable-runtime		https://github.com/WebAssembly/frozen-values			CATALOG_INGESTED	README.md	f66e49bc3626bdef2a5fe430470cff803f2c11098625a0121718950d1d6d618f
WebAssembly-proposal	jit-interface-8ba1e940	supplement	https://github.com/WebAssembly/jit-interface	JIT Interface	NOT_APPLICABLE	Phase 1	NOT_APPLICABLE	NOT_APPLICABLE	NOT_APPLICABLE	pending	WebAssembly CG/WG	portable-runtime		https://github.com/WebAssembly/jit-interface			CATALOG_INGESTED	README.md	4bc3bce211679ef3d1c5e4b4eb54cfa308f74c752fad39f11ac019d060b98d81
WebAssembly-proposal	js-text-encoding-builtins-2795e1ad	supplement	https://github.com/WebAssembly/js-text-encoding-builtins	JS Text Encoding Builtins	NOT_APPLICABLE	Phase 1	NOT_APPLICABLE	NOT_APPLICABLE	NOT_APPLICABLE	pending	WebAssembly CG/WG	portable-runtime		https://github.com/WebAssembly/js-text-encoding-builtins			CATALOG_INGESTED	README.md	328baae2eed06d903a85bdc508105732ed20ec0942558235aa6398adf70e4b23
WebAssembly-proposal	memory-control-7e4e6463	supplement	https://github.com/WebAssembly/memory-control	Memory control	NOT_APPLICABLE	Phase 1	NOT_APPLICABLE	NOT_APPLICABLE	NOT_APPLICABLE	pending	WebAssembly CG/WG	portable-runtime		https://github.com/WebAssembly/memory-control		performance-observability	CATALOG_INGESTED	README.md	a08bbdaeb3cb52bf8913b1771f1a6fac58a7fbaf8fffae7feebfccbc7e6d2be4
WebAssembly-proposal	more-array-constructors-d9030ed6	supplement	https://github.com/WebAssembly/more-array-constructors/	More Array Constructors	NOT_APPLICABLE	Phase 1	NOT_APPLICABLE	NOT_APPLICABLE	NOT_APPLICABLE	pending	WebAssembly CG/WG	portable-runtime		https://github.com/WebAssembly/more-array-constructors/			CATALOG_INGESTED	README.md	40095ebc7a37c5db3fb3134cc2aa9d030798b4ff06dd7142aa70b38eea058ee1
WebAssembly-proposal	profiles-2ddb3481	supplement	https://github.com/WebAssembly/profiles	Profiles	NOT_APPLICABLE	Phase 1	NOT_APPLICABLE	NOT_APPLICABLE	NOT_APPLICABLE	pending	WebAssembly CG/WG	portable-runtime		https://github.com/WebAssembly/profiles			CATALOG_INGESTED	README.md	f3f16bc7e3e7181915382ad83a6fa9277b91b61ef7cf5c4e61afd69bcc2e6db9
WebAssembly-proposal	reference-typed-strings-867e824f	supplement	https://github.com/WebAssembly/stringref	Reference-Typed Strings	NOT_APPLICABLE	Phase 1	NOT_APPLICABLE	NOT_APPLICABLE	NOT_APPLICABLE	pending	WebAssembly CG/WG	portable-runtime		https://github.com/WebAssembly/stringref			CATALOG_INGESTED	README.md	f617deef03838672bd0e2fe13b2157aacf77c0c016ff3e882104eed1b8d9a270
WebAssembly-proposal	shared-everything-threads-ccec4725	supplement	https://github.com/WebAssembly/shared-everything-threads	Shared-Everything Threads	NOT_APPLICABLE	Phase 1	NOT_APPLICABLE	NOT_APPLICABLE	NOT_APPLICABLE	pending	WebAssembly CG/WG	portable-runtime		https://github.com/WebAssembly/shared-everything-threads			CATALOG_INGESTED	README.md	8f670cd173576add6b41b98c70a492f9d4a728d1e0a0978195d63236d6dcafcd
WebAssembly-proposal	type-imports-33896904	supplement	https://github.com/WebAssembly/proposal-type-imports	Type Imports	NOT_APPLICABLE	Phase 1	NOT_APPLICABLE	NOT_APPLICABLE	NOT_APPLICABLE	pending	WebAssembly CG/WG	portable-runtime		https://github.com/WebAssembly/proposal-type-imports			CATALOG_INGESTED	README.md	bc94b4840d9a26644b0d1de08c0b701accc66e69dd20d8492eb9258abac33691
WebAssembly-proposal	type-reflection-for-webassembly-javascript-api-28377c56	supplement	https://github.com/WebAssembly/js-types	Type Reflection for WebAssembly JavaScript API	NOT_APPLICABLE	Phase 1	NOT_APPLICABLE	NOT_APPLICABLE	NOT_APPLICABLE	pending	WebAssembly CG/WG	portable-runtime		https://github.com/WebAssembly/js-types		execution-modules	CATALOG_INGESTED	README.md	91fc2305e60c98e42bf584803cbad457daf0cfd1be1cf0f55ca8e77bde833d68
WebAssembly-proposal	webassembly-c-and-c-api-4b8e4b29	supplement	https://github.com/WebAssembly/wasm-c-api	WebAssembly C and C++ API	NOT_APPLICABLE	Phase 1	NOT_APPLICABLE	NOT_APPLICABLE	NOT_APPLICABLE	pending	WebAssembly CG/WG	portable-runtime		https://github.com/WebAssembly/wasm-c-api		execution-modules	CATALOG_INGESTED	README.md	38eae656c1ee25e64287ac7c827e225ac35dc59c4de499ca4a18c039ff3352f9
WebAssembly-proposal	acquire-release-atomics-e7020c23	supplement	https://github.com/WebAssembly/acquire-release-atomics	Acquire-Release Atomics	NOT_APPLICABLE	Phase 2	NOT_APPLICABLE	NOT_APPLICABLE	NOT_APPLICABLE	pending	WebAssembly CG/WG	portable-runtime		https://github.com/WebAssembly/acquire-release-atomics			CATALOG_INGESTED	README.md	8452141c7397fccde0f28932c34b24c2cfb45f76ca2dc7f06f9fb31b0d22561c
WebAssembly-proposal	compilation-hints-1e333ea6	supplement	https://github.com/WebAssembly/compilation-hints	Compilation Hints	NOT_APPLICABLE	Phase 2	NOT_APPLICABLE	NOT_APPLICABLE	NOT_APPLICABLE	pending	WebAssembly CG/WG	portable-runtime		https://github.com/WebAssembly/compilation-hints			CATALOG_INGESTED	README.md	c2bd3cf007f4cdb34cb5f42bc31a024a8efd2184f03d8a16a5059f07241da55e
WebAssembly-proposal	extended-name-section-31b5c6e8	supplement	https://github.com/WebAssembly/extended-name-section	Extended Name Section	NOT_APPLICABLE	Phase 2	NOT_APPLICABLE	NOT_APPLICABLE	NOT_APPLICABLE	pending	WebAssembly CG/WG	portable-runtime		https://github.com/WebAssembly/extended-name-section			CATALOG_INGESTED	README.md	fa9c6333eb4cf12ce23fa081e0ac893ca73551ca89f5597481c3defbf320a7a3
WebAssembly-proposal	fp16-a2d8901c	supplement	https://github.com/WebAssembly/half-precision	FP16	NOT_APPLICABLE	Phase 2	NOT_APPLICABLE	NOT_APPLICABLE	NOT_APPLICABLE	pending	WebAssembly CG/WG	portable-runtime		https://github.com/WebAssembly/half-precision			CATALOG_INGESTED	README.md	b477d9cf0f880cadb58258c855cefe4e123ce7def33cdeb00509d94466fbf655
WebAssembly-proposal	js-primitive-builtins-a7bcb9db	supplement	https://github.com/WebAssembly/js-primitive-builtins	JS Primitive Builtins	NOT_APPLICABLE	Phase 2	NOT_APPLICABLE	NOT_APPLICABLE	NOT_APPLICABLE	pending	WebAssembly CG/WG	portable-runtime		https://github.com/WebAssembly/js-primitive-builtins			CATALOG_INGESTED	README.md	f6031c674fe0e0346cdf23d4508b5511db0f4a162303d898d354f534e6152c5f
WebAssembly-proposal	multibyte-array-access-5851ee0e	supplement	https://github.com/WebAssembly/multibyte-array-access	Multibyte Array Access	NOT_APPLICABLE	Phase 2	NOT_APPLICABLE	NOT_APPLICABLE	NOT_APPLICABLE	pending	WebAssembly CG/WG	portable-runtime		https://github.com/WebAssembly/multibyte-array-access			CATALOG_INGESTED	README.md	66aef3190f578754cdb4be753203b546c394a58d91497ff24e31539307902daf
WebAssembly-proposal	numeric-values-in-wat-data-segments-09978cf1	supplement	https://github.com/WebAssembly/wat-numeric-values	Numeric Values in WAT Data Segments	NOT_APPLICABLE	Phase 2	NOT_APPLICABLE	NOT_APPLICABLE	NOT_APPLICABLE	pending	WebAssembly CG/WG	portable-runtime		https://github.com/WebAssembly/wat-numeric-values			CATALOG_INGESTED	README.md	c09a41f386515992e552a5de24d2a0b223bd9ab086619d49e41d0b71293cd04a
WebAssembly-proposal	relaxed-dead-code-validation-8d50ea03	supplement	https://github.com/WebAssembly/relaxed-dead-code-validation	Relaxed dead code validation	NOT_APPLICABLE	Phase 2	NOT_APPLICABLE	NOT_APPLICABLE	NOT_APPLICABLE	pending	WebAssembly CG/WG	portable-runtime		https://github.com/WebAssembly/relaxed-dead-code-validation			CATALOG_INGESTED	README.md	de5ddb46466b6f2a01d52594c94bd30fae3e1c80ede9b90841abe598ec7843c7
WebAssembly-proposal	rounding-variants-33c721d8	supplement	https://github.com/WebAssembly/rounding-mode-control	Rounding Variants	NOT_APPLICABLE	Phase 2	NOT_APPLICABLE	NOT_APPLICABLE	NOT_APPLICABLE	pending	WebAssembly CG/WG	portable-runtime		https://github.com/WebAssembly/rounding-mode-control			CATALOG_INGESTED	README.md	3730774c49b1871443a28b3dce3777a8d99a8e1c0640dffaf2eb1c093ee3c86e
WebAssembly-proposal	custom-descriptors-and-js-interop-3fa93d27	supplement	https://github.com/WebAssembly/custom-descriptors	Custom Descriptors and JS Interop	NOT_APPLICABLE	Phase 3	NOT_APPLICABLE	NOT_APPLICABLE	NOT_APPLICABLE	pending	WebAssembly CG/WG	portable-runtime		https://github.com/WebAssembly/custom-descriptors			CATALOG_INGESTED	README.md	d4bc28511064278873c586b1613031acbf52620784e0f830ac010a2bb3da762d
WebAssembly-proposal	custom-page-sizes-962339e2	supplement	https://github.com/WebAssembly/custom-page-sizes	Custom Page Sizes	NOT_APPLICABLE	Phase 3	NOT_APPLICABLE	NOT_APPLICABLE	NOT_APPLICABLE	pending	WebAssembly CG/WG	portable-runtime		https://github.com/WebAssembly/custom-page-sizes			CATALOG_INGESTED	README.md	3dd739a097f332e7649c1fed1f0fc24a59d3fa604e593ec55616b936d850b572
WebAssembly-proposal	esm-integration-665299b9	supplement	https://github.com/WebAssembly/esm-integration	ESM Integration	NOT_APPLICABLE	Phase 3	NOT_APPLICABLE	NOT_APPLICABLE	NOT_APPLICABLE	pending	WebAssembly CG/WG	portable-runtime		https://github.com/WebAssembly/esm-integration			CATALOG_INGESTED	README.md	869f6d9a9d89865672a83bd2dcd6a65982ae85fe768a4cffafa6914500df7145
WebAssembly-proposal	stack-switching-86a254a5	supplement	https://github.com/WebAssembly/stack-switching	Stack Switching	NOT_APPLICABLE	Phase 3	NOT_APPLICABLE	NOT_APPLICABLE	NOT_APPLICABLE	pending	WebAssembly CG/WG	portable-runtime		https://github.com/WebAssembly/stack-switching			CATALOG_INGESTED	README.md	2d51acf8008ad9ed132d49a70eefb677763e30409c5a0c384552066a9384ed3b
WebAssembly-proposal	compact-import-section-d1124ee8	supplement	https://github.com/WebAssembly/compact-import-section	Compact Import Section	NOT_APPLICABLE	Phase 4	NOT_APPLICABLE	NOT_APPLICABLE	NOT_APPLICABLE	pending	WebAssembly CG/WG	portable-runtime		https://github.com/WebAssembly/compact-import-section		execution-modules	CATALOG_INGESTED	README.md	95d6842535e84ab8d21daacf7330789a43e6b0383cdbac3f92ea61bae70d6c43
WebAssembly-proposal	threads-10da19f6	supplement	https://github.com/webassembly/threads	Threads	NOT_APPLICABLE	Phase 4	NOT_APPLICABLE	NOT_APPLICABLE	NOT_APPLICABLE	pending	WebAssembly CG/WG	portable-runtime		https://github.com/webassembly/threads			CATALOG_INGESTED	README.md	3194f5b94184e00f69566dc75f7a5696a8cdce2d974969fbb905346c33020ec7
WebAssembly-proposal	wide-arithmetic-e51a9158	supplement	https://github.com/WebAssembly/wide-arithmetic	Wide Arithmetic	NOT_APPLICABLE	Phase 4	NOT_APPLICABLE	NOT_APPLICABLE	NOT_APPLICABLE	pending	WebAssembly CG/WG	portable-runtime		https://github.com/WebAssembly/wide-arithmetic			CATALOG_INGESTED	README.md	25ad84f92d13bcb041ce05a052c6b2cbd01342350ca14880d88b525fd52c2b32
WebAssembly-proposal	js-promise-integration-ee6b1287	supplement	https://github.com/WebAssembly/js-promise-integration	JS Promise Integration	NOT_APPLICABLE	Phase 5	NOT_APPLICABLE	NOT_APPLICABLE	NOT_APPLICABLE	pending	WebAssembly CG/WG	portable-runtime		https://github.com/WebAssembly/js-promise-integration			CATALOG_INGESTED	README.md	56f70414bb1abe15126c443ce521b49250d2fc0374ad82864b0df943f49668c2
WebAssembly-proposal	web-content-security-policy-08651532	supplement	https://github.com/WebAssembly/content-security-policy	Web Content Security Policy	NOT_APPLICABLE	Phase 5	NOT_APPLICABLE	NOT_APPLICABLE	NOT_APPLICABLE	pending	WebAssembly CG/WG	portable-runtime		https://github.com/WebAssembly/content-security-policy		security-privacy	CATALOG_INGESTED	README.md	a030fcfe281f68fd2b5cc8bf7bda16acd8fbba96fafe5b7d4e5451093bdd1e34
browser-specs	client-hint-reliability	umbrella	https://datatracker.ietf.org/doc/html/draft-davidben-http-client-hint-reliability	Client Hint Reliability	Discontinued Draft	NOT_APPLICABLE	UNKNOWN	UNKNOWN	UNKNOWN	discontinued	IETF	yes	client-hint-reliability	https://github.com/davidben/http-client-hint-reliability			CATALOG_INGESTED	index.json	44edb2f7f7118b187b6eb0ddf5e27edcf1be4bf6387ad4d518d31771b2a07b6f
browser-specs	idempotency-key-header	umbrella	https://datatracker.ietf.org/doc/html/draft-ietf-httpapi-idempotency-key-header/	The Idempotency-Key HTTP Header Field	Discontinued Draft	NOT_APPLICABLE	UNKNOWN	UNKNOWN	UNKNOWN	discontinued	IETF	yes	idempotency-key-header	https://github.com/ietf-wg-httpapi/idempotency		network-realtime	CATALOG_INGESTED	index.json	b8575b388c6064109c773d259e5f2f62740b089e9bbaf75abc7b19278a7029a3
browser-specs	partitioned-cookies	umbrella	https://datatracker.ietf.org/doc/html/draft-cutler-httpbis-partitioned-cookies	Cookies Having Independent Partitioned State specification	Discontinued Draft	NOT_APPLICABLE	UNKNOWN	UNKNOWN	UNKNOWN	discontinued	IETF	yes	partitioned-cookies	https://github.com/privacycg/CHIPS			CATALOG_INGESTED	index.json	dc4ba67178a99bad67d8917f56517e4f3222818b17c6652fffac6b78ed464b83
browser-specs	anonymous-iframe	umbrella	https://wicg.github.io/anonymous-iframe/	Iframe credentialless	Draft Community Group Report	NOT_APPLICABLE	UNKNOWN	UNKNOWN	UNKNOWN	good	W3C	yes	anonymous-iframe	https://github.com/WICG/anonymous-iframe			CATALOG_INGESTED	index.json	e6864bf420448d51ae49e11571a207b6d49696d74b5d67cb81e61a33a1c6db0a
browser-specs	attribution-reporting-api	umbrella	https://wicg.github.io/attribution-reporting-api/	Attribution Reporting	Draft Community Group Report	NOT_APPLICABLE	UNKNOWN	UNKNOWN	UNKNOWN	discontinued	W3C	yes	attribution-reporting-api	https://github.com/WICG/attribution-reporting-api		performance-observability	CATALOG_INGESTED	index.json	29f2776f58b23e47c61d6512de4d4d33be5c40e915f1704497c7ea232f5709ee
browser-specs	autofill-event	umbrella	https://wicg.github.io/autofill-event/	Autofill Event	Draft Community Group Report	NOT_APPLICABLE	UNKNOWN	UNKNOWN	UNKNOWN	good	W3C	yes	autofill-event	https://github.com/WICG/autofill-event			CATALOG_INGESTED	index.json	49a0596812a00ab4c90e5e4d204fd28ad61b1eafc9352092ef981875cc74f071
browser-specs	background-fetch	umbrella	https://wicg.github.io/background-fetch/	Background Fetch	Draft Community Group Report	NOT_APPLICABLE	UNKNOWN	UNKNOWN	UNKNOWN	good	W3C	yes	background-fetch	https://github.com/WICG/background-fetch	background-fetch	navigation-loading	CATALOG_INGESTED	index.json	54d370b389c8f1734b75b747b4dad486c3560c0a77fdadb862d6face4a941cae
browser-specs	background-sync	umbrella	https://wicg.github.io/background-sync/spec/	Web Background Synchronization	Draft Community Group Report	NOT_APPLICABLE	UNKNOWN	UNKNOWN	UNKNOWN	good	W3C	yes	background-sync	https://github.com/WICG/background-sync	background-sync		CATALOG_INGESTED	index.json	e0d420349e315fb4a22960e6af14e3a21b1deaac701eb3ec38003f857ad0faa4
browser-specs	body-tracking	umbrella	https://immersive-web.github.io/body-tracking/	WebXR Body Tracking Module - Level 1	Draft Community Group Report	NOT_APPLICABLE	UNKNOWN	UNKNOWN	UNKNOWN	good	W3C	yes	body-tracking	https://github.com/immersive-web/body-tracking			CATALOG_INGESTED	index.json	1361174b313aa8b296cc2e877d6baf8584e2b58c0ad0becde1c325bad2b5207f
browser-specs	capability-delegation	umbrella	https://wicg.github.io/capability-delegation/spec.html	Capability Delegation	Draft Community Group Report	NOT_APPLICABLE	UNKNOWN	UNKNOWN	UNKNOWN	good	W3C	yes	capability-delegation	https://github.com/WICG/capability-delegation			CATALOG_INGESTED	index.json	43395235b2ecdf8c29206937895fe0f815b56b3476e21966cd979061e125cb69
browser-specs	captured-mouse-events	umbrella	https://screen-share.github.io/captured-mouse-events/	Captured Mouse Events	Draft Community Group Report	NOT_APPLICABLE	UNKNOWN	UNKNOWN	UNKNOWN	good	W3C	yes	captured-mouse-events	https://github.com/screen-share/captured-mouse-events	captured-mouse-events		CATALOG_INGESTED	index.json	5606e3f52186cf000bc0f4a57c3ea01b895db9c0a2201bb499456b8d7223e85c
browser-specs	client-hints-infrastructure	umbrella	https://wicg.github.io/client-hints-infrastructure/	Client Hints Infrastructure	Draft Community Group Report	NOT_APPLICABLE	UNKNOWN	UNKNOWN	UNKNOWN	good	W3C	yes	client-hints-infrastructure	https://github.com/WICG/client-hints-infrastructure	client-hints		CATALOG_INGESTED	index.json	f25ec194af5a13be1f45f94c470d9b80f2c0b1076ceda71da9e046fca9276685
browser-specs	connection-allowlists	umbrella	https://wicg.github.io/connection-allowlists/	Connection Allowlists	Draft Community Group Report	NOT_APPLICABLE	UNKNOWN	UNKNOWN	UNKNOWN	good	W3C	yes	connection-allowlists	https://github.com/WICG/connection-allowlists			CATALOG_INGESTED	index.json	2570259f07d9ba86ea1772e1ff2bb820c8e5bf794ae439e475a21b94b32a531d
browser-specs	container-timing	umbrella	https://wicg.github.io/container-timing/	Container Timing API	Draft Community Group Report	NOT_APPLICABLE	UNKNOWN	UNKNOWN	UNKNOWN	good	W3C	yes	container-timing	https://github.com/WICG/container-timing		performance-observability	CATALOG_INGESTED	index.json	11926987b8ff3a331b6e9633d1ebf2731d9868523ea250d69c0cd2476f332f31
browser-specs	cpu-performance	umbrella	https://wicg.github.io/cpu-performance/	CPU Performance API	Draft Community Group Report	NOT_APPLICABLE	UNKNOWN	UNKNOWN	UNKNOWN	good	W3C	yes	cpu-performance	https://github.com/WICG/cpu-performance		performance-observability	CATALOG_INGESTED	index.json	d9eb1194ec93ddb22022f8a761d63bfa2068a221f477c080c2aaf951af1755d9
browser-specs	crash-reporting	umbrella	https://wicg.github.io/crash-reporting/	Crash Reporting	Draft Community Group Report	NOT_APPLICABLE	UNKNOWN	UNKNOWN	UNKNOWN	good	W3C	yes	crash-reporting	https://github.com/WICG/crash-reporting		performance-observability	CATALOG_INGESTED	index.json	96c8389043a4e40d5124eed3e2b282e8b958779ee24dc38635f1b21fb142ffaf
browser-specs	cross-origin-storage	umbrella	https://wicg.github.io/cross-origin-storage/	Cross-Origin Storage	Draft Community Group Report	NOT_APPLICABLE	UNKNOWN	UNKNOWN	UNKNOWN	good	W3C	yes	cross-origin-storage	https://github.com/WICG/cross-origin-storage		storage-files,security-privacy	CATALOG_INGESTED	index.json	b35512d917fd663a00ec5ca3758e5b6cd31cfa82c5e121b7e05c41cfa4b50dc3
browser-specs	custom-state-pseudo-class	umbrella	https://wicg.github.io/custom-state-pseudo-class/	Custom State Pseudo Class	Draft Community Group Report	NOT_APPLICABLE	UNKNOWN	UNKNOWN	UNKNOWN	discontinued	W3C	yes	custom-state-pseudo-class	https://github.com/WICG/custom-state-pseudo-class			CATALOG_INGESTED	index.json	8902fee7f2ec7fbcf181688b08b758849d8e8b6a9c4a4ce2224ded7bfe3584c1
browser-specs	datacue	umbrella	https://wicg.github.io/datacue/	DataCue API	Draft Community Group Report	NOT_APPLICABLE	UNKNOWN	UNKNOWN	UNKNOWN	good	W3C	yes	datacue	https://github.com/WICG/datacue			CATALOG_INGESTED	index.json	0808f7dbfa81c4657263c17885885dcdc21dc29b17bd4fa26685e560d00423d3
browser-specs	deprecation-reporting	umbrella	https://wicg.github.io/deprecation-reporting/	Deprecation Reporting	Draft Community Group Report	NOT_APPLICABLE	UNKNOWN	UNKNOWN	UNKNOWN	good	W3C	yes	deprecation-reporting	https://github.com/WICG/deprecation-reporting	deprecation-reporting	performance-observability	CATALOG_INGESTED	index.json	73d97a18685c7fba6dc02e902347696102acc476e5cd22067add1905f805f343
browser-specs	device-attributes	umbrella	https://wicg.github.io/WebApiDevice/device_attributes/	Device Attributes API	Draft Community Group Report	NOT_APPLICABLE	UNKNOWN	UNKNOWN	UNKNOWN	good	W3C	yes	device-attributes	https://github.com/WICG/WebApiDevice		device-input	CATALOG_INGESTED	index.json	816c353c7a224afe439c09c5f3b68d2e1200d4d790d4c5518c2b60dfcb1e794a
browser-specs	digital-goods	umbrella	https://wicg.github.io/digital-goods/	Digital Goods API	Draft Community Group Report	NOT_APPLICABLE	UNKNOWN	UNKNOWN	UNKNOWN	good	W3C	yes	digital-goods	https://github.com/WICG/digital-goods			CATALOG_INGESTED	index.json	9d56f701e7e5604b099f006d037186e4b7b8a1c18c8c8d6883c1e93e3c18f5db
browser-specs	direct-sockets	umbrella	https://wicg.github.io/direct-sockets/	Direct Sockets API	Draft Community Group Report	NOT_APPLICABLE	UNKNOWN	UNKNOWN	UNKNOWN	pending	W3C	yes	direct-sockets	https://github.com/WICG/direct-sockets			CATALOG_INGESTED	index.json	bd155e11f5c1778a7ed502d8de1c966f648835ef515defa2856d6087da2f8274
browser-specs	document-isolation-policy	umbrella	https://wicg.github.io/document-isolation-policy/	Document-Isolation-Policy	Draft Community Group Report	NOT_APPLICABLE	UNKNOWN	UNKNOWN	UNKNOWN	good	W3C	yes	document-isolation-policy	https://github.com/WICG/document-isolation-policy			CATALOG_INGESTED	index.json	1c5b9dd29e254621bcf293051b6df67e7a8ec6cb9a39452c71a80c9ae6f3b239
browser-specs	document-picture-in-picture	umbrella	https://wicg.github.io/document-picture-in-picture/	Document Picture-in-Picture Specification	Draft Community Group Report	NOT_APPLICABLE	UNKNOWN	UNKNOWN	UNKNOWN	good	W3C	yes	document-picture-in-picture	https://github.com/WICG/document-picture-in-picture	document-picture-in-picture		CATALOG_INGESTED	index.json	a0f2f594f0d898eebe216a3c6e07774e9f796a24eaa6457b314f665ce1debf0c
browser-specs	document-policy	umbrella	https://wicg.github.io/document-policy/	Document Policy	Draft Community Group Report	NOT_APPLICABLE	UNKNOWN	UNKNOWN	UNKNOWN	good	W3C	yes	document-policy	https://github.com/WICG/document-policy	document-policy		CATALOG_INGESTED	index.json	ab85ad50222152548f189a97da8b41bebc4a88e41b87ef80b88c7deb7aaa15d8
browser-specs	element-capture	umbrella	https://screen-share.github.io/element-capture/	Element Capture	Draft Community Group Report	NOT_APPLICABLE	UNKNOWN	UNKNOWN	UNKNOWN	good	W3C	yes	element-capture	https://github.com/screen-share/element-capture			CATALOG_INGESTED	index.json	25ca3aee0aa0514c041f6ed18244debf1584efdf1c05f9d9841818c41dabec7d
browser-specs	email-verification	umbrella	https://wicg.github.io/email-verification/	Email Verification API	Draft Community Group Report	NOT_APPLICABLE	UNKNOWN	UNKNOWN	UNKNOWN	good	W3C	yes	email-verification	https://github.com/WICG/email-verification			CATALOG_INGESTED	index.json	aca0e1545a388b70b92b6b150e1c88955939d141c9282ea98062090f87a2251c
browser-specs	entries-api	umbrella	https://wicg.github.io/entries-api/	File and Directory Entries API	Draft Community Group Report	NOT_APPLICABLE	UNKNOWN	UNKNOWN	UNKNOWN	good	W3C	yes	entries-api	https://github.com/WICG/entries-api	entries-api		CATALOG_INGESTED	index.json	c6bca67e4f27b485b031b7001551c9dd1ebed611e7e4a774a3780e127c9df000
browser-specs	eyedropper-api	umbrella	https://wicg.github.io/eyedropper-api/	EyeDropper API	Draft Community Group Report	NOT_APPLICABLE	UNKNOWN	UNKNOWN	UNKNOWN	good	W3C	yes	eyedropper-api	https://github.com/WICG/eyedropper-api			CATALOG_INGESTED	index.json	41e533a4ecee676acb4f6e62c24b4380f6438bce6dffc6f126c27a88829b903d
browser-specs	fenced-frame	umbrella	https://wicg.github.io/fenced-frame/	Fenced Frame	Draft Community Group Report	NOT_APPLICABLE	UNKNOWN	UNKNOWN	UNKNOWN	good	W3C	yes	fenced-frame	https://github.com/WICG/fenced-frame	fenced-frame		CATALOG_INGESTED	index.json	b86776885c91227695d18920c0d7dd32def1f23e5a066d4526aa7fd8d24a1561
browser-specs	file-system-access	umbrella	https://wicg.github.io/file-system-access/	File System Access	Draft Community Group Report	NOT_APPLICABLE	UNKNOWN	UNKNOWN	UNKNOWN	good	W3C	yes	file-system-access	https://github.com/WICG/file-system-access	file-system-access	storage-files	CATALOG_INGESTED	index.json	855f91788ea9c72f7a9d410594a1649da8a70aa1ff0fc597acd8655b8cdfb4a6
browser-specs	first-party-sets	umbrella	https://wicg.github.io/first-party-sets/	User Agent Interaction with Related Website Sets	Draft Community Group Report	NOT_APPLICABLE	UNKNOWN	UNKNOWN	UNKNOWN	good	W3C	yes	first-party-sets	https://github.com/WICG/first-party-sets		agents-ml	CATALOG_INGESTED	index.json	d3e559291b78b60bcbfec6c81ac84ae3b11c4c6dad5797c823ea3cf76c82ba11
browser-specs	geolocation-element	umbrella	https://wicg.github.io/PEPC/geolocation-element.html	The HTML Geolocation Element	Draft Community Group Report	NOT_APPLICABLE	UNKNOWN	UNKNOWN	UNKNOWN	good	W3C	yes	geolocation-element	https://github.com/WICG/PEPC		document-ui,device-input	CATALOG_INGESTED	index.json	b2fe2f65986e995a9359a3320bfd63e2ef8a363439bdb9043fd0ef4f8a119680
browser-specs	get-installed-related-apps	umbrella	https://wicg.github.io/get-installed-related-apps/spec/	Get Installed Related Apps API	Draft Community Group Report	NOT_APPLICABLE	UNKNOWN	UNKNOWN	UNKNOWN	good	W3C	yes	get-installed-related-apps	https://github.com/WICG/get-installed-related-apps	installedapp		CATALOG_INGESTED	index.json	b50dd0e0e495d9fdaa08b3460d607b0873da839736a4dfe74d62f4627b280f20
browser-specs	handwriting-recognition	umbrella	https://wicg.github.io/handwriting-recognition/	Handwriting Recognition API	Draft Community Group Report	NOT_APPLICABLE	UNKNOWN	UNKNOWN	UNKNOWN	good	W3C	yes	handwriting-recognition	https://github.com/WICG/handwriting-recognition			CATALOG_INGESTED	index.json	00dd3555683e5e08cdd43cbd97c799cb17dc71b76459f4cc35426669e180f866
browser-specs	idle-detection	umbrella	https://wicg.github.io/idle-detection/	Idle Detection API	Draft Community Group Report	NOT_APPLICABLE	UNKNOWN	UNKNOWN	UNKNOWN	good	W3C	yes	idle-detection	https://github.com/WICG/idle-detection	idle-detection		CATALOG_INGESTED	index.json	899dd8e2ef8ee813069199463f73b2f2dd7772cead71e2a338569ee5eb022731
browser-specs	iframe-media-pausing	umbrella	https://wicg.github.io/iframe-media-pausing/	Iframe Media Pausing	Draft Community Group Report	NOT_APPLICABLE	UNKNOWN	UNKNOWN	UNKNOWN	good	W3C	yes	iframe-media-pausing	https://github.com/WICG/iframe-media-pausing		graphics-media	CATALOG_INGESTED	index.json	b827f83d0c2371e725698327c46fb06ab9235c8ae5928e275315b3b88b3b2aaf
browser-specs	ink-enhancement	umbrella	https://wicg.github.io/ink-enhancement/	Ink API	Draft Community Group Report	NOT_APPLICABLE	UNKNOWN	UNKNOWN	UNKNOWN	good	W3C	yes	ink-enhancement	https://github.com/WICG/ink-enhancement			CATALOG_INGESTED	index.json	80ee0cd06db55fd2e1d1bdcc5758d145f57dcacdc5789ae82c11c9ebc12e197e
browser-specs	intervention-reporting	umbrella	https://wicg.github.io/intervention-reporting/	Intervention Reporting	Draft Community Group Report	NOT_APPLICABLE	UNKNOWN	UNKNOWN	UNKNOWN	good	W3C	yes	intervention-reporting	https://github.com/WICG/intervention-reporting	intervention-reporting	performance-observability	CATALOG_INGESTED	index.json	9c695f721383ecceaae7ccb2056c7f430e6f7f9106407c637a3ed9b6ec5c3968
browser-specs	isolated-contexts	umbrella	https://wicg.github.io/isolated-web-apps/isolated-contexts.html	Isolated Contexts	Draft Community Group Report	NOT_APPLICABLE	UNKNOWN	UNKNOWN	UNKNOWN	good	W3C	no	isolated-contexts	https://github.com/WICG/isolated-web-apps			CATALOG_INGESTED	index.json	d7adfa4534f877251b45604ff518edba66ba25fc6a60c4889a21292b43d63991
browser-specs	js-self-profiling	umbrella	https://wicg.github.io/js-self-profiling/	JS Self-Profiling API	Draft Community Group Report	NOT_APPLICABLE	UNKNOWN	UNKNOWN	UNKNOWN	good	W3C	yes	js-self-profiling	https://github.com/WICG/js-self-profiling	js-self-profiling		CATALOG_INGESTED	index.json	c629178059961b51765a14c8808df622b9d65ca053120a9a180739afa32384ce
browser-specs	keyboard-lock	umbrella	https://wicg.github.io/keyboard-lock/	Keyboard Lock	Draft Community Group Report	NOT_APPLICABLE	UNKNOWN	UNKNOWN	UNKNOWN	good	W3C	yes	keyboard-lock	https://github.com/WICG/keyboard-lock	keyboard-lock	device-input	CATALOG_INGESTED	index.json	1ffc16af17796b652d472222dec86b855df94db8ee496ebd363dff9d3f19794c
browser-specs	keyboard-map	umbrella	https://wicg.github.io/keyboard-map/	Keyboard Map	Draft Community Group Report	NOT_APPLICABLE	UNKNOWN	UNKNOWN	UNKNOWN	good	W3C	yes	keyboard-map	https://github.com/WICG/keyboard-map	keyboard-map	device-input	CATALOG_INGESTED	index.json	2efcee1c24ff498b715e25c55a2633480c627f9eaa7a6a8b6038c1d37c19c51d
browser-specs	layout-instability	umbrella	https://wicg.github.io/layout-instability/	Layout Instability API	Draft Community Group Report	NOT_APPLICABLE	UNKNOWN	UNKNOWN	UNKNOWN	good	W3C	yes	layout-instability	https://github.com/WICG/layout-instability	layout-instability	document-ui	CATALOG_INGESTED	index.json	cab638c2f210aea26dc9c6c94466a9d4383c1a9b11144eaf965cec9cd8f8eb1b
browser-specs	local-font-access	umbrella	https://wicg.github.io/local-font-access/	Local Font Access API	Draft Community Group Report	NOT_APPLICABLE	UNKNOWN	UNKNOWN	UNKNOWN	good	W3C	yes	local-font-access	https://github.com/WICG/local-font-access	font-access	graphics-media	CATALOG_INGESTED	index.json	62dc0d3a157315cd712e279fd0149e7ed3e5e6f5d37c900199bee1c27572a4ff
browser-specs	local-network-access	umbrella	https://wicg.github.io/local-network-access/	Local Network Access	Draft Community Group Report	NOT_APPLICABLE	UNKNOWN	UNKNOWN	UNKNOWN	good	W3C	yes	local-network-access	https://github.com/WICG/local-network-access	fetch/local-network-access	network-realtime	CATALOG_INGESTED	index.json	5bec0b94b8ac0e3f8055297458acc30cb5eb1cb2d660f0d0464143296e01895e
browser-specs	managed-configuration	umbrella	https://wicg.github.io/WebApiDevice/managed_config/	Managed Configuration API	Draft Community Group Report	NOT_APPLICABLE	UNKNOWN	UNKNOWN	UNKNOWN	good	W3C	yes	managed-configuration	https://github.com/WICG/WebApiDevice	managed		CATALOG_INGESTED	index.json	f6807d1d069108b77acf197003a93d4c81d5dd285f6c62f966d900f414d50201
browser-specs	manifest-incubations	umbrella	https://wicg.github.io/manifest-incubations/	Manifest Incubations	Draft Community Group Report	NOT_APPLICABLE	UNKNOWN	UNKNOWN	UNKNOWN	good	W3C	yes	manifest-incubations	https://github.com/WICG/manifest-incubations		installed-offline	CATALOG_INGESTED	index.json	215f978c5ead3e39e658db9a2765618a8ad328358fb86d3023f5b953e23d9776
browser-specs	model-element	umbrella	https://immersive-web.github.io/model-element/	The <model> element	Draft Community Group Report	NOT_APPLICABLE	UNKNOWN	UNKNOWN	UNKNOWN	good	W3C	yes	model-element	https://github.com/immersive-web/model-element		agents-ml	CATALOG_INGESTED	index.json	02284cbcc451dd80b31e604f27a8634421b72f448b80a3320212d501b12dafee
browser-specs	netinfo	umbrella	https://wicg.github.io/netinfo/	Network Information API	Draft Community Group Report	NOT_APPLICABLE	UNKNOWN	UNKNOWN	UNKNOWN	good	W3C	yes	netinfo	https://github.com/WICG/netinfo	netinfo	network-realtime	CATALOG_INGESTED	index.json	f4a41a6d8a9e2852d469ca7ef951345029d0c448990a083a07d00d246cf725ac
browser-specs	observable	umbrella	https://wicg.github.io/observable/	Observable	Draft Community Group Report	NOT_APPLICABLE	UNKNOWN	UNKNOWN	UNKNOWN	good	W3C	yes	observable	https://github.com/WICG/observable			CATALOG_INGESTED	index.json	00a8569a43325994605bdb90d81b974d84f2cbdedadbef4ef0a4e427dd657208
browser-specs	overscroll-scrollend-events	umbrella	https://wicg.github.io/overscroll-scrollend-events/	overscroll and scrollend events	Draft Community Group Report	NOT_APPLICABLE	UNKNOWN	UNKNOWN	UNKNOWN	good	W3C	yes	overscroll-scrollend-events	https://github.com/WICG/overscroll-scrollend-events			CATALOG_INGESTED	index.json	6efa623cf4d83743f2964291acd547bcf4c9d9a0b87c437ea9883ed3e574dc62
browser-specs	page-lifecycle	umbrella	https://wicg.github.io/page-lifecycle/	Page Lifecycle	Draft Community Group Report	NOT_APPLICABLE	UNKNOWN	UNKNOWN	UNKNOWN	good	W3C	yes	page-lifecycle	https://github.com/WICG/page-lifecycle	page-lifecycle		CATALOG_INGESTED	index.json	9650a5160207b76526432bf54295efc62fd918caab72bd405fc5b15553330791
browser-specs	paymentlink	umbrella	https://wicg.github.io/paymentlink/	Facilitated Payment Link Type in HTML	Draft Community Group Report	NOT_APPLICABLE	UNKNOWN	UNKNOWN	UNKNOWN	good	W3C	yes	paymentlink	https://github.com/WICG/paymentlink		document-ui	CATALOG_INGESTED	index.json	0f2cbc451a458ab4a6b0ad5048547483d5d463f166dee11b84661357fa8ffa72
browser-specs	performance-measure-memory	umbrella	https://wicg.github.io/performance-measure-memory/	Measure Memory API	Draft Community Group Report	NOT_APPLICABLE	UNKNOWN	UNKNOWN	UNKNOWN	good	W3C	yes	performance-measure-memory	https://github.com/WICG/performance-measure-memory	measure-memory	performance-observability	CATALOG_INGESTED	index.json	04942c74ee020fdf34874c5711a920499e279e3599a497358c9482414370ae9e
browser-specs	periodic-background-sync	umbrella	https://wicg.github.io/periodic-background-sync/	Web Periodic Background Synchronization	Draft Community Group Report	NOT_APPLICABLE	UNKNOWN	UNKNOWN	UNKNOWN	good	W3C	yes	periodic-background-sync	https://github.com/WICG/periodic-background-sync	periodic-background-sync		CATALOG_INGESTED	index.json	ce7466d02a87e3c5d749ae93182c50f5d21303df37814e83c4c165958eb304b9
browser-specs	permissions-request	umbrella	https://wicg.github.io/permissions-request/	Requesting Permissions	Draft Community Group Report	NOT_APPLICABLE	UNKNOWN	UNKNOWN	UNKNOWN	good	W3C	yes	permissions-request	https://github.com/WICG/permissions-request	permissions-request		CATALOG_INGESTED	index.json	4955aabeea70e716681788c00e1f05ddfca38a020c075938189eea4e69755973
browser-specs	permissions-revoke	umbrella	https://wicg.github.io/permissions-revoke/	Relinquishing Permissions	Draft Community Group Report	NOT_APPLICABLE	UNKNOWN	UNKNOWN	UNKNOWN	good	W3C	yes	permissions-revoke	https://github.com/WICG/permissions-revoke	permissions-revoke		CATALOG_INGESTED	index.json	93392b7d4e4d62dbec3e85848e1dd66b819ef465afc49b141d9787843979dc8f
browser-specs	portals	umbrella	https://wicg.github.io/portals/	Portals	Draft Community Group Report	NOT_APPLICABLE	UNKNOWN	UNKNOWN	UNKNOWN	good	W3C	yes	portals	https://github.com/WICG/portals			CATALOG_INGESTED	index.json	7ba3cc9817878ad47f3ac39794fcb507b7a23e032afdc6d1c9ff8d8cba2476b4
browser-specs	prefetch	umbrella	https://wicg.github.io/nav-speculation/prefetch.html	Prefetch	Draft Community Group Report	NOT_APPLICABLE	UNKNOWN	UNKNOWN	UNKNOWN	good	W3C	yes	prefetch	https://github.com/WICG/nav-speculation			CATALOG_INGESTED	index.json	36ef8ceb8fd8b04e7e079cba20402c03a0058bdbdf5a969765a8ce3e8ba2f517
browser-specs	prerendering-revamped	umbrella	https://wicg.github.io/nav-speculation/prerendering.html	Prerendering Revamped	Draft Community Group Report	NOT_APPLICABLE	UNKNOWN	UNKNOWN	UNKNOWN	good	W3C	yes	prerendering-revamped	https://github.com/WICG/nav-speculation			CATALOG_INGESTED	index.json	a8afec5ff9ff4e7cebbc07e59803004499761837d973cfce628adcbf8bfd1811
browser-specs	private-network-access	umbrella	https://wicg.github.io/private-network-access/	Private Network Access	Draft Community Group Report	NOT_APPLICABLE	UNKNOWN	UNKNOWN	UNKNOWN	discontinued	W3C	yes	private-network-access	https://github.com/WICG/private-network-access	fetch/private-network-access	network-realtime	CATALOG_INGESTED	index.json	cc1f9be8f18fa205e51474a6dfb8d5383cb6fd1ec36cd4b06694bb4efcef1c7a
browser-specs	prompt-api	umbrella	https://webmachinelearning.github.io/prompt-api/	Prompt API	Draft Community Group Report	NOT_APPLICABLE	UNKNOWN	UNKNOWN	UNKNOWN	good	W3C	yes	prompt-api	https://github.com/webmachinelearning/prompt-api		agents-ml	CATALOG_INGESTED	index.json	aaa68063ae0b49dbae0e153822d21839630d0d6aa69af0a81ceba46c6c24e5ef
browser-specs	proofreader-api	umbrella	https://webmachinelearning.github.io/proofreader-api/	Proofreader API	Draft Community Group Report	NOT_APPLICABLE	UNKNOWN	UNKNOWN	UNKNOWN	good	W3C	yes	proofreader-api	https://github.com/webmachinelearning/proofreader-api		agents-ml	CATALOG_INGESTED	index.json	a47ed2c84fcbdf8d85176d12b0c3d4deff5fbb645d9613fd31a4a10f93220337
browser-specs	raw-camera-access	umbrella	https://immersive-web.github.io/raw-camera-access/	WebXR Raw Camera Access Module	Draft Community Group Report	NOT_APPLICABLE	UNKNOWN	UNKNOWN	UNKNOWN	good	W3C	yes	raw-camera-access	https://github.com/immersive-web/raw-camera-access			CATALOG_INGESTED	index.json	3034e44e341d23ca3384b251be39db72812c73aee98d8eb0228e0495fb13a6d8
browser-specs	real-world-meshing	umbrella	https://immersive-web.github.io/real-world-meshing/	WebXR Mesh Detection Module	Draft Community Group Report	NOT_APPLICABLE	UNKNOWN	UNKNOWN	UNKNOWN	good	W3C	yes	real-world-meshing	https://github.com/immersive-web/real-world-meshing			CATALOG_INGESTED	index.json	b77781214485350204201232f350c5083f9b62ee311b5c9f7a7fbdfa1d7b5416
browser-specs	responsive-image-client-hints	umbrella	https://wicg.github.io/responsive-image-client-hints/	Responsive Image Client Hints	Draft Community Group Report	NOT_APPLICABLE	UNKNOWN	UNKNOWN	UNKNOWN	good	W3C	yes	responsive-image-client-hints	https://github.com/WICG/responsive-image-client-hints		graphics-media	CATALOG_INGESTED	index.json	adfc884768012e347d38878d3be105808f8470de6a91a2984d914aee6911f4a7
browser-specs	sanitizer-api	umbrella	https://wicg.github.io/sanitizer-api/	HTML Sanitizer API	Draft Community Group Report	NOT_APPLICABLE	UNKNOWN	UNKNOWN	UNKNOWN	discontinued	W3C	yes	sanitizer-api	https://github.com/WICG/sanitizer-api	sanitizer-api	document-ui	CATALOG_INGESTED	index.json	1c326f960f3656aeefd5a94bc8c4afc7055ca619f3a05129b1be12e3e0d2b133
browser-specs	scheduling-apis	umbrella	https://wicg.github.io/scheduling-apis/	Prioritized Task Scheduling	Draft Community Group Report	NOT_APPLICABLE	UNKNOWN	UNKNOWN	UNKNOWN	good	W3C	yes	scheduling-apis	https://github.com/WICG/scheduling-apis	scheduler	performance-observability	CATALOG_INGESTED	index.json	f6c2e88592660d30f4b77793d856fde060f5a8c4303669778a58c74f47ee474d
browser-specs	scroll-to-text-fragment	umbrella	https://wicg.github.io/scroll-to-text-fragment/	URL Fragment Text Directives	Draft Community Group Report	NOT_APPLICABLE	UNKNOWN	UNKNOWN	UNKNOWN	good	W3C	yes	scroll-to-text-fragment	https://github.com/WICG/scroll-to-text-fragment	scroll-to-text-fragment	navigation-loading	CATALOG_INGESTED	index.json	f233a5b55c95434b6296a2a642534a5a117d229d5b30ee531f52b41bbcd26dd0
browser-specs	shape-detection-api	umbrella	https://wicg.github.io/shape-detection-api/	Accelerated Shape Detection in Images	Draft Community Group Report	NOT_APPLICABLE	UNKNOWN	UNKNOWN	UNKNOWN	good	W3C	yes	shape-detection-api	https://github.com/WICG/shape-detection-api	shape-detection		CATALOG_INGESTED	index.json	7d658da64e763f52595f15db9bfd15653a234c493ab82da188230bc91b8e00da
browser-specs	shared-storage	umbrella	https://wicg.github.io/shared-storage/	Shared Storage API	Draft Community Group Report	NOT_APPLICABLE	UNKNOWN	UNKNOWN	UNKNOWN	discontinued	W3C	yes	shared-storage	https://github.com/WICG/shared-storage		storage-files	CATALOG_INGESTED	index.json	5ae8129361b845e5f6e76a7ba060c849cb6264f58ff9b363f2607c093c0e36e9
browser-specs	signature-based-sri	umbrella	https://wicg.github.io/signature-based-sri/	Signature-based Integrity	Draft Community Group Report	NOT_APPLICABLE	UNKNOWN	UNKNOWN	UNKNOWN	good	W3C	yes	signature-based-sri	https://github.com/WICG/signature-based-sri			CATALOG_INGESTED	index.json	f1d16656484c7767204ec8a1c039886f2523878f39b0446de55086d11020f5a8
browser-specs	sms-one-time-codes	umbrella	https://wicg.github.io/sms-one-time-codes/	Origin-bound one-time codes delivered via SMS	Draft Community Group Report	NOT_APPLICABLE	UNKNOWN	UNKNOWN	UNKNOWN	good	W3C	yes	sms-one-time-codes	https://github.com/WICG/sms-one-time-codes		security-privacy	CATALOG_INGESTED	index.json	e2a28a3e4668f6ffebcf181ba1b7e6811e9f8aa4b4701988e4064b3837d555b6
browser-specs	soft-navigations	umbrella	https://wicg.github.io/soft-navigations/	Soft Navigations and Interaction Contentful Paint	Draft Community Group Report	NOT_APPLICABLE	UNKNOWN	UNKNOWN	UNKNOWN	good	W3C	yes	soft-navigations	https://github.com/WICG/soft-navigations			CATALOG_INGESTED	index.json	8d32bd3e796aca31728f1ed94b9f9981c44bfbb999c145ddf2fcbc695ae7f00f
browser-specs	speech-api	umbrella	https://webaudio.github.io/web-speech-api/	Web Speech API	Draft Community Group Report	NOT_APPLICABLE	UNKNOWN	UNKNOWN	UNKNOWN	good	W3C	yes	speech-api	https://github.com/WebAudio/web-speech-api		graphics-media	CATALOG_INGESTED	index.json	4d7a01dc97908583129a031bc47a030564460a0e86536819c51acbfa5653551b
browser-specs	storage-buckets	umbrella	https://wicg.github.io/storage-buckets/	Storage Buckets API	Draft Community Group Report	NOT_APPLICABLE	UNKNOWN	UNKNOWN	UNKNOWN	good	W3C	yes	storage-buckets	https://github.com/WICG/storage-buckets	storage/buckets	storage-files	CATALOG_INGESTED	index.json	e9da7437e2a6b18658b3071c8b4bc5f3ccdb53f5fe661b07a7387334195ef7f7
browser-specs	text-detection-api	umbrella	https://wicg.github.io/shape-detection-api/text.html	Accelerated Text Detection in Images	Draft Community Group Report	NOT_APPLICABLE	UNKNOWN	UNKNOWN	UNKNOWN	good	W3C	yes	text-detection-api	https://github.com/WICG/shape-detection-api			CATALOG_INGESTED	index.json	5228c51667b7c6332121cd99def7d6ca18d64af12c6929ae65d536274fbfaef0
browser-specs	translation-api	umbrella	https://webmachinelearning.github.io/translation-api/	Translator and Language Detector APIs	Draft Community Group Report	NOT_APPLICABLE	UNKNOWN	UNKNOWN	UNKNOWN	good	W3C	yes	translation-api	https://github.com/webmachinelearning/translation-api		accessibility-i18n,agents-ml	CATALOG_INGESTED	index.json	e1c484c94f0fdafcac01a38b958cebf1952b0adb2c38c972dc6c94924fa6ae43
browser-specs	trust-token-api	umbrella	https://wicg.github.io/trust-token-api/	Private State Token API	Draft Community Group Report	NOT_APPLICABLE	UNKNOWN	UNKNOWN	UNKNOWN	good	W3C	yes	trust-token-api	https://github.com/WICG/trust-token-api	trust-tokens		CATALOG_INGESTED	index.json	d03601b8970a1100e949a8416ea3b4a84a048b6368110a27c734a339f6ba0d3d
browser-specs	turtledove	umbrella	https://wicg.github.io/turtledove/	Protected Audience (formerly FLEDGE)	Draft Community Group Report	NOT_APPLICABLE	UNKNOWN	UNKNOWN	UNKNOWN	discontinued	W3C	yes	turtledove	https://github.com/WICG/turtledove			CATALOG_INGESTED	index.json	49adcabf9814ef3e16ffcd726ff141280eabcb03a4505bdfa8a82ee341de4437
browser-specs	ua-client-hints	umbrella	https://wicg.github.io/ua-client-hints/	User-Agent Client Hints	Draft Community Group Report	NOT_APPLICABLE	UNKNOWN	UNKNOWN	UNKNOWN	good	W3C	yes	ua-client-hints	https://github.com/WICG/ua-client-hints	ua-client-hints	agents-ml	CATALOG_INGESTED	index.json	7f76079e1557ac0a768433edf75f163ffecb2ed53d87f15dd17022d6de95644f
browser-specs	user-preference-media-features-headers	umbrella	https://wicg.github.io/user-preference-media-features-headers/	User Preference Media Features Client Hints Headers	Draft Community Group Report	NOT_APPLICABLE	UNKNOWN	UNKNOWN	UNKNOWN	good	W3C	yes	user-preference-media-features-headers	https://github.com/WICG/user-preference-media-features-headers		graphics-media	CATALOG_INGESTED	index.json	090aba06e0a04aa384a4bca8f97cca4f60254b43a0bd20de15575cd42f550e39
browser-specs	video-rvfc	umbrella	https://wicg.github.io/video-rvfc/	HTMLVideoElement.requestVideoFrameCallback()	Draft Community Group Report	NOT_APPLICABLE	UNKNOWN	UNKNOWN	UNKNOWN	good	W3C	yes	video-rvfc	https://github.com/WICG/video-rvfc	video-rvfc	graphics-media	CATALOG_INGESTED	index.json	660a205ec7144dee8b2c65ff73ef7b08da81767159b32ca60e0d36f0a3ef6183
browser-specs	web-app-launch	umbrella	https://wicg.github.io/web-app-launch/	Web App Launch Handler API	Draft Community Group Report	NOT_APPLICABLE	UNKNOWN	UNKNOWN	UNKNOWN	good	W3C	yes	web-app-launch	https://github.com/WICG/web-app-launch		installed-offline	CATALOG_INGESTED	index.json	dceadbf3d006a484066abb70b6119192534b610dc278cfa96b4447205e5a8823
browser-specs	web-bluetooth	umbrella	https://webbluetoothcg.github.io/web-bluetooth/	Web Bluetooth	Draft Community Group Report	NOT_APPLICABLE	UNKNOWN	UNKNOWN	UNKNOWN	good	W3C	yes	web-bluetooth	https://github.com/WebBluetoothCG/web-bluetooth	bluetooth	device-input	CATALOG_INGESTED	index.json	db42ebd1fc6cfe60ac719238e5161d2a69beacd8ff6f754eb8d421d026d229f5
browser-specs	web-bluetooth-scanning	umbrella	https://webbluetoothcg.github.io/web-bluetooth/scanning.html	Web Bluetooth Scanning	Draft Community Group Report	NOT_APPLICABLE	UNKNOWN	UNKNOWN	UNKNOWN	good	W3C	yes	web-bluetooth-scanning	https://github.com/WebBluetoothCG/web-bluetooth		device-input	CATALOG_INGESTED	index.json	34cb7e4fde4dc63bbc46979d8e3297b2467732ff4fe1fefe613bd28ee7e9b395
browser-specs	web-nfc	umbrella	https://w3c-cg.github.io/web-nfc/	Web NFC	Draft Community Group Report	NOT_APPLICABLE	UNKNOWN	UNKNOWN	UNKNOWN	good	W3C	yes	web-nfc	https://github.com/w3c-cg/web-nfc	web-nfc	device-input	CATALOG_INGESTED	index.json	ec9b378ad144e89efa7164ae7c6072c15b6bb619361d26d06c449519ef91adce
browser-specs	web-otp	umbrella	https://wicg.github.io/web-otp/	WebOTP API	Draft Community Group Report	NOT_APPLICABLE	UNKNOWN	UNKNOWN	UNKNOWN	good	W3C	yes	web-otp	https://github.com/WICG/web-otp	web-otp		CATALOG_INGESTED	index.json	678e1fdc8f75acd38c09ee170356523433b4362ce4ac0c23ca9731ea59d4491b
browser-specs	webcrypto-modern-algos	umbrella	https://wicg.github.io/webcrypto-modern-algos/	Modern Algorithms in the Web Cryptography API	Draft Community Group Report	NOT_APPLICABLE	UNKNOWN	UNKNOWN	UNKNOWN	good	W3C	yes	webcrypto-modern-algos	https://github.com/WICG/webcrypto-modern-algos			CATALOG_INGESTED	index.json	a1c9bcf8e51900d168370090bd8b828b25cb8c333ee8183f933b7feb3d4fd9d0
browser-specs	webcrypto-secure-curves	umbrella	https://wicg.github.io/webcrypto-secure-curves/	Secure Curves in the Web Cryptography API	Draft Community Group Report	NOT_APPLICABLE	UNKNOWN	UNKNOWN	UNKNOWN	good	W3C	yes	webcrypto-secure-curves	https://github.com/WICG/webcrypto-secure-curves			CATALOG_INGESTED	index.json	f2d369bbc71aa5bca8545f5b9dddbd502ae356546a60066e770e7378f3dcb2fa
browser-specs	webextensions	umbrella	https://w3c.github.io/webextensions/specification/	Web Extensions	Draft Community Group Report	NOT_APPLICABLE	UNKNOWN	UNKNOWN	UNKNOWN	good	W3C	yes	webextensions	https://github.com/w3c/webextensions	web-extensions		CATALOG_INGESTED	index.json	e2965f5685290c737f51bbcc8d2d5111f608f6b8b89816d2396603dadc504182
browser-specs	webhid	umbrella	https://wicg.github.io/webhid/	WebHID API	Draft Community Group Report	NOT_APPLICABLE	UNKNOWN	UNKNOWN	UNKNOWN	good	W3C	yes	webhid	https://github.com/WICG/webhid	webhid		CATALOG_INGESTED	index.json	572152887dcef15d8e627d5a5b8737f642b56fca8323efe02e15203664a50eeb
browser-specs	webmcp	umbrella	https://webmachinelearning.github.io/webmcp/	WebMCP	Draft Community Group Report	NOT_APPLICABLE	UNKNOWN	UNKNOWN	UNKNOWN	good	W3C	yes	webmcp	https://github.com/webmachinelearning/webmcp		agents-ml	CATALOG_INGESTED	index.json	e3483fa71360ed517865a56df1a2de43cd8fd7bec34a16c40bec616b6035779e
browser-specs	webpackage	umbrella	https://wicg.github.io/webpackage/loading.html	Loading Signed Exchanges	Draft Community Group Report	NOT_APPLICABLE	UNKNOWN	UNKNOWN	UNKNOWN	good	W3C	yes	webpackage	https://github.com/WICG/webpackage		navigation-loading	CATALOG_INGESTED	index.json	bb0633fb12c88627d5ebe586fdac4c4c03a7c95a8a308faa8fb466a7a42c3f24
browser-specs	webusb	umbrella	https://wicg.github.io/webusb/	WebUSB API	Draft Community Group Report	NOT_APPLICABLE	UNKNOWN	UNKNOWN	UNKNOWN	good	W3C	yes	webusb	https://github.com/WICG/webusb	webusb		CATALOG_INGESTED	index.json	b4e28b6a2b5d1f4f7f6d11c7cbb1d803ee79f50088f79a9e504d3cc0d3cfd87f
browser-specs	window-controls-overlay	umbrella	https://wicg.github.io/window-controls-overlay/	Window Controls Overlay	Draft Community Group Report	NOT_APPLICABLE	UNKNOWN	UNKNOWN	UNKNOWN	good	W3C	yes	window-controls-overlay	https://github.com/WICG/window-controls-overlay			CATALOG_INGESTED	index.json	139d04e297f9d682e0458e375a8586f7a3ad41f8b3563e6498ee45bfaa38861f
browser-specs	writing-assistance-apis	umbrella	https://webmachinelearning.github.io/writing-assistance-apis/	Writing Assistance APIs	Draft Community Group Report	NOT_APPLICABLE	UNKNOWN	UNKNOWN	UNKNOWN	good	W3C	yes	writing-assistance-apis	https://github.com/webmachinelearning/writing-assistance-apis		agents-ml	CATALOG_INGESTED	index.json	c7e29b39c701461c133156a63c8d314166ec8dcaa358db0a3d5b8ca4421a8296
browser-specs	afgs1-spec	umbrella	https://aomediacodec.github.io/afgs1-spec/	AOMedia Film Grain Synthesis 1 (AFGS1) specification	Draft Deliverable	NOT_APPLICABLE	UNKNOWN	UNKNOWN	UNKNOWN	good	Alliance for Open Media	no	afgs1-spec	https://github.com/AOMediaCodec/afgs1-spec		graphics-media	CATALOG_INGESTED	index.json	346e548c0c92d20cf726053f56e2864094ae713d1ecafb397092a4cf11b9b9d7
browser-specs	av1-isobmff	umbrella	https://aomediacodec.github.io/av1-isobmff/	AV1 Codec ISO Media File Format Binding	Draft Deliverable	NOT_APPLICABLE	UNKNOWN	UNKNOWN	UNKNOWN	good	Alliance for Open Media	yes	av1-isobmff	https://github.com/AOMediaCodec/av1-isobmff		storage-files,graphics-media	CATALOG_INGESTED	index.json	846f8db490b2e0ab442ff7d41cbbd3d56297ed5c61238d67267a12c3b3b06742
browser-specs	av1-mpeg2-ts	umbrella	https://aomediacodec.github.io/av1-mpeg2-ts/	Carriage of AV1 in MPEG-2 TS	Draft Deliverable	NOT_APPLICABLE	UNKNOWN	UNKNOWN	UNKNOWN	good	Alliance for Open Media	yes	av1-mpeg2-ts	https://github.com/AOMediaCodec/av1-mpeg2-ts		storage-files	CATALOG_INGESTED	index.json	c13918f7ae60debdec650fe7cc3541a2ced91e5c70485b33221eb935b89eb915
browser-specs	av1-rtp-spec	umbrella	https://aomediacodec.github.io/av1-rtp-spec/	RTP Payload Format For AV1	Draft Deliverable	NOT_APPLICABLE	UNKNOWN	UNKNOWN	UNKNOWN	good	Alliance for Open Media	yes	av1-rtp-spec	https://github.com/AOMediaCodec/av1-rtp-spec		storage-files	CATALOG_INGESTED	index.json	544bb5b19c2954ccd40815901f79782d8423679a54fc9009f524eb9f670a46b0
browser-specs	av1-spec	umbrella	https://aomediacodec.github.io/av1-spec/av1-spec.pdf	AV1 Bitstream & Decoding Process Specification	Draft Deliverable	NOT_APPLICABLE	Final Deliverable	UNKNOWN	https://aomediacodec.github.io/av1-spec/av1-spec.pdf	good	Alliance for Open Media	yes	av1-spec	https://github.com/AOMediaCodec/av1-spec		graphics-media	CATALOG_INGESTED	index.json	5fb6a71db3c06f8fe1c8f197dc1e9b368538d251b2a0159fb48184302988399d
browser-specs	promises-guide	umbrella	https://www.w3.org/2001/tag/doc/promises-guide	Writing Promise-Using Specifications	Draft Finding	NOT_APPLICABLE	UNKNOWN	UNKNOWN	UNKNOWN	good	W3C	no	promises-guide	https://github.com/w3ctag/promises-guide			CATALOG_INGESTED	index.json	d266393bf45bef637b29c778dd1139746376481c3c1e350c2b64639e4cc34c60
browser-specs	permissions-registry	umbrella	https://w3c.github.io/permissions-registry/	Permissions Registry	Draft Registry	NOT_APPLICABLE	UNKNOWN	UNKNOWN	UNKNOWN	good	W3C	yes	permissions-registry	https://github.com/w3c/permissions-registry		security-privacy	CATALOG_INGESTED	index.json	87a7e9f49085eb674dc2ccfc86d043ddf1e1323621236dd32746261b12d12264
browser-specs	ANGLE_instanced_arrays	umbrella	https://registry.khronos.org/webgl/extensions/ANGLE_instanced_arrays/	WebGL ANGLE_instanced_arrays Khronos Ratified Extension Specification	Editor's Draft	NOT_APPLICABLE	UNKNOWN	UNKNOWN	UNKNOWN	good	Khronos Group	yes	ANGLE_instanced_arrays	https://github.com/KhronosGroup/WebGL	conformance-suites	graphics-media	CATALOG_INGESTED	index.json	58184217f7bf017fd5349da4e1d70cdd317e7840d61fec95bd6ea217503ca6e6
browser-specs	CSP3	umbrella	https://www.w3.org/TR/CSP3/	Content Security Policy Level 3	Editor's Draft	NOT_APPLICABLE	Working Draft	UNKNOWN	https://www.w3.org/TR/CSP3/	good	W3C	yes	CSP	https://github.com/w3c/webappsec-csp	content-security-policy	security-privacy	CATALOG_INGESTED	index.json	09dc73531c34e12c33f89d76b066fecb2b8bb1da3bd3919b666d4fd378451d3e
browser-specs	CSS2	umbrella	https://www.w3.org/TR/CSS2/	Cascading Style Sheets Level 2	Editor's Draft	NOT_APPLICABLE	Recommendation	UNKNOWN	https://www.w3.org/TR/CSS2/	good	W3C	yes	CSS	https://github.com/w3c/csswg-drafts	css/CSS2	document-ui	CATALOG_INGESTED	index.json	4780c1dda40506b55073983604f3344566ce2d64ef5a8294ade0be7220bba595
browser-specs	DOM-Level-2-Style	umbrella	https://www.w3.org/TR/DOM-Level-2-Style/	Document Object Model (DOM) Level 2 Style Specification	Editor's Draft	NOT_APPLICABLE	Discontinued Draft	UNKNOWN	https://www.w3.org/TR/DOM-Level-2-Style/	discontinued	W3C	yes	DOM-Style			document-ui,agents-ml	CATALOG_INGESTED	index.json	f98d5411ed3dcff08c3d4ed83ac34b61fb01eae9acac730ecc0ff31868843ab2
browser-specs	DOM-Parsing	umbrella	https://www.w3.org/TR/DOM-Parsing/	DOM Parsing and Serialization	Editor's Draft	NOT_APPLICABLE	Working Draft	UNKNOWN	https://www.w3.org/TR/DOM-Parsing/	good	W3C	yes	DOM-Parsing	https://github.com/w3c/DOM-Parsing	domparsing	document-ui	CATALOG_INGESTED	index.json	e496243f9fc5d7159486ed396d94cf4f53bcf46ec6d2747b4138317117b27d2f
browser-specs	ESSL	umbrella	https://registry.khronos.org/OpenGL/specs/es/3.2/GLSL_ES_Specification_3.20.html	The OpenGL ES® Shading Language, Version 3.20.8	Editor's Draft	NOT_APPLICABLE	UNKNOWN	UNKNOWN	UNKNOWN	good	Khronos Group	yes	ESSL			accessibility-i18n	CATALOG_INGESTED	index.json	35f002c086637a88d33065a6cded476a77b5bcb0c7e67901f5c3df1eebce02f6
browser-specs	EXT_blend_minmax	umbrella	https://registry.khronos.org/webgl/extensions/EXT_blend_minmax/	WebGL EXT_blend_minmax Khronos Ratified Extension Specification	Editor's Draft	NOT_APPLICABLE	UNKNOWN	UNKNOWN	UNKNOWN	good	Khronos Group	yes	EXT_blend_minmax	https://github.com/KhronosGroup/WebGL	conformance-suites	graphics-media	CATALOG_INGESTED	index.json	e67074b50803740900471f325f9930780b3ee8f48c277634358e369a36027cbf
browser-specs	EXT_color_buffer_float	umbrella	https://registry.khronos.org/webgl/extensions/EXT_color_buffer_float/	WebGL EXT_color_buffer_float Extension Specification	Editor's Draft	NOT_APPLICABLE	UNKNOWN	UNKNOWN	UNKNOWN	good	Khronos Group	yes	EXT_color_buffer_float	https://github.com/KhronosGroup/WebGL	conformance-suites	graphics-media	CATALOG_INGESTED	index.json	612f323b04834f976535516edc066aab245e71a709ef5ad873fc8e6ea7328944
browser-specs	EXT_color_buffer_half_float	umbrella	https://registry.khronos.org/webgl/extensions/EXT_color_buffer_half_float/	WebGL EXT_color_buffer_half_float Extension Specification	Editor's Draft	NOT_APPLICABLE	UNKNOWN	UNKNOWN	UNKNOWN	good	Khronos Group	yes	EXT_color_buffer_half_float	https://github.com/KhronosGroup/WebGL	conformance-suites	graphics-media	CATALOG_INGESTED	index.json	e0883d12f09aa3a68f65afde93127254e00eff4d1ce7da55a3424d8661f9df8c
browser-specs	EXT_disjoint_timer_query	umbrella	https://registry.khronos.org/webgl/extensions/EXT_disjoint_timer_query/	WebGL EXT_disjoint_timer_query Extension Specification	Editor's Draft	NOT_APPLICABLE	UNKNOWN	UNKNOWN	UNKNOWN	good	Khronos Group	yes	EXT_disjoint_timer_query	https://github.com/KhronosGroup/WebGL	conformance-suites	graphics-media	CATALOG_INGESTED	index.json	880a5517c6dc4e165919a1466068d1b20dd711f7fdaf0d98e80652fdbabcde6b
browser-specs	EXT_disjoint_timer_query_webgl2	umbrella	https://registry.khronos.org/webgl/extensions/EXT_disjoint_timer_query_webgl2/	WebGL EXT_disjoint_timer_query_webgl2 Extension Specification	Editor's Draft	NOT_APPLICABLE	UNKNOWN	UNKNOWN	UNKNOWN	good	Khronos Group	yes	EXT_disjoint_timer_query_webgl2	https://github.com/KhronosGroup/WebGL	conformance-suites	graphics-media	CATALOG_INGESTED	index.json	90a5b46fa94506f14fd1e109ae6527577b1aac51bb8fcbb5be64d143b05be2a7
browser-specs	EXT_float_blend	umbrella	https://registry.khronos.org/webgl/extensions/EXT_float_blend/	WebGL EXT_float_blend Extension Specification	Editor's Draft	NOT_APPLICABLE	UNKNOWN	UNKNOWN	UNKNOWN	good	Khronos Group	yes	EXT_float_blend	https://github.com/KhronosGroup/WebGL	conformance-suites	graphics-media	CATALOG_INGESTED	index.json	050fd0135b2d82651a605e43d11aeb78670fe24a672966a383f15c6d048979de
browser-specs	EXT_frag_depth	umbrella	https://registry.khronos.org/webgl/extensions/EXT_frag_depth/	WebGL EXT_frag_depth Khronos Ratified Extension Specification	Editor's Draft	NOT_APPLICABLE	UNKNOWN	UNKNOWN	UNKNOWN	good	Khronos Group	yes	EXT_frag_depth	https://github.com/KhronosGroup/WebGL	conformance-suites	graphics-media	CATALOG_INGESTED	index.json	76ee4a072a9be3b400d48a52be0607cffc52f669324fc4d6502287e5ec59ce4c
browser-specs	EXT_sRGB	umbrella	https://registry.khronos.org/webgl/extensions/EXT_sRGB/	WebGL EXT_sRGB Extension Specification	Editor's Draft	NOT_APPLICABLE	UNKNOWN	UNKNOWN	UNKNOWN	good	Khronos Group	yes	EXT_sRGB	https://github.com/KhronosGroup/WebGL	conformance-suites	graphics-media	CATALOG_INGESTED	index.json	193df4f93379d99691f1f8183aaae46e1731f359aded9dbb9c0d1a2bc7c351d6
browser-specs	EXT_shader_texture_lod	umbrella	https://registry.khronos.org/webgl/extensions/EXT_shader_texture_lod/	WebGL EXT_shader_texture_lod Khronos Ratified Extension Specification	Editor's Draft	NOT_APPLICABLE	UNKNOWN	UNKNOWN	UNKNOWN	good	Khronos Group	yes	EXT_shader_texture_lod	https://github.com/KhronosGroup/WebGL	conformance-suites	graphics-media	CATALOG_INGESTED	index.json	e921d38144d0e0cc1e67dfbe907a3005fc2486cb25878e7169295c297d52549d
browser-specs	EXT_texture_compression_bptc	umbrella	https://registry.khronos.org/webgl/extensions/EXT_texture_compression_bptc/	WebGL EXT_texture_compression_bptc Extension Specification	Editor's Draft	NOT_APPLICABLE	UNKNOWN	UNKNOWN	UNKNOWN	good	Khronos Group	yes	EXT_texture_compression_bptc	https://github.com/KhronosGroup/WebGL	conformance-suites	graphics-media	CATALOG_INGESTED	index.json	ca9b5d755ecb22d7ebe5290c36660ffab3d968e635b4a5aa453e909436abceb0
browser-specs	EXT_texture_compression_rgtc	umbrella	https://registry.khronos.org/webgl/extensions/EXT_texture_compression_rgtc/	WebGL EXT_texture_compression_rgtc Extension Specification	Editor's Draft	NOT_APPLICABLE	UNKNOWN	UNKNOWN	UNKNOWN	good	Khronos Group	yes	EXT_texture_compression_rgtc	https://github.com/KhronosGroup/WebGL	conformance-suites	graphics-media	CATALOG_INGESTED	index.json	31fec7164c7605939d4400c4e2ce6f97569ac4ce149508f3f8b26bdf0eb837f3
browser-specs	EXT_texture_filter_anisotropic	umbrella	https://registry.khronos.org/webgl/extensions/EXT_texture_filter_anisotropic/	WebGL EXT_texture_filter_anisotropic Khronos Ratified Extension Specification	Editor's Draft	NOT_APPLICABLE	UNKNOWN	UNKNOWN	UNKNOWN	good	Khronos Group	yes	EXT_texture_filter_anisotropic	https://github.com/KhronosGroup/WebGL	conformance-suites	graphics-media	CATALOG_INGESTED	index.json	6aacfb51249bcb55e9e01a6c022fbf5c2cf96796db2ce24702fddd8f76e1b9d0
browser-specs	EXT_texture_norm16	umbrella	https://registry.khronos.org/webgl/extensions/EXT_texture_norm16/	WebGL EXT_texture_norm16 Extension Specification	Editor's Draft	NOT_APPLICABLE	UNKNOWN	UNKNOWN	UNKNOWN	good	Khronos Group	yes	EXT_texture_norm16	https://github.com/KhronosGroup/WebGL	conformance-suites	graphics-media	CATALOG_INGESTED	index.json	cd0cdc0799fc472683878c43ed196e59f129be5ef960cdd83de4650e2dd52146
browser-specs	FileAPI	umbrella	https://www.w3.org/TR/FileAPI/	File API	Editor's Draft	NOT_APPLICABLE	Working Draft	UNKNOWN	https://www.w3.org/TR/FileAPI/	good	W3C	yes	FileAPI	https://github.com/w3c/FileAPI	FileAPI		CATALOG_INGESTED	index.json	d28669c58862a1b5bd0ef37426549a392bd368d56249e2214f881f87b22d3707
browser-specs	GIF	umbrella	https://www.w3.org/Graphics/GIF/spec-gif89a.txt	Graphics Interchange Format	Editor's Draft	NOT_APPLICABLE	UNKNOWN	UNKNOWN	UNKNOWN	good	CompuServe Incorporated	yes	GIF		gif		CATALOG_INGESTED	index.json	0e87fbb1779266fdb75f8af2a08f950168fa2b8a4767c562f845ba655e2284af
browser-specs	IFT	umbrella	https://www.w3.org/TR/IFT/	Incremental Font Transfer	Editor's Draft	NOT_APPLICABLE	Candidate Recommendation Draft	UNKNOWN	https://www.w3.org/TR/IFT/	good	W3C	yes	IFT	https://github.com/w3c/IFT		graphics-media	CATALOG_INGESTED	index.json	52a3af24a0426d67e938d79a566f19950f544da7244a8cbfcd2309a04a463035
browser-specs	IndexedDB-3	umbrella	https://www.w3.org/TR/IndexedDB-3/	Indexed Database API 3.0	Editor's Draft	NOT_APPLICABLE	Working Draft	UNKNOWN	https://www.w3.org/TR/IndexedDB-3/	good	W3C	yes	IndexedDB	https://github.com/w3c/IndexedDB	IndexedDB	storage-files	CATALOG_INGESTED	index.json	01d0ad8b4af21dd03a25e44931757b1482014e16ee9ae5225714668fd606a34d
browser-specs	KHR_parallel_shader_compile	umbrella	https://registry.khronos.org/webgl/extensions/KHR_parallel_shader_compile/	WebGL KHR_parallel_shader_compile Extension Specification	Editor's Draft	NOT_APPLICABLE	UNKNOWN	UNKNOWN	UNKNOWN	good	Khronos Group	yes	KHR_parallel_shader_compile	https://github.com/KhronosGroup/WebGL	conformance-suites	graphics-media	CATALOG_INGESTED	index.json	e40277aa5e2a34a26aaca2de078a5b0efd53b2d41b09a086273fbb4182ab8fd9
browser-specs	OES_draw_buffers_indexed	umbrella	https://registry.khronos.org/webgl/extensions/OES_draw_buffers_indexed/	WebGL OES_draw_buffers_indexed Extension Specification	Editor's Draft	NOT_APPLICABLE	UNKNOWN	UNKNOWN	UNKNOWN	good	Khronos Group	yes	OES_draw_buffers_indexed	https://github.com/KhronosGroup/WebGL	conformance-suites	graphics-media	CATALOG_INGESTED	index.json	2d0599180745eb17d9595313f478000191ccdb003fa231e0c80de044399d76e5
browser-specs	OES_element_index_uint	umbrella	https://registry.khronos.org/webgl/extensions/OES_element_index_uint/	WebGL OES_element_index_uint Khronos Ratified Extension Specification	Editor's Draft	NOT_APPLICABLE	UNKNOWN	UNKNOWN	UNKNOWN	good	Khronos Group	yes	OES_element_index_uint	https://github.com/KhronosGroup/WebGL	conformance-suites	graphics-media	CATALOG_INGESTED	index.json	afa89ff1b6eb75d15de3298c29d51798f8696a1fb65fd352facad28946d05c1c
browser-specs	OES_fbo_render_mipmap	umbrella	https://registry.khronos.org/webgl/extensions/OES_fbo_render_mipmap/	WebGL OES_fbo_render_mipmap Extension Specification	Editor's Draft	NOT_APPLICABLE	UNKNOWN	UNKNOWN	UNKNOWN	good	Khronos Group	yes	OES_fbo_render_mipmap	https://github.com/KhronosGroup/WebGL	conformance-suites	graphics-media	CATALOG_INGESTED	index.json	c65d0074f91e31c59aa4560ca0824d8eb7568e8022e568bcff4801093adb2eaf
browser-specs	OES_standard_derivatives	umbrella	https://registry.khronos.org/webgl/extensions/OES_standard_derivatives/	WebGL OES_standard_derivatives Khronos Ratified Extension Specification	Editor's Draft	NOT_APPLICABLE	UNKNOWN	UNKNOWN	UNKNOWN	good	Khronos Group	yes	OES_standard_derivatives	https://github.com/KhronosGroup/WebGL	conformance-suites	graphics-media	CATALOG_INGESTED	index.json	c2b3311695a9ce4f61497f38c745de8a956daee8023cc972ae174b688e353c3c
browser-specs	OES_texture_float	umbrella	https://registry.khronos.org/webgl/extensions/OES_texture_float/	WebGL OES_texture_float Khronos Ratified Extension Specification	Editor's Draft	NOT_APPLICABLE	UNKNOWN	UNKNOWN	UNKNOWN	good	Khronos Group	yes	OES_texture_float	https://github.com/KhronosGroup/WebGL	conformance-suites	graphics-media	CATALOG_INGESTED	index.json	a2549bdc65e9c6f890f81757d531dd36416a4cdbb657df794d94d93c22251b4e
browser-specs	OES_texture_float_linear	umbrella	https://registry.khronos.org/webgl/extensions/OES_texture_float_linear/	WebGL OES_texture_float_linear Khronos Ratified Extension Specification	Editor's Draft	NOT_APPLICABLE	UNKNOWN	UNKNOWN	UNKNOWN	good	Khronos Group	yes	OES_texture_float_linear	https://github.com/KhronosGroup/WebGL	conformance-suites	graphics-media	CATALOG_INGESTED	index.json	42d380d505ecea1a00f0b4477e2093fa6b116923daac2cc62f25ca5c4bda510f
browser-specs	OES_texture_half_float	umbrella	https://registry.khronos.org/webgl/extensions/OES_texture_half_float/	WebGL OES_texture_half_float Khronos Ratified Extension Specification	Editor's Draft	NOT_APPLICABLE	UNKNOWN	UNKNOWN	UNKNOWN	good	Khronos Group	yes	OES_texture_half_float	https://github.com/KhronosGroup/WebGL	conformance-suites	graphics-media	CATALOG_INGESTED	index.json	d4c0031663caf5c82ce473ecf1136fab29d4f1944de14b23776732d8738a8ca8
browser-specs	OES_texture_half_float_linear	umbrella	https://registry.khronos.org/webgl/extensions/OES_texture_half_float_linear/	WebGL OES_texture_half_float_linear Khronos Ratified Extension Specification	Editor's Draft	NOT_APPLICABLE	UNKNOWN	UNKNOWN	UNKNOWN	good	Khronos Group	yes	OES_texture_half_float_linear	https://github.com/KhronosGroup/WebGL	conformance-suites	graphics-media	CATALOG_INGESTED	index.json	7eea117020551509a2e19d7b85d18f2c19aa24d19988ac8adc8c865f70356a5d
browser-specs	OES_vertex_array_object	umbrella	https://registry.khronos.org/webgl/extensions/OES_vertex_array_object/	WebGL OES_vertex_array_object Khronos Ratified Extension Specification	Editor's Draft	NOT_APPLICABLE	UNKNOWN	UNKNOWN	UNKNOWN	good	Khronos Group	yes	OES_vertex_array_object	https://github.com/KhronosGroup/WebGL	conformance-suites	graphics-media	CATALOG_INGESTED	index.json	86a6d9cd230b7ae01fa834595f903aeb13072c0874f4c54abd0e21ef7a1bc32d
browser-specs	OVR_multiview2	umbrella	https://registry.khronos.org/webgl/extensions/OVR_multiview2/	WebGL OVR_multiview2 Extension Specification	Editor's Draft	NOT_APPLICABLE	UNKNOWN	UNKNOWN	UNKNOWN	good	Khronos Group	yes	OVR_multiview2	https://github.com/KhronosGroup/WebGL	conformance-suites	graphics-media	CATALOG_INGESTED	index.json	fa2fb0a7c8317d7c62528af76f483b45b213969e17590cfa4e019da2baf755cb
browser-specs	SVG11	umbrella	https://www.w3.org/TR/SVG11/	Scalable Vector Graphics (SVG) 1.1 (Second Edition)	Editor's Draft	NOT_APPLICABLE	Recommendation	UNKNOWN	https://www.w3.org/TR/SVG11/	good	W3C	yes	SVG				CATALOG_INGESTED	index.json	570d2388a8b463935e8dfcef73c8663f9d0358418912adcc5f40c4772fa83955
browser-specs	SVG2	umbrella	https://www.w3.org/TR/SVG2/	Scalable Vector Graphics (SVG) 2	Editor's Draft	NOT_APPLICABLE	Candidate Recommendation Snapshot	UNKNOWN	https://www.w3.org/TR/SVG2/	good	W3C	yes	SVG	https://github.com/w3c/svgwg	svg		CATALOG_INGESTED	index.json	ea72aeaccee44766e696d271418fc030c44079163f2961219a607fba277b67a1
browser-specs	WCAG22	umbrella	https://www.w3.org/TR/WCAG22/	Web Content Accessibility Guidelines (WCAG) 2.2	Editor's Draft	NOT_APPLICABLE	Recommendation	UNKNOWN	https://www.w3.org/TR/WCAG22/	good	W3C	no	wcag	https://github.com/w3c/wcag		accessibility-i18n	CATALOG_INGESTED	index.json	002aab47315cbe1e4df4cfa9973f1c223c077bfc949f9b397a0950ea04ab7c3b
browser-specs	WEBGL_blend_equation_advanced_coherent	umbrella	https://registry.khronos.org/webgl/extensions/WEBGL_blend_equation_advanced_coherent/	WebGL WEBGL_blend_equation_advanced_coherent Extension Draft Specification	Editor's Draft	NOT_APPLICABLE	UNKNOWN	UNKNOWN	UNKNOWN	good	Khronos Group	yes	WEBGL_blend_equation_advanced_coherent	https://github.com/KhronosGroup/WebGL	conformance-suites	graphics-media	CATALOG_INGESTED	index.json	0c570a00a3c4845c173efc8af65bb6b2ac7f8fc28dd0014d975ceaccd9aadfdd
browser-specs	WEBGL_clip_cull_distance	umbrella	https://registry.khronos.org/webgl/extensions/WEBGL_clip_cull_distance/	WebGL WEBGL_clip_cull_distance Extension Specification	Editor's Draft	NOT_APPLICABLE	UNKNOWN	UNKNOWN	UNKNOWN	good	Khronos Group	yes	WEBGL_clip_cull_distance	https://github.com/KhronosGroup/WebGL	conformance-suites	graphics-media	CATALOG_INGESTED	index.json	6343bc058a80a152d2dc61cb7f575fb3366fe91b9822efe253421c2e39b5c3b3
browser-specs	WEBGL_color_buffer_float	umbrella	https://registry.khronos.org/webgl/extensions/WEBGL_color_buffer_float/	WebGL WEBGL_color_buffer_float Extension Specification	Editor's Draft	NOT_APPLICABLE	UNKNOWN	UNKNOWN	UNKNOWN	good	Khronos Group	yes	WEBGL_color_buffer_float	https://github.com/KhronosGroup/WebGL	conformance-suites	graphics-media	CATALOG_INGESTED	index.json	d541aeff46d55ccd541d6492a966fc77095626008aed632af2bc2f3146cb09c0
browser-specs	WEBGL_compressed_texture_astc	umbrella	https://registry.khronos.org/webgl/extensions/WEBGL_compressed_texture_astc/	WebGL WEBGL_compressed_texture_astc Extension Specification	Editor's Draft	NOT_APPLICABLE	UNKNOWN	UNKNOWN	UNKNOWN	good	Khronos Group	yes	WEBGL_compressed_texture_astc	https://github.com/KhronosGroup/WebGL	conformance-suites	graphics-media	CATALOG_INGESTED	index.json	3dd7934196353485fdef748ae7d9b82990748f41b769476fbf710519b52c3e5c
browser-specs	WEBGL_compressed_texture_etc	umbrella	https://registry.khronos.org/webgl/extensions/WEBGL_compressed_texture_etc/	WebGL WEBGL_compressed_texture_etc Extension Specification	Editor's Draft	NOT_APPLICABLE	UNKNOWN	UNKNOWN	UNKNOWN	good	Khronos Group	yes	WEBGL_compressed_texture_etc	https://github.com/KhronosGroup/WebGL	conformance-suites	graphics-media	CATALOG_INGESTED	index.json	68882ee614d9adfc546fcdfb7444a88baa560a3e5beeb4543719a4d1d14c4d84
browser-specs	WEBGL_compressed_texture_etc1	umbrella	https://registry.khronos.org/webgl/extensions/WEBGL_compressed_texture_etc1/	WebGL WEBGL_compressed_texture_etc1 Extension Specification	Editor's Draft	NOT_APPLICABLE	UNKNOWN	UNKNOWN	UNKNOWN	good	Khronos Group	yes	WEBGL_compressed_texture_etc1	https://github.com/KhronosGroup/WebGL	conformance-suites	graphics-media	CATALOG_INGESTED	index.json	07509a473f252db2ca9623c0b3666f98f81605981eee32decadc86f8a93b3a7b
browser-specs	WEBGL_compressed_texture_pvrtc	umbrella	https://registry.khronos.org/webgl/extensions/WEBGL_compressed_texture_pvrtc/	WebGL WEBGL_compressed_texture_pvrtc Extension Specification	Editor's Draft	NOT_APPLICABLE	UNKNOWN	UNKNOWN	UNKNOWN	good	Khronos Group	yes	WEBGL_compressed_texture_pvrtc	https://github.com/KhronosGroup/WebGL	conformance-suites	graphics-media	CATALOG_INGESTED	index.json	e60f02517fba742e59921cafeaf19d3ad348abc3c5f72ef684a97d65a5f50ca8
browser-specs	WEBGL_compressed_texture_s3tc	umbrella	https://registry.khronos.org/webgl/extensions/WEBGL_compressed_texture_s3tc/	WebGL WEBGL_compressed_texture_s3tc Khronos Ratified Extension Specification	Editor's Draft	NOT_APPLICABLE	UNKNOWN	UNKNOWN	UNKNOWN	good	Khronos Group	yes	WEBGL_compressed_texture_s3tc	https://github.com/KhronosGroup/WebGL	conformance-suites	graphics-media	CATALOG_INGESTED	index.json	e3b5b19872116c062d5e2166df645636c91fae2da6283da642ff9bf14bbbc784
browser-specs	WEBGL_compressed_texture_s3tc_srgb	umbrella	https://registry.khronos.org/webgl/extensions/WEBGL_compressed_texture_s3tc_srgb/	WebGL WEBGL_compressed_texture_s3tc_srgb Extension Specification	Editor's Draft	NOT_APPLICABLE	UNKNOWN	UNKNOWN	UNKNOWN	good	Khronos Group	yes	WEBGL_compressed_texture_s3tc_srgb	https://github.com/KhronosGroup/WebGL	conformance-suites	graphics-media	CATALOG_INGESTED	index.json	11aacad4e97cb1434bfa4725f3a436b362287892c47b26ea549c369199419af5
browser-specs	WEBGL_debug_renderer_info	umbrella	https://registry.khronos.org/webgl/extensions/WEBGL_debug_renderer_info/	WebGL WEBGL_debug_renderer_info Khronos Ratified Extension Specification	Editor's Draft	NOT_APPLICABLE	UNKNOWN	UNKNOWN	UNKNOWN	good	Khronos Group	yes	WEBGL_debug_renderer_info	https://github.com/KhronosGroup/WebGL	conformance-suites	graphics-media	CATALOG_INGESTED	index.json	18796f300d70aed81c37542f7628e6e69d4eb8d4f7f3b1ad043301c83434b553
browser-specs	WEBGL_debug_shaders	umbrella	https://registry.khronos.org/webgl/extensions/WEBGL_debug_shaders/	WebGL WEBGL_debug_shaders Khronos Ratified Extension Specification	Editor's Draft	NOT_APPLICABLE	UNKNOWN	UNKNOWN	UNKNOWN	good	Khronos Group	yes	WEBGL_debug_shaders	https://github.com/KhronosGroup/WebGL	conformance-suites	graphics-media	CATALOG_INGESTED	index.json	b2b617ef6a738b7335933f2105211acc680f4d27ffe92899f54e0cbb89c9603b
browser-specs	WEBGL_depth_texture	umbrella	https://registry.khronos.org/webgl/extensions/WEBGL_depth_texture/	WebGL WEBGL_depth_texture Khronos Ratified Extension Specification	Editor's Draft	NOT_APPLICABLE	UNKNOWN	UNKNOWN	UNKNOWN	good	Khronos Group	yes	WEBGL_depth_texture	https://github.com/KhronosGroup/WebGL	conformance-suites	graphics-media	CATALOG_INGESTED	index.json	d4e8cc8b7745310087292d48d02ee24d571dd19ba90b30f11dcbe356b7ef0ea4
browser-specs	WEBGL_draw_buffers	umbrella	https://registry.khronos.org/webgl/extensions/WEBGL_draw_buffers/	WebGL WEBGL_draw_buffers Khronos Ratified Extension Specification	Editor's Draft	NOT_APPLICABLE	UNKNOWN	UNKNOWN	UNKNOWN	good	Khronos Group	yes	WEBGL_draw_buffers	https://github.com/KhronosGroup/WebGL	conformance-suites	graphics-media	CATALOG_INGESTED	index.json	8578d1d66768826953daf7a253ede653f98333a163a643968139612985fc0858
browser-specs	WEBGL_draw_instanced_base_vertex_base_instance	umbrella	https://registry.khronos.org/webgl/extensions/WEBGL_draw_instanced_base_vertex_base_instance/	WebGL WEBGL_draw_instanced_base_vertex_base_instance Extension Draft Specification	Editor's Draft	NOT_APPLICABLE	UNKNOWN	UNKNOWN	UNKNOWN	good	Khronos Group	yes	WEBGL_draw_instanced_base_vertex_base_instance	https://github.com/KhronosGroup/WebGL	conformance-suites	graphics-media	CATALOG_INGESTED	index.json	520b3d91c4fb3b02c72321b26a2c80c2181b53c82a1593dc4c87418dc377171e
browser-specs	WEBGL_lose_context	umbrella	https://registry.khronos.org/webgl/extensions/WEBGL_lose_context/	WebGL WEBGL_lose_context Khronos Ratified Extension Specification	Editor's Draft	NOT_APPLICABLE	UNKNOWN	UNKNOWN	UNKNOWN	good	Khronos Group	yes	WEBGL_lose_context	https://github.com/KhronosGroup/WebGL	conformance-suites	graphics-media	CATALOG_INGESTED	index.json	e6a9a79a5137fe7a392fb959e13f29806a53301b1f5f0040b5ab1ce17d371299
browser-specs	WEBGL_multi_draw	umbrella	https://registry.khronos.org/webgl/extensions/WEBGL_multi_draw/	WebGL WEBGL_multi_draw Extension Specification	Editor's Draft	NOT_APPLICABLE	UNKNOWN	UNKNOWN	UNKNOWN	good	Khronos Group	yes	WEBGL_multi_draw	https://github.com/KhronosGroup/WebGL	conformance-suites	graphics-media	CATALOG_INGESTED	index.json	d369bbc4f3582ad422a996d50ba982bbdbf42b1df1049727ab3c34364b166b3c
browser-specs	WEBGL_multi_draw_instanced_base_vertex_base_instance	umbrella	https://registry.khronos.org/webgl/extensions/WEBGL_multi_draw_instanced_base_vertex_base_instance/	WebGL WEBGL_multi_draw_instanced_base_vertex_base_instance Extension Draft Specification	Editor's Draft	NOT_APPLICABLE	UNKNOWN	UNKNOWN	UNKNOWN	good	Khronos Group	yes	WEBGL_multi_draw_instanced_base_vertex_base_instance	https://github.com/KhronosGroup/WebGL	conformance-suites	graphics-media	CATALOG_INGESTED	index.json	f1cbd121ab6e1f40aa8e93ccb33c75a5bb8b5902429d1464b6793783c930dd5e
browser-specs	WEBGL_provoking_vertex	umbrella	https://registry.khronos.org/webgl/extensions/WEBGL_provoking_vertex/	WebGL WEBGL_provoking_vertex Extension Specification	Editor's Draft	NOT_APPLICABLE	UNKNOWN	UNKNOWN	UNKNOWN	good	Khronos Group	yes	WEBGL_provoking_vertex	https://github.com/KhronosGroup/WebGL	conformance-suites	graphics-media	CATALOG_INGESTED	index.json	13e662f2e20283e098e5e2a411e4ddd0e37b95ff198e208241bf85db62fdbc8b
browser-specs	WGSL	umbrella	https://www.w3.org/TR/WGSL/	WebGPU Shading Language	Editor's Draft	NOT_APPLICABLE	Candidate Recommendation Draft	UNKNOWN	https://www.w3.org/TR/WGSL/	good	W3C	yes	WGSL	https://github.com/gpuweb/gpuweb		accessibility-i18n,graphics-media	CATALOG_INGESTED	index.json	a431d939839bed26d1e0086042480a70fbf0f9d20d92216bd1ece011d1e3c13d
browser-specs	WOFF	umbrella	https://www.w3.org/TR/WOFF/	WOFF File Format 1.0	Editor's Draft	NOT_APPLICABLE	Recommendation	UNKNOWN	https://www.w3.org/TR/WOFF/	good	W3C	yes	WOFF	https://github.com/w3c/woff	woff1/tests		CATALOG_INGESTED	index.json	2a82cc93fceb9664f791d14d55981bcc58f9965eb226e3965a706c3e869d0a0b
browser-specs	WOFF2	umbrella	https://www.w3.org/TR/WOFF2/	WOFF File Format 2.0	Editor's Draft	NOT_APPLICABLE	Recommendation	UNKNOWN	https://www.w3.org/TR/WOFF2/	good	W3C	yes	WOFF	https://github.com/w3c/woff	css/WOFF2		CATALOG_INGESTED	index.json	e8bf97811904e038fa7eee58fa47a05c9445b730141deac170e24bc05cecaa0a
browser-specs	aac-registry	umbrella	https://www.w3.org/TR/aac-registry/	W3C Alternative and Augmented Communication (AAC) Symbol Registry	Editor's Draft	NOT_APPLICABLE	Draft Registry	UNKNOWN	https://www.w3.org/TR/aac-registry/	good	W3C	no	aac-registry	https://github.com/w3c/aac-registry			CATALOG_INGESTED	index.json	cb577b59ed4ef012cc310036eb3bde8469fe2dbce1be7a219aa3ca72f2adf3c5
browser-specs	accelerometer	umbrella	https://www.w3.org/TR/accelerometer/	Accelerometer	Editor's Draft	NOT_APPLICABLE	Candidate Recommendation Draft	UNKNOWN	https://www.w3.org/TR/accelerometer/	good	W3C	yes	accelerometer	https://github.com/w3c/accelerometer	accelerometer		CATALOG_INGESTED	index.json	f10e9877463a4f12efa91d1bd490ffabe08524455bb5fd75caf0e9c9fdbde421
browser-specs	accname-1.2	umbrella	https://www.w3.org/TR/accname-1.2/	Accessible Name and Description Computation 1.2	Editor's Draft	NOT_APPLICABLE	Working Draft	UNKNOWN	https://www.w3.org/TR/accname-1.2/	good	W3C	yes	accname	https://github.com/w3c/aria	accname	accessibility-i18n	CATALOG_INGESTED	index.json	1f061df33541d8580b7e3bf4fe400b5ca3c91906b5ccdb1e680513cdb77737dc
browser-specs	act-rules-format-1.1	umbrella	https://www.w3.org/TR/act-rules-format-1.1/	Accessibility Conformance Testing (ACT) Rules Format 1.1	Editor's Draft	NOT_APPLICABLE	Recommendation	UNKNOWN	https://www.w3.org/TR/act-rules-format-1.1/	good	W3C	no	act-rules-format	https://github.com/w3c/wcag-act			CATALOG_INGESTED	index.json	7b8b6dbe1c94dac03b393de67907ee84971e1bceb0388d7d0a5930b8ad73242c
browser-specs	ambient-light	umbrella	https://www.w3.org/TR/ambient-light/	Ambient Light Sensor	Editor's Draft	NOT_APPLICABLE	Working Draft	UNKNOWN	https://www.w3.org/TR/ambient-light/	good	W3C	yes	ambient-light	https://github.com/w3c/ambient-light	ambient-light	device-input	CATALOG_INGESTED	index.json	79cd0c7080cda838a957ffec51828517a10ff9829c8e8630c75567d58025cfb1
browser-specs	anchors	umbrella	https://immersive-web.github.io/anchors/	WebXR Anchors Module	Editor's Draft	NOT_APPLICABLE	UNKNOWN	UNKNOWN	UNKNOWN	good	W3C	yes	anchors	https://github.com/immersive-web/anchors	webxr/anchors		CATALOG_INGESTED	index.json	4a9e93bf369ea4b82eab3dc8dd55cc1dda156d5ed1e99a3040428549951a9f44
browser-specs	animation-triggers-1	umbrella	https://drafts.csswg.org/animation-triggers-1/	Animation Triggers	Editor's Draft	NOT_APPLICABLE	UNKNOWN	UNKNOWN	UNKNOWN	good	W3C	yes	animation-triggers	https://github.com/w3c/csswg-drafts		document-ui	CATALOG_INGESTED	index.json	fd81afd2b4e311b34df600fdb6ee6afa3eca93fe46afeca1e62f3a6054ed9f1d
browser-specs	appmanifest	umbrella	https://www.w3.org/TR/appmanifest/	Web Application Manifest	Editor's Draft	NOT_APPLICABLE	Working Draft	UNKNOWN	https://www.w3.org/TR/appmanifest/	good	W3C	yes	appmanifest	https://github.com/w3c/manifest	appmanifest	installed-offline	CATALOG_INGESTED	index.json	90fef60cf7361d8f62e399020d2d3534d0bc9e26d87347a75df916829768b3ec
browser-specs	at-driver	umbrella	https://w3c.github.io/at-driver/	AT Driver	Editor's Draft	NOT_APPLICABLE	UNKNOWN	UNKNOWN	UNKNOWN	good	W3C	yes	at-driver	https://github.com/w3c/at-driver			CATALOG_INGESTED	index.json	94dc1ad0849deb8df09889cc7e0e3d1472e080f89b85b17b31ea48aef1a941ea
browser-specs	attribution	umbrella	https://www.w3.org/TR/attribution/	Attribution Level 1	Editor's Draft	NOT_APPLICABLE	Working Draft	UNKNOWN	https://www.w3.org/TR/attribution/	good	W3C	yes	attribution	https://github.com/w3c/attribution			CATALOG_INGESTED	index.json	80b75b8381743d39311802a1255abeb96b1d83c0520e30a1cf32dfebfb3a2e48
browser-specs	audio-output	umbrella	https://www.w3.org/TR/audio-output/	Audio Output Devices API	Editor's Draft	NOT_APPLICABLE	Candidate Recommendation Draft	UNKNOWN	https://www.w3.org/TR/audio-output/	good	W3C	yes	audio-output	https://github.com/w3c/mediacapture-output	audio-output	graphics-media	CATALOG_INGESTED	index.json	305b24f99c7bc2825e0e91cb3edbceea696a6283250f8bd1bd899ce8332f7b95
browser-specs	audio-session	umbrella	https://www.w3.org/TR/audio-session/	Audio Session	Editor's Draft	NOT_APPLICABLE	Working Draft	UNKNOWN	https://www.w3.org/TR/audio-session/	good	W3C	yes	audio-session	https://github.com/w3c/audio-session		graphics-media	CATALOG_INGESTED	index.json	0bf4faba48920785f6964c66ec2b9a784af2e166d9bc37ed6284303d460bd59e
browser-specs	audiobooks	umbrella	https://www.w3.org/TR/audiobooks/	Audiobooks	Editor's Draft	NOT_APPLICABLE	Recommendation	UNKNOWN	https://www.w3.org/TR/audiobooks/	good	W3C	no	audiobooks	https://github.com/w3c/audiobooks			CATALOG_INGESTED	index.json	045f3f5383f09159c9537162ece080da91dd3ffba902d8233d87c3c6295f5b4f
browser-specs	autoplay-detection	umbrella	https://www.w3.org/TR/autoplay-detection/	Autoplay Policy Detection	Editor's Draft	NOT_APPLICABLE	Working Draft	UNKNOWN	https://www.w3.org/TR/autoplay-detection/	good	W3C	yes	autoplay-detection	https://github.com/w3c/autoplay	autoplay-policy-detection	graphics-media	CATALOG_INGESTED	index.json	6769aca8bdde421b2cf6c4bda4bbb6b94456e32a452dae9e535a0a8326610758
browser-specs	badging	umbrella	https://www.w3.org/TR/badging/	Badging API	Editor's Draft	NOT_APPLICABLE	Working Draft	UNKNOWN	https://www.w3.org/TR/badging/	good	W3C	yes	badging	https://github.com/w3c/badging	badging		CATALOG_INGESTED	index.json	b4cfd353dd86d2c75e8fce853fd879d0f715bc2aa877d528e851da53309c9d02
browser-specs	baggage	umbrella	https://www.w3.org/TR/baggage/	Propagation format for distributed context: Baggage	Editor's Draft	NOT_APPLICABLE	Working Draft	UNKNOWN	https://www.w3.org/TR/baggage/	good	W3C	no	baggage	https://github.com/w3c/baggage			CATALOG_INGESTED	index.json	5757f70d6481b1a15f6db8c631cf90ce47859266996ebf10930233cfbfc844ee
browser-specs	battery-status	umbrella	https://www.w3.org/TR/battery-status/	Battery Status API	Editor's Draft	NOT_APPLICABLE	Working Draft	UNKNOWN	https://www.w3.org/TR/battery-status/	good	W3C	yes	battery-status	https://github.com/w3c/battery	battery-status		CATALOG_INGESTED	index.json	357b8c9852a0a6589d13096f791641b48132dd87b1557e4552da55468553fa25
browser-specs	beacon	umbrella	https://www.w3.org/TR/beacon/	Beacon	Editor's Draft	NOT_APPLICABLE	Candidate Recommendation Draft	UNKNOWN	https://www.w3.org/TR/beacon/	good	W3C	yes	beacon	https://github.com/w3c/beacon	beacon	performance-observability	CATALOG_INGESTED	index.json	1a17e47e8baf593976ab30a0be8e8a19ab5eb7a1750b9f9f56ddc6edee5636cf
browser-specs	capture-handle-identity	umbrella	https://www.w3.org/TR/capture-handle-identity/	Capture Handle - Bootstrapping Collaboration when Screensharing	Editor's Draft	NOT_APPLICABLE	Working Draft	UNKNOWN	https://www.w3.org/TR/capture-handle-identity/	good	W3C	yes	capture-handle-identity	https://github.com/w3c/mediacapture-handle			CATALOG_INGESTED	index.json	c281a98834be8d92c9733bc71c4bc1cd90aeac9350649e9d39ba6367c67cc7cc
browser-specs	cbor-ld-10	umbrella	https://www.w3.org/TR/cbor-ld-10/	CBOR-LD 1.0	Editor's Draft	NOT_APPLICABLE	Working Draft	UNKNOWN	https://www.w3.org/TR/cbor-ld-10/	good	W3C	no	cbor-ld	https://github.com/w3c/cbor-ld			CATALOG_INGESTED	index.json	41a18dd12583aee586ba4cd66d71c03086dede3b90feafdb41921173757725fa
browser-specs	change-password-url	umbrella	https://www.w3.org/TR/change-password-url/	A Well-Known URL for Changing Passwords	Editor's Draft	NOT_APPLICABLE	Working Draft	UNKNOWN	https://www.w3.org/TR/change-password-url/	good	W3C	yes	change-password-url	https://github.com/w3c/webappsec-change-password-url		navigation-loading,security-privacy	CATALOG_INGESTED	index.json	f18cc04939849a3db7202c864a15f0fc9ce68d99b3d6a4fd7b397dfafaf420e2
browser-specs	cid-1.0	umbrella	https://www.w3.org/TR/cid-1.0/	Controlled Identifiers v1.0	Editor's Draft	NOT_APPLICABLE	Recommendation	UNKNOWN	https://www.w3.org/TR/cid-1.0/	good	W3C	no	cid	https://github.com/w3c/cid			CATALOG_INGESTED	index.json	ed2f1ef967b5215ccc72376b43f148f4858576ed5742307bad8daace472bf36a
browser-specs	clear-site-data	umbrella	https://www.w3.org/TR/clear-site-data/	Clear Site Data	Editor's Draft	NOT_APPLICABLE	Working Draft	UNKNOWN	https://www.w3.org/TR/clear-site-data/	good	W3C	yes	clear-site-data	https://github.com/w3c/webappsec-clear-site-data	clear-site-data	security-privacy	CATALOG_INGESTED	index.json	d65dc121136a3119a1d649ad010cab871955a348c0a0f3a052216798d0009a80
browser-specs	clipboard-apis	umbrella	https://www.w3.org/TR/clipboard-apis/	Clipboard API and events	Editor's Draft	NOT_APPLICABLE	Working Draft	UNKNOWN	https://www.w3.org/TR/clipboard-apis/	good	W3C	yes	clipboard-apis	https://github.com/w3c/clipboard-apis	clipboard-apis	storage-files	CATALOG_INGESTED	index.json	7d7d1ddae93a04bcd8e1faee9915673fce328dbdd0efd9edefdc21783d9a8b85
browser-specs	compositing-1	umbrella	https://www.w3.org/TR/compositing-1/	Compositing and Blending Level 1	Editor's Draft	NOT_APPLICABLE	Candidate Recommendation Draft	UNKNOWN	https://www.w3.org/TR/compositing-1/	good	W3C	yes	compositing	https://github.com/w3c/csswg-drafts	css/compositing	document-ui	CATALOG_INGESTED	index.json	14503ffae285b926aad4bd8938ab12b6ebeee060621bbc72bfb257cc218b808c
browser-specs	compositing-2	umbrella	https://drafts.csswg.org/compositing-2/	Compositing and Blending Module Level 2	Editor's Draft	NOT_APPLICABLE	UNKNOWN	UNKNOWN	UNKNOWN	good	W3C	yes	compositing	https://github.com/w3c/csswg-drafts	css/compositing	document-ui	CATALOG_INGESTED	index.json	877ceb13be82930cb9665c9d489a3fb99599f5ad5e2e183aaba034e168c214e7
browser-specs	compute-pressure	umbrella	https://www.w3.org/TR/compute-pressure/	Compute Pressure Level 1	Editor's Draft	NOT_APPLICABLE	Candidate Recommendation Draft	UNKNOWN	https://www.w3.org/TR/compute-pressure/	good	W3C	yes	compute-pressure	https://github.com/w3c/compute-pressure	compute-pressure		CATALOG_INGESTED	index.json	5811fd79971a3896b52aa3cf7079ca5a044b146be2aef7982608b2d0b9e45317
browser-specs	contact-picker	umbrella	https://www.w3.org/TR/contact-picker/	Contact Picker API	Editor's Draft	NOT_APPLICABLE	Working Draft	UNKNOWN	https://www.w3.org/TR/contact-picker/	good	W3C	yes	contact-picker	https://github.com/w3c/contact-picker			CATALOG_INGESTED	index.json	584f0880518c8189ddf0c030f476cc08439d3d4352338c50d9f99c909cc47a04
browser-specs	content-editable	umbrella	https://www.w3.org/TR/content-editable/	ContentEditable	Editor's Draft	NOT_APPLICABLE	Discontinued Draft	UNKNOWN	https://www.w3.org/TR/content-editable/	discontinued	W3C	yes	content-editable	https://github.com/w3c/contentEditable	contenteditable		CATALOG_INGESTED	index.json	2f3e38387848acacd7edee0e1d3c964a01d69860cdc3101b7b2fb31511621353
browser-specs	content-index	umbrella	https://wicg.github.io/content-index/spec/	Content Index	Editor's Draft	NOT_APPLICABLE	UNKNOWN	UNKNOWN	UNKNOWN	good	W3C	yes	content-index	https://github.com/WICG/content-index	content-index		CATALOG_INGESTED	index.json	3b0db425099fb9625d209e2106d64cebd55575cdef70a1482ea25dc4f7983c0c
browser-specs	core-aam-1.2	umbrella	https://www.w3.org/TR/core-aam-1.2/	Core Accessibility API Mappings 1.2	Editor's Draft	NOT_APPLICABLE	Candidate Recommendation Draft	UNKNOWN	https://www.w3.org/TR/core-aam-1.2/	good	W3C	yes	core-aam	https://github.com/w3c/aria	core-aam	accessibility-i18n	CATALOG_INGESTED	index.json	80e0887676ba7a58bb5e16659aeb7e68d798c1f39a52905d14452960a027e282
browser-specs	credential-management-1	umbrella	https://www.w3.org/TR/credential-management-1/	Credential Management Level 1	Editor's Draft	NOT_APPLICABLE	Working Draft	UNKNOWN	https://www.w3.org/TR/credential-management-1/	good	W3C	yes	credential-management	https://github.com/w3c/webappsec-credential-management	credential-management	security-privacy	CATALOG_INGESTED	index.json	dffa84b9f2e75c0d39bd1dd1dc6676537f39bc3b93c0dd2c68f21d4ac7e36a5f
browser-specs	csp-embedded-enforcement	umbrella	https://www.w3.org/TR/csp-embedded-enforcement/	Content Security Policy: Embedded Enforcement	Editor's Draft	NOT_APPLICABLE	Working Draft	UNKNOWN	https://www.w3.org/TR/csp-embedded-enforcement/	good	W3C	yes	csp-embedded-enforcement	https://github.com/w3c/webappsec-cspee	content-security-policy/embedded-enforcement	security-privacy	CATALOG_INGESTED	index.json	ad1faa792dd063ca384bd6ef5a0078457e86e6e030236c0b3aff5dbc04f2e0a7
browser-specs	csp-next	umbrella	https://wicg.github.io/csp-next/scripting-policy.html	Scripting Policy	Editor's Draft	NOT_APPLICABLE	UNKNOWN	UNKNOWN	UNKNOWN	good	W3C	yes	csp-next	https://github.com/WICG/csp-next		security-privacy	CATALOG_INGESTED	index.json	0b4715b5abc6dbf2eb06f1379ead9040983c4c17c22e1cb7b28fe807d8ba4a24
browser-specs	css-2022	umbrella	https://www.w3.org/TR/css-2022/	CSS Snapshot 2022	Editor's Draft	NOT_APPLICABLE	Draft Note	UNKNOWN	https://www.w3.org/TR/css-2022/	good	W3C	yes	css	https://github.com/w3c/csswg-drafts		document-ui	CATALOG_INGESTED	index.json	a25b149af0feb07f6adff682d62d64a0d732729602fbe2f347de210fde1563bb
browser-specs	css-2023	umbrella	https://www.w3.org/TR/css-2023/	CSS Snapshot 2023	Editor's Draft	NOT_APPLICABLE	Note	UNKNOWN	https://www.w3.org/TR/css-2023/	good	W3C	yes	css	https://github.com/w3c/csswg-drafts		document-ui	CATALOG_INGESTED	index.json	0af1d07f344d5156506fd1d1d2d75488f31d8df2e5027e189f9e1a218f7f3642
browser-specs	css-2024	umbrella	https://www.w3.org/TR/css-2024/	CSS Snapshot 2024	Editor's Draft	NOT_APPLICABLE	Note	UNKNOWN	https://www.w3.org/TR/css-2024/	good	W3C	yes	css	https://github.com/w3c/csswg-drafts		document-ui	CATALOG_INGESTED	index.json	8414d69252dd952366f2b23e89fd06cdd1127ce57f6e06de8c6867ecc5dde378
browser-specs	css-2025	umbrella	https://www.w3.org/TR/css-2025/	CSS Snapshot 2025	Editor's Draft	NOT_APPLICABLE	Note	UNKNOWN	https://www.w3.org/TR/css-2025/	good	W3C	yes	css	https://github.com/w3c/csswg-drafts		document-ui	CATALOG_INGESTED	index.json	0d9242c20063362fd46f8b29107701c37a3d63dbf0f16d0f1384bba2b8e076bf
browser-specs	css-2026	umbrella	https://www.w3.org/TR/css-2026/	CSS Snapshot 2026	Editor's Draft	NOT_APPLICABLE	Note	UNKNOWN	https://www.w3.org/TR/css-2026/	good	W3C	yes	css	https://github.com/w3c/csswg-drafts		document-ui	CATALOG_INGESTED	index.json	2ecf36fdfe6ae798da600be3abee3b00732f55ec11e4714bda0bd85c2424d501
browser-specs	css-aam	umbrella	https://w3c.github.io/css-aam/	CSS Accessibility API Mappings 1.0	Editor's Draft	NOT_APPLICABLE	UNKNOWN	UNKNOWN	UNKNOWN	good	W3C	yes	css-aam	https://github.com/w3c/aria		document-ui,accessibility-i18n	CATALOG_INGESTED	index.json	cdd79206208e93091c609645efe43830f2aaa96f8733944cf3e03dc575efe823
browser-specs	css-align-3	umbrella	https://www.w3.org/TR/css-align-3/	CSS Box Alignment Module Level 3	Editor's Draft	NOT_APPLICABLE	Working Draft	UNKNOWN	https://www.w3.org/TR/css-align-3/	good	W3C	yes	css-align	https://github.com/w3c/csswg-drafts	css/css-align	document-ui	CATALOG_INGESTED	index.json	1acffcc096d6ad6956202a1aae9b2afc5948a9bb1c416278d0b20a153aeb0144
browser-specs	css-anchor-position-1	umbrella	https://www.w3.org/TR/css-anchor-position-1/	CSS Anchor Positioning Module Level 1	Editor's Draft	NOT_APPLICABLE	Working Draft	UNKNOWN	https://www.w3.org/TR/css-anchor-position-1/	good	W3C	yes	css-anchor-position	https://github.com/w3c/csswg-drafts	css/css-anchor-position	document-ui	CATALOG_INGESTED	index.json	876ecd0970f8cf12c2df454099fb156b68ef1990cd2f32bff9a9a2e047bf9e4d
browser-specs	css-anchor-position-2	umbrella	https://www.w3.org/TR/css-anchor-position-2/	CSS Anchor Positioning Module Level 2	Editor's Draft	NOT_APPLICABLE	First Public Working Draft	UNKNOWN	https://www.w3.org/TR/css-anchor-position-2/	good	W3C	yes	css-anchor-position	https://github.com/w3c/csswg-drafts	css/css-anchor-position	document-ui	CATALOG_INGESTED	index.json	091a4c9993bb3b8c75a9646287e6e72e70dba4c6caeda817ef5552ed10dff3da
browser-specs	css-animation-worklet-1	umbrella	https://www.w3.org/TR/css-animation-worklet-1/	CSS Animation Worklet API	Editor's Draft	NOT_APPLICABLE	First Public Working Draft	UNKNOWN	https://www.w3.org/TR/css-animation-worklet-1/	good	W3C	yes	css-animation-worklet	https://github.com/w3c/css-houdini-drafts	animation-worklet	document-ui	CATALOG_INGESTED	index.json	d7558c40690461ea39ff1a7247820250f6b5f16abdde1cd507052757ec082a91
browser-specs	css-animations-1	umbrella	https://www.w3.org/TR/css-animations-1/	CSS Animations Level 1	Editor's Draft	NOT_APPLICABLE	Working Draft	UNKNOWN	https://www.w3.org/TR/css-animations-1/	good	W3C	yes	css-animations	https://github.com/w3c/csswg-drafts	css/css-animations	document-ui	CATALOG_INGESTED	index.json	c8926e5f727c671192fa4d8be67d002827da81c1a3309557bf8f7728cd018173
browser-specs	css-animations-2	umbrella	https://www.w3.org/TR/css-animations-2/	CSS Animations Level 2	Editor's Draft	NOT_APPLICABLE	Working Draft	UNKNOWN	https://www.w3.org/TR/css-animations-2/	good	W3C	yes	css-animations	https://github.com/w3c/csswg-drafts	css/css-animations	document-ui	CATALOG_INGESTED	index.json	30adeb83212550a68a0e9ddb1bb72f8bcde3039d27e0e5356be040c1b1b85e55
browser-specs	css-backgrounds-3	umbrella	https://www.w3.org/TR/css-backgrounds-3/	CSS Backgrounds and Borders Module Level 3	Editor's Draft	NOT_APPLICABLE	Candidate Recommendation Draft	UNKNOWN	https://www.w3.org/TR/css-backgrounds-3/	good	W3C	yes	css-backgrounds	https://github.com/w3c/csswg-drafts	css/css-backgrounds	document-ui	CATALOG_INGESTED	index.json	6d778ea8cfbced7f909b47719187eb34e4f3bc1618af161be916d2b7dacf32eb
browser-specs	css-backgrounds-4	umbrella	https://www.w3.org/TR/css-backgrounds-4/	CSS Backgrounds Module Level 4	Editor's Draft	NOT_APPLICABLE	First Public Working Draft	UNKNOWN	https://www.w3.org/TR/css-backgrounds-4/	good	W3C	yes	css-backgrounds	https://github.com/w3c/csswg-drafts	css/css-backgrounds	document-ui	CATALOG_INGESTED	index.json	37981ee6bd585303e48aaa02cd837e16f24659174a1b688fabea8eff8e02a4a6
browser-specs	css-borders-4	umbrella	https://www.w3.org/TR/css-borders-4/	CSS Borders and Box Decorations Module Level 4	Editor's Draft	NOT_APPLICABLE	Working Draft	UNKNOWN	https://www.w3.org/TR/css-borders-4/	good	W3C	yes	css-borders	https://github.com/w3c/csswg-drafts	css/css-borders	document-ui	CATALOG_INGESTED	index.json	53152613fa94e77ce84f41c7b83e0b32583fbe0876835a81e80752da3b3af4d6
browser-specs	css-box-3	umbrella	https://www.w3.org/TR/css-box-3/	CSS Box Model Module Level 3	Editor's Draft	NOT_APPLICABLE	Recommendation	UNKNOWN	https://www.w3.org/TR/css-box-3/	good	W3C	yes	css-box	https://github.com/w3c/csswg-drafts	css/css-box	document-ui,agents-ml	CATALOG_INGESTED	index.json	bd35a59a022344d345d8115b0d81f188318295c081336b0b95944bf5862f48c6
browser-specs	css-box-4	umbrella	https://www.w3.org/TR/css-box-4/	CSS Box Model Module Level 4	Editor's Draft	NOT_APPLICABLE	Working Draft	UNKNOWN	https://www.w3.org/TR/css-box-4/	good	W3C	yes	css-box	https://github.com/w3c/csswg-drafts	css/css-box	document-ui,agents-ml	CATALOG_INGESTED	index.json	bb946f9f102e9b31c5c7c18ae2594bc015485e2c2592738f114d09067231aa5d
browser-specs	css-break-3	umbrella	https://www.w3.org/TR/css-break-3/	CSS Fragmentation Module Level 3	Editor's Draft	NOT_APPLICABLE	Candidate Recommendation Snapshot	UNKNOWN	https://www.w3.org/TR/css-break-3/	good	W3C	yes	css-break	https://github.com/w3c/csswg-drafts	css/css-break	document-ui	CATALOG_INGESTED	index.json	e18967c9393a0f4b01223c9a78af0b86b04262f125378bacb5efa3a2955351ab
browser-specs	css-break-4	umbrella	https://www.w3.org/TR/css-break-4/	CSS Fragmentation Module Level 4	Editor's Draft	NOT_APPLICABLE	First Public Working Draft	UNKNOWN	https://www.w3.org/TR/css-break-4/	good	W3C	yes	css-break	https://github.com/w3c/csswg-drafts	css/css-break	document-ui	CATALOG_INGESTED	index.json	36914a05e80a766ecf887f1b4f1547de76b23773ac0b1326b0734ae58ad904ee
browser-specs	css-cascade-3	umbrella	https://www.w3.org/TR/css-cascade-3/	CSS Cascading and Inheritance Level 3	Editor's Draft	NOT_APPLICABLE	Recommendation	UNKNOWN	https://www.w3.org/TR/css-cascade-3/	good	W3C	yes	css-cascade	https://github.com/w3c/csswg-drafts	css/css-cascade	document-ui	CATALOG_INGESTED	index.json	67a0cb95e8b3e8b989eae740910c8a094df6419ebac1fdb3b0c1481c1b9c9ab0
browser-specs	css-cascade-4	umbrella	https://www.w3.org/TR/css-cascade-4/	CSS Cascading and Inheritance Level 4	Editor's Draft	NOT_APPLICABLE	Candidate Recommendation Snapshot	UNKNOWN	https://www.w3.org/TR/css-cascade-4/	good	W3C	yes	css-cascade	https://github.com/w3c/csswg-drafts	css/css-cascade	document-ui	CATALOG_INGESTED	index.json	740248d1b9f70a5269f20cf32087a3688f54ffcbea0512b74a67fd9df0b0165e
browser-specs	css-cascade-5	umbrella	https://www.w3.org/TR/css-cascade-5/	CSS Cascading and Inheritance Level 5	Editor's Draft	NOT_APPLICABLE	Candidate Recommendation Snapshot	UNKNOWN	https://www.w3.org/TR/css-cascade-5/	good	W3C	yes	css-cascade	https://github.com/w3c/csswg-drafts	css/css-cascade	document-ui	CATALOG_INGESTED	index.json	f9e05008529ec8c7fbc4d1a37e370ffc992431f083cb5178b89db055bd532b0a
browser-specs	css-cascade-6	umbrella	https://www.w3.org/TR/css-cascade-6/	CSS Cascading and Inheritance Level 6	Editor's Draft	NOT_APPLICABLE	Working Draft	UNKNOWN	https://www.w3.org/TR/css-cascade-6/	good	W3C	yes	css-cascade	https://github.com/w3c/csswg-drafts	css/css-cascade	document-ui	CATALOG_INGESTED	index.json	8948f11c9a39a681cb5008ce427a5f599ef193a75024f0ad53f9ad545edea8c9
browser-specs	css-color-3	umbrella	https://www.w3.org/TR/css-color-3/	CSS Color Module Level 3	Editor's Draft	NOT_APPLICABLE	Recommendation	UNKNOWN	https://www.w3.org/TR/css-color-3/	good	W3C	yes	css-color	https://github.com/w3c/csswg-drafts	css/css-color	document-ui,graphics-media	CATALOG_INGESTED	index.json	50afd1a13d77c6897f1e7eb171173f983e4b16c2f5a13a49733505508771ef1d
browser-specs	css-color-4	umbrella	https://www.w3.org/TR/css-color-4/	CSS Color Module Level 4	Editor's Draft	NOT_APPLICABLE	Candidate Recommendation Draft	UNKNOWN	https://www.w3.org/TR/css-color-4/	good	W3C	yes	css-color	https://github.com/w3c/csswg-drafts	css/css-color	document-ui,graphics-media	CATALOG_INGESTED	index.json	ea491b924f88a35d7e1f1317c0f0225a43be46dc03e9b954a26fd1ec3d947550
browser-specs	css-color-5	umbrella	https://www.w3.org/TR/css-color-5/	CSS Color Module Level 5	Editor's Draft	NOT_APPLICABLE	Working Draft	UNKNOWN	https://www.w3.org/TR/css-color-5/	good	W3C	yes	css-color	https://github.com/w3c/csswg-drafts	css/css-color	document-ui,graphics-media	CATALOG_INGESTED	index.json	70e7f40c5f1d763ecbc3b3e3b6ba1a19e65c6fe967f767b7a3adca55f3c47270
browser-specs	css-color-6	umbrella	https://drafts.csswg.org/css-color-6/	CSS Color Module Level 6	Editor's Draft	NOT_APPLICABLE	UNKNOWN	UNKNOWN	UNKNOWN	good	W3C	yes	css-color	https://github.com/w3c/csswg-drafts	css/css-color	document-ui,graphics-media	CATALOG_INGESTED	index.json	c770450d84ae3016bdec28400bee7172c3e6fbe01dd9430f5131663439ca1c98
browser-specs	css-color-adjust-1	umbrella	https://www.w3.org/TR/css-color-adjust-1/	CSS Color Adjustment Module Level 1	Editor's Draft	NOT_APPLICABLE	Candidate Recommendation Snapshot	UNKNOWN	https://www.w3.org/TR/css-color-adjust-1/	good	W3C	yes	css-color-adjust	https://github.com/w3c/csswg-drafts	css/css-color-adjust	document-ui,graphics-media	CATALOG_INGESTED	index.json	c9c26edd5e3773984f5a5e6a5e64ab67812313278973469d79101fed258e873c
browser-specs	css-color-hdr-1	umbrella	https://www.w3.org/TR/css-color-hdr-1/	CSS Color HDR Module Level 1	Editor's Draft	NOT_APPLICABLE	Working Draft	UNKNOWN	https://www.w3.org/TR/css-color-hdr-1/	good	W3C	yes	css-color-hdr	https://github.com/w3c/csswg-drafts	css/css-color-hdr	document-ui,graphics-media	CATALOG_INGESTED	index.json	882f2e4324f104682d8730745b34cf1adeb64f261ff32e08048b9a69776c529c
browser-specs	css-conditional-3	umbrella	https://www.w3.org/TR/css-conditional-3/	CSS Conditional Rules Module Level 3	Editor's Draft	NOT_APPLICABLE	Candidate Recommendation Draft	UNKNOWN	https://www.w3.org/TR/css-conditional-3/	good	W3C	yes	css-conditional	https://github.com/w3c/csswg-drafts	css/css-conditional	document-ui	CATALOG_INGESTED	index.json	dee2b11da33fd56833839995dcaa866c8ba7165adc7d9c4fdf1e1c67aafd4b37
browser-specs	css-conditional-4	umbrella	https://www.w3.org/TR/css-conditional-4/	CSS Conditional Rules Module Level 4	Editor's Draft	NOT_APPLICABLE	Candidate Recommendation Draft	UNKNOWN	https://www.w3.org/TR/css-conditional-4/	good	W3C	yes	css-conditional	https://github.com/w3c/csswg-drafts	css/css-conditional	document-ui	CATALOG_INGESTED	index.json	7b0392e837826212b0672fb1e72be9a4eee42e938fedc57d36af4b6e1c885cd5
browser-specs	css-conditional-5	umbrella	https://www.w3.org/TR/css-conditional-5/	CSS Conditional Rules Module Level 5	Editor's Draft	NOT_APPLICABLE	Working Draft	UNKNOWN	https://www.w3.org/TR/css-conditional-5/	good	W3C	yes	css-conditional	https://github.com/w3c/csswg-drafts	css/css-conditional	document-ui	CATALOG_INGESTED	index.json	bee87545fa10029b8fd07f6431f3a90cb846685eb7a0ae6b7c3fdf0ce6129a9a
browser-specs	css-contain-1	umbrella	https://www.w3.org/TR/css-contain-1/	CSS Containment Module Level 1	Editor's Draft	NOT_APPLICABLE	Recommendation	UNKNOWN	https://www.w3.org/TR/css-contain-1/	good	W3C	yes	css-contain	https://github.com/w3c/csswg-drafts	css/css-contain	document-ui	CATALOG_INGESTED	index.json	b85d0d56defac652f8ba17fe7c7a722d6a3649bbe2edbf261d10a8d5d3ff6f22
browser-specs	css-contain-2	umbrella	https://www.w3.org/TR/css-contain-2/	CSS Containment Module Level 2	Editor's Draft	NOT_APPLICABLE	Working Draft	UNKNOWN	https://www.w3.org/TR/css-contain-2/	good	W3C	yes	css-contain	https://github.com/w3c/csswg-drafts	css/css-contain	document-ui	CATALOG_INGESTED	index.json	f1532e1745f1b6efedd7f32d2693b2de64e4228ae0c0e79f498ad535a96dfe8c
browser-specs	css-contain-3	umbrella	https://www.w3.org/TR/css-contain-3/	CSS Containment Module Level 3	Editor's Draft	NOT_APPLICABLE	Working Draft	UNKNOWN	https://www.w3.org/TR/css-contain-3/	good	W3C	yes	css-contain	https://github.com/w3c/csswg-drafts	css/css-contain	document-ui	CATALOG_INGESTED	index.json	574a622207d047ebf5285af909c9fc507470f443f5a196548a6b9a2562512da0
browser-specs	css-content-3	umbrella	https://www.w3.org/TR/css-content-3/	CSS Generated Content Module Level 3	Editor's Draft	NOT_APPLICABLE	Working Draft	UNKNOWN	https://www.w3.org/TR/css-content-3/	good	W3C	yes	css-content	https://github.com/w3c/csswg-drafts	css/css-content	document-ui	CATALOG_INGESTED	index.json	3c94507c91d5ff84c3819923b022da1267178972ddca36ce9bee27ff536605a3
browser-specs	css-counter-styles-3	umbrella	https://www.w3.org/TR/css-counter-styles-3/	CSS Counter Styles Level 3	Editor's Draft	NOT_APPLICABLE	Candidate Recommendation Snapshot	UNKNOWN	https://www.w3.org/TR/css-counter-styles-3/	good	W3C	yes	css-counter-styles	https://github.com/w3c/csswg-drafts	css/css-counter-styles	document-ui	CATALOG_INGESTED	index.json	2069334124eb56b7e22fc713dd731fb0e4aab049b7417f47025e8bad4f7417db
browser-specs	css-display-3	umbrella	https://www.w3.org/TR/css-display-3/	CSS Display Module Level 3	Editor's Draft	NOT_APPLICABLE	Candidate Recommendation Draft	UNKNOWN	https://www.w3.org/TR/css-display-3/	good	W3C	yes	css-display	https://github.com/w3c/csswg-drafts	css/css-display	document-ui	CATALOG_INGESTED	index.json	01907b27476408127f639c08c58623d11196cddd1a976434ace597a5e26788f3
browser-specs	css-display-4	umbrella	https://www.w3.org/TR/css-display-4/	CSS Display Module Level 4	Editor's Draft	NOT_APPLICABLE	Working Draft	UNKNOWN	https://www.w3.org/TR/css-display-4/	good	W3C	yes	css-display	https://github.com/w3c/csswg-drafts	css/css-display	document-ui	CATALOG_INGESTED	index.json	2a1240dfde8eadb31efcffbc190f1de0f2856a80d0071c02fd383231c7269de1
browser-specs	css-easing-1	umbrella	https://www.w3.org/TR/css-easing-1/	CSS Easing Functions Level 1	Editor's Draft	NOT_APPLICABLE	Candidate Recommendation Draft	UNKNOWN	https://www.w3.org/TR/css-easing-1/	good	W3C	yes	css-easing	https://github.com/w3c/csswg-drafts	css/css-easing	document-ui	CATALOG_INGESTED	index.json	75846aa3f4222408692901ab7f46f7215f544b57a59dc7b5d647df205e52488c
browser-specs	css-easing-2	umbrella	https://www.w3.org/TR/css-easing-2/	CSS Easing Functions Level 2	Editor's Draft	NOT_APPLICABLE	First Public Working Draft	UNKNOWN	https://www.w3.org/TR/css-easing-2/	good	W3C	yes	css-easing	https://github.com/w3c/csswg-drafts	css/css-easing	document-ui	CATALOG_INGESTED	index.json	e6b8f66fa8acfeb93feb059d71d693bd5c6f457503bae8eeb7de9f99f3619ae3
browser-specs	css-env-1	umbrella	https://www.w3.org/TR/css-env-1/	CSS Environment Variables Module Level 1	Editor's Draft	NOT_APPLICABLE	First Public Working Draft	UNKNOWN	https://www.w3.org/TR/css-env-1/	good	W3C	yes	css-env	https://github.com/w3c/csswg-drafts	css/css-env	document-ui	CATALOG_INGESTED	index.json	3252419bb74c46d438af83578816cb7aa9fdec91df4189a052b672becd7d1118
browser-specs	css-extensions-1	umbrella	https://drafts.csswg.org/css-extensions-1/	CSS Extensions Module Level 1	Editor's Draft	NOT_APPLICABLE	UNKNOWN	UNKNOWN	UNKNOWN	good	W3C	yes	css-extensions	https://github.com/w3c/csswg-drafts		document-ui	CATALOG_INGESTED	index.json	3ee34960e56e066d0478114bfd0035bc077a647c1d187c3108f240b83c24f4e0
browser-specs	css-flexbox-1	umbrella	https://www.w3.org/TR/css-flexbox-1/	CSS Flexible Box Layout Module Level 1	Editor's Draft	NOT_APPLICABLE	Candidate Recommendation Draft	UNKNOWN	https://www.w3.org/TR/css-flexbox-1/	good	W3C	yes	css-flexbox	https://github.com/w3c/csswg-drafts	css/css-flexbox	document-ui	CATALOG_INGESTED	index.json	83db03081409e03da7e459b15b6dd1e0cb11e6779b88aafe8aa9959becbe3927
browser-specs	css-flexbox-2	umbrella	https://drafts.csswg.org/css-flexbox-2/	CSS Flexible Box Layout Module Level 2	Editor's Draft	NOT_APPLICABLE	UNKNOWN	UNKNOWN	UNKNOWN	good	W3C	yes	css-flexbox	https://github.com/w3c/csswg-drafts	css/css-flexbox	document-ui	CATALOG_INGESTED	index.json	f363a886934db49935eea9a4826ff228bbe4ea3a23fb717b62adf7282293739c
browser-specs	css-font-loading-3	umbrella	https://www.w3.org/TR/css-font-loading-3/	CSS Font Loading Module Level 3	Editor's Draft	NOT_APPLICABLE	Working Draft	UNKNOWN	https://www.w3.org/TR/css-font-loading-3/	good	W3C	yes	css-font-loading	https://github.com/w3c/csswg-drafts	css/css-font-loading	document-ui,navigation-loading,graphics-media	CATALOG_INGESTED	index.json	36ed552f4d55ee6f02c09a090a8f3a82f08f694d11a6777caa7b95105360521e
browser-specs	css-fonts-4	umbrella	https://www.w3.org/TR/css-fonts-4/	CSS Fonts Module Level 4	Editor's Draft	NOT_APPLICABLE	Working Draft	UNKNOWN	https://www.w3.org/TR/css-fonts-4/	good	W3C	yes	css-fonts	https://github.com/w3c/csswg-drafts	css/css-fonts	document-ui	CATALOG_INGESTED	index.json	4477029cd2cdee6858345309f856079fcec6d52ab1949816d095994762a3338c
browser-specs	css-fonts-5	umbrella	https://www.w3.org/TR/css-fonts-5/	CSS Fonts Module Level 5	Editor's Draft	NOT_APPLICABLE	Working Draft	UNKNOWN	https://www.w3.org/TR/css-fonts-5/	good	W3C	yes	css-fonts	https://github.com/w3c/csswg-drafts	css/css-fonts	document-ui	CATALOG_INGESTED	index.json	5315f39e150aa98c5d5d3f6526d8276e49b0c801370313175678acd336973e5d
browser-specs	css-forms-1	umbrella	https://www.w3.org/TR/css-forms-1/	CSS Form Control Styling Level 1	Editor's Draft	NOT_APPLICABLE	First Public Working Draft	UNKNOWN	https://www.w3.org/TR/css-forms-1/	good	W3C	yes	css-forms	https://github.com/w3c/csswg-drafts		document-ui	CATALOG_INGESTED	index.json	a44bba77dcfa09257ff087bc1f3595ccf603b49955409063da7c38c865834f75
browser-specs	css-gaps-1	umbrella	https://www.w3.org/TR/css-gaps-1/	CSS Gaps Module Level 1	Editor's Draft	NOT_APPLICABLE	Working Draft	UNKNOWN	https://www.w3.org/TR/css-gaps-1/	good	W3C	yes	css-gaps	https://github.com/w3c/csswg-drafts	css/css-gaps	document-ui	CATALOG_INGESTED	index.json	d97471de8d12a79fa8a978b5b8e1d89f346b075205584dc75cfe6bdd7339e327
browser-specs	css-gcpm-3	umbrella	https://www.w3.org/TR/css-gcpm-3/	CSS Generated Content for Paged Media Module	Editor's Draft	NOT_APPLICABLE	Working Draft	UNKNOWN	https://www.w3.org/TR/css-gcpm-3/	good	W3C	yes	css-gcpm	https://github.com/w3c/csswg-drafts	css/css-gcpm	document-ui,graphics-media	CATALOG_INGESTED	index.json	b1da8881cf680396cedc7cfa3edbb8f55162e2b24c67c9659df883919b4b6fb1
browser-specs	css-gcpm-4	umbrella	https://drafts.csswg.org/css-gcpm-4/	CSS Generated Content for Paged Media Module Level 4	Editor's Draft	NOT_APPLICABLE	UNKNOWN	UNKNOWN	UNKNOWN	good	W3C	yes	css-gcpm	https://github.com/w3c/csswg-drafts	css/css-gcpm	document-ui,graphics-media	CATALOG_INGESTED	index.json	05c47b428e546c5422bde831a88b44314d414033313a8aac112bc0a8f3ef2a4d
browser-specs	css-grid-1	umbrella	https://www.w3.org/TR/css-grid-1/	CSS Grid Layout Module Level 1	Editor's Draft	NOT_APPLICABLE	Candidate Recommendation Draft	UNKNOWN	https://www.w3.org/TR/css-grid-1/	good	W3C	yes	css-grid	https://github.com/w3c/csswg-drafts	css/css-grid	document-ui	CATALOG_INGESTED	index.json	6fa16def343d83a9384fe508592ed44e919d90c1fced840489a78e501bb12896
browser-specs	css-grid-2	umbrella	https://www.w3.org/TR/css-grid-2/	CSS Grid Layout Module Level 2	Editor's Draft	NOT_APPLICABLE	Candidate Recommendation Draft	UNKNOWN	https://www.w3.org/TR/css-grid-2/	good	W3C	yes	css-grid	https://github.com/w3c/csswg-drafts	css/css-grid	document-ui	CATALOG_INGESTED	index.json	f3a5d392365005abe7054add07700298d0a2728f1fe174350636aa67e6f51460
browser-specs	css-grid-3	umbrella	https://www.w3.org/TR/css-grid-3/	CSS Grid Layout Module Level 3	Editor's Draft	NOT_APPLICABLE	Working Draft	UNKNOWN	https://www.w3.org/TR/css-grid-3/	good	W3C	yes	css-grid	https://github.com/w3c/csswg-drafts	css/css-grid	document-ui	CATALOG_INGESTED	index.json	fdba14ec97a553864935f2811ce68dda15fd6438e68e5a179947194fb4470c1d
browser-specs	css-highlight-api-1	umbrella	https://www.w3.org/TR/css-highlight-api-1/	CSS Custom Highlight API Module Level 1	Editor's Draft	NOT_APPLICABLE	Working Draft	UNKNOWN	https://www.w3.org/TR/css-highlight-api-1/	good	W3C	yes	css-highlight-api	https://github.com/w3c/csswg-drafts	css/css-highlight-api	document-ui	CATALOG_INGESTED	index.json	403630771e3a823ca102eab9a0d8df20231920a223627b107b53b63c92727a4d
browser-specs	css-image-animation-1	umbrella	https://www.w3.org/TR/css-image-animation-1/	CSS Image Animation Module Level 1	Editor's Draft	NOT_APPLICABLE	First Public Working Draft	UNKNOWN	https://www.w3.org/TR/css-image-animation-1/	good	W3C	yes	css-image-animation	https://github.com/w3c/csswg-drafts		document-ui,graphics-media	CATALOG_INGESTED	index.json	be8c50e9376d2ffbbb4c7fce9a4154a06246af24460760cb90f510261813af21
browser-specs	css-images-3	umbrella	https://www.w3.org/TR/css-images-3/	CSS Images Module Level 3	Editor's Draft	NOT_APPLICABLE	Candidate Recommendation Draft	UNKNOWN	https://www.w3.org/TR/css-images-3/	good	W3C	yes	css-images	https://github.com/w3c/csswg-drafts	css/css-images	document-ui	CATALOG_INGESTED	index.json	f7fb3b9d4e06aa00728056a26ccefeed6f446c2d14a0913a0db6a85634ce7779
browser-specs	css-images-4	umbrella	https://www.w3.org/TR/css-images-4/	CSS Images Module Level 4	Editor's Draft	NOT_APPLICABLE	Working Draft	UNKNOWN	https://www.w3.org/TR/css-images-4/	good	W3C	yes	css-images	https://github.com/w3c/csswg-drafts	css/css-images	document-ui	CATALOG_INGESTED	index.json	604b495dc5dbed39ad661678c4e062cdad94f76103a826c62b4e0450b36c908a
browser-specs	css-images-5	umbrella	https://drafts.csswg.org/css-images-5/	CSS Images Module Level 5	Editor's Draft	NOT_APPLICABLE	UNKNOWN	UNKNOWN	UNKNOWN	good	W3C	yes	css-images	https://github.com/w3c/csswg-drafts	css/css-images	document-ui	CATALOG_INGESTED	index.json	dd97cea09ac4f8a939096363a5f000bc4658dc2f118014e69da949076f243e79
browser-specs	css-inline-3	umbrella	https://www.w3.org/TR/css-inline-3/	CSS Inline Layout Module Level 3	Editor's Draft	NOT_APPLICABLE	Working Draft	UNKNOWN	https://www.w3.org/TR/css-inline-3/	good	W3C	yes	css-inline	https://github.com/w3c/csswg-drafts	css/css-inline	document-ui	CATALOG_INGESTED	index.json	57d2610758322e2c7bd94b93d24512af02dcabf0d41f9709847bd7a9c1311060
browser-specs	css-layout-api-1	umbrella	https://www.w3.org/TR/css-layout-api-1/	CSS Layout API Level 1	Editor's Draft	NOT_APPLICABLE	First Public Working Draft	UNKNOWN	https://www.w3.org/TR/css-layout-api-1/	good	W3C	yes	css-layout-api	https://github.com/w3c/css-houdini-drafts	css/css-layout-api	document-ui	CATALOG_INGESTED	index.json	d28da351574f97627aa7e44255747889e10c21e278a93f21888745fd3e5b6c27
browser-specs	css-line-grid-1	umbrella	https://www.w3.org/TR/css-line-grid-1/	CSS Line Grid Module Level 1	Editor's Draft	NOT_APPLICABLE	Working Draft	UNKNOWN	https://www.w3.org/TR/css-line-grid-1/	good	W3C	yes	css-line-grid	https://github.com/w3c/csswg-drafts		document-ui	CATALOG_INGESTED	index.json	5ac1310148d90090af90d2c391e0f84e05d977a1c971c6fa630a5e707cb0fe9d
browser-specs	css-link-params-1	umbrella	https://www.w3.org/TR/css-link-params-1/	CSS Linked Parameters Module Level 1	Editor's Draft	NOT_APPLICABLE	First Public Working Draft	UNKNOWN	https://www.w3.org/TR/css-link-params-1/	good	W3C	yes	css-link-params	https://github.com/w3c/csswg-drafts		document-ui	CATALOG_INGESTED	index.json	8a06a7cc10ec7c41d076d4e447ed670bdb120cb652752fce1d74898d9605ff61
browser-specs	css-lists-3	umbrella	https://www.w3.org/TR/css-lists-3/	CSS Lists and Counters Module Level 3	Editor's Draft	NOT_APPLICABLE	Working Draft	UNKNOWN	https://www.w3.org/TR/css-lists-3/	good	W3C	yes	css-lists	https://github.com/w3c/csswg-drafts	css/css-lists	document-ui	CATALOG_INGESTED	index.json	c4c20856aa889b6057bb6e25053faceab7cba335b84c2ba29e3bf42459cfdbe1
browser-specs	css-logical-1	umbrella	https://www.w3.org/TR/css-logical-1/	CSS Logical Properties and Values Module Level 1	Editor's Draft	NOT_APPLICABLE	Working Draft	UNKNOWN	https://www.w3.org/TR/css-logical-1/	good	W3C	yes	css-logical	https://github.com/w3c/csswg-drafts	css/css-logical	document-ui	CATALOG_INGESTED	index.json	78454b0edde12bac413c98e36ca9fa1f312aef0178abf41123d89b3b9e7944f0
browser-specs	css-masking-1	umbrella	https://www.w3.org/TR/css-masking-1/	CSS Masking Module Level 1	Editor's Draft	NOT_APPLICABLE	Candidate Recommendation Draft	UNKNOWN	https://www.w3.org/TR/css-masking-1/	good	W3C	yes	css-masking	https://github.com/w3c/csswg-drafts	css/css-masking	document-ui	CATALOG_INGESTED	index.json	3e0c897a4adf3dc24c72f2f8f39689b065f934bf0093397b7bb977aebc874240
browser-specs	css-mixins-1	umbrella	https://www.w3.org/TR/css-mixins-1/	CSS Functions and Mixins Module	Editor's Draft	NOT_APPLICABLE	First Public Working Draft	UNKNOWN	https://www.w3.org/TR/css-mixins-1/	good	W3C	yes	css-mixins	https://github.com/w3c/csswg-drafts	css/css-mixins	document-ui	CATALOG_INGESTED	index.json	8662650e0744dd99ad0234d88016b02f96753879fe7da5b55bf0745b144be302
browser-specs	css-multicol-1	umbrella	https://www.w3.org/TR/css-multicol-1/	CSS Multi-column Layout Module Level 1	Editor's Draft	NOT_APPLICABLE	Candidate Recommendation Snapshot	UNKNOWN	https://www.w3.org/TR/css-multicol-1/	good	W3C	yes	css-multicol	https://github.com/w3c/csswg-drafts	css/css-multicol	document-ui	CATALOG_INGESTED	index.json	00d097c62ae428a94f90fd68795c0342d9cb2cac8b0cd1debbc0106fd29a5876
browser-specs	css-multicol-2	umbrella	https://www.w3.org/TR/css-multicol-2/	CSS Multi-column Layout Module Level 2	Editor's Draft	NOT_APPLICABLE	First Public Working Draft	UNKNOWN	https://www.w3.org/TR/css-multicol-2/	good	W3C	yes	css-multicol	https://github.com/w3c/csswg-drafts	css/css-multicol	document-ui	CATALOG_INGESTED	index.json	14d453f701b7a635c442be4e002220282d932f1ef0c62669c25209438c91bcbe
browser-specs	css-namespaces-3	umbrella	https://www.w3.org/TR/css-namespaces-3/	CSS Namespaces Module Level 3	Editor's Draft	NOT_APPLICABLE	Recommendation	UNKNOWN	https://www.w3.org/TR/css-namespaces-3/	good	W3C	yes	css-namespaces	https://github.com/w3c/csswg-drafts	css/css-namespaces	document-ui	CATALOG_INGESTED	index.json	837c418b7ee95647c7adb2e0e8efbee867d977c7fd3a543591903ff579306ab2
browser-specs	css-nav-1	umbrella	https://www.w3.org/TR/css-nav-1/	CSS Spatial Navigation Level 1	Editor's Draft	NOT_APPLICABLE	Working Draft	UNKNOWN	https://www.w3.org/TR/css-nav-1/	good	W3C	yes	css-nav	https://github.com/w3c/csswg-drafts		document-ui,navigation-loading	CATALOG_INGESTED	index.json	932b53ff1b5803b1f80f9bf1ec1495823bca8c86bfc838b7c662fa8a8dcc1374
browser-specs	css-navigation-1	umbrella	https://drafts.csswg.org/css-navigation-1/	CSS Navigation Matching	Editor's Draft	NOT_APPLICABLE	UNKNOWN	UNKNOWN	UNKNOWN	good	W3C	yes	css-navigation	https://github.com/w3c/csswg-drafts	css/css-navigation	document-ui,navigation-loading	CATALOG_INGESTED	index.json	4267825e23996da26b3f69a2a9382c37e1950b81daca15c549cb02b8020f2f9a
browser-specs	css-nesting-1	umbrella	https://www.w3.org/TR/css-nesting-1/	CSS Nesting Module Level 1	Editor's Draft	NOT_APPLICABLE	Working Draft	UNKNOWN	https://www.w3.org/TR/css-nesting-1/	good	W3C	yes	css-nesting	https://github.com/w3c/csswg-drafts	css/css-nesting	document-ui	CATALOG_INGESTED	index.json	3fc526daee2773ccc027b8302adb2b974379ff9b636b20d6c4d9bc5916dba62d
browser-specs	css-overflow-3	umbrella	https://www.w3.org/TR/css-overflow-3/	CSS Overflow Module Level 3	Editor's Draft	NOT_APPLICABLE	Working Draft	UNKNOWN	https://www.w3.org/TR/css-overflow-3/	good	W3C	yes	css-overflow	https://github.com/w3c/csswg-drafts	css/css-overflow	document-ui	CATALOG_INGESTED	index.json	74cd30b33b9229e79acd7c3ee18f8271fa805ad3bed302b58e347202a9c8004a
browser-specs	css-overflow-4	umbrella	https://www.w3.org/TR/css-overflow-4/	CSS Overflow Module Level 4	Editor's Draft	NOT_APPLICABLE	Working Draft	UNKNOWN	https://www.w3.org/TR/css-overflow-4/	good	W3C	yes	css-overflow	https://github.com/w3c/csswg-drafts	css/css-overflow	document-ui	CATALOG_INGESTED	index.json	846728034a585525c8aad9d8921f885d2150c8b92213547b7330a620cce88eb0
browser-specs	css-overflow-5	umbrella	https://www.w3.org/TR/css-overflow-5/	CSS Overflow Module Level 5	Editor's Draft	NOT_APPLICABLE	First Public Working Draft	UNKNOWN	https://www.w3.org/TR/css-overflow-5/	good	W3C	yes	css-overflow	https://github.com/w3c/csswg-drafts	css/css-overflow	document-ui	CATALOG_INGESTED	index.json	12d1e825cc247d588f3c7984df2002dded7ecbd185d1af6694d755a1f58733d3
browser-specs	css-overscroll-1	umbrella	https://www.w3.org/TR/css-overscroll-1/	CSS Overscroll Behavior Module Level 1	Editor's Draft	NOT_APPLICABLE	First Public Working Draft	UNKNOWN	https://www.w3.org/TR/css-overscroll-1/	good	W3C	yes	css-overscroll	https://github.com/w3c/csswg-drafts	css/css-overscroll-behavior	document-ui	CATALOG_INGESTED	index.json	4d278944eca5df37efe3a074c14a8dfce71b2fa9482baaa2eb4b5f8dd76a033e
browser-specs	css-page-3	umbrella	https://www.w3.org/TR/css-page-3/	CSS Paged Media Module Level 3	Editor's Draft	NOT_APPLICABLE	Working Draft	UNKNOWN	https://www.w3.org/TR/css-page-3/	good	W3C	yes	css-page	https://github.com/w3c/csswg-drafts	css/css-page	document-ui,graphics-media	CATALOG_INGESTED	index.json	ada98ec979438e570bd216a9fbccfd6a5b20b818bc1e265d555da712dce88453
browser-specs	css-page-floats-3	umbrella	https://www.w3.org/TR/css-page-floats-3/	CSS Page Floats	Editor's Draft	NOT_APPLICABLE	First Public Working Draft	UNKNOWN	https://www.w3.org/TR/css-page-floats-3/	good	W3C	yes	css-page-floats	https://github.com/w3c/csswg-drafts		document-ui	CATALOG_INGESTED	index.json	be71e5897aa8d2da688463ed85d4a380434e89cc3d93792b0f9c5aa3966e027e
browser-specs	css-paint-api-1	umbrella	https://www.w3.org/TR/css-paint-api-1/	CSS Painting API Level 1	Editor's Draft	NOT_APPLICABLE	Candidate Recommendation Draft	UNKNOWN	https://www.w3.org/TR/css-paint-api-1/	good	W3C	yes	css-paint-api	https://github.com/w3c/css-houdini-drafts	css/css-paint-api	document-ui	CATALOG_INGESTED	index.json	31b354a65292b723b74ee162a452a1ad1133f4dafa2d9b9cc0e64121bd1f1df6
browser-specs	css-position-3	umbrella	https://www.w3.org/TR/css-position-3/	CSS Positioned Layout Module Level 3	Editor's Draft	NOT_APPLICABLE	Working Draft	UNKNOWN	https://www.w3.org/TR/css-position-3/	good	W3C	yes	css-position	https://github.com/w3c/csswg-drafts	css/css-position	document-ui	CATALOG_INGESTED	index.json	8c1e4d12528632c8ee4317aa2bcf62014176e3d04023946bf2fe19dab248b07f
browser-specs	css-position-4	umbrella	https://www.w3.org/TR/css-position-4/	CSS Positioned Layout Module Level 4	Editor's Draft	NOT_APPLICABLE	Working Draft	UNKNOWN	https://www.w3.org/TR/css-position-4/	good	W3C	yes	css-position	https://github.com/w3c/csswg-drafts	css/css-position	document-ui	CATALOG_INGESTED	index.json	ceebe59be5ab317fdf5488fda800a049147c461058fc640baffd82366818949c
browser-specs	css-properties-values-api-1	umbrella	https://www.w3.org/TR/css-properties-values-api-1/	CSS Properties and Values API Level 1	Editor's Draft	NOT_APPLICABLE	Working Draft	UNKNOWN	https://www.w3.org/TR/css-properties-values-api-1/	good	W3C	yes	css-properties-values-api	https://github.com/w3c/css-houdini-drafts	css/css-properties-values-api	document-ui	CATALOG_INGESTED	index.json	a77ef302b0f0d4a42f16018b8d2cd29a7e89c4510281c4c251b8a36de31dc536
browser-specs	css-pseudo-4	umbrella	https://www.w3.org/TR/css-pseudo-4/	CSS Pseudo-Elements Module Level 4	Editor's Draft	NOT_APPLICABLE	Working Draft	UNKNOWN	https://www.w3.org/TR/css-pseudo-4/	good	W3C	yes	css-pseudo	https://github.com/w3c/csswg-drafts	css/css-pseudo	document-ui	CATALOG_INGESTED	index.json	15d4be1bcecca7c546fdf0d85ee38345068f41d0ff6a5e787fb6438f84c20ccf
browser-specs	css-regions-1	umbrella	https://www.w3.org/TR/css-regions-1/	CSS Regions Module Level 1	Editor's Draft	NOT_APPLICABLE	Working Draft	UNKNOWN	https://www.w3.org/TR/css-regions-1/	good	W3C	yes	css-regions	https://github.com/w3c/csswg-drafts		document-ui	CATALOG_INGESTED	index.json	c31cc998c233082ee8c5f0770625fcb44a3e07ab2cc5d18ec73bb2e7937b6a31
browser-specs	css-rhythm-1	umbrella	https://www.w3.org/TR/css-rhythm-1/	CSS Rhythmic Sizing Module Level 1	Editor's Draft	NOT_APPLICABLE	Working Draft	UNKNOWN	https://www.w3.org/TR/css-rhythm-1/	good	W3C	yes	css-rhythm	https://github.com/w3c/csswg-drafts	css/css-rhythm	document-ui	CATALOG_INGESTED	index.json	fb129adc9d8836a1893877e4778f695805928e88b0f52dc5e8dca38a5bb99b3e
browser-specs	css-round-display-1	umbrella	https://www.w3.org/TR/css-round-display-1/	CSS Round Display Level 1	Editor's Draft	NOT_APPLICABLE	Working Draft	UNKNOWN	https://www.w3.org/TR/css-round-display-1/	good	W3C	yes	css-round-display	https://github.com/w3c/csswg-drafts	css/css-round-display	document-ui	CATALOG_INGESTED	index.json	1c064893ca44fb0ea1e572a9ce067a0450c087c3c45ded03614f3eb7bc20cf88
browser-specs	css-ruby-1	umbrella	https://www.w3.org/TR/css-ruby-1/	CSS Ruby Annotation Layout Module Level 1	Editor's Draft	NOT_APPLICABLE	Working Draft	UNKNOWN	https://www.w3.org/TR/css-ruby-1/	good	W3C	yes	css-ruby	https://github.com/w3c/csswg-drafts	css/css-ruby	document-ui	CATALOG_INGESTED	index.json	0af0f76ef590e4a62f1bdbfec600e1cd9e3c3f36a883f5da950c19339100a990
browser-specs	css-scroll-anchoring-1	umbrella	https://www.w3.org/TR/css-scroll-anchoring-1/	CSS Scroll Anchoring Module Level 1	Editor's Draft	NOT_APPLICABLE	Working Draft	UNKNOWN	https://www.w3.org/TR/css-scroll-anchoring-1/	good	W3C	yes	css-scroll-anchoring	https://github.com/w3c/csswg-drafts	css/css-scroll-anchoring	document-ui	CATALOG_INGESTED	index.json	2c21ff9c76307512d0b84f46600e8139b751edcafb7093d23691eb7399066d64
browser-specs	css-scroll-snap-1	umbrella	https://www.w3.org/TR/css-scroll-snap-1/	CSS Scroll Snap Module Level 1	Editor's Draft	NOT_APPLICABLE	Candidate Recommendation Snapshot	UNKNOWN	https://www.w3.org/TR/css-scroll-snap-1/	good	W3C	yes	css-scroll-snap	https://github.com/w3c/csswg-drafts	css/css-scroll-snap	document-ui	CATALOG_INGESTED	index.json	83fab080cca1c3c320bfd7f99cb3bc63ab1e6f4331d897475ee7111bc3d5d056
browser-specs	css-scroll-snap-2	umbrella	https://www.w3.org/TR/css-scroll-snap-2/	CSS Scroll Snap Module Level 2	Editor's Draft	NOT_APPLICABLE	First Public Working Draft	UNKNOWN	https://www.w3.org/TR/css-scroll-snap-2/	good	W3C	yes	css-scroll-snap	https://github.com/w3c/csswg-drafts	css/css-scroll-snap	document-ui	CATALOG_INGESTED	index.json	da5f6ae9990d745397b1e5377d3632bf3e244b3e8670d30ac56beee7c6c88415
browser-specs	css-scrollbars-1	umbrella	https://www.w3.org/TR/css-scrollbars-1/	CSS Scrollbars Styling Module Level 1	Editor's Draft	NOT_APPLICABLE	Candidate Recommendation Snapshot	UNKNOWN	https://www.w3.org/TR/css-scrollbars-1/	good	W3C	yes	css-scrollbars	https://github.com/w3c/csswg-drafts	css/css-scrollbars	document-ui	CATALOG_INGESTED	index.json	4bc5433fe02464bc4519f9a05ea505313e71f560eff191fcad710edbeadaf809
browser-specs	css-shadow-1	umbrella	https://drafts.csswg.org/css-shadow-1/	CSS Shadow Module Level 1	Editor's Draft	NOT_APPLICABLE	UNKNOWN	UNKNOWN	UNKNOWN	good	W3C	yes	css-shadow	https://github.com/w3c/csswg-drafts	css/css-shadow	document-ui	CATALOG_INGESTED	index.json	f1cad811e1685c32227d46233b08f69bf0c857f606d5c87aac0aa5c8b946e538
browser-specs	css-shapes-1	umbrella	https://www.w3.org/TR/css-shapes-1/	CSS Shapes Module Level 1	Editor's Draft	NOT_APPLICABLE	Candidate Recommendation Draft	UNKNOWN	https://www.w3.org/TR/css-shapes-1/	good	W3C	yes	css-shapes	https://github.com/w3c/csswg-drafts	css/css-shapes	document-ui	CATALOG_INGESTED	index.json	82a3b23fca2e8887d41be04915eb956572b8a3869e5c969f6aa99019be7e7530
browser-specs	css-shapes-2	umbrella	https://drafts.csswg.org/css-shapes-2/	CSS Shapes Module Level 2	Editor's Draft	NOT_APPLICABLE	UNKNOWN	UNKNOWN	UNKNOWN	good	W3C	yes	css-shapes	https://github.com/w3c/csswg-drafts	css/css-shapes	document-ui	CATALOG_INGESTED	index.json	f56aeddb70e83e5ffe373493d5e8fbb6b3afceaf675eb5570829d04175a9b08f
browser-specs	css-size-adjust-1	umbrella	https://drafts.csswg.org/css-size-adjust-1/	CSS Mobile Text Size Adjustment Module Level 1	Editor's Draft	NOT_APPLICABLE	UNKNOWN	UNKNOWN	UNKNOWN	good	W3C	yes	css-size-adjust	https://github.com/w3c/csswg-drafts	css/css-size-adjust	document-ui	CATALOG_INGESTED	index.json	b49275d2a8d4a8e2f74e1c53c739ff385f94800b1e5d6d5d144befb403bb8db7
browser-specs	css-sizing-3	umbrella	https://www.w3.org/TR/css-sizing-3/	CSS Box Sizing Module Level 3	Editor's Draft	NOT_APPLICABLE	Working Draft	UNKNOWN	https://www.w3.org/TR/css-sizing-3/	good	W3C	yes	css-sizing	https://github.com/w3c/csswg-drafts	css/css-sizing	document-ui	CATALOG_INGESTED	index.json	0ea8e5b17dcb7bccf7dda998f79850384c578e5efe88f82f25d63a40a8a56ef0
browser-specs	css-sizing-4	umbrella	https://www.w3.org/TR/css-sizing-4/	CSS Box Sizing Module Level 4	Editor's Draft	NOT_APPLICABLE	Working Draft	UNKNOWN	https://www.w3.org/TR/css-sizing-4/	good	W3C	yes	css-sizing	https://github.com/w3c/csswg-drafts	css/css-sizing	document-ui	CATALOG_INGESTED	index.json	a1ef48fc4085be3df7bbcf8034e04e1f615d9e9b1d636ff26ac4ac102089804a
browser-specs	css-speech-1	umbrella	https://www.w3.org/TR/css-speech-1/	CSS Speech Module Level 1	Editor's Draft	NOT_APPLICABLE	Candidate Recommendation Draft	UNKNOWN	https://www.w3.org/TR/css-speech-1/	good	W3C	yes	css-speech	https://github.com/w3c/csswg-drafts	css/css-speech	document-ui	CATALOG_INGESTED	index.json	f1a9a2b34a2998388482810d741d0ca595a76202e981a6b75b438b81ccc22bb9
browser-specs	css-style-attr	umbrella	https://www.w3.org/TR/css-style-attr/	CSS Style Attributes	Editor's Draft	NOT_APPLICABLE	Recommendation	UNKNOWN	https://www.w3.org/TR/css-style-attr/	good	W3C	yes	css-style-attr	https://github.com/w3c/csswg-drafts	css/css-style-attr	document-ui	CATALOG_INGESTED	index.json	09464e3a940634c345f71116ac409e112a8115e0ec7924b13ad7662d855e90d3
browser-specs	css-syntax-3	umbrella	https://www.w3.org/TR/css-syntax-3/	CSS Syntax Module Level 3	Editor's Draft	NOT_APPLICABLE	Candidate Recommendation Draft	UNKNOWN	https://www.w3.org/TR/css-syntax-3/	good	W3C	yes	css-syntax	https://github.com/w3c/csswg-drafts	css/css-syntax	document-ui	CATALOG_INGESTED	index.json	21994b51b2aad4e10dd58c01b3e230fb7c852ce860e9c80a60ac9bd9ee686181
browser-specs	css-tables-3	umbrella	https://www.w3.org/TR/css-tables-3/	CSS Table Module Level 3	Editor's Draft	NOT_APPLICABLE	Working Draft	UNKNOWN	https://www.w3.org/TR/css-tables-3/	good	W3C	yes	css-tables	https://github.com/w3c/csswg-drafts	css/css-tables	document-ui	CATALOG_INGESTED	index.json	a32fdecc12baabdfc2ae1778f0790137ae5e6c4671710bfe7ea03ac595eeadfe
browser-specs	css-text-3	umbrella	https://www.w3.org/TR/css-text-3/	CSS Text Module Level 3	Editor's Draft	NOT_APPLICABLE	Candidate Recommendation Draft	UNKNOWN	https://www.w3.org/TR/css-text-3/	good	W3C	yes	css-text	https://github.com/w3c/csswg-drafts	css/css-text	document-ui	CATALOG_INGESTED	index.json	a912d56cdff8ad454c7813ac2e84f3df1ed41fba441e134732751b1a5a6b7b89
browser-specs	css-text-4	umbrella	https://www.w3.org/TR/css-text-4/	CSS Text Module Level 4	Editor's Draft	NOT_APPLICABLE	Working Draft	UNKNOWN	https://www.w3.org/TR/css-text-4/	good	W3C	yes	css-text	https://github.com/w3c/csswg-drafts	css/css-text	document-ui	CATALOG_INGESTED	index.json	46567311caff525e7f4a912c6c7a20afa40961c18d303b01eaa51bdac9f9fa53
browser-specs	css-text-5	umbrella	https://drafts.csswg.org/css-text-5/	CSS Text Module Level 5	Editor's Draft	NOT_APPLICABLE	UNKNOWN	UNKNOWN	UNKNOWN	good	W3C	yes	css-text	https://github.com/w3c/csswg-drafts	css/css-text	document-ui	CATALOG_INGESTED	index.json	e1745d9e43552cc1516611e174cb85a366135a46541b74286463e29cfe2f6907
browser-specs	css-text-decor-3	umbrella	https://www.w3.org/TR/css-text-decor-3/	CSS Text Decoration Module Level 3	Editor's Draft	NOT_APPLICABLE	Candidate Recommendation Draft	UNKNOWN	https://www.w3.org/TR/css-text-decor-3/	good	W3C	yes	css-text-decor	https://github.com/w3c/csswg-drafts	css/css-text-decor	document-ui	CATALOG_INGESTED	index.json	896ff3afc191d4521a88744bcc17044c27d815af8ee47999a1d567700dd30f4e
browser-specs	css-text-decor-4	umbrella	https://www.w3.org/TR/css-text-decor-4/	CSS Text Decoration Module Level 4	Editor's Draft	NOT_APPLICABLE	Working Draft	UNKNOWN	https://www.w3.org/TR/css-text-decor-4/	good	W3C	yes	css-text-decor	https://github.com/w3c/csswg-drafts	css/css-text-decor	document-ui	CATALOG_INGESTED	index.json	451bcd924bf4974c68d69bd93e8c6306fe7af27211af715cbfe67cb42032f18f
browser-specs	css-transforms-1	umbrella	https://www.w3.org/TR/css-transforms-1/	CSS Transforms Module Level 1	Editor's Draft	NOT_APPLICABLE	Candidate Recommendation Snapshot	UNKNOWN	https://www.w3.org/TR/css-transforms-1/	good	W3C	yes	css-transforms	https://github.com/w3c/csswg-drafts	css/css-transforms	document-ui	CATALOG_INGESTED	index.json	d6bef202f267008ddb053d9a2f940233fc38b3fb330e75c0605126098856eef8
browser-specs	css-transforms-2	umbrella	https://www.w3.org/TR/css-transforms-2/	CSS Transforms Module Level 2	Editor's Draft	NOT_APPLICABLE	Working Draft	UNKNOWN	https://www.w3.org/TR/css-transforms-2/	good	W3C	yes	css-transforms	https://github.com/w3c/csswg-drafts	css/css-transforms	document-ui	CATALOG_INGESTED	index.json	d7cf846ad0e3b6bdc0f9130ef7a57e50da5c3ed40398f43f97a3d44a1acf7d9c
browser-specs	css-transitions-1	umbrella	https://www.w3.org/TR/css-transitions-1/	CSS Transitions Module Level 1	Editor's Draft	NOT_APPLICABLE	Working Draft	UNKNOWN	https://www.w3.org/TR/css-transitions-1/	good	W3C	yes	css-transitions	https://github.com/w3c/csswg-drafts	css/css-transitions	document-ui	CATALOG_INGESTED	index.json	6b39c2ed458aa2182a36825a7ed2f7629e741107d4d36ec6d66c7c94c6de97d0
browser-specs	css-transitions-2	umbrella	https://www.w3.org/TR/css-transitions-2/	CSS Transitions Module Level 2	Editor's Draft	NOT_APPLICABLE	Working Draft	UNKNOWN	https://www.w3.org/TR/css-transitions-2/	good	W3C	yes	css-transitions	https://github.com/w3c/csswg-drafts	css/css-transitions	document-ui	CATALOG_INGESTED	index.json	f4b7e618c9d8d04849bc0b9263a981152c034ad89c2d23702d30ceab3213a33b
browser-specs	css-typed-om-1	umbrella	https://www.w3.org/TR/css-typed-om-1/	CSS Typed OM Level 1	Editor's Draft	NOT_APPLICABLE	Working Draft	UNKNOWN	https://www.w3.org/TR/css-typed-om-1/	good	W3C	yes	css-typed-om	https://github.com/w3c/css-houdini-drafts	css/css-typed-om	document-ui	CATALOG_INGESTED	index.json	5f486770bfd2b5ca8967110a98eec83dc91d3ff21410c419d7695ae1d597f771
browser-specs	css-typed-om-2	umbrella	https://drafts.css-houdini.org/css-typed-om-2/	CSS Typed OM Level 2	Editor's Draft	NOT_APPLICABLE	UNKNOWN	UNKNOWN	UNKNOWN	good	W3C	yes	css-typed-om	https://github.com/w3c/css-houdini-drafts	css/css-typed-om	document-ui	CATALOG_INGESTED	index.json	bf786f5f7b92ee466d6e5029deb3ac5ec0637f0aa1a30631221fd3f48bca93c5
browser-specs	css-ui-3	umbrella	https://www.w3.org/TR/css-ui-3/	CSS Basic User Interface Module Level 3 (CSS3 UI)	Editor's Draft	NOT_APPLICABLE	Recommendation	UNKNOWN	https://www.w3.org/TR/css-ui-3/	good	W3C	yes	css-ui	https://github.com/w3c/csswg-drafts	css/css-ui	document-ui	CATALOG_INGESTED	index.json	d87542f3aef2fc7b595390c655082696bdd42b38fa8b66c6e84570b366638045
browser-specs	css-ui-4	umbrella	https://www.w3.org/TR/css-ui-4/	CSS Basic User Interface Module Level 4	Editor's Draft	NOT_APPLICABLE	Working Draft	UNKNOWN	https://www.w3.org/TR/css-ui-4/	good	W3C	yes	css-ui	https://github.com/w3c/csswg-drafts	css/css-ui	document-ui	CATALOG_INGESTED	index.json	15c4be94b1cd82ca688e155562fa973169f61b37a3c815962aa726c76cee7da3
browser-specs	css-values-3	umbrella	https://www.w3.org/TR/css-values-3/	CSS Values and Units Module Level 3	Editor's Draft	NOT_APPLICABLE	Candidate Recommendation Draft	UNKNOWN	https://www.w3.org/TR/css-values-3/	good	W3C	yes	css-values	https://github.com/w3c/csswg-drafts	css/css-values	document-ui	CATALOG_INGESTED	index.json	352de17f12839623538e20efe37fd3cad76a9bfd108da4953156dd8d56073ea4
browser-specs	css-values-4	umbrella	https://www.w3.org/TR/css-values-4/	CSS Values and Units Module Level 4	Editor's Draft	NOT_APPLICABLE	Working Draft	UNKNOWN	https://www.w3.org/TR/css-values-4/	good	W3C	yes	css-values	https://github.com/w3c/csswg-drafts	css/css-values	document-ui	CATALOG_INGESTED	index.json	3c69632825436c19d6296bf602ed4316910b39c5f99b8cf13ece4e8ed76d7731
browser-specs	css-values-5	umbrella	https://www.w3.org/TR/css-values-5/	CSS Values and Units Module Level 5	Editor's Draft	NOT_APPLICABLE	Working Draft	UNKNOWN	https://www.w3.org/TR/css-values-5/	good	W3C	yes	css-values	https://github.com/w3c/csswg-drafts	css/css-values	document-ui	CATALOG_INGESTED	index.json	3ef20969cda530db45de515bfe724f3b5c86cab2ea97ef2ef68f95e0b7fd7cff
browser-specs	css-variables-1	umbrella	https://www.w3.org/TR/css-variables-1/	CSS Custom Properties for Cascading Variables Module Level 1	Editor's Draft	NOT_APPLICABLE	Candidate Recommendation Snapshot	UNKNOWN	https://www.w3.org/TR/css-variables-1/	good	W3C	yes	css-variables	https://github.com/w3c/csswg-drafts	css/css-variables	document-ui	CATALOG_INGESTED	index.json	354a0f288c7fa403c62e9a8f207686237c28d5ba62919cb842293cf03589d216
browser-specs	css-variables-2	umbrella	https://drafts.csswg.org/css-variables-2/	CSS Custom Properties for Cascading Variables Module Level 2	Editor's Draft	NOT_APPLICABLE	UNKNOWN	UNKNOWN	UNKNOWN	good	W3C	yes	css-variables	https://github.com/w3c/csswg-drafts	css/css-variables	document-ui	CATALOG_INGESTED	index.json	766b0af5bc3bbcaf253b6ebb3b3c862111df669d09cdca1f3398a4842e1e9b9f
browser-specs	css-view-transitions-1	umbrella	https://www.w3.org/TR/css-view-transitions-1/	CSS View Transitions Module Level 1	Editor's Draft	NOT_APPLICABLE	Candidate Recommendation Draft	UNKNOWN	https://www.w3.org/TR/css-view-transitions-1/	good	W3C	yes	css-view-transitions	https://github.com/w3c/csswg-drafts	css/css-view-transitions	document-ui	CATALOG_INGESTED	index.json	f8d6186f993d37f8641311f26be3a13974a21d8ca7c634e686463a79a0411207
browser-specs	css-view-transitions-2	umbrella	https://www.w3.org/TR/css-view-transitions-2/	CSS View Transitions Module Level 2	Editor's Draft	NOT_APPLICABLE	Working Draft	UNKNOWN	https://www.w3.org/TR/css-view-transitions-2/	good	W3C	yes	css-view-transitions	https://github.com/w3c/csswg-drafts	css/css-view-transitions	document-ui	CATALOG_INGESTED	index.json	7f7dc66cd0ef339cafdb8b81474deaaf704f17fb056c66d91201d374f9549d0a
browser-specs	css-viewport-1	umbrella	https://www.w3.org/TR/css-viewport-1/	CSS Viewport Module Level 1	Editor's Draft	NOT_APPLICABLE	First Public Working Draft	UNKNOWN	https://www.w3.org/TR/css-viewport-1/	good	W3C	yes	css-viewport	https://github.com/w3c/csswg-drafts	css/css-viewport	document-ui	CATALOG_INGESTED	index.json	96810a3d3da4a48c74f44f6332ebc7e22e913195dab7166dc384c0ca33ee2dd3
browser-specs	css-will-change-1	umbrella	https://www.w3.org/TR/css-will-change-1/	CSS Will Change Module Level 1	Editor's Draft	NOT_APPLICABLE	Candidate Recommendation Draft	UNKNOWN	https://www.w3.org/TR/css-will-change-1/	good	W3C	yes	css-will-change	https://github.com/w3c/csswg-drafts	css/css-will-change	document-ui	CATALOG_INGESTED	index.json	b0253653a0465a3bbf6ae4e6fac6d00406a2b4a6b5a7aed583338476640a217c
browser-specs	css-writing-modes-3	umbrella	https://www.w3.org/TR/css-writing-modes-3/	CSS Writing Modes Level 3	Editor's Draft	NOT_APPLICABLE	Recommendation	UNKNOWN	https://www.w3.org/TR/css-writing-modes-3/	good	W3C	yes	css-writing-modes	https://github.com/w3c/csswg-drafts	css/css-writing-modes	document-ui	CATALOG_INGESTED	index.json	10a38feb3863bf4bd705aeb5df0331f53f024e3cbdf50853292d81bbfbdd2a67
browser-specs	css-writing-modes-4	umbrella	https://www.w3.org/TR/css-writing-modes-4/	CSS Writing Modes Level 4	Editor's Draft	NOT_APPLICABLE	Candidate Recommendation Snapshot	UNKNOWN	https://www.w3.org/TR/css-writing-modes-4/	good	W3C	yes	css-writing-modes	https://github.com/w3c/csswg-drafts	css/css-writing-modes	document-ui	CATALOG_INGESTED	index.json	18a8dc32a956f4db99f38e043ff234b89a56323a44abde811e7bacf8f54a5f56
browser-specs	css3-exclusions	umbrella	https://www.w3.org/TR/css3-exclusions/	CSS Exclusions Module Level 1	Editor's Draft	NOT_APPLICABLE	Working Draft	UNKNOWN	https://www.w3.org/TR/css3-exclusions/	good	W3C	yes	css-exclusions	https://github.com/w3c/csswg-drafts	css/css-exclusions	document-ui	CATALOG_INGESTED	index.json	342ba7de66cf2098343157ac423b62e8f3618dcb17a39bc6a0b5432ba791d838
browser-specs	cssom-1	umbrella	https://www.w3.org/TR/cssom-1/	CSS Object Model (CSSOM)	Editor's Draft	NOT_APPLICABLE	Working Draft	UNKNOWN	https://www.w3.org/TR/cssom-1/	good	W3C	yes	cssom	https://github.com/w3c/csswg-drafts	css/cssom	document-ui,agents-ml	CATALOG_INGESTED	index.json	8794daa90b4e368b4ae07b7f6c50a8a55b530c32f3d66e2b1d6d27f96234cabe
browser-specs	cssom-view-1	umbrella	https://www.w3.org/TR/cssom-view-1/	CSSOM View Module	Editor's Draft	NOT_APPLICABLE	Working Draft	UNKNOWN	https://www.w3.org/TR/cssom-view-1/	good	W3C	yes	cssom-view	https://github.com/w3c/csswg-drafts	css/cssom-view	document-ui	CATALOG_INGESTED	index.json	db50a619f11d644ad12b79b679abc0e835ca7da828671bf852a9e95407afd822
browser-specs	dapt	umbrella	https://www.w3.org/TR/dapt/	Dubbing and Audio description Profiles of TTML2	Editor's Draft	NOT_APPLICABLE	Candidate Recommendation Draft	UNKNOWN	https://www.w3.org/TR/dapt/	good	W3C	no	dapt	https://github.com/w3c/dapt		graphics-media	CATALOG_INGESTED	index.json	83063b1a42683cb943fc66cf37a14905379eb122fdbb857bb59b45eb06b4e367
browser-specs	dbsc-1	umbrella	https://www.w3.org/TR/dbsc-1/	Device Bound Session Credentials	Editor's Draft	NOT_APPLICABLE	First Public Working Draft	UNKNOWN	https://www.w3.org/TR/dbsc-1/	good	W3C	yes	dbsc	https://github.com/w3c/webappsec-dbsc		security-privacy,device-input	CATALOG_INGESTED	index.json	6ccb67d8f23dc50b0db30869d88014b8247b4828c5aef60095f0914df83afabe
browser-specs	design-principles	umbrella	https://www.w3.org/TR/design-principles/	Web Platform Design Principles	Editor's Draft	NOT_APPLICABLE	Note	UNKNOWN	https://www.w3.org/TR/design-principles/	good	W3C	no	design-principles	https://github.com/w3ctag/design-principles			CATALOG_INGESTED	index.json	60c9ea978b2e5ffc9497ca74e11f6c627703438d2e15e62ab83ed1bac62757e6
browser-specs	device-memory-1	umbrella	https://www.w3.org/TR/device-memory-1/	Device Memory API	Editor's Draft	NOT_APPLICABLE	Working Draft	UNKNOWN	https://www.w3.org/TR/device-memory-1/	good	W3C	yes	device-memory	https://github.com/w3c/device-memory	device-memory	device-input,performance-observability	CATALOG_INGESTED	index.json	7118321858e3a9c083455a66debd2c9c00352dcc7c94bb89fc5a199cc3f5a2a9
browser-specs	device-posture	umbrella	https://www.w3.org/TR/device-posture/	Device Posture API	Editor's Draft	NOT_APPLICABLE	Candidate Recommendation Draft	UNKNOWN	https://www.w3.org/TR/device-posture/	good	W3C	yes	device-posture	https://github.com/w3c/device-posture	device-posture	device-input	CATALOG_INGESTED	index.json	90a70fb78b935e6e3c791f0bdfdbb47b65376369aa5ea2a6a4f6d56b811b5ff9
browser-specs	did-1.1	umbrella	https://www.w3.org/TR/did-1.1/	Decentralized Identifiers (DIDs) v1.1	Editor's Draft	NOT_APPLICABLE	Candidate Recommendation Snapshot	UNKNOWN	https://www.w3.org/TR/did-1.1/	good	W3C	no	did	https://github.com/w3c/did			CATALOG_INGESTED	index.json	f53184e2f8e09d60706331351a6e4b6e92f732443727f40a6bb98af6af448d14
browser-specs	did-resolution-1.0	umbrella	https://www.w3.org/TR/did-resolution-1.0/	Decentralized Identifier Resolution (DID Resolution) v1	Editor's Draft	NOT_APPLICABLE	Candidate Recommendation Snapshot	UNKNOWN	https://www.w3.org/TR/did-resolution-1.0/	good	W3C	no	did-resolution	https://github.com/w3c/did-resolution			CATALOG_INGESTED	index.json	b10d175edc6ff839225930cbd91433c71d9edef95c22ce034c55c0c98bfb47f1
browser-specs	digital-credentials	umbrella	https://www.w3.org/TR/digital-credentials/	Digital Credentials	Editor's Draft	NOT_APPLICABLE	Working Draft	UNKNOWN	https://www.w3.org/TR/digital-credentials/	good	W3C	yes	digital-credentials	https://github.com/w3c-fedid/digital-credentials			CATALOG_INGESTED	index.json	2e7235ed11d2c13a4f19ef732d87354113f6d64913f810cf7ca17411d2148d8d
browser-specs	dpub-aam-1.1	umbrella	https://www.w3.org/TR/dpub-aam-1.1/	Digital Publishing Accessibility API Mappings 1.1	Editor's Draft	NOT_APPLICABLE	Recommendation	UNKNOWN	https://www.w3.org/TR/dpub-aam-1.1/	good	W3C	no	dpub-aam	https://github.com/w3c/aria	dpub-aam	accessibility-i18n	CATALOG_INGESTED	index.json	6fcc7b79f1257a5928fd3964516228bff1427b8750fc85fe71f192cab74ecb9c
browser-specs	dpub-aria-1.1	umbrella	https://www.w3.org/TR/dpub-aria-1.1/	Digital Publishing WAI-ARIA Module 1.1	Editor's Draft	NOT_APPLICABLE	Recommendation	UNKNOWN	https://www.w3.org/TR/dpub-aria-1.1/	good	W3C	no	dpub-aria	https://github.com/w3c/aria	dpub-aria	accessibility-i18n	CATALOG_INGESTED	index.json	eb03a37592466d21e789b9258a1d6429e82455b0b1ade0f070428f807c940967
browser-specs	dx-prof-conneg	umbrella	https://www.w3.org/TR/dx-prof-conneg/	Content Negotiation by Profile	Editor's Draft	NOT_APPLICABLE	Working Draft	UNKNOWN	https://www.w3.org/TR/dx-prof-conneg/	good	W3C	no	dx-prof-conneg	https://github.com/w3c/dx-connegp			CATALOG_INGESTED	index.json	40378b8973fadf921a0c48bbe6f25aa8ddc1edf0c4257f6318c69c89ec27c874
browser-specs	ecma-402	umbrella	https://tc39.es/ecma402/	ECMAScript® 2027 Internationalization API Specification	Editor's Draft	NOT_APPLICABLE	UNKNOWN	UNKNOWN	UNKNOWN	good	Ecma International	yes	ecma-402	https://github.com/tc39/ecma402	test/intl402	execution-modules	CATALOG_INGESTED	index.json	5b72f4e06c085e5b598c2bda13cc6c9dcb6f7dbccafaf882c381091b4d87fb75
browser-specs	ecma-426	umbrella	https://tc39.es/ecma426/	Source map format specification	Editor's Draft	NOT_APPLICABLE	UNKNOWN	UNKNOWN	UNKNOWN	good	Ecma International	yes	ecma-426	https://github.com/tc39/ecma426			CATALOG_INGESTED	index.json	76c73d40819a9feef5f67d981f07a20f57c71b0fd910ffc287ab9fbc2db1b5cb
browser-specs	ecmascript	umbrella	https://tc39.es/ecma262/multipage/	ECMAScript® 2027 Language Specification	Editor's Draft	NOT_APPLICABLE	UNKNOWN	UNKNOWN	UNKNOWN	good	Ecma International	yes	ecmascript	https://github.com/tc39/ecma262	test	accessibility-i18n,execution-modules	CATALOG_INGESTED	index.json	74bd68f266dd346b2669615948dae620778f457458d44e25bd303f4f479fef3c
browser-specs	edit-context	umbrella	https://www.w3.org/TR/edit-context/	EditContext API	Editor's Draft	NOT_APPLICABLE	Working Draft	UNKNOWN	https://www.w3.org/TR/edit-context/	good	W3C	yes	edit-context	https://github.com/w3c/edit-context			CATALOG_INGESTED	index.json	364b5420c8fb825d38b7b43152893edeb6e55d8fe3b61d4381d1eed7b9255079
browser-specs	element-timing	umbrella	https://w3c.github.io/element-timing/	Element Timing API	Editor's Draft	NOT_APPLICABLE	UNKNOWN	UNKNOWN	UNKNOWN	good	W3C	yes	element-timing	https://github.com/w3c/element-timing		performance-observability	CATALOG_INGESTED	index.json	0ac9a9a9cd87b96dc65ddb6159a16ef0498bbcd43fe76ef4d862de35d4d413db
browser-specs	eme-hdcp-version-registry	umbrella	https://www.w3.org/TR/eme-hdcp-version-registry/	Encrypted Media Extensions HDCP Version Registry	Editor's Draft	NOT_APPLICABLE	Draft Registry	UNKNOWN	https://www.w3.org/TR/eme-hdcp-version-registry/	good	W3C	yes	eme-hdcp-version-registry	https://github.com/w3c/encrypted-media		graphics-media	CATALOG_INGESTED	index.json	d794f27c414e23cbd7aa542dd38cff42640e561047328722618561e5dc929b10
browser-specs	eme-initdata-cenc	umbrella	https://www.w3.org/TR/eme-initdata-cenc/	"cenc" Initialization Data Format	Editor's Draft	NOT_APPLICABLE	Note	UNKNOWN	https://www.w3.org/TR/eme-initdata-cenc/	good	W3C	yes	eme-initdata-cenc	https://github.com/w3c/encrypted-media		graphics-media	CATALOG_INGESTED	index.json	18be3f19261fb4fffa46e7aadea8c67b51929dac5540cfd5b5b412e85ef1be50
browser-specs	eme-initdata-keyids	umbrella	https://www.w3.org/TR/eme-initdata-keyids/	"keyids" Initialization Data Format	Editor's Draft	NOT_APPLICABLE	Note	UNKNOWN	https://www.w3.org/TR/eme-initdata-keyids/	good	W3C	yes	eme-initdata-keyids	https://github.com/w3c/encrypted-media		graphics-media	CATALOG_INGESTED	index.json	30061705c1883761aa899e1be3efba211108881d255697af8b915e5914dedaaa
browser-specs	eme-initdata-registry	umbrella	https://www.w3.org/TR/eme-initdata-registry/	Encrypted Media Extensions Initialization Data Format Registry	Editor's Draft	NOT_APPLICABLE	Draft Registry	UNKNOWN	https://www.w3.org/TR/eme-initdata-registry/	good	W3C	yes	eme-initdata-registry	https://github.com/w3c/encrypted-media		graphics-media	CATALOG_INGESTED	index.json	8cad11ff547fb9bf5ced877a18f0d039ec0e0c0ba16e9da8e8bbcf66d0fc9127
browser-specs	eme-initdata-webm	umbrella	https://www.w3.org/TR/eme-initdata-webm/	"webm" Initialization Data Format	Editor's Draft	NOT_APPLICABLE	Note	UNKNOWN	https://www.w3.org/TR/eme-initdata-webm/	good	W3C	yes	eme-initdata-webm	https://github.com/w3c/encrypted-media		graphics-media	CATALOG_INGESTED	index.json	2d246410f931bf696085c4180f0c6ec49c13c7a89d7ae0c6c8ad711d5639a2d1
browser-specs	eme-stream-mp4	umbrella	https://www.w3.org/TR/eme-stream-mp4/	ISO Common Encryption Protection Scheme for ISO Base Media File Format Stream Format	Editor's Draft	NOT_APPLICABLE	Note	UNKNOWN	https://www.w3.org/TR/eme-stream-mp4/	good	W3C	yes	eme-stream-mp4	https://github.com/w3c/encrypted-media		navigation-loading,graphics-media	CATALOG_INGESTED	index.json	fd6afcae0d488ef14cbaf06273593291b6ee7c143ba3e909bb1ab3c5e6f6a6bd
browser-specs	eme-stream-registry	umbrella	https://www.w3.org/TR/eme-stream-registry/	Encrypted Media Extensions Stream Format Registry	Editor's Draft	NOT_APPLICABLE	Draft Registry	UNKNOWN	https://www.w3.org/TR/eme-stream-registry/	good	W3C	yes	eme-stream-registry	https://github.com/w3c/encrypted-media		navigation-loading,graphics-media	CATALOG_INGESTED	index.json	ba7cc3ef506e02cf64134c5566a6d7bf1c652d8034f8991bdfe5970595ede8e2
browser-specs	eme-stream-webm	umbrella	https://www.w3.org/TR/eme-stream-webm/	WebM Stream Format	Editor's Draft	NOT_APPLICABLE	Note	UNKNOWN	https://www.w3.org/TR/eme-stream-webm/	good	W3C	yes	eme-stream-webm	https://github.com/w3c/encrypted-media		navigation-loading,graphics-media	CATALOG_INGESTED	index.json	2cfda99358eec13c37ceba856ddf3cd4bc7c27f609c8cf0301ccfe4ca5daa052
browser-specs	encrypted-media-2	umbrella	https://www.w3.org/TR/encrypted-media-2/	Encrypted Media Extensions	Editor's Draft	NOT_APPLICABLE	Working Draft	UNKNOWN	https://www.w3.org/TR/encrypted-media-2/	good	W3C	yes	encrypted-media	https://github.com/w3c/encrypted-media	encrypted-media	graphics-media	CATALOG_INGESTED	index.json	13e3a4b96479bd25b9cd19d0899c90c890cb9402ea46ee877044b8d0d54cfde8
browser-specs	epub-33	umbrella	https://www.w3.org/TR/epub-33/	EPUB 3.3	Editor's Draft	NOT_APPLICABLE	Recommendation	UNKNOWN	https://www.w3.org/TR/epub-33/	good	W3C	no	epub	https://github.com/w3c/epub-specs			CATALOG_INGESTED	index.json	067861a0788c2ad325fe50861107e40f42e703076baba11272da7609206b38d7
browser-specs	epub-34	umbrella	https://www.w3.org/TR/epub-34/	EPUB 3.4	Editor's Draft	NOT_APPLICABLE	Candidate Recommendation Draft	UNKNOWN	https://www.w3.org/TR/epub-34/	good	W3C	no	epub	https://github.com/w3c/epub-specs			CATALOG_INGESTED	index.json	54fea2dc7b1c0a04c9bc7988b1a80e2ee2e4afa17e3637efbea72ec1222ed75c
browser-specs	epub-a11y-12	umbrella	https://www.w3.org/TR/epub-a11y-12/	EPUB Accessibility 1.2	Editor's Draft	NOT_APPLICABLE	Candidate Recommendation Draft	UNKNOWN	https://www.w3.org/TR/epub-a11y-12/	good	W3C	no	epub-a11y	https://github.com/w3c/epub-specs			CATALOG_INGESTED	index.json	ab662113b02a0528e895acc26da148ac82cc232d97fa44fdfff31d892220f2f4
browser-specs	epub-rs-33	umbrella	https://www.w3.org/TR/epub-rs-33/	EPUB Reading Systems 3.3	Editor's Draft	NOT_APPLICABLE	Recommendation	UNKNOWN	https://www.w3.org/TR/epub-rs-33/	good	W3C	no	epub-rs	https://github.com/w3c/epub-specs			CATALOG_INGESTED	index.json	461eaf94b84426945ff5d71dffe4c893f36f8f5e1a71d72b37fdc30f7ee81ab2
browser-specs	epub-rs-34	umbrella	https://www.w3.org/TR/epub-rs-34/	EPUB Reading Systems 3.4	Editor's Draft	NOT_APPLICABLE	Candidate Recommendation Snapshot	UNKNOWN	https://www.w3.org/TR/epub-rs-34/	good	W3C	no	epub-rs	https://github.com/w3c/epub-specs			CATALOG_INGESTED	index.json	e922bd458660164a82dd1927754876ef29b2091dd461e69a13f728e92d394e2c
browser-specs	ethical-web-principles	umbrella	https://www.w3.org/TR/ethical-web-principles/	Ethical Web Principles	Editor's Draft	NOT_APPLICABLE	Statement	UNKNOWN	https://www.w3.org/TR/ethical-web-principles/	good	W3C	no	ethical-web-principles	https://github.com/w3ctag/ethical-web-principles			CATALOG_INGESTED	index.json	35054b8edd7e5f19b761cec1b0a0d2156cd6e1af87ca51749ec6c7708341f952
browser-specs	event-timing	umbrella	https://www.w3.org/TR/event-timing/	Event Timing API	Editor's Draft	NOT_APPLICABLE	Working Draft	UNKNOWN	https://www.w3.org/TR/event-timing/	good	W3C	yes	event-timing	https://github.com/w3c/event-timing		performance-observability	CATALOG_INGESTED	index.json	ded91ba22691030ed2cc09fcced47ba822a73c03c54899a918945129b43c1057
browser-specs	explicit-javascript-compile-hints-file-based	umbrella	https://wicg.github.io/explicit-javascript-compile-hints-file-based/	Explicit JavaScript Compile Hints (File-based)	Editor's Draft	NOT_APPLICABLE	UNKNOWN	UNKNOWN	UNKNOWN	good	W3C	yes	explicit-javascript-compile-hints-file-based	https://github.com/WICG/explicit-javascript-compile-hints-file-based		execution-modules	CATALOG_INGESTED	index.json	13e479a97031569ff430dd98bbfff79c3cacc8db4f4ec6903fd16f589031e12d
browser-specs	fedcm-1	umbrella	https://www.w3.org/TR/fedcm-1/	Federated Credential Management API	Editor's Draft	NOT_APPLICABLE	First Public Working Draft	UNKNOWN	https://www.w3.org/TR/fedcm-1/	good	W3C	yes	fedcm	https://github.com/w3c-fedid/FedCM		security-privacy	CATALOG_INGESTED	index.json	e4fdad12115d2fcf97509eddae8862e072211ad637418354495658f4b1a6358c
browser-specs	fetch-metadata	umbrella	https://www.w3.org/TR/fetch-metadata/	Fetch Metadata Request Headers	Editor's Draft	NOT_APPLICABLE	Working Draft	UNKNOWN	https://www.w3.org/TR/fetch-metadata/	good	W3C	yes	fetch-metadata	https://github.com/w3c/webappsec-fetch-metadata	fetch/metadata	navigation-loading,security-privacy	CATALOG_INGESTED	index.json	91c6a549b797feaee91ae785d7b81251b74281bb1a0d2f6993cefb567192f405
browser-specs	fido-client-to-authenticator-protocol-v2.1	umbrella	https://fidoalliance.org/specs/fido-v2.1-ps-20210615/fido-client-to-authenticator-protocol-v2.1-ps-errata-20220621.html	Client to Authenticator Protocol (CTAP)	Editor's Draft	NOT_APPLICABLE	UNKNOWN	UNKNOWN	UNKNOWN	good	FIDO Alliance	yes	fido-client-to-authenticator-protocol				CATALOG_INGESTED	index.json	5bcb16569a919399274864096ec7aa37f8901a64990b90a99c9d8230119edb13
browser-specs	fido-client-to-authenticator-protocol-v2.2	umbrella	https://fidoalliance.org/specs/fido-v2.2-ps-20250714/fido-client-to-authenticator-protocol-v2.2-ps-20250714.html	Client to Authenticator Protocol (CTAP)	Editor's Draft	NOT_APPLICABLE	UNKNOWN	UNKNOWN	UNKNOWN	good	FIDO Alliance	yes	fido-client-to-authenticator-protocol				CATALOG_INGESTED	index.json	04002052fe1ec05c24f808890f6361c7688196f76ea945afe043e21969c1d234
browser-specs	fido-client-to-authenticator-protocol-v2.3	umbrella	https://fidoalliance.org/specs/fido-v2.3-ps-20260226/fido-client-to-authenticator-protocol-v2.3-ps-20260226.html	Client to Authenticator Protocol (CTAP)	Editor's Draft	NOT_APPLICABLE	UNKNOWN	UNKNOWN	UNKNOWN	good	FIDO Alliance	yes	fido-client-to-authenticator-protocol				CATALOG_INGESTED	index.json	a1fc296a166eb5ed6cd3ba7ced27b7d13688fb6593146042aefcaaca61f32bd3
browser-specs	fill-stroke-3	umbrella	https://www.w3.org/TR/fill-stroke-3/	CSS Fill and Stroke Module Level 3	Editor's Draft	NOT_APPLICABLE	First Public Working Draft	UNKNOWN	https://www.w3.org/TR/fill-stroke-3/	good	W3C	yes	fill-stroke	https://github.com/w3c/csswg-drafts	css/fill-stroke	document-ui	CATALOG_INGESTED	index.json	8b44e671368faf61980d75df447bec5add1471976da7abdbb4d9d8e6e77fbcab
browser-specs	filter-effects-1	umbrella	https://www.w3.org/TR/filter-effects-1/	Filter Effects Module Level 1	Editor's Draft	NOT_APPLICABLE	Working Draft	UNKNOWN	https://www.w3.org/TR/filter-effects-1/	good	W3C	yes	filter-effects	https://github.com/w3c/csswg-drafts	css/filter-effects	document-ui	CATALOG_INGESTED	index.json	e2ff755bcb4e67ec5300491ff497d41607c9ebd4b8c81cc02a49e4e44a33e28a
browser-specs	filter-effects-2	umbrella	https://drafts.csswg.org/filter-effects-2/	Filter Effects Module Level 2	Editor's Draft	NOT_APPLICABLE	UNKNOWN	UNKNOWN	UNKNOWN	good	W3C	yes	filter-effects	https://github.com/w3c/csswg-drafts	css/filter-effects	document-ui	CATALOG_INGESTED	index.json	4a8688a83273cdf733cbd3ca279e5ee0dbfbe76231211f23b4e8bf36bcbdd2e2
browser-specs	fingerprinting-guidance	umbrella	https://www.w3.org/TR/fingerprinting-guidance/	Mitigating Browser Fingerprinting in Web Specifications	Editor's Draft	NOT_APPLICABLE	Note	UNKNOWN	https://www.w3.org/TR/fingerprinting-guidance/	good	W3C	yes	fingerprinting-guidance	https://github.com/w3c/fingerprinting-guidance		security-privacy	CATALOG_INGESTED	index.json	409808646ef62863154c37dace800308a85de4982dca693c87609097583cf2a0
browser-specs	font-metrics-api-1	umbrella	https://drafts.css-houdini.org/font-metrics-api-1/	Font Metrics API Level 1	Editor's Draft	NOT_APPLICABLE	UNKNOWN	UNKNOWN	UNKNOWN	good	W3C	yes	font-metrics-api	https://github.com/w3c/css-houdini-drafts		document-ui,graphics-media	CATALOG_INGESTED	index.json	561eea8dfb18e1725415df06a3866dc4deeef0dd36ada493a5ac9f7435156148
browser-specs	gamepad	umbrella	https://www.w3.org/TR/gamepad/	Gamepad	Editor's Draft	NOT_APPLICABLE	Working Draft	UNKNOWN	https://www.w3.org/TR/gamepad/	good	W3C	yes	gamepad	https://github.com/w3c/gamepad	gamepad	device-input	CATALOG_INGESTED	index.json	81c5c405f8d177d323ab732ff13c3f3bca824ae6a624198506c4789168c40b58
browser-specs	gamepad-extensions	umbrella	https://w3c.github.io/gamepad/extensions.html	Gamepad Extensions	Editor's Draft	NOT_APPLICABLE	UNKNOWN	UNKNOWN	UNKNOWN	good	W3C	yes	gamepad-extensions	https://github.com/w3c/gamepad		device-input	CATALOG_INGESTED	index.json	e5a7ae7e359724ff4eb3b89b96e68729debd86a69c09ec9ae053a4edcb5d4b70
browser-specs	generic-sensor	umbrella	https://www.w3.org/TR/generic-sensor/	Generic Sensor API	Editor's Draft	NOT_APPLICABLE	Candidate Recommendation Draft	UNKNOWN	https://www.w3.org/TR/generic-sensor/	good	W3C	yes	generic-sensor	https://github.com/w3c/sensors	generic-sensor	device-input	CATALOG_INGESTED	index.json	b3a788791032bc035f8f8d570f96751cef32cb224a801da5787c78caa0208d5b
browser-specs	geolocation	umbrella	https://www.w3.org/TR/geolocation/	Geolocation	Editor's Draft	NOT_APPLICABLE	Candidate Recommendation Snapshot	UNKNOWN	https://www.w3.org/TR/geolocation/	good	W3C	yes	geolocation	https://github.com/w3c/geolocation		device-input	CATALOG_INGESTED	index.json	9f86e9a5fc78a2c45b009eba1616c8dbbaa1c850a68179c18a0b31dee0c5bdf4
browser-specs	geolocation-sensor	umbrella	https://www.w3.org/TR/geolocation-sensor/	Geolocation Sensor	Editor's Draft	NOT_APPLICABLE	Discontinued Draft	UNKNOWN	https://www.w3.org/TR/geolocation-sensor/	discontinued	W3C	yes	geolocation-sensor	https://github.com/w3c/geolocation-sensor	geolocation-sensor	device-input	CATALOG_INGESTED	index.json	789d36744431b2e022b8ea91f7faacdb4e2b411943dee11bfe6556f9b07bd201
browser-specs	geometry-1	umbrella	https://www.w3.org/TR/geometry-1/	Geometry Interfaces Module Level 1	Editor's Draft	NOT_APPLICABLE	Candidate Recommendation Draft	UNKNOWN	https://www.w3.org/TR/geometry-1/	good	W3C	yes	geometry	https://github.com/w3c/csswg-drafts	css/geometry	document-ui	CATALOG_INGESTED	index.json	b04a230cba9f638acd5d64afb6206c090355cd9dc6584d9d85f37cd55683d4aa
browser-specs	glTF	umbrella	https://registry.khronos.org/glTF/specs/2.0/glTF-2.0.html	glTF™ 2.0 Specification	Editor's Draft	NOT_APPLICABLE	UNKNOWN	UNKNOWN	UNKNOWN	good	Khronos Group	no	glTF	https://github.com/KhronosGroup/glTF			CATALOG_INGESTED	index.json	7d0e2253bab18fff15542f515c570c840ffc9899ae02ae2ad73ac9977d661eec
browser-specs	gpc	umbrella	https://www.w3.org/TR/gpc/	Global Privacy Control (GPC)	Editor's Draft	NOT_APPLICABLE	Working Draft	UNKNOWN	https://www.w3.org/TR/gpc/	good	W3C	yes	gpc	https://github.com/w3c/gpc		security-privacy	CATALOG_INGESTED	index.json	1fbe0f9f11d4b12842a386562b40e632dc83a541dab87025f72defd3d5682a2a
browser-specs	graphics-aam-1.0	umbrella	https://www.w3.org/TR/graphics-aam-1.0/	Graphics Accessibility API Mappings	Editor's Draft	NOT_APPLICABLE	Recommendation	UNKNOWN	https://www.w3.org/TR/graphics-aam-1.0/	good	W3C	yes	graphics-aam	https://github.com/w3c/aria	graphics-aam	accessibility-i18n	CATALOG_INGESTED	index.json	9f627d666f0cf4ca5d74cd8c025a5ed62d75e608617ca76c82f678b8f932534d
browser-specs	graphics-aria-1.0	umbrella	https://www.w3.org/TR/graphics-aria-1.0/	WAI-ARIA Graphics Module	Editor's Draft	NOT_APPLICABLE	Recommendation	UNKNOWN	https://www.w3.org/TR/graphics-aria-1.0/	good	W3C	yes	graphics-aria	https://github.com/w3c/aria	graphics-aria	accessibility-i18n	CATALOG_INGESTED	index.json	34bf69764d4960b8e94a4729fd12094dfbcbfee9b2787133177bf77ec7cc7ddc
browser-specs	gyroscope	umbrella	https://www.w3.org/TR/gyroscope/	Gyroscope	Editor's Draft	NOT_APPLICABLE	Candidate Recommendation Draft	UNKNOWN	https://www.w3.org/TR/gyroscope/	good	W3C	yes	gyroscope	https://github.com/w3c/gyroscope	gyroscope		CATALOG_INGESTED	index.json	a4e960a15afe6b69593a8dff0d2a402dd160531f23140fd8f259ba585dd2d464
browser-specs	hr-time-3	umbrella	https://www.w3.org/TR/hr-time-3/	High Resolution Time	Editor's Draft	NOT_APPLICABLE	Working Draft	UNKNOWN	https://www.w3.org/TR/hr-time-3/	good	W3C	yes	hr-time	https://github.com/w3c/hr-time	hr-time	performance-observability	CATALOG_INGESTED	index.json	f10ca60254177e1257f70c4e03c52068ea1f2e70dbe39796890f43c7e7c70490
browser-specs	html-aam-1.0	umbrella	https://www.w3.org/TR/html-aam-1.0/	HTML Accessibility API Mappings 1.0	Editor's Draft	NOT_APPLICABLE	Working Draft	UNKNOWN	https://www.w3.org/TR/html-aam-1.0/	good	W3C	yes	html-aam	https://github.com/w3c/aria	html-aam	document-ui,accessibility-i18n	CATALOG_INGESTED	index.json	e334bcad8e88cc125882ad8bc382d07af5f9af740d280661073b05bf8b38e329
browser-specs	html-aria	umbrella	https://www.w3.org/TR/html-aria/	ARIA in HTML	Editor's Draft	NOT_APPLICABLE	Recommendation	UNKNOWN	https://www.w3.org/TR/html-aria/	good	W3C	yes	html-aria	https://github.com/w3c/html-aria		document-ui,accessibility-i18n	CATALOG_INGESTED	index.json	890478a5eca9b809975c271a8949814b8c20c5cc739f8213ee1da5184e21fb17
browser-specs	html-media-capture	umbrella	https://www.w3.org/TR/html-media-capture/	HTML Media Capture	Editor's Draft	NOT_APPLICABLE	Recommendation	UNKNOWN	https://www.w3.org/TR/html-media-capture/	good	W3C	yes	html-media-capture	https://github.com/w3c/html-media-capture	html-media-capture	document-ui,graphics-media	CATALOG_INGESTED	index.json	fb1bf3e2b5fadc8b762fe9be58ce66e27e6646c0a612af4812860dc35a790e79
browser-specs	html-ruby-extensions	umbrella	https://www.w3.org/TR/html-ruby-extensions/	HTML Ruby Markup Extensions	Editor's Draft	NOT_APPLICABLE	Candidate Recommendation Snapshot	UNKNOWN	https://www.w3.org/TR/html-ruby-extensions/	good	W3C	yes	html-ruby-extensions	https://github.com/w3c/html-ruby		document-ui	CATALOG_INGESTED	index.json	05ec04cdc04be5d26bada6dd3cbb6b4e148364e4d18d9510f24870af6a751f7c
browser-specs	i18n-glossary	umbrella	https://www.w3.org/TR/i18n-glossary/	Internationalization Glossary	Editor's Draft	NOT_APPLICABLE	Note	UNKNOWN	https://www.w3.org/TR/i18n-glossary/	good	W3C	no	i18n-glossary	https://github.com/w3c/i18n-glossary			CATALOG_INGESTED	index.json	ad8df292fce29b1cc3c39a890f12c10ebd01f96c41fa9e72e0fd8c772ec80c09
browser-specs	image-capture	umbrella	https://www.w3.org/TR/image-capture/	MediaStream Image Capture	Editor's Draft	NOT_APPLICABLE	Working Draft	UNKNOWN	https://www.w3.org/TR/image-capture/	good	W3C	yes	image-capture	https://github.com/w3c/mediacapture-image	mediacapture-image	graphics-media	CATALOG_INGESTED	index.json	464aaa10c3d3964adfc840b81c26f7a4083396ca35f2c3b2b12f4b5766095afa
browser-specs	image-resource	umbrella	https://www.w3.org/TR/image-resource/	Image Resource	Editor's Draft	NOT_APPLICABLE	Working Draft	UNKNOWN	https://www.w3.org/TR/image-resource/	good	W3C	yes	image-resource	https://github.com/w3c/image-resource		navigation-loading,graphics-media	CATALOG_INGESTED	index.json	acd2992d82ecd7916fa3ce811232a539f3567e9c27244e9084c684ebaf2515cd
browser-specs	imsc-hrm	umbrella	https://www.w3.org/TR/imsc-hrm/	IMSC Hypothetical Render Model	Editor's Draft	NOT_APPLICABLE	Recommendation	UNKNOWN	https://www.w3.org/TR/imsc-hrm/	good	W3C	no	imsc-hrm	https://github.com/w3c/imsc-hrm		agents-ml	CATALOG_INGESTED	index.json	494ac92cfbc82ed99507f760cafcf65955b1b16b42d24fe1dca3749c269dbe1a
browser-specs	input-device-capabilities	umbrella	https://wicg.github.io/input-device-capabilities/	Input Device Capabilities	Editor's Draft	NOT_APPLICABLE	UNKNOWN	UNKNOWN	UNKNOWN	good	W3C	yes	input-device-capabilities	https://github.com/WICG/input-device-capabilities	input-device-capabilities	device-input	CATALOG_INGESTED	index.json	fcef31c7f0e476415237d2bb93c0d05c28a4c6c2350318e61384b5c91ec06eb7
browser-specs	input-events-2	umbrella	https://www.w3.org/TR/input-events-2/	Input Events Level 2	Editor's Draft	NOT_APPLICABLE	Working Draft	UNKNOWN	https://www.w3.org/TR/input-events-2/	good	W3C	yes	input-events	https://github.com/w3c/input-events	input-events		CATALOG_INGESTED	index.json	acca6beb5870f1c96f11cafaef192fd8f1c88646cc94e6b0fe109463d5a85588
browser-specs	intersection-observer	umbrella	https://www.w3.org/TR/intersection-observer/	Intersection Observer	Editor's Draft	NOT_APPLICABLE	Working Draft	UNKNOWN	https://www.w3.org/TR/intersection-observer/	good	W3C	yes	intersection-observer	https://github.com/w3c/IntersectionObserver	intersection-observer	performance-observability	CATALOG_INGESTED	index.json	50522bc7dad3c5dfef7d2867979e5f38095e242a37b457518a25c2a74fd8440d
browser-specs	is-input-pending	umbrella	https://wicg.github.io/is-input-pending/	Early detection of input events	Editor's Draft	NOT_APPLICABLE	UNKNOWN	UNKNOWN	UNKNOWN	good	W3C	yes	is-input-pending	https://github.com/WICG/is-input-pending	is-input-pending		CATALOG_INGESTED	index.json	b6f34a0a9752a4f6641e8a1f821b2f1f9129b8e84bf60f243ad705831de9938a
browser-specs	json-ld11	umbrella	https://www.w3.org/TR/json-ld11/	JSON-LD 1.1	Editor's Draft	NOT_APPLICABLE	Recommendation	UNKNOWN	https://www.w3.org/TR/json-ld11/	good	W3C	no	json-ld	https://github.com/w3c/json-ld-syntax			CATALOG_INGESTED	index.json	2403dae6ba7c94348c04d250953a03cd5bfa07b49b3b0b91afbca5d9a9678b7a
browser-specs	json-ld11-api	umbrella	https://www.w3.org/TR/json-ld11-api/	JSON-LD 1.1 Processing Algorithms and API	Editor's Draft	NOT_APPLICABLE	Recommendation	UNKNOWN	https://www.w3.org/TR/json-ld11-api/	good	W3C	no	json-ld-api	https://github.com/w3c/json-ld-api			CATALOG_INGESTED	index.json	cdd36d6876800a0ddfeccf50487823da1cc52d2bb04376561e6448cd439fd260
browser-specs	json-ld11-framing	umbrella	https://www.w3.org/TR/json-ld11-framing/	JSON-LD 1.1 Framing	Editor's Draft	NOT_APPLICABLE	Recommendation	UNKNOWN	https://www.w3.org/TR/json-ld11-framing/	good	W3C	no	json-ld-framing	https://github.com/w3c/json-ld-framing			CATALOG_INGESTED	index.json	0660647143cd399ee7e524f73e1a77a6af3db215b7772aaf15cc7adb7924d368
browser-specs	largest-contentful-paint	umbrella	https://www.w3.org/TR/largest-contentful-paint/	Largest Contentful Paint	Editor's Draft	NOT_APPLICABLE	Working Draft	UNKNOWN	https://www.w3.org/TR/largest-contentful-paint/	good	W3C	yes	largest-contentful-paint	https://github.com/w3c/largest-contentful-paint	largest-contentful-paint	performance-observability	CATALOG_INGESTED	index.json	940b9a72b07a7642400dd0539596fa7ce757321f2477754bd83ca0dc522a78c7
browser-specs	layered-cookies	umbrella	https://datatracker.ietf.org/doc/html/draft-ietf-httpbis-layered-cookies/	Cookies: HTTP State Management Mechanism	Editor's Draft	NOT_APPLICABLE	UNKNOWN	UNKNOWN	UNKNOWN	good	IETF	yes	layered-cookies	https://github.com/httpwg/http-extensions		network-realtime	CATALOG_INGESTED	index.json	8d5f8aa013275902846f9e191e1bb995b588f5b5a16e71b69233fb67dd3e26f6
browser-specs	login-status	umbrella	https://w3c-fedid.github.io/login-status/	Login Status API	Editor's Draft	NOT_APPLICABLE	UNKNOWN	UNKNOWN	UNKNOWN	good	W3C	yes	login-status	https://github.com/w3c-fedid/login-status			CATALOG_INGESTED	index.json	61049e34ca3b0aceac2217405fe61c1df4211757c7079352e1eae7de0a6f2b9a
browser-specs	long-animation-frames	umbrella	https://www.w3.org/TR/long-animation-frames/	Long Animation Frames API	Editor's Draft	NOT_APPLICABLE	First Public Working Draft	UNKNOWN	https://www.w3.org/TR/long-animation-frames/	good	W3C	yes	long-animation-frames	https://github.com/w3c/long-animation-frames	long-animation-frame	document-ui,performance-observability	CATALOG_INGESTED	index.json	0bc8c21aa542e3ea7b056cdf219dd37a1f0b9284bece9a4e0c441d210fe5338e
browser-specs	longtasks-1	umbrella	https://www.w3.org/TR/longtasks-1/	Long Tasks API	Editor's Draft	NOT_APPLICABLE	Working Draft	UNKNOWN	https://www.w3.org/TR/longtasks-1/	good	W3C	yes	longtasks	https://github.com/w3c/longtasks	longtask-timing	performance-observability	CATALOG_INGESTED	index.json	e46693b7715d6c92b39c99d449c5b105cc6ca4152406ec55ccec87c9d9ad64db
browser-specs	magnetometer	umbrella	https://www.w3.org/TR/magnetometer/	Magnetometer	Editor's Draft	NOT_APPLICABLE	Working Draft	UNKNOWN	https://www.w3.org/TR/magnetometer/	good	W3C	yes	magnetometer	https://github.com/w3c/magnetometer	magnetometer		CATALOG_INGESTED	index.json	72e27a03420139242c827dbb12d2ae54f10ea74f66ed9dbb9270de3591473628
browser-specs	manifest-app-info	umbrella	https://www.w3.org/TR/manifest-app-info/	Web App Manifest - Application Information	Editor's Draft	NOT_APPLICABLE	Note	UNKNOWN	https://www.w3.org/TR/manifest-app-info/	good	W3C	yes	manifest-app-info	https://github.com/w3c/manifest-app-info		installed-offline	CATALOG_INGESTED	index.json	6f54841e1db9c2c7ea0416c04dd73fcdccfc4156e9e7a6ca9d8ffb97242d7fb2
browser-specs	mathml-aam	umbrella	https://w3c.github.io/mathml-aam/	MathML Accessibility API Mappings 1.0	Editor's Draft	NOT_APPLICABLE	UNKNOWN	UNKNOWN	UNKNOWN	good	W3C	yes	mathml-aam	https://github.com/w3c/aria		accessibility-i18n	CATALOG_INGESTED	index.json	2c7d5cf6e3e6ed7c2ad59380df17675a887f3cd81bfc551dd1eab958d90e8217
browser-specs	mathml-core	umbrella	https://www.w3.org/TR/mathml-core/	MathML Core	Editor's Draft	NOT_APPLICABLE	Candidate Recommendation Snapshot	UNKNOWN	https://www.w3.org/TR/mathml-core/	good	W3C	yes	mathml-core	https://github.com/w3c/mathml-core	mathml		CATALOG_INGESTED	index.json	8c0f107fa8c592ad7c004f99c9fdd06a337956e6eee664e282757b599c0345f0
browser-specs	mathml4	umbrella	https://www.w3.org/TR/mathml4/	Mathematical Markup Language (MathML) Version 4.0	Editor's Draft	NOT_APPLICABLE	Working Draft	UNKNOWN	https://www.w3.org/TR/mathml4/	good	W3C	no	mathml	https://github.com/w3c/mathml		accessibility-i18n	CATALOG_INGESTED	index.json	e7fd0719a4edc3488606b7f40421eb4ececfabc09812885c0ebf23fae7f85735
browser-specs	media-capabilities	umbrella	https://www.w3.org/TR/media-capabilities/	Media Capabilities	Editor's Draft	NOT_APPLICABLE	Working Draft	UNKNOWN	https://www.w3.org/TR/media-capabilities/	good	W3C	yes	media-capabilities	https://github.com/w3c/media-capabilities	media-capabilities	graphics-media	CATALOG_INGESTED	index.json	060d1ca88794777ccad1108a146e83c5ee4987fc93d45ad6fbbccc9330b688a5
browser-specs	media-feeds	umbrella	https://wicg.github.io/media-feeds/	Media Feeds	Editor's Draft	NOT_APPLICABLE	UNKNOWN	UNKNOWN	UNKNOWN	good	W3C	yes	media-feeds	https://github.com/WICG/media-feeds		graphics-media	CATALOG_INGESTED	index.json	d5cd71ed936af0c3db495c1cfc85f606307e4f9fc16e371612f8121f34d7281f
browser-specs	media-playback-quality	umbrella	https://w3c.github.io/media-playback-quality/	Media Playback Quality	Editor's Draft	NOT_APPLICABLE	UNKNOWN	UNKNOWN	UNKNOWN	good	W3C	yes	media-playback-quality	https://github.com/w3c/media-playback-quality	media-playback-quality	graphics-media	CATALOG_INGESTED	index.json	2eb1aaeb178df699334d9a7d0b066a39953d46ed9680de10481b87f54baf3e77
browser-specs	media-source-2	umbrella	https://www.w3.org/TR/media-source-2/	Media Source Extensions™	Editor's Draft	NOT_APPLICABLE	Working Draft	UNKNOWN	https://www.w3.org/TR/media-source-2/	good	W3C	yes	media-source	https://github.com/w3c/media-source	media-source	graphics-media	CATALOG_INGESTED	index.json	cee55dd73a1ae21b36bfde9723cfe8786475d53571c4d9a0ab99c12ed84f129f
browser-specs	mediacapture-automation	umbrella	https://w3c.github.io/mediacapture-automation/	Media Capture Automation	Editor's Draft	NOT_APPLICABLE	UNKNOWN	UNKNOWN	UNKNOWN	good	W3C	yes	mediacapture-automation	https://github.com/w3c/mediacapture-automation		graphics-media	CATALOG_INGESTED	index.json	8b642c9ab7b68b314424ea3b2678afdf3fd075fc04dfcaed1309aa384b9da478
browser-specs	mediacapture-fromelement	umbrella	https://www.w3.org/TR/mediacapture-fromelement/	Media Capture from DOM Elements	Editor's Draft	NOT_APPLICABLE	Working Draft	UNKNOWN	https://www.w3.org/TR/mediacapture-fromelement/	good	W3C	yes	mediacapture-fromelement	https://github.com/w3c/mediacapture-fromelement	mediacapture-fromelement	document-ui,graphics-media	CATALOG_INGESTED	index.json	68f1e5d6f656d635d952b4593aa9d181386965bba30b8c3bfcc7f8a379c783cb
browser-specs	mediacapture-handle-actions	umbrella	https://w3c.github.io/mediacapture-handle/actions/	The Capture-Handle Actions Mechanism	Editor's Draft	NOT_APPLICABLE	UNKNOWN	UNKNOWN	UNKNOWN	good	W3C	yes	mediacapture-handle-actions	https://github.com/w3c/mediacapture-handle			CATALOG_INGESTED	index.json	8bedf0672bf1c2df9353438f1b5206a87e7af7bd3a65b037eaeb05a76b76904c
browser-specs	mediacapture-region	umbrella	https://www.w3.org/TR/mediacapture-region/	Region Capture	Editor's Draft	NOT_APPLICABLE	Working Draft	UNKNOWN	https://www.w3.org/TR/mediacapture-region/	good	W3C	yes	mediacapture-region	https://github.com/w3c/mediacapture-region			CATALOG_INGESTED	index.json	c346a31d87df4ae03296c5790f870148c3e5adcfe296f29b46266ca9a8057c06
browser-specs	mediacapture-streams	umbrella	https://www.w3.org/TR/mediacapture-streams/	Media Capture and Streams	Editor's Draft	NOT_APPLICABLE	Candidate Recommendation Draft	UNKNOWN	https://www.w3.org/TR/mediacapture-streams/	good	W3C	yes	mediacapture-streams	https://github.com/w3c/mediacapture-main	mediacapture-streams	graphics-media	CATALOG_INGESTED	index.json	261f2edd2da4dca3a02ac218158ebaac307fb66b841e4b8e403c2d2c235f6a2d
browser-specs	mediacapture-surface-control	umbrella	https://w3c.github.io/mediacapture-surface-control/	Captured Surface Control	Editor's Draft	NOT_APPLICABLE	UNKNOWN	UNKNOWN	UNKNOWN	good	W3C	yes	mediacapture-surface-control	https://github.com/w3c/mediacapture-surface-control			CATALOG_INGESTED	index.json	903576db9faa754b556b664449a4a350e28224be122ae30574d40d9be12fc28b
browser-specs	mediacapture-transform	umbrella	https://www.w3.org/TR/mediacapture-transform/	MediaStreamTrack Insertable Media Processing using Streams	Editor's Draft	NOT_APPLICABLE	Working Draft	UNKNOWN	https://www.w3.org/TR/mediacapture-transform/	good	W3C	yes	mediacapture-transform	https://github.com/w3c/mediacapture-transform	mediacapture-insertable-streams	graphics-media	CATALOG_INGESTED	index.json	268800ab3868112de8e2918ace6bf42903b6a5b23931b241ec1838e62f3087d5
browser-specs	mediacapture-viewport	umbrella	https://www.w3.org/TR/mediacapture-viewport/	Viewport Capture	Editor's Draft	NOT_APPLICABLE	Working Draft	UNKNOWN	https://www.w3.org/TR/mediacapture-viewport/	good	W3C	yes	mediacapture-viewport	https://github.com/w3c/mediacapture-viewport			CATALOG_INGESTED	index.json	ffebd613798eca4f9c24b9a1d45de14ddaf1773da5152ddd9a9601fb146c7808
browser-specs	mediaqueries-3	umbrella	https://www.w3.org/TR/mediaqueries-3/	Media Queries Level 3	Editor's Draft	NOT_APPLICABLE	Recommendation	UNKNOWN	https://www.w3.org/TR/mediaqueries-3/	good	W3C	yes	mediaqueries	https://github.com/w3c/csswg-drafts	css/mediaqueries	document-ui,graphics-media	CATALOG_INGESTED	index.json	b485effd33aca66d5168d374a532c2b5e68cae03f476df2c603747282a1e3e61
browser-specs	mediaqueries-4	umbrella	https://www.w3.org/TR/mediaqueries-4/	Media Queries Level 4	Editor's Draft	NOT_APPLICABLE	Candidate Recommendation Draft	UNKNOWN	https://www.w3.org/TR/mediaqueries-4/	good	W3C	yes	mediaqueries	https://github.com/w3c/csswg-drafts	css/mediaqueries	document-ui,graphics-media	CATALOG_INGESTED	index.json	bbb3193255a71439f17cb2f43aec6ae1abab1ec1439bfe81d506a29882dc6a48
browser-specs	mediaqueries-5	umbrella	https://www.w3.org/TR/mediaqueries-5/	Media Queries Level 5	Editor's Draft	NOT_APPLICABLE	Working Draft	UNKNOWN	https://www.w3.org/TR/mediaqueries-5/	good	W3C	yes	mediaqueries	https://github.com/w3c/csswg-drafts	css/mediaqueries	document-ui,graphics-media	CATALOG_INGESTED	index.json	02cd810ccdb97be3792578a77d8a079cfbb62277f09f4d9bdef657e46f7388dc
browser-specs	mediasession	umbrella	https://www.w3.org/TR/mediasession/	Media Session	Editor's Draft	NOT_APPLICABLE	Working Draft	UNKNOWN	https://www.w3.org/TR/mediasession/	good	W3C	yes	mediasession	https://github.com/w3c/mediasession	mediasession	graphics-media	CATALOG_INGESTED	index.json	0a93d5b8adb82e1ef1ccd5802f88fe7f5871f864edc606e3b9438a73df9dac17
browser-specs	mediastream-recording	umbrella	https://www.w3.org/TR/mediastream-recording/	MediaStream Recording	Editor's Draft	NOT_APPLICABLE	Working Draft	UNKNOWN	https://www.w3.org/TR/mediastream-recording/	good	W3C	yes	mediastream-recording	https://github.com/w3c/mediacapture-record	mediacapture-record		CATALOG_INGESTED	index.json	1290b22c2d8b09c2df85d01c29a8758bd194ad665a1a538a286944eac0260321
browser-specs	merchant-validation	umbrella	https://www.w3.org/TR/merchant-validation/	The MerchantValidationEvent interface	Editor's Draft	NOT_APPLICABLE	Note	UNKNOWN	https://www.w3.org/TR/merchant-validation/	discontinued	W3C	yes	merchant-validation	https://github.com/w3c/merchant-validation	merchant-validation		CATALOG_INGESTED	index.json	cdb45f4ffe635357fa0ddfafc629f33586700fff515cf778ca4ac21cf91963c3
browser-specs	miniapp-lifecycle	umbrella	https://www.w3.org/TR/miniapp-lifecycle/	MiniApp Lifecycle	Editor's Draft	NOT_APPLICABLE	Discontinued Draft	UNKNOWN	https://www.w3.org/TR/miniapp-lifecycle/	discontinued	W3C	no	miniapp-lifecycle	https://github.com/w3c/miniapp-lifecycle			CATALOG_INGESTED	index.json	c9f6dd60c114a617b78a9b7e8fa200d86342f075489f2b405e1e5d1a9ee440c6
browser-specs	miniapp-manifest	umbrella	https://www.w3.org/TR/miniapp-manifest/	MiniApp Manifest	Editor's Draft	NOT_APPLICABLE	Discontinued Draft	UNKNOWN	https://www.w3.org/TR/miniapp-manifest/	discontinued	W3C	no	miniapp-manifest	https://github.com/w3c/miniapp-manifest		installed-offline	CATALOG_INGESTED	index.json	35538c5b77f3a2d986b8ab7ad83c148064f3f11ab17c0632c338eefed6b04ee3
browser-specs	miniapp-packaging	umbrella	https://www.w3.org/TR/miniapp-packaging/	MiniApp Packaging	Editor's Draft	NOT_APPLICABLE	Discontinued Draft	UNKNOWN	https://www.w3.org/TR/miniapp-packaging/	discontinued	W3C	no	miniapp-packaging	https://github.com/w3c/miniapp-packaging			CATALOG_INGESTED	index.json	c2622d237d8c707f6e0673574b090c23491f8cf1015cff1a21a582bf2b49f540
browser-specs	mixed-content	umbrella	https://www.w3.org/TR/mixed-content/	Mixed Content	Editor's Draft	NOT_APPLICABLE	Candidate Recommendation Draft	UNKNOWN	https://www.w3.org/TR/mixed-content/	good	W3C	yes	mixed-content	https://github.com/w3c/webappsec-mixed-content	mixed-content	security-privacy	CATALOG_INGESTED	index.json	f686b0a929a5e601c9151fbf34c30a14b542ff1116392af2273642ecd5d385c4
browser-specs	motion-1	umbrella	https://www.w3.org/TR/motion-1/	Motion Path Module Level 1	Editor's Draft	NOT_APPLICABLE	Working Draft	UNKNOWN	https://www.w3.org/TR/motion-1/	good	W3C	yes	motion	https://github.com/w3c/csswg-drafts	css/motion	document-ui	CATALOG_INGESTED	index.json	d9f7e37601041622a52a133ea5028e1fda894b272f2f2a7d0c942f4fc90c94d6
browser-specs	mse-byte-stream-format-isobmff	umbrella	https://www.w3.org/TR/mse-byte-stream-format-isobmff/	ISO BMFF Byte Stream Format	Editor's Draft	NOT_APPLICABLE	Note	UNKNOWN	https://www.w3.org/TR/mse-byte-stream-format-isobmff/	good	W3C	yes	mse-byte-stream-format-isobmff	https://github.com/w3c/mse-byte-stream-format-isobmff		navigation-loading,graphics-media	CATALOG_INGESTED	index.json	bd5875cc37a2db2d2a4f6ec208527ca9c948c78850ef998d7db4abcde7655584
browser-specs	mse-byte-stream-format-mp2t	umbrella	https://www.w3.org/TR/mse-byte-stream-format-mp2t/	MPEG-2 TS Byte Stream Format	Editor's Draft	NOT_APPLICABLE	Note	UNKNOWN	https://www.w3.org/TR/mse-byte-stream-format-mp2t/	good	W3C	yes	mse-byte-stream-format-mp2t	https://github.com/w3c/mse-byte-stream-format-mp2t		navigation-loading,graphics-media	CATALOG_INGESTED	index.json	b94e6eded134eccee71df22be1542223db81510342d656f6c0e71ca9a9da9dcb
browser-specs	mse-byte-stream-format-mpeg-audio	umbrella	https://www.w3.org/TR/mse-byte-stream-format-mpeg-audio/	MPEG Audio Byte Stream Format	Editor's Draft	NOT_APPLICABLE	Note	UNKNOWN	https://www.w3.org/TR/mse-byte-stream-format-mpeg-audio/	good	W3C	yes	mse-byte-stream-format-mpeg-audio	https://github.com/w3c/mse-byte-stream-format-mpeg-audio		navigation-loading,graphics-media	CATALOG_INGESTED	index.json	b4c0cca096282f01d0c9b3fd165710bf3e26a3558ff80ce6bb797affeaf469fa
browser-specs	mse-byte-stream-format-registry	umbrella	https://www.w3.org/TR/mse-byte-stream-format-registry/	Media Source Extensions Byte Stream Format Registry	Editor's Draft	NOT_APPLICABLE	Draft Registry	UNKNOWN	https://www.w3.org/TR/mse-byte-stream-format-registry/	good	W3C	yes	mse-byte-stream-format-registry	https://github.com/w3c/mse-byte-stream-format-registry		navigation-loading,graphics-media	CATALOG_INGESTED	index.json	1b9ed1efbc906958fa53d3f4ede194855cd64326c13163e90bc605767f661b06
browser-specs	mse-byte-stream-format-webm	umbrella	https://www.w3.org/TR/mse-byte-stream-format-webm/	WebM Byte Stream Format	Editor's Draft	NOT_APPLICABLE	Note	UNKNOWN	https://www.w3.org/TR/mse-byte-stream-format-webm/	good	W3C	yes	mse-byte-stream-format-webm	https://github.com/w3c/mse-byte-stream-format-webm		navigation-loading,graphics-media	CATALOG_INGESTED	index.json	9fabf7e84feffcd95043c83c2fc1c21abca78bfa57a16b8726b561d687d6ec93
browser-specs	mst-content-hint	umbrella	https://www.w3.org/TR/mst-content-hint/	MediaStreamTrack Content Hints	Editor's Draft	NOT_APPLICABLE	Working Draft	UNKNOWN	https://www.w3.org/TR/mst-content-hint/	good	W3C	yes	mst-content-hint	https://github.com/w3c/mst-content-hint	mst-content-hint		CATALOG_INGESTED	index.json	4d770d2a094dfcdb8b9590070dca53519696d65d873b39ea8d0c9a614e7dbfd4
browser-specs	nav-tracking-mitigations	umbrella	https://privacycg.github.io/nav-tracking-mitigations/	Navigational-Tracking Mitigations	Editor's Draft	NOT_APPLICABLE	UNKNOWN	UNKNOWN	UNKNOWN	good	W3C	yes	nav-tracking-mitigations	https://github.com/privacycg/nav-tracking-mitigations	nav-tracking-mitigations	security-privacy	CATALOG_INGESTED	index.json	0e969524e184a0ac081701648799ffc7dbd2a0be69064622f916b6d895d6fd9e
browser-specs	navigation-timing-2	umbrella	https://www.w3.org/TR/navigation-timing-2/	Navigation Timing Level 2	Editor's Draft	NOT_APPLICABLE	Working Draft	UNKNOWN	https://www.w3.org/TR/navigation-timing-2/	good	W3C	yes	navigation-timing	https://github.com/w3c/navigation-timing	navigation-timing	navigation-loading,performance-observability	CATALOG_INGESTED	index.json	f033a5630c085ae0944579c9259a2603424dbdb861e0eaa0e0ac10efa0fc89b2
browser-specs	network-error-logging	umbrella	https://www.w3.org/TR/network-error-logging/	Network Error Logging	Editor's Draft	NOT_APPLICABLE	Working Draft	UNKNOWN	https://www.w3.org/TR/network-error-logging/	good	W3C	yes	network-error-logging	https://github.com/w3c/network-error-logging	network-error-logging	network-realtime,performance-observability	CATALOG_INGESTED	index.json	f80c6737d0f0318f212528a9f447fbac750ab62cb694fa950955dd182e8eae2e
browser-specs	network-reporting	umbrella	https://w3c.github.io/reporting/network-reporting.html	Network Reporting API	Editor's Draft	NOT_APPLICABLE	UNKNOWN	UNKNOWN	UNKNOWN	good	W3C	yes	network-reporting	https://github.com/w3c/reporting		network-realtime,performance-observability	CATALOG_INGESTED	index.json	113b091f327021a3c1d83235292edb4cdf281b4a89979e2cd4ca20dbb2816122
browser-specs	no-vary-search	umbrella	https://datatracker.ietf.org/doc/html/draft-ietf-httpbis-no-vary-search	The No-Vary-Search HTTP Caching Extension	Editor's Draft	NOT_APPLICABLE	UNKNOWN	UNKNOWN	UNKNOWN	good	IETF	yes	no-vary-search	https://github.com/httpwg/http-extensions		network-realtime	CATALOG_INGESTED	index.json	b54b7e47e1e9c41212505bf92477bf78e147e3cfb722d24cb2b76407c5fcb9a4
browser-specs	openscreen-application	umbrella	https://www.w3.org/TR/openscreen-application/	Open Screen Application Protocol	Editor's Draft	NOT_APPLICABLE	Working Draft	UNKNOWN	https://www.w3.org/TR/openscreen-application/	good	W3C	yes	openscreen-application	https://github.com/w3c/openscreenprotocol			CATALOG_INGESTED	index.json	28aa1a14bd62d53b8f27d3d9635e0ac17407d9cf070d5463b9672704c7ff4b9e
browser-specs	openscreen-network	umbrella	https://www.w3.org/TR/openscreen-network/	Open Screen Network Protocol	Editor's Draft	NOT_APPLICABLE	Working Draft	UNKNOWN	https://www.w3.org/TR/openscreen-network/	good	W3C	yes	openscreen-network	https://github.com/w3c/openscreenprotocol		network-realtime	CATALOG_INGESTED	index.json	1893318b2f7bada7e035d39940b5a0c86e1c46d2be71ad87dd5f69bf6c16de0e
browser-specs	openscreenprotocol	umbrella	https://www.w3.org/TR/openscreenprotocol/	Open Screen Protocol	Editor's Draft	NOT_APPLICABLE	Discontinued Draft	UNKNOWN	https://www.w3.org/TR/openscreenprotocol/	discontinued	W3C	yes	openscreenprotocol	https://github.com/w3c/openscreenprotocol			CATALOG_INGESTED	index.json	5123e6179a115c3a738f24973cbb1e95133bb27fd9b4d96ae143d100e2996391
browser-specs	orientation-event	umbrella	https://www.w3.org/TR/orientation-event/	Device Orientation and Motion	Editor's Draft	NOT_APPLICABLE	Candidate Recommendation Draft	UNKNOWN	https://www.w3.org/TR/orientation-event/	good	W3C	yes	orientation-event	https://github.com/w3c/deviceorientation	orientation-event	device-input	CATALOG_INGESTED	index.json	45be38b81c7d3609c641e432657ba4a44fc31925ea087a38ed837f8f1971d5ad
browser-specs	orientation-sensor	umbrella	https://www.w3.org/TR/orientation-sensor/	Orientation Sensor	Editor's Draft	NOT_APPLICABLE	Working Draft	UNKNOWN	https://www.w3.org/TR/orientation-sensor/	good	W3C	yes	orientation-sensor	https://github.com/w3c/orientation-sensor	orientation-sensor	device-input	CATALOG_INGESTED	index.json	8267710eff00758da665f546703462a3923f4231a9b5e8a01e1c6a83df40787d
browser-specs	owl-time	umbrella	https://www.w3.org/TR/owl-time/	Time Ontology in OWL	Editor's Draft	NOT_APPLICABLE	Candidate Recommendation Draft	UNKNOWN	https://www.w3.org/TR/owl-time/	good	W3C/OGC	no	owl-time	https://github.com/w3c/sdw-time			CATALOG_INGESTED	index.json	7fe0e1ed6798ca8866cb0c93098c0a6d11a988def44a8eb30c737f771c4a46b6
browser-specs	paint-timing	umbrella	https://www.w3.org/TR/paint-timing/	Paint Timing	Editor's Draft	NOT_APPLICABLE	Working Draft	UNKNOWN	https://www.w3.org/TR/paint-timing/	good	W3C	yes	paint-timing	https://github.com/w3c/paint-timing	paint-timing	performance-observability	CATALOG_INGESTED	index.json	1c489dc4a0328b0c8e40bc3fcdd4155f30a004cf0229893cfd13f7bc91a6a13e
browser-specs	passkey-endpoints-1	umbrella	https://www.w3.org/TR/passkey-endpoints-1/	A Well-Known URL for Relying Party Passkey Endpoints	Editor's Draft	NOT_APPLICABLE	Working Draft	UNKNOWN	https://www.w3.org/TR/passkey-endpoints-1/	good	W3C	yes	passkey-endpoints	https://github.com/w3c/webappsec-passkey-endpoints		navigation-loading,security-privacy	CATALOG_INGESTED	index.json	f4b7d59bc636687a0833af7c2b03b7a6fb93bc49ca227649de13a3e93d2de406
browser-specs	payment-method-id	umbrella	https://www.w3.org/TR/payment-method-id/	Payment Method Identifiers	Editor's Draft	NOT_APPLICABLE	Recommendation	UNKNOWN	https://www.w3.org/TR/payment-method-id/	good	W3C	yes	payment-method-id	https://github.com/w3c/payment-method-id	payment-method-id		CATALOG_INGESTED	index.json	f3516aac18be94d91c7c6fd03200e8a37746f6305f849e9b41bd63e87f410920
browser-specs	payment-method-manifest	umbrella	https://www.w3.org/TR/payment-method-manifest/	Payment Method Manifest	Editor's Draft	NOT_APPLICABLE	First Public Working Draft	UNKNOWN	https://www.w3.org/TR/payment-method-manifest/	good	W3C	yes	payment-method-manifest	https://github.com/w3c/payment-method-manifest	payment-method-manifest	installed-offline	CATALOG_INGESTED	index.json	f7d24159cb1b040b21f101d3ba07e3a677cc5e17df28471287eee6b76655e30e
browser-specs	payment-request	umbrella	https://www.w3.org/TR/payment-request/	Payment Request API	Editor's Draft	NOT_APPLICABLE	Candidate Recommendation Draft	UNKNOWN	https://www.w3.org/TR/payment-request/	good	W3C	yes	payment-request	https://github.com/w3c/payment-request	payment-request		CATALOG_INGESTED	index.json	078f7dfaf9f0e14147c22ed22e434e1fb457fd60372b68a6ee8052f158248d72
browser-specs	pdf-aam	umbrella	https://w3c.github.io/pdf-aam/	PDF Accessibility API Mappings 1.0	Editor's Draft	NOT_APPLICABLE	UNKNOWN	UNKNOWN	UNKNOWN	good	W3C	no	pdf-aam	https://github.com/w3c/aria		accessibility-i18n	CATALOG_INGESTED	index.json	c10af9a07fed207ce3ad2deacc9c3dcb7052a90e81614b53c8369198ec1ac444
browser-specs	performance-timeline	umbrella	https://www.w3.org/TR/performance-timeline/	Performance Timeline	Editor's Draft	NOT_APPLICABLE	Candidate Recommendation Draft	UNKNOWN	https://www.w3.org/TR/performance-timeline/	good	W3C	yes	performance-timeline	https://github.com/w3c/performance-timeline	performance-timeline	performance-observability	CATALOG_INGESTED	index.json	d32ddbc8058790679392b891cef1c44b40d18afcca34fbae6c896a35e8203cd4
browser-specs	permissions	umbrella	https://www.w3.org/TR/permissions/	Permissions	Editor's Draft	NOT_APPLICABLE	Working Draft	UNKNOWN	https://www.w3.org/TR/permissions/	good	W3C	yes	permissions	https://github.com/w3c/permissions	permissions	security-privacy	CATALOG_INGESTED	index.json	3ba73054234374a10bc9a81629ef172754e01941ad8e32abda4cf6cc988f71cc
browser-specs	permissions-policy-1	umbrella	https://www.w3.org/TR/permissions-policy-1/	Permissions Policy	Editor's Draft	NOT_APPLICABLE	Working Draft	UNKNOWN	https://www.w3.org/TR/permissions-policy-1/	good	W3C	yes	permissions-policy	https://github.com/w3c/webappsec-permissions-policy	permissions-policy	security-privacy	CATALOG_INGESTED	index.json	c3bc4568a4e9a82d8a7805741dc1eced786f47ec1957ef83074543cb911f6bb1
browser-specs	picture-in-picture	umbrella	https://www.w3.org/TR/picture-in-picture/	Picture-in-Picture	Editor's Draft	NOT_APPLICABLE	Working Draft	UNKNOWN	https://www.w3.org/TR/picture-in-picture/	good	W3C	yes	picture-in-picture	https://github.com/w3c/picture-in-picture	picture-in-picture	graphics-media	CATALOG_INGESTED	index.json	386a8e9d45c6c0c802300dee491ee5536c8691ed5b9a5aa3b3949988c45e9903
browser-specs	png-3	umbrella	https://www.w3.org/TR/png-3/	Portable Network Graphics (PNG) Specification (Third Edition)	Editor's Draft	NOT_APPLICABLE	Recommendation	UNKNOWN	https://www.w3.org/TR/png-3/	good	W3C	yes	png	https://github.com/w3c/png		network-realtime	CATALOG_INGESTED	index.json	7017a7f681a7ffe4a558ad1895983262b037d81ea271f637cc70e43cd71695d1
browser-specs	pointer-animations-1	umbrella	https://drafts.csswg.org/pointer-animations-1/	Pointer-driven Animations Module Level 1	Editor's Draft	NOT_APPLICABLE	UNKNOWN	UNKNOWN	UNKNOWN	good	W3C	yes	pointer-animations	https://github.com/w3c/csswg-drafts		document-ui,device-input	CATALOG_INGESTED	index.json	379b52758825e83a9b904cdb26855c15366ae8b64e1f0a645b879ffef7b6a704
browser-specs	pointerevents3	umbrella	https://www.w3.org/TR/pointerevents3/	Pointer Events	Editor's Draft	NOT_APPLICABLE	Recommendation	UNKNOWN	https://www.w3.org/TR/pointerevents3/	good	W3C	yes	pointerevents	https://github.com/w3c/pointerevents	pointerevents	device-input	CATALOG_INGESTED	index.json	e6b5e5eb9500077142f9d125255ddf18833709ba50e7c760f774b2cd7f8b7568
browser-specs	pointerevents4	umbrella	https://www.w3.org/TR/pointerevents4/	Pointer Events	Editor's Draft	NOT_APPLICABLE	Working Draft	UNKNOWN	https://www.w3.org/TR/pointerevents4/	good	W3C	yes	pointerevents	https://github.com/w3c/pointerevents	pointerevents	device-input	CATALOG_INGESTED	index.json	171d4f30affbce71e2464f3e074de6f7c1af2a9de729f924d8c2a13f824f9047
browser-specs	pointerlock-2	umbrella	https://www.w3.org/TR/pointerlock-2/	Pointer Lock 2.0	Editor's Draft	NOT_APPLICABLE	Working Draft	UNKNOWN	https://www.w3.org/TR/pointerlock-2/	good	W3C	yes	pointerlock	https://github.com/w3c/pointerlock	pointerlock	device-input	CATALOG_INGESTED	index.json	523f9846031982743382fd82c672f025a2ef68f5386bc4e9734d7e2802a77ce1
browser-specs	presentation-api	umbrella	https://www.w3.org/TR/presentation-api/	Presentation API	Editor's Draft	NOT_APPLICABLE	Candidate Recommendation Draft	UNKNOWN	https://www.w3.org/TR/presentation-api/	good	W3C	yes	presentation-api	https://github.com/w3c/presentation-api	presentation-api		CATALOG_INGESTED	index.json	41c89f47a6a2fd2b20e7237e9839e9d09c44c26aabefbbd46567553a0d61336e
browser-specs	privacy-principles	umbrella	https://www.w3.org/TR/privacy-principles/	Privacy Principles	Editor's Draft	NOT_APPLICABLE	Statement	UNKNOWN	https://www.w3.org/TR/privacy-principles/	good	W3C	no	privacy-principles	https://github.com/w3ctag/privacy-principles		security-privacy	CATALOG_INGESTED	index.json	ac62fd0b462614566a7380a3a6af841289d042babe2c65f0ca4eec07250a8126
browser-specs	private-click-measurement	umbrella	https://privacycg.github.io/private-click-measurement/	Private Click Measurement	Editor's Draft	NOT_APPLICABLE	UNKNOWN	UNKNOWN	UNKNOWN	good	W3C	yes	private-click-measurement	https://github.com/privacycg/private-click-measurement		security-privacy	CATALOG_INGESTED	index.json	904702a15bc5c30d242d63b9cc39035422cad96daddfebcb6438b26e56037445
browser-specs	proximity	umbrella	https://www.w3.org/TR/proximity/	Proximity Sensor	Editor's Draft	NOT_APPLICABLE	Working Draft	UNKNOWN	https://www.w3.org/TR/proximity/	good	W3C	yes	proximity	https://github.com/w3c/proximity	proximity	device-input	CATALOG_INGESTED	index.json	5d269d5c762e924e4fbd1b1eb96da6dcfbc86853959d90fdbb4460ce93473f12
browser-specs	pub-manifest	umbrella	https://www.w3.org/TR/pub-manifest/	Publication Manifest	Editor's Draft	NOT_APPLICABLE	Recommendation	UNKNOWN	https://www.w3.org/TR/pub-manifest/	good	W3C	no	pub-manifest	https://github.com/w3c/pub-manifest		installed-offline	CATALOG_INGESTED	index.json	7c348236d24c93006802d5a09ad52c3b87ce30ccc45bdc6696fa3113492fc9b0
browser-specs	push-api	umbrella	https://www.w3.org/TR/push-api/	Push API	Editor's Draft	NOT_APPLICABLE	Working Draft	UNKNOWN	https://www.w3.org/TR/push-api/	good	W3C	yes	push-api	https://github.com/w3c/push-api	push-api		CATALOG_INGESTED	index.json	b96c353c47ab5caf8be2740fd5617672836f111015d7a72628f64b730d3fe2f0
browser-specs	qb4st	umbrella	https://www.w3.org/TR/qb4st/	QB4ST: RDF Data Cube extensions for spatio-temporal components	Editor's Draft	NOT_APPLICABLE	Note	UNKNOWN	https://www.w3.org/TR/qb4st/	good	W3C/OGC	no	qb4st	https://github.com/w3c/sdw			CATALOG_INGESTED	index.json	4548927ebd0ec4a2c11bb220b31a97c68c92e86ba37b6c05092185500b2ac42f
browser-specs	rdf-canon	umbrella	https://www.w3.org/TR/rdf-canon/	RDF Dataset Canonicalization	Editor's Draft	NOT_APPLICABLE	Recommendation	UNKNOWN	https://www.w3.org/TR/rdf-canon/	good	W3C	no	rdf-canon	https://github.com/w3c/rdf-canon			CATALOG_INGESTED	index.json	07dbb75e980f22f0c5cf7b1afbdfff0f4b352f0ffec78a99b586fcd2c07697f5
browser-specs	rdf11-n-quads	umbrella	https://www.w3.org/TR/n-quads/	RDF 1.1 N-Quads	Editor's Draft	NOT_APPLICABLE	Recommendation	UNKNOWN	https://www.w3.org/TR/n-quads/	good	W3C	no	rdf-n-quads				CATALOG_INGESTED	index.json	a96b67198f89be23ef05ece679a61236df263b9f9c424af90189e3f227b6cda3
browser-specs	rdf12-concepts	umbrella	https://www.w3.org/TR/rdf12-concepts/	RDF 1.2 Concepts and Abstract Data Model	Editor's Draft	NOT_APPLICABLE	Candidate Recommendation Snapshot	UNKNOWN	https://www.w3.org/TR/rdf12-concepts/	good	W3C	no	rdf-concepts	https://github.com/w3c/rdf-concepts		agents-ml	CATALOG_INGESTED	index.json	1b499f9066ca8b00aa5064ecb50a301e8122a3c8cbd9412282552917e81a5fb1
browser-specs	rdf12-n-quads	umbrella	https://www.w3.org/TR/rdf12-n-quads/	RDF 1.2 N-Quads	Editor's Draft	NOT_APPLICABLE	Working Draft	UNKNOWN	https://www.w3.org/TR/rdf12-n-quads/	good	W3C	no	rdf-n-quads	https://github.com/w3c/rdf-n-quads			CATALOG_INGESTED	index.json	0e01582543e737466c23bbb1eecb655fcd2cb75d05d25f29f36b979ed602e259
browser-specs	rdf12-n-triples	umbrella	https://www.w3.org/TR/rdf12-n-triples/	RDF 1.2 N-Triples	Editor's Draft	NOT_APPLICABLE	Working Draft	UNKNOWN	https://www.w3.org/TR/rdf12-n-triples/	good	W3C	no	rdf-n-triples	https://github.com/w3c/rdf-n-triples			CATALOG_INGESTED	index.json	4c7c5573c302afca6ce5086eadba34901bc426ea1d461f8e8d56632af137a879
browser-specs	rdf12-schema	umbrella	https://www.w3.org/TR/rdf12-schema/	RDF 1.2 Schema	Editor's Draft	NOT_APPLICABLE	Working Draft	UNKNOWN	https://www.w3.org/TR/rdf12-schema/	good	W3C	no	rdf-schema	https://github.com/w3c/rdf-schema			CATALOG_INGESTED	index.json	207ba26bbb66b5e56d8a4737c2bc7af2f61a8e4c737051c8e0bc083a70fa7244
browser-specs	rdf12-semantics	umbrella	https://www.w3.org/TR/rdf12-semantics/	RDF 1.2 Semantics	Editor's Draft	NOT_APPLICABLE	Candidate Recommendation Snapshot	UNKNOWN	https://www.w3.org/TR/rdf12-semantics/	good	W3C	no	rdf-semantics	https://github.com/w3c/rdf-semantics			CATALOG_INGESTED	index.json	2e60d9b55dbdd3f6d481eaecde10dbe5c629573aedebed6d6de2b6c3986d9de9
browser-specs	rdf12-trig	umbrella	https://www.w3.org/TR/rdf12-trig/	RDF 1.2 TriG	Editor's Draft	NOT_APPLICABLE	Working Draft	UNKNOWN	https://www.w3.org/TR/rdf12-trig/	good	W3C	no	rdf-trig	https://github.com/w3c/rdf-trig			CATALOG_INGESTED	index.json	804eb94a1d2d247105062f4541fcaf62db42cf6c32dd8793f4892e7cf5519fda
browser-specs	rdf12-turtle	umbrella	https://www.w3.org/TR/rdf12-turtle/	RDF 1.2 Turtle	Editor's Draft	NOT_APPLICABLE	Working Draft	UNKNOWN	https://www.w3.org/TR/rdf12-turtle/	good	W3C	no	rdf-turtle	https://github.com/w3c/rdf-turtle			CATALOG_INGESTED	index.json	0282cc0c2791e37ed822ba2a81353765f5021f9d99d85f61c6465f190ae634d5
browser-specs	rdf12-xml	umbrella	https://www.w3.org/TR/rdf12-xml/	RDF 1.2 XML Syntax	Editor's Draft	NOT_APPLICABLE	Working Draft	UNKNOWN	https://www.w3.org/TR/rdf12-xml/	good	W3C	no	rdf-xml	https://github.com/w3c/rdf-xml			CATALOG_INGESTED	index.json	53ee442cbf36cded8ffe03d0a255d6cd5f2feb623d21a7e2746323daa5837caa
browser-specs	referrer-policy	umbrella	https://www.w3.org/TR/referrer-policy/	Referrer Policy	Editor's Draft	NOT_APPLICABLE	Candidate Recommendation Snapshot	UNKNOWN	https://www.w3.org/TR/referrer-policy/	good	W3C	yes	referrer-policy	https://github.com/w3c/webappsec-referrer-policy	referrer-policy	security-privacy	CATALOG_INGESTED	index.json	bc1fdea5886ea81f1bea32044e19c955a4ffe60fe64ad7242d54f0817b12295b
browser-specs	remote-playback	umbrella	https://www.w3.org/TR/remote-playback/	Remote Playback API	Editor's Draft	NOT_APPLICABLE	Candidate Recommendation Draft	UNKNOWN	https://www.w3.org/TR/remote-playback/	good	W3C	yes	remote-playback	https://github.com/w3c/remote-playback	remote-playback		CATALOG_INGESTED	index.json	a847d7d86770c30523a71c8ccc0e544b595b8519e36d349daf80a2c8e1d80ce6
browser-specs	reporting-1	umbrella	https://www.w3.org/TR/reporting-1/	Reporting API	Editor's Draft	NOT_APPLICABLE	Working Draft	UNKNOWN	https://www.w3.org/TR/reporting-1/	good	W3C	yes	reporting	https://github.com/w3c/reporting	reporting	performance-observability	CATALOG_INGESTED	index.json	29104a98f7c9aefca8e4ea76ae4a7baab43810f9799758ab8e1a2e3a7726b281
browser-specs	requestStorageAccessFor	umbrella	https://privacycg.github.io/requestStorageAccessFor/	requestStorageAccessFor API	Editor's Draft	NOT_APPLICABLE	UNKNOWN	UNKNOWN	UNKNOWN	discontinued	W3C	yes	requestStorageAccessFor	https://github.com/privacycg/requestStorageAccessFor	top-level-storage-access-api	security-privacy	CATALOG_INGESTED	index.json	91440f653a02eead7d55c0fc754769210ade20241f62eb056c4d723106dee821
browser-specs	requestidlecallback	umbrella	https://www.w3.org/TR/requestidlecallback/	requestIdleCallback()	Editor's Draft	NOT_APPLICABLE	Working Draft	UNKNOWN	https://www.w3.org/TR/requestidlecallback/	good	W3C	yes	requestidlecallback	https://github.com/w3c/requestidlecallback	requestidlecallback	performance-observability	CATALOG_INGESTED	index.json	1331a264b9886246faac766f2568946f3f2535650d9b68aef5f8040ad2ab1ecb
browser-specs	resize-observer-1	umbrella	https://www.w3.org/TR/resize-observer-1/	Resize Observer	Editor's Draft	NOT_APPLICABLE	First Public Working Draft	UNKNOWN	https://www.w3.org/TR/resize-observer-1/	good	W3C	yes	resize-observer	https://github.com/w3c/csswg-drafts	resize-observer	document-ui,performance-observability	CATALOG_INGESTED	index.json	09c4373e77d503f5d0e00c88943115625209ac5f431883d2944756a3819a81fa
browser-specs	resource-timing	umbrella	https://www.w3.org/TR/resource-timing/	Resource Timing	Editor's Draft	NOT_APPLICABLE	Candidate Recommendation Draft	UNKNOWN	https://www.w3.org/TR/resource-timing/	good	W3C	yes	resource-timing	https://github.com/w3c/resource-timing	resource-timing	navigation-loading,performance-observability	CATALOG_INGESTED	index.json	339693bad34b18958d91034c7c2c68d8bc7b773c8bf05e1dc420a385c21758fb
browser-specs	rfc6265bis	umbrella	https://datatracker.ietf.org/doc/html/draft-ietf-httpbis-rfc6265bis	Cookies: HTTP State Management Mechanism	Editor's Draft	NOT_APPLICABLE	UNKNOWN	UNKNOWN	UNKNOWN	good	IETF	yes	rfc6265bis	https://github.com/httpwg/http-extensions		network-realtime	CATALOG_INGESTED	index.json	bcc81558db74e84525891632ebf05ee6cc2101337c76c02794abdac876594399
browser-specs	saa-non-cookie-storage	umbrella	https://privacycg.github.io/saa-non-cookie-storage/	Extending Storage Access API (SAA) to non-cookie storage	Editor's Draft	NOT_APPLICABLE	UNKNOWN	UNKNOWN	UNKNOWN	good	W3C	yes	saa-non-cookie-storage	https://github.com/privacycg/saa-non-cookie-storage		storage-files,security-privacy	CATALOG_INGESTED	index.json	3fc27f7f16093db40e1b5f2cbaf02616e53052219b023152df33a35fc492e579
browser-specs	savedata	umbrella	https://wicg.github.io/savedata/	Save Data API	Editor's Draft	NOT_APPLICABLE	UNKNOWN	UNKNOWN	UNKNOWN	good	W3C	yes	savedata	https://github.com/WICG/savedata	savedata		CATALOG_INGESTED	index.json	739594c72a1b3d2be97d4fb3d7531b8bd484772ac070544122e11db643676bd3
browser-specs	screen-capture	umbrella	https://www.w3.org/TR/screen-capture/	Screen Capture	Editor's Draft	NOT_APPLICABLE	Working Draft	UNKNOWN	https://www.w3.org/TR/screen-capture/	good	W3C	yes	screen-capture	https://github.com/w3c/mediacapture-screen-share	screen-capture		CATALOG_INGESTED	index.json	81fbd5b18c8af354f82f79a637d4ed1eb78feef716b499907b2c5f2ef52236ed
browser-specs	screen-orientation	umbrella	https://www.w3.org/TR/screen-orientation/	Screen Orientation	Editor's Draft	NOT_APPLICABLE	Working Draft	UNKNOWN	https://www.w3.org/TR/screen-orientation/	good	W3C	yes	screen-orientation	https://github.com/w3c/screen-orientation	screen-orientation	device-input	CATALOG_INGESTED	index.json	018fd2977343c54bf091143922cbca7ade565a3042e3955417e5da1ab2dcd7bd
browser-specs	screen-wake-lock	umbrella	https://www.w3.org/TR/screen-wake-lock/	Screen Wake Lock API	Editor's Draft	NOT_APPLICABLE	Working Draft	UNKNOWN	https://www.w3.org/TR/screen-wake-lock/	good	W3C	yes	screen-wake-lock	https://github.com/w3c/screen-wake-lock	screen-wake-lock		CATALOG_INGESTED	index.json	cac328dca8f0195483aaebc5ee70dc86aec38d346c72e204ac322b4890439b45
browser-specs	scroll-animations-1	umbrella	https://www.w3.org/TR/scroll-animations-1/	Scroll-driven Animations	Editor's Draft	NOT_APPLICABLE	Working Draft	UNKNOWN	https://www.w3.org/TR/scroll-animations-1/	good	W3C	yes	scroll-animations	https://github.com/w3c/csswg-drafts	scroll-animations	document-ui	CATALOG_INGESTED	index.json	0442c0b2f66cc11f92e77640da4ef86b314147913d8b450a360b5056ce54daeb
browser-specs	secure-contexts	umbrella	https://www.w3.org/TR/secure-contexts/	Secure Contexts	Editor's Draft	NOT_APPLICABLE	Candidate Recommendation Draft	UNKNOWN	https://www.w3.org/TR/secure-contexts/	good	W3C	yes	secure-contexts	https://github.com/w3c/webappsec-secure-contexts	secure-contexts	security-privacy	CATALOG_INGESTED	index.json	3d11e4d0c437f15ac3074cf651a4d26bbd8f994cb86cd0bd3c023f14d8abefef
browser-specs	secure-payment-confirmation	umbrella	https://www.w3.org/TR/secure-payment-confirmation/	Secure Payment Confirmation	Editor's Draft	NOT_APPLICABLE	Candidate Recommendation Draft	UNKNOWN	https://www.w3.org/TR/secure-payment-confirmation/	good	W3C	yes	secure-payment-confirmation	https://github.com/w3c/secure-payment-confirmation	secure-payment-confirmation		CATALOG_INGESTED	index.json	275af542424b40503d0d53c4e756861fc033b1d0b66d240333761c488bb2c794
browser-specs	selection-api	umbrella	https://www.w3.org/TR/selection-api/	Selection API	Editor's Draft	NOT_APPLICABLE	Working Draft	UNKNOWN	https://www.w3.org/TR/selection-api/	good	W3C	yes	selection-api	https://github.com/w3c/selection-api	selection		CATALOG_INGESTED	index.json	5722a4cecd8302b81b57f13a8859a4bab1cbb7d9d0d97ed462fb92b1c98f1bc6
browser-specs	selectors-3	umbrella	https://www.w3.org/TR/selectors-3/	Selectors Level 3	Editor's Draft	NOT_APPLICABLE	Recommendation	UNKNOWN	https://www.w3.org/TR/selectors-3/	good	W3C	yes	selectors	https://github.com/w3c/csswg-drafts	css/selectors	document-ui	CATALOG_INGESTED	index.json	3c02a917209ed1f579bb03a03976ca333b3a2e42071271bb9972f36b051c7438
browser-specs	selectors-4	umbrella	https://www.w3.org/TR/selectors-4/	Selectors Level 4	Editor's Draft	NOT_APPLICABLE	Working Draft	UNKNOWN	https://www.w3.org/TR/selectors-4/	good	W3C	yes	selectors	https://github.com/w3c/csswg-drafts	css/selectors	document-ui	CATALOG_INGESTED	index.json	9e110c6d70e1245c8f7952deda2bb22ce2dab8272c14e0d40f4cc201d4a91d43
browser-specs	selectors-5	umbrella	https://www.w3.org/TR/selectors-5/	Selectors Level 5	Editor's Draft	NOT_APPLICABLE	First Public Working Draft	UNKNOWN	https://www.w3.org/TR/selectors-5/	good	W3C	yes	selectors	https://github.com/w3c/csswg-drafts	css/selectors	document-ui	CATALOG_INGESTED	index.json	c893b6f55007eceedd62bc170a1d52c211dcc3cd694bb4e4f3c1389a6941b5eb
browser-specs	selectors-nonelement-1	umbrella	https://www.w3.org/TR/selectors-nonelement-1/	Non-element Selectors Module Level 1	Editor's Draft	NOT_APPLICABLE	Discontinued Draft	UNKNOWN	https://www.w3.org/TR/selectors-nonelement-1/	discontinued	W3C	yes	selectors-nonelement	https://github.com/w3c/csswg-drafts		document-ui	CATALOG_INGESTED	index.json	f363e22dd5ee2d185957a5a9e98179ef7537cf8a3493d85c76f504aa5822bb3e
browser-specs	serial	umbrella	https://wicg.github.io/serial/	Web Serial API	Editor's Draft	NOT_APPLICABLE	UNKNOWN	UNKNOWN	UNKNOWN	good	W3C	yes	serial	https://github.com/WICG/serial	serial	device-input	CATALOG_INGESTED	index.json	ad0025b8079f6695212be2c6e14df0018472164bc044e25fe1b1c63304fbf08f
browser-specs	server-timing	umbrella	https://www.w3.org/TR/server-timing/	Server Timing	Editor's Draft	NOT_APPLICABLE	Working Draft	UNKNOWN	https://www.w3.org/TR/server-timing/	good	W3C	yes	server-timing	https://github.com/w3c/server-timing	server-timing	performance-observability	CATALOG_INGESTED	index.json	f7909d5bce6972cf3c21aa0171979714f2f77b9b6b7f09597b11af8e19d0193f
browser-specs	service-workers	umbrella	https://www.w3.org/TR/service-workers/	Service Workers Nightly	Editor's Draft	NOT_APPLICABLE	Candidate Recommendation Draft	UNKNOWN	https://www.w3.org/TR/service-workers/	good	W3C	yes	service-workers	https://github.com/w3c/ServiceWorker	service-workers		CATALOG_INGESTED	index.json	9b737bb772d3e391d2ea203aa6bcbc3d8a4966e8729d74da6f0dff740bc8d5b0
browser-specs	shacl12-core	umbrella	https://www.w3.org/TR/shacl12-core/	SHACL 1.2 Core	Editor's Draft	NOT_APPLICABLE	Working Draft	UNKNOWN	https://www.w3.org/TR/shacl12-core/	good	W3C	no	shacl-core	https://github.com/w3c/data-shapes			CATALOG_INGESTED	index.json	e6b907a0d61a7349bda9d8275e1b1ff4b2a658cc8c55e87eccd5d42e4efc292d
browser-specs	shacl12-cs	umbrella	https://w3c.github.io/data-shapes/shacl12-cs/	SHACL Compact Syntax	Editor's Draft	NOT_APPLICABLE	UNKNOWN	UNKNOWN	UNKNOWN	good	W3C	no	shacl-cs	https://github.com/w3c/data-shapes			CATALOG_INGESTED	index.json	cecad9c4ba3cad60208904bfbc7eb66d0b4e3b4ca0da7b878b63429c18cf9539
browser-specs	shacl12-node-expr	umbrella	https://www.w3.org/TR/shacl12-node-expr/	SHACL 1.2 Node Expressions	Editor's Draft	NOT_APPLICABLE	Working Draft	UNKNOWN	https://www.w3.org/TR/shacl12-node-expr/	good	W3C	no	shacl-node-expr	https://github.com/w3c/data-shapes			CATALOG_INGESTED	index.json	585e14a43090c1014cc7bb52d88757f15286853d158dada99f9c9262d1d7f432
browser-specs	shacl12-profiling	umbrella	https://www.w3.org/TR/shacl12-profiling/	SHACL 1.2 Profiling	Editor's Draft	NOT_APPLICABLE	First Public Working Draft	UNKNOWN	https://www.w3.org/TR/shacl12-profiling/	good	W3C	no	shacl-profiling	https://github.com/w3c/data-shapes			CATALOG_INGESTED	index.json	a895a631df6f4a90d502554a443c678046c95e297c91ec688e1754ee7a1f6cb8
browser-specs	shacl12-rules	umbrella	https://www.w3.org/TR/shacl12-rules/	SHACL 1.2 Rules	Editor's Draft	NOT_APPLICABLE	Working Draft	UNKNOWN	https://www.w3.org/TR/shacl12-rules/	good	W3C	no	shacl-rules	https://github.com/w3c/data-shapes			CATALOG_INGESTED	index.json	cba140beaf79ad3235fadc9711fdaa4a89fe623395d8c44f0c0287b127370e5b
browser-specs	shacl12-sparql	umbrella	https://www.w3.org/TR/shacl12-sparql/	SHACL 1.2 SPARQL Extensions	Editor's Draft	NOT_APPLICABLE	Working Draft	UNKNOWN	https://www.w3.org/TR/shacl12-sparql/	good	W3C	no	shacl-sparql	https://github.com/w3c/data-shapes			CATALOG_INGESTED	index.json	e463a3288171f513524a5af2927329d4e88d9ababfc010dfee656f9e714b34c0
browser-specs	shacl12-ui	umbrella	https://www.w3.org/TR/shacl12-ui/	SHACL 1.2 User Interfaces	Editor's Draft	NOT_APPLICABLE	First Public Working Draft	UNKNOWN	https://www.w3.org/TR/shacl12-ui/	good	W3C	no	shacl-ui	https://github.com/w3c/data-shapes			CATALOG_INGESTED	index.json	1d8a3d103289393560e0966d287f1f302ad994bfdabbe17c8736ca3916bd243a
browser-specs	sparql12-concepts	umbrella	https://w3c.github.io/sparql-concepts/spec/	SPARQL 1.2 Overview	Editor's Draft	NOT_APPLICABLE	UNKNOWN	UNKNOWN	UNKNOWN	good	W3C	no	sparql-concepts	https://github.com/w3c/sparql-concepts			CATALOG_INGESTED	index.json	39f26db2a7c4e7fe572ff006d36a07b816e0b4fa2429447d4ea658a81c80b675
browser-specs	sparql12-entailment	umbrella	https://www.w3.org/TR/sparql12-entailment/	SPARQL 1.2 Entailment Regimes	Editor's Draft	NOT_APPLICABLE	Working Draft	UNKNOWN	https://www.w3.org/TR/sparql12-entailment/	good	W3C	no	sparql-entailment	https://github.com/w3c/sparql-entailment			CATALOG_INGESTED	index.json	cdbb5680376a1d46b6952a0eeff45117254c7b84049b521d21d9fcbe76dea1a7
browser-specs	sparql12-federated-query	umbrella	https://www.w3.org/TR/sparql12-federated-query/	SPARQL 1.2 Federated Query	Editor's Draft	NOT_APPLICABLE	Working Draft	UNKNOWN	https://www.w3.org/TR/sparql12-federated-query/	good	W3C	no	sparql-federated-query	https://github.com/w3c/sparql-federated-query			CATALOG_INGESTED	index.json	676b3401e809db18e1932f93c175be50e02fa18c9a7b4b4688375ce689e64988
browser-specs	sparql12-graph-store-protocol	umbrella	https://www.w3.org/TR/sparql12-graph-store-protocol/	SPARQL 1.2 Graph Store Protocol	Editor's Draft	NOT_APPLICABLE	Working Draft	UNKNOWN	https://www.w3.org/TR/sparql12-graph-store-protocol/	good	W3C	no	sparql-graph-store-protocol	https://github.com/w3c/sparql-graph-store-protocol			CATALOG_INGESTED	index.json	d1c6b346b70d0c2a2c3550bb28ba3fdd1b0b699546318b7f8c49f233d90d9e9a
browser-specs	sparql12-protocol	umbrella	https://www.w3.org/TR/sparql12-protocol/	SPARQL 1.2 Protocol	Editor's Draft	NOT_APPLICABLE	Working Draft	UNKNOWN	https://www.w3.org/TR/sparql12-protocol/	good	W3C	no	sparql-protocol	https://github.com/w3c/sparql-protocol			CATALOG_INGESTED	index.json	223adf189d3dbf82f2cec3e710c5982cc5548ccdcbc873b7940742207595b526
browser-specs	sparql12-query	umbrella	https://www.w3.org/TR/sparql12-query/	SPARQL 1.2 Query Language	Editor's Draft	NOT_APPLICABLE	Working Draft	UNKNOWN	https://www.w3.org/TR/sparql12-query/	good	W3C	no	sparql-query	https://github.com/w3c/sparql-query		accessibility-i18n	CATALOG_INGESTED	index.json	e8dd697d088eeaba038e26341d5aee41ea3448e74172ce42ce87d5259813d975
browser-specs	sparql12-results-csv-tsv	umbrella	https://www.w3.org/TR/sparql12-results-csv-tsv/	SPARQL 1.2 Query Results CSV and TSV Formats	Editor's Draft	NOT_APPLICABLE	Working Draft	UNKNOWN	https://www.w3.org/TR/sparql12-results-csv-tsv/	good	W3C	no	sparql-results-csv-tsv	https://github.com/w3c/sparql-results-csv-tsv			CATALOG_INGESTED	index.json	aa609f8f896696970aff8905f2424ce530a3dc8561fe499a9ebfe982d845fdf1
browser-specs	sparql12-results-json	umbrella	https://www.w3.org/TR/sparql12-results-json/	SPARQL 1.2 Query Results JSON Format	Editor's Draft	NOT_APPLICABLE	Working Draft	UNKNOWN	https://www.w3.org/TR/sparql12-results-json/	good	W3C	no	sparql-results-json	https://github.com/w3c/sparql-results-json			CATALOG_INGESTED	index.json	70956111f9769130f668906bdd4738bc9bf57e689c2ec11d6feaf77c3a46c418
browser-specs	sparql12-results-xml	umbrella	https://www.w3.org/TR/sparql12-results-xml/	SPARQL 1.2 Query Results XML Format	Editor's Draft	NOT_APPLICABLE	Working Draft	UNKNOWN	https://www.w3.org/TR/sparql12-results-xml/	good	W3C	no	sparql-results-xml	https://github.com/w3c/sparql-results-xml			CATALOG_INGESTED	index.json	e5effa34d2ac85b9039506d658c08d6118fc34919ff3c78309f1995b5e92f7f0
browser-specs	sparql12-service-description	umbrella	https://www.w3.org/TR/sparql12-service-description/	SPARQL 1.2 Service Description	Editor's Draft	NOT_APPLICABLE	Working Draft	UNKNOWN	https://www.w3.org/TR/sparql12-service-description/	good	W3C	no	sparql-service-description	https://github.com/w3c/sparql-service-description			CATALOG_INGESTED	index.json	35345b0a2a0139cb637e7378ad3607cd928a9ccda6673702ccf1e1fb7b1b1c61
browser-specs	sparql12-update	umbrella	https://www.w3.org/TR/sparql12-update/	SPARQL 1.2 Update	Editor's Draft	NOT_APPLICABLE	Working Draft	UNKNOWN	https://www.w3.org/TR/sparql12-update/	good	W3C	no	sparql-update	https://github.com/w3c/sparql-update			CATALOG_INGESTED	index.json	b6164d4530ed72afcdff521e3c4d3e0eaf92adc0174d7b4719e0d503f212b83a
browser-specs	speculation-rules	umbrella	https://wicg.github.io/nav-speculation/speculation-rules.html	Speculation Rules	Editor's Draft	NOT_APPLICABLE	UNKNOWN	UNKNOWN	UNKNOWN	discontinued	W3C	yes	speculation-rules	https://github.com/WICG/nav-speculation	speculation-rules		CATALOG_INGESTED	index.json	55676cd6939a8b5031dc8be33e6cce368d35cd73275b0dab645f1bbaf2968888
browser-specs	sri-2	umbrella	https://www.w3.org/TR/sri-2/	Subresource Integrity	Editor's Draft	NOT_APPLICABLE	Working Draft	UNKNOWN	https://www.w3.org/TR/sri-2/	good	W3C	yes	sri	https://github.com/w3c/webappsec-subresource-integrity	subresource-integrity	security-privacy	CATALOG_INGESTED	index.json	9e94164afe045020de0d151b071c3b0ceec057def428983500e8d48928580cdf
browser-specs	storage-access	umbrella	https://privacycg.github.io/storage-access/	The Storage Access API	Editor's Draft	NOT_APPLICABLE	UNKNOWN	UNKNOWN	UNKNOWN	good	W3C	yes	storage-access	https://github.com/privacycg/storage-access	storage-access-api	storage-files,security-privacy	CATALOG_INGESTED	index.json	694cc2657c4094a3337e8bd65ef20aa344e264d67c9f3d3524637e8327e260da
browser-specs	storage-access-headers	umbrella	https://privacycg.github.io/storage-access-headers/	Storage Access Headers	Editor's Draft	NOT_APPLICABLE	UNKNOWN	UNKNOWN	UNKNOWN	good	W3C	yes	storage-access-headers	https://github.com/privacycg/storage-access-headers		storage-files,security-privacy	CATALOG_INGESTED	index.json	1ebb18fc67356fa8d509f2fd8a8b60fa2529891e76489ef4b506f92cbb9685ff
browser-specs	svg-aam-1.0	umbrella	https://www.w3.org/TR/svg-aam-1.0/	SVG Accessibility API Mappings	Editor's Draft	NOT_APPLICABLE	Working Draft	UNKNOWN	https://www.w3.org/TR/svg-aam-1.0/	good	W3C	yes	svg-aam	https://github.com/w3c/aria	svg-aam	accessibility-i18n	CATALOG_INGESTED	index.json	f515c96eeba0c47646f2bdf182b7ba98727b9d859bd0abf45501fc8df610c661
browser-specs	svg-animations	umbrella	https://svgwg.org/specs/animations/	SVG Animations Level 2	Editor's Draft	NOT_APPLICABLE	UNKNOWN	UNKNOWN	UNKNOWN	good	W3C	yes	svg-animations	https://github.com/w3c/svgwg			CATALOG_INGESTED	index.json	f265c3a84726a1064ed3a9d4abfd7d16ec9dec08bc74cb5e3f483e867c759ed9
browser-specs	svg-integration	umbrella	https://www.w3.org/TR/svg-integration/	SVG Integration	Editor's Draft	NOT_APPLICABLE	First Public Working Draft	UNKNOWN	https://www.w3.org/TR/svg-integration/	good	W3C	yes	svg-integration	https://github.com/w3c/svgwg			CATALOG_INGESTED	index.json	ab070e6efcb9c3bd4b5886f95ea4c9bc4d3da79884bc13ec720606ae0d641ae3
browser-specs	svg-paths	umbrella	https://www.w3.org/TR/svg-paths/	SVG Paths	Editor's Draft	NOT_APPLICABLE	First Public Working Draft	UNKNOWN	https://www.w3.org/TR/svg-paths/	good	W3C	yes	svg-paths	https://github.com/w3c/svgwg			CATALOG_INGESTED	index.json	c3fbe32b2fe02a307609bca0acd5b9225bf489325e486975954afff21135dce9
browser-specs	svg-strokes	umbrella	https://www.w3.org/TR/svg-strokes/	SVG Strokes	Editor's Draft	NOT_APPLICABLE	First Public Working Draft	UNKNOWN	https://www.w3.org/TR/svg-strokes/	good	W3C	yes	svg-strokes	https://github.com/w3c/svgwg			CATALOG_INGESTED	index.json	3ee46cdd6c114e36a6cab0364f6558247672e5e5900520f36a07a90c062f176d
browser-specs	tc39-array-find-from-last	umbrella	https://tc39.es/proposal-array-find-from-last/	Proposal-array-find-from-last	Editor's Draft	NOT_APPLICABLE	UNKNOWN	UNKNOWN	UNKNOWN	discontinued	Ecma International	yes	tc39-array-find-from-last	https://github.com/tc39/proposal-array-find-from-last			CATALOG_INGESTED	index.json	f9d8cdb1684c37db321e56a76296ead365577a11b1eb046c512b092b79329765
browser-specs	tc39-array-from-async	umbrella	https://tc39.es/proposal-array-from-async/	ES Array.fromAsync	Editor's Draft	NOT_APPLICABLE	UNKNOWN	UNKNOWN	UNKNOWN	discontinued	Ecma International	yes	tc39-array-from-async	https://github.com/tc39/proposal-array-from-async			CATALOG_INGESTED	index.json	0e711d1c238d78e81043eeedee43182f86b2a95e18c5bd342f99ac61ce57a9c9
browser-specs	tc39-array-grouping	umbrella	https://tc39.es/proposal-array-grouping/	Array Grouping	Editor's Draft	NOT_APPLICABLE	UNKNOWN	UNKNOWN	UNKNOWN	discontinued	Ecma International	yes	tc39-array-grouping	https://github.com/tc39/proposal-array-grouping			CATALOG_INGESTED	index.json	00f8516ab484ca3de73ef6babe28a4fae5954b87d2a4406b6cfaf272feb4aec4
browser-specs	tc39-arraybuffer-base64	umbrella	https://tc39.es/proposal-arraybuffer-base64/spec/	Uint8Array to/from base64	Editor's Draft	NOT_APPLICABLE	UNKNOWN	UNKNOWN	UNKNOWN	discontinued	Ecma International	yes	tc39-arraybuffer-base64	https://github.com/tc39/proposal-arraybuffer-base64			CATALOG_INGESTED	index.json	da4996d4bfef8f390d8f4a1653e5b61430c25f705377aae9b229927c62e9c606
browser-specs	tc39-arraybuffer-transfer	umbrella	https://tc39.es/proposal-arraybuffer-transfer/	ArrayBuffer transfer	Editor's Draft	NOT_APPLICABLE	UNKNOWN	UNKNOWN	UNKNOWN	discontinued	Ecma International	yes	tc39-arraybuffer-transfer	https://github.com/tc39/proposal-arraybuffer-transfer			CATALOG_INGESTED	index.json	45ff9c6752d762122bbed699c69512a196799b602ae8c884f851a145ecb29b08
browser-specs	tc39-async-explicit-resource-management	umbrella	https://tc39.es/proposal-async-explicit-resource-management/	ECMAScript Async Explicit Resource Management	Editor's Draft	NOT_APPLICABLE	UNKNOWN	UNKNOWN	UNKNOWN	good	Ecma International	yes	tc39-async-explicit-resource-management	https://github.com/tc39/proposal-async-explicit-resource-management		navigation-loading,execution-modules	CATALOG_INGESTED	index.json	c9f0cc6c06c21156e48efabed9bf8247593b21cf093a3598ada394743daaf8d8
browser-specs	tc39-atomics-microwait	umbrella	https://tc39.es/proposal-atomics-microwait/	Atomics.pause	Editor's Draft	NOT_APPLICABLE	UNKNOWN	UNKNOWN	UNKNOWN	good	Ecma International	yes	tc39-atomics-microwait	https://github.com/tc39/proposal-atomics-microwait			CATALOG_INGESTED	index.json	40bf13848f3f1608840d6870749c3a7c357f76f1b23af80646c8e0b71d18d4ef
browser-specs	tc39-atomics-wait-async	umbrella	https://tc39.es/proposal-atomics-wait-async/	Atomics.waitAsync	Editor's Draft	NOT_APPLICABLE	UNKNOWN	UNKNOWN	UNKNOWN	discontinued	Ecma International	yes	tc39-atomics-wait-async	https://github.com/tc39/proposal-atomics-wait-async			CATALOG_INGESTED	index.json	2dfab0680549c38c04e60cf477e55bee63a3d1ab0271d0b5e698bd79d63dd61d
browser-specs	tc39-await-dictionary	umbrella	https://tc39.es/proposal-await-dictionary/	Await Dictionary	Editor's Draft	NOT_APPLICABLE	UNKNOWN	UNKNOWN	UNKNOWN	good	Ecma International	yes	tc39-await-dictionary	https://github.com/tc39/proposal-await-dictionary			CATALOG_INGESTED	index.json	780284649125b9a7913edfe767744057b7829464d89a61a9b778eb52690ff196
browser-specs	tc39-canonical-tz	umbrella	https://tc39.es/proposal-canonical-tz/	Time Zone Canonicalization proposal	Editor's Draft	NOT_APPLICABLE	UNKNOWN	UNKNOWN	UNKNOWN	good	Ecma International	yes	tc39-canonical-tz	https://github.com/tc39/proposal-canonical-tz			CATALOG_INGESTED	index.json	8ed5647a093d35fddf013896ab9b36ddf60abeed71a894531a087183a9e3fab9
browser-specs	tc39-change-array-by-copy	umbrella	https://tc39.es/proposal-change-array-by-copy/	Change Array by copy	Editor's Draft	NOT_APPLICABLE	UNKNOWN	UNKNOWN	UNKNOWN	discontinued	Ecma International	yes	tc39-change-array-by-copy	https://github.com/tc39/proposal-change-array-by-copy			CATALOG_INGESTED	index.json	a4a9435de5ba6259fa5e9d2bf2cceba076c80f9d00c7c2c68845d762f65cc1d9
browser-specs	tc39-decorators	umbrella	https://tc39.es/proposal-decorators/	Decorators proposal	Editor's Draft	NOT_APPLICABLE	UNKNOWN	UNKNOWN	UNKNOWN	good	Ecma International	yes	tc39-decorators	https://github.com/tc39/proposal-decorators			CATALOG_INGESTED	index.json	41ea9401b4aa84e90251b37d2d04dfee1b3b8efd5e41c4fe40abadf94f70a6c7
browser-specs	tc39-defer-import-eval	umbrella	https://tc39.es/proposal-defer-import-eval/	Deferred Imports Evaluation	Editor's Draft	NOT_APPLICABLE	UNKNOWN	UNKNOWN	UNKNOWN	good	Ecma International	yes	tc39-defer-import-eval	https://github.com/tc39/proposal-defer-import-eval		execution-modules	CATALOG_INGESTED	index.json	7d75072d9bd637abfc581e3325551ba72948a5cb7ed40d88b6a33acf01936680
browser-specs	tc39-dynamic-code-brand-checks	umbrella	https://tc39.es/proposal-dynamic-code-brand-checks/	Dynamic Code Brand Checks	Editor's Draft	NOT_APPLICABLE	UNKNOWN	UNKNOWN	UNKNOWN	good	Ecma International	yes	tc39-dynamic-code-brand-checks	https://github.com/tc39/proposal-dynamic-code-brand-checks			CATALOG_INGESTED	index.json	3947f27deeb72a022521ae71d864c27f66de2c10e5f2081c438a3801eb57b66c
browser-specs	tc39-error-stack-accessor	umbrella	https://tc39.es/proposal-error-stack-accessor/	Error Stack Accessor	Editor's Draft	NOT_APPLICABLE	UNKNOWN	UNKNOWN	UNKNOWN	good	Ecma International	yes	tc39-error-stack-accessor	https://github.com/tc39/proposal-error-stack-accessor			CATALOG_INGESTED	index.json	b02868a09a7effd2ae5ace69fda1c827c498b94ffca52b9f17bfff639cada679
browser-specs	tc39-explicit-resource-management	umbrella	https://tc39.es/proposal-explicit-resource-management/	ECMAScript Explicit Resource Management	Editor's Draft	NOT_APPLICABLE	UNKNOWN	UNKNOWN	UNKNOWN	good	Ecma International	yes	tc39-explicit-resource-management	https://github.com/tc39/proposal-explicit-resource-management		navigation-loading,execution-modules	CATALOG_INGESTED	index.json	0c469bf0b29a715448be9c4d780d63a33ec4680ab8888436971799345f320e48
browser-specs	tc39-float16array	umbrella	https://tc39.es/proposal-float16array/	Float16Array	Editor's Draft	NOT_APPLICABLE	UNKNOWN	UNKNOWN	UNKNOWN	discontinued	Ecma International	yes	tc39-float16array	https://github.com/tc39/proposal-float16array			CATALOG_INGESTED	index.json	1b638216b7fda19dc98362b73e3df3b644f379301e5e8ffe64b5a583e29e6ffc
browser-specs	tc39-import-attributes	umbrella	https://tc39.es/proposal-import-attributes/	Import Attributes	Editor's Draft	NOT_APPLICABLE	UNKNOWN	UNKNOWN	UNKNOWN	discontinued	Ecma International	yes	tc39-import-attributes	https://github.com/tc39/proposal-import-attributes		execution-modules	CATALOG_INGESTED	index.json	35115f7afdd1cca51b03bb9ba8923c07cdad7c944f41dd97dba62b634b2436f4
browser-specs	tc39-import-text	umbrella	https://tc39.es/proposal-import-text/	Import Text	Editor's Draft	NOT_APPLICABLE	UNKNOWN	UNKNOWN	UNKNOWN	good	Ecma International	yes	tc39-import-text	https://github.com/tc39/proposal-import-text		execution-modules	CATALOG_INGESTED	index.json	0e16f41ff11926c7e2c9c42e7f6511785694cc30dc42a8097c17eb7fd581a936
browser-specs	tc39-intl-annexes	umbrella	https://tc39.es/proposal-intl-numberformat-v3/out/annexes/proposed.html	Intl Annexes	Editor's Draft	NOT_APPLICABLE	UNKNOWN	UNKNOWN	UNKNOWN	discontinued	Ecma International	yes	tc39-intl-annexes	https://github.com/tc39/proposal-intl-numberformat-v3		accessibility-i18n	CATALOG_INGESTED	index.json	ae78c6a72a366fe3d86cd728f20fc3b68562b416657283e57b9a8ff9cc029c50
browser-specs	tc39-intl-duration-format	umbrella	https://tc39.es/proposal-intl-duration-format/	Intl.DurationFormat	Editor's Draft	NOT_APPLICABLE	UNKNOWN	UNKNOWN	UNKNOWN	good	Ecma International	yes	tc39-intl-duration-format	https://github.com/tc39/proposal-intl-duration-format		accessibility-i18n	CATALOG_INGESTED	index.json	f4a9696674d88c2ff10d84bc86f84ead77ed7e5bf0f50f5b11ca52d25ce5aa44
browser-specs	tc39-intl-enumeration	umbrella	https://tc39.es/proposal-intl-enumeration/	Intl Enumeration API Specification	Editor's Draft	NOT_APPLICABLE	UNKNOWN	UNKNOWN	UNKNOWN	discontinued	Ecma International	yes	tc39-intl-enumeration	https://github.com/tc39/proposal-intl-enumeration		accessibility-i18n	CATALOG_INGESTED	index.json	4a8d2bd486891009bdce9b00136be2b1bbaa65505df4ae8bc5df252d76b33da9
browser-specs	tc39-intl-era-monthcode	umbrella	https://tc39.es/proposal-intl-era-monthcode/	Intl era and monthCode Proposal	Editor's Draft	NOT_APPLICABLE	UNKNOWN	UNKNOWN	UNKNOWN	good	Ecma International	yes	tc39-intl-era-monthcode	https://github.com/tc39/proposal-intl-era-monthcode		accessibility-i18n	CATALOG_INGESTED	index.json	897674cc908aca0ccd4fc75d82ef954a6ae6c3285a32e9aeaa64abf095b628fe
browser-specs	tc39-intl-extend-timezonename	umbrella	https://tc39.es/proposal-intl-extend-timezonename/	Extend TimeZoneName Option Proposal	Editor's Draft	NOT_APPLICABLE	UNKNOWN	UNKNOWN	UNKNOWN	discontinued	Ecma International	yes	tc39-intl-extend-timezonename	https://github.com/tc39/proposal-intl-extend-timezonename		accessibility-i18n	CATALOG_INGESTED	index.json	f83f1d8a54415aa0ca20c25e854954b9ed9cc2a0cbc6a51fec3b98e26f1f829c
browser-specs	tc39-intl-keep-trailing-zeros	umbrella	https://tc39.es/proposal-intl-keep-trailing-zeros/	Keep trailing zeros in Intl.NumberFormat and Intl.PluralRules	Editor's Draft	NOT_APPLICABLE	UNKNOWN	UNKNOWN	UNKNOWN	good	Ecma International	yes	tc39-intl-keep-trailing-zeros	https://github.com/tc39/proposal-intl-keep-trailing-zeros		accessibility-i18n	CATALOG_INGESTED	index.json	4d2f0b62b0a2c7e5a74da813c0425f226bd10657620d32c61fa0b1689f1efe0b
browser-specs	tc39-intl-locale-info	umbrella	https://tc39.es/proposal-intl-locale-info/	Intl Locale Info Proposal	Editor's Draft	NOT_APPLICABLE	UNKNOWN	UNKNOWN	UNKNOWN	good	Ecma International	yes	tc39-intl-locale-info	https://github.com/tc39/proposal-intl-locale-info		accessibility-i18n	CATALOG_INGESTED	index.json	a5859bd7c311cf50d9de55e6e1e744c66bff1c059f69813a3d863645470a6ba9
browser-specs	tc39-intl-negotiation	umbrella	https://tc39.es/proposal-intl-numberformat-v3/out/negotiation/proposed.html	Intl Parameter Resolution	Editor's Draft	NOT_APPLICABLE	UNKNOWN	UNKNOWN	UNKNOWN	discontinued	Ecma International	yes	tc39-intl-negotiation	https://github.com/tc39/proposal-intl-numberformat-v3		accessibility-i18n	CATALOG_INGESTED	index.json	f17d0487dc82b478cdbc5b0cde1162b458deb480ad9231d511794c2f444da9df
browser-specs	tc39-intl-numberformat	umbrella	https://tc39.es/proposal-intl-numberformat-v3/out/numberformat/proposed.html	Intl.NumberFormat	Editor's Draft	NOT_APPLICABLE	UNKNOWN	UNKNOWN	UNKNOWN	discontinued	Ecma International	yes	tc39-intl-numberformat	https://github.com/tc39/proposal-intl-numberformat-v3		accessibility-i18n	CATALOG_INGESTED	index.json	546716261e6acdf7664d27e404ef71ff3ec43a94b6a1bdeb67c054ea3ef45a3d
browser-specs	tc39-intl-pluralrules	umbrella	https://tc39.es/proposal-intl-numberformat-v3/out/pluralrules/proposed.html	Intl.PluralRules	Editor's Draft	NOT_APPLICABLE	UNKNOWN	UNKNOWN	UNKNOWN	discontinued	Ecma International	yes	tc39-intl-pluralrules	https://github.com/tc39/proposal-intl-numberformat-v3		accessibility-i18n	CATALOG_INGESTED	index.json	59ee4d278b55b84dd614ba68e60fd55fa3824675a4bc148dddc96ab5259352ac
browser-specs	tc39-is-error	umbrella	https://tc39.es/proposal-is-error/	Error.isError	Editor's Draft	NOT_APPLICABLE	UNKNOWN	UNKNOWN	UNKNOWN	discontinued	Ecma International	yes	tc39-is-error	https://github.com/tc39/proposal-is-error			CATALOG_INGESTED	index.json	97a37655c90c7e924226a6c1f244b7fedbfc8fc76a5e6147961cb781ed6930d0
browser-specs	tc39-is-usv-string	umbrella	https://tc39.es/proposal-is-usv-string/	Well-Formed Unicode Strings	Editor's Draft	NOT_APPLICABLE	UNKNOWN	UNKNOWN	UNKNOWN	discontinued	Ecma International	yes	tc39-is-usv-string	https://github.com/tc39/proposal-is-usv-string		accessibility-i18n	CATALOG_INGESTED	index.json	22ea5b4d3b047ca152f1ecb1e61bd6777d015b9eb240c479e382f20fcd1e1c08
browser-specs	tc39-iterator-chunking	umbrella	https://tc39.es/proposal-iterator-chunking/	Iterator Chunking	Editor's Draft	NOT_APPLICABLE	UNKNOWN	UNKNOWN	UNKNOWN	good	Ecma International	yes	tc39-iterator-chunking	https://github.com/tc39/proposal-iterator-chunking			CATALOG_INGESTED	index.json	73c785d675c76357f2a74360807a6bead611d219ee3f989e7d23d863b77c1708
browser-specs	tc39-iterator-helpers	umbrella	https://tc39.es/proposal-iterator-helpers/	Iterator Helpers	Editor's Draft	NOT_APPLICABLE	UNKNOWN	UNKNOWN	UNKNOWN	discontinued	Ecma International	yes	tc39-iterator-helpers	https://github.com/tc39/proposal-iterator-helpers			CATALOG_INGESTED	index.json	52d475f5f63f9df149623b9e69810f84e83e7cf03de027c6828c522d3c4e241a
browser-specs	tc39-iterator-includes	umbrella	https://tc39.es/proposal-iterator-includes/	Iterator Includes	Editor's Draft	NOT_APPLICABLE	UNKNOWN	UNKNOWN	UNKNOWN	good	Ecma International	yes	tc39-iterator-includes	https://github.com/tc39/proposal-iterator-includes			CATALOG_INGESTED	index.json	baa0ef87781e9236d2654b069b93e5a176e44fd3c8ec8d547646e0fce1444501
browser-specs	tc39-iterator-join	umbrella	https://tc39.es/proposal-iterator-join/	Proposal Iterator Join	Editor's Draft	NOT_APPLICABLE	UNKNOWN	UNKNOWN	UNKNOWN	good	Ecma International	yes	tc39-iterator-join	https://github.com/tc39/proposal-iterator-join			CATALOG_INGESTED	index.json	d1291415918f52d84c08db50ee5cb866cac84697f3e12879023eb8a4fa718bc8
browser-specs	tc39-iterator-sequencing	umbrella	https://tc39.es/proposal-iterator-sequencing/	Iterator Sequencing	Editor's Draft	NOT_APPLICABLE	UNKNOWN	UNKNOWN	UNKNOWN	discontinued	Ecma International	yes	tc39-iterator-sequencing	https://github.com/tc39/proposal-iterator-sequencing			CATALOG_INGESTED	index.json	093ca92baa081119a73856a02d6d8e1f84407463e28dd225ce4e52c9bf46f383
browser-specs	tc39-joint-iteration	umbrella	https://tc39.es/proposal-joint-iteration/	Joint Iteration	Editor's Draft	NOT_APPLICABLE	UNKNOWN	UNKNOWN	UNKNOWN	good	Ecma International	yes	tc39-joint-iteration	https://github.com/tc39/proposal-joint-iteration			CATALOG_INGESTED	index.json	196973dfd209557e9d2065ee48c38e855fe3cbe93de3cfbf05b558032081f6e3
browser-specs	tc39-json-modules	umbrella	https://tc39.es/proposal-json-modules/	JSON modules	Editor's Draft	NOT_APPLICABLE	UNKNOWN	UNKNOWN	UNKNOWN	discontinued	Ecma International	yes	tc39-json-modules	https://github.com/tc39/proposal-json-modules			CATALOG_INGESTED	index.json	c38d90f88102c863db957cb1ed79c81c98c4d480d6fb9a53cefdc67e51ccd9f7
browser-specs	tc39-json-parse-with-source	umbrella	https://tc39.es/proposal-json-parse-with-source/	JSON.parse source text access	Editor's Draft	NOT_APPLICABLE	UNKNOWN	UNKNOWN	UNKNOWN	good	Ecma International	yes	tc39-json-parse-with-source	https://github.com/tc39/proposal-json-parse-with-source			CATALOG_INGESTED	index.json	0333eaaf97e7c60df9ebb1e962904fcf77531b2850154989f14aa32f4a3a5948
browser-specs	tc39-math-sum	umbrella	https://tc39.es/proposal-math-sum/	Math.sumPrecise	Editor's Draft	NOT_APPLICABLE	UNKNOWN	UNKNOWN	UNKNOWN	discontinued	Ecma International	yes	tc39-math-sum	https://github.com/tc39/proposal-math-sum			CATALOG_INGESTED	index.json	447d1b3d321ba017bcaf7bba96fe6636cd8d8ad9e48e0fa03f794974c2258d85
browser-specs	tc39-nonextensible-applies-to-private	umbrella	https://tc39.es/proposal-nonextensible-applies-to-private/	Disallow Adding New Private Fields to Non-extensible Objects	Editor's Draft	NOT_APPLICABLE	UNKNOWN	UNKNOWN	UNKNOWN	good	Ecma International	yes	tc39-nonextensible-applies-to-private	https://github.com/tc39/proposal-nonextensible-applies-to-private			CATALOG_INGESTED	index.json	0b75be4686be91755352178a011aea15f5762baff3aa63621cb1d7349d96efa2
browser-specs	tc39-promise-try	umbrella	https://tc39.es/proposal-promise-try/	Promise.try	Editor's Draft	NOT_APPLICABLE	UNKNOWN	UNKNOWN	UNKNOWN	discontinued	Ecma International	yes	tc39-promise-try	https://github.com/tc39/proposal-promise-try			CATALOG_INGESTED	index.json	45fd294c598b7bf316fa2970fc732d4081b682e6567bb3b3e89f3e80038db745
browser-specs	tc39-promise-with-resolvers	umbrella	https://tc39.es/proposal-promise-with-resolvers/	ES Promise.withResolvers (2023)	Editor's Draft	NOT_APPLICABLE	UNKNOWN	UNKNOWN	UNKNOWN	discontinued	Ecma International	yes	tc39-promise-with-resolvers	https://github.com/tc39/proposal-promise-with-resolvers			CATALOG_INGESTED	index.json	4614b4c3c803ed4a00b4107a22669f1b84b7dd3ca5d63bb1ae9024a7725bb451
browser-specs	tc39-regex-escaping	umbrella	https://tc39.es/proposal-regex-escaping/	RegExp.escape	Editor's Draft	NOT_APPLICABLE	UNKNOWN	UNKNOWN	UNKNOWN	discontinued	Ecma International	yes	tc39-regex-escaping	https://github.com/tc39/proposal-regex-escaping			CATALOG_INGESTED	index.json	c4bb8782429646e56f62aa412c9d3154204ea62abea123bcf42184d1da598933
browser-specs	tc39-regexp-buffer-boundaries	umbrella	https://tc39.es/proposal-regexp-buffer-boundaries/	Regular Expression Buffer Boundaries for ECMAScript	Editor's Draft	NOT_APPLICABLE	UNKNOWN	UNKNOWN	UNKNOWN	good	Ecma International	yes	tc39-regexp-buffer-boundaries	https://github.com/tc39/proposal-regexp-buffer-boundaries		execution-modules	CATALOG_INGESTED	index.json	367686a0bab2aef7a8aadc353028f8bf959e5400afe4e4ef723a6b7768806f7a
browser-specs	tc39-regexp-modifiers	umbrella	https://tc39.es/proposal-regexp-modifiers/	Regular Expression Pattern Modifiers for ECMAScript	Editor's Draft	NOT_APPLICABLE	UNKNOWN	UNKNOWN	UNKNOWN	discontinued	Ecma International	yes	tc39-regexp-modifiers	https://github.com/tc39/proposal-regexp-modifiers		execution-modules	CATALOG_INGESTED	index.json	ace0afd1ef566da63cb5468cf4901250eb85a626bffebe8e8d640db52d1731b5
browser-specs	tc39-resizablearraybuffer	umbrella	https://tc39.es/proposal-resizablearraybuffer/	Resizable ArrayBuffer and growable SharedArrayBuffer	Editor's Draft	NOT_APPLICABLE	UNKNOWN	UNKNOWN	UNKNOWN	discontinued	Ecma International	yes	tc39-resizablearraybuffer	https://github.com/tc39/proposal-resizablearraybuffer			CATALOG_INGESTED	index.json	4ff7bcb334775c5e7d5488f5930462c829c6d9edc38d784a7e7f2b9e632af894
browser-specs	tc39-set-methods	umbrella	https://tc39.es/proposal-set-methods/	Set methods	Editor's Draft	NOT_APPLICABLE	UNKNOWN	UNKNOWN	UNKNOWN	discontinued	Ecma International	yes	tc39-set-methods	https://github.com/tc39/proposal-set-methods			CATALOG_INGESTED	index.json	673d2fef61d8807a46db0764e1fd0cfab095f5abc92e3b131da181cf2b46f753
browser-specs	tc39-shadowrealm	umbrella	https://tc39.es/proposal-shadowrealm/	ShadowRealm API	Editor's Draft	NOT_APPLICABLE	UNKNOWN	UNKNOWN	UNKNOWN	good	Ecma International	yes	tc39-shadowrealm	https://github.com/tc39/proposal-shadowrealm			CATALOG_INGESTED	index.json	70a445624323a719c915dcb60f7ee044736a78ed300433476c4bf8ea3e807fba
browser-specs	tc39-source-phase-imports	umbrella	https://tc39.es/proposal-source-phase-imports/	Source Phase Imports	Editor's Draft	NOT_APPLICABLE	UNKNOWN	UNKNOWN	UNKNOWN	good	Ecma International	yes	tc39-source-phase-imports	https://github.com/tc39/proposal-source-phase-imports			CATALOG_INGESTED	index.json	15a7fdedd4497fa71db6c2ccebf516e6d7328a419b12c7f10b791c3e33eece03
browser-specs	tc39-symbols-as-weakmap-keys	umbrella	https://tc39.es/proposal-symbols-as-weakmap-keys/	Symbol as WeakMap Keys Proposal	Editor's Draft	NOT_APPLICABLE	UNKNOWN	UNKNOWN	UNKNOWN	discontinued	Ecma International	yes	tc39-symbols-as-weakmap-keys	https://github.com/tc39/proposal-symbols-as-weakmap-keys			CATALOG_INGESTED	index.json	e67082a613af284147e4cb08ecab0c5f6c95e92711044b8ac47ccd2b9fc5b7c2
browser-specs	tc39-temporal	umbrella	https://tc39.es/proposal-temporal/	Temporal	Editor's Draft	NOT_APPLICABLE	UNKNOWN	UNKNOWN	UNKNOWN	good	Ecma International	yes	tc39-temporal	https://github.com/tc39/proposal-temporal			CATALOG_INGESTED	index.json	a581f6a16812962fba6c7bdba7c6d6b0025bfddc02e57526d174b85f54b082f6
browser-specs	tc39-upsert	umbrella	https://tc39.es/proposal-upsert/	Upsert	Editor's Draft	NOT_APPLICABLE	UNKNOWN	UNKNOWN	UNKNOWN	discontinued	Ecma International	yes	tc39-upsert	https://github.com/tc39/proposal-upsert			CATALOG_INGESTED	index.json	d73f6afe48b3b2a0d0ab7415fa10331907e0990ade208bdaf0a7cb2c1c84b75e
browser-specs	test-methodology	umbrella	https://www.w3.org/TR/test-methodology/	A Method for Writing Testable Conformance Requirements	Editor's Draft	NOT_APPLICABLE	Note	UNKNOWN	https://www.w3.org/TR/test-methodology/	good	W3C	no	test-methodology				CATALOG_INGESTED	index.json	50eb2649e8966a3841609a1804256c78a97d59adde7164e0cdca03ef44364385
browser-specs	timing-entrytypes-registry	umbrella	https://www.w3.org/TR/timing-entrytypes-registry/	Timing Entry Names Registry	Editor's Draft	NOT_APPLICABLE	First Public Working Draft	UNKNOWN	https://www.w3.org/TR/timing-entrytypes-registry/	good	W3C	yes	timing-entrytypes-registry	https://github.com/w3c/timing-entrytypes-registry	timing-entrytypes-registry	performance-observability	CATALOG_INGESTED	index.json	2ba2cd1f2027f5f05f9010a33fa0bf97aa3be4b59ec2d6e5096915cfd2e55758
browser-specs	touch-events	umbrella	https://www.w3.org/TR/touch-events/	Touch Events	Editor's Draft	NOT_APPLICABLE	Recommendation	UNKNOWN	https://www.w3.org/TR/touch-events/	good	W3C	yes	touch-events	https://github.com/w3c/touch-events	touch-events	device-input	CATALOG_INGESTED	index.json	7f08ececa5b876b12c5596d6933718466955bb4b20751fd35b9538df2545497b
browser-specs	trace-context-2	umbrella	https://www.w3.org/TR/trace-context-2/	Trace Context Level 2	Editor's Draft	NOT_APPLICABLE	Candidate Recommendation Draft	UNKNOWN	https://www.w3.org/TR/trace-context-2/	good	W3C	no	trace-context	https://github.com/w3c/trace-context			CATALOG_INGESTED	index.json	ff3faa97c748ae16e7bc5c13d3fa3efe6f49a5f4fcbf74f090e043ac1662f51a
browser-specs	trace-context-amqp	umbrella	https://w3c.github.io/trace-context-amqp/	Trace Context: AMQP protocol	Editor's Draft	NOT_APPLICABLE	UNKNOWN	UNKNOWN	UNKNOWN	good	W3C	no	trace-context-amqp	https://github.com/w3c/trace-context-amqp			CATALOG_INGESTED	index.json	d7f762305a85065978ab41c60f855dfff8893904a789d77550788852e7848185
browser-specs	trace-context-binary	umbrella	https://w3c.github.io/trace-context-binary/	Trace Context: binary protocol	Editor's Draft	NOT_APPLICABLE	UNKNOWN	UNKNOWN	UNKNOWN	good	W3C	no	trace-context-binary	https://github.com/w3c/trace-context-binary			CATALOG_INGESTED	index.json	03ea3f3cda44531dc27ba2c6ca4089b357f997ea8e5793653240efa309e2666a
browser-specs	trace-context-mqtt	umbrella	https://w3c.github.io/trace-context-mqtt/	Trace Context: MQTT protocol	Editor's Draft	NOT_APPLICABLE	UNKNOWN	UNKNOWN	UNKNOWN	good	W3C	no	trace-context-mqtt	https://github.com/w3c/trace-context-mqtt			CATALOG_INGESTED	index.json	af420a358febc2ae69995b947912157c7ea4dd42bd6d12c7f3aa41c12fe17c70
browser-specs	trace-context-protocols-registry	umbrella	https://www.w3.org/TR/trace-context-protocols-registry/	Trace Context Protocols Registry	Editor's Draft	NOT_APPLICABLE	Note	UNKNOWN	https://www.w3.org/TR/trace-context-protocols-registry/	good	W3C	no	trace-context-protocols-registry	https://github.com/w3c/trace-context-protocols-registry			CATALOG_INGESTED	index.json	e86f42c9fab9519eeb81a98773e51d59c24c3affe3a8e7287592eb16f420dff8
browser-specs	tracestate-ids-registry	umbrella	https://w3c.github.io/tracestate-ids-registry/	Tracestate Ids Registry	Editor's Draft	NOT_APPLICABLE	UNKNOWN	UNKNOWN	UNKNOWN	good	W3C	no	tracestate-ids-registry	https://github.com/w3c/tracestate-ids-registry			CATALOG_INGESTED	index.json	7d90bcf221f21166ba186e08862eda001d8ef88f0b921096642647487106bf79
browser-specs	tracking-dnt	umbrella	https://www.w3.org/TR/tracking-dnt/	Tracking Preference Expression (DNT)	Editor's Draft	NOT_APPLICABLE	Discontinued Draft	UNKNOWN	https://www.w3.org/TR/tracking-dnt/	discontinued	W3C	yes	tracking-dnt	https://github.com/w3c/dnt			CATALOG_INGESTED	index.json	cad3e91e844a06d87818f084d2f3f4c747e7ebf4e7b13538c1e19bf6814755b1
browser-specs	trusted-types	umbrella	https://www.w3.org/TR/trusted-types/	Trusted Types	Editor's Draft	NOT_APPLICABLE	Working Draft	UNKNOWN	https://www.w3.org/TR/trusted-types/	good	W3C	yes	trusted-types	https://github.com/w3c/trusted-types	trusted-types	security-privacy	CATALOG_INGESTED	index.json	442f13247eefc38cba4a736f6a44a260ccd909ca4316fb7fa00abc244ccc08a0
browser-specs	ttml-imsc1.2	umbrella	https://www.w3.org/TR/ttml-imsc1.2/	TTML Profiles for Internet Media Subtitles and Captions 1.2	Editor's Draft	NOT_APPLICABLE	Recommendation	UNKNOWN	https://www.w3.org/TR/ttml-imsc1.2/	good	W3C	no	ttml-imsc			graphics-media	CATALOG_INGESTED	index.json	f4fcc8188d87bf7456c073dd20a26b3103eb73f58b95f8f92298cab76aa25fe7
browser-specs	ttml-imsc1.3	umbrella	https://www.w3.org/TR/ttml-imsc1.3/	IMSC Text Profile 1.3	Editor's Draft	NOT_APPLICABLE	Recommendation	UNKNOWN	https://www.w3.org/TR/ttml-imsc1.3/	good	W3C	no	ttml-imsc	https://github.com/w3c/imsc			CATALOG_INGESTED	index.json	36485080f2e8c287aeeec4b5055c2f4da884da557aec87ea771c25d40a23da62
browser-specs	ttml2	umbrella	https://www.w3.org/TR/ttml2/	Timed Text Markup Language 2 (TTML2) (2nd Edition)	Editor's Draft	NOT_APPLICABLE	Candidate Recommendation Snapshot	UNKNOWN	https://www.w3.org/TR/ttml2/	good	W3C	no	ttml	https://github.com/w3c/ttml2		accessibility-i18n	CATALOG_INGESTED	index.json	2063d2018e8903efab718c9762bb1fc3a1a4a58f56dba715282825eb358eb3f7
browser-specs	uievents	umbrella	https://www.w3.org/TR/uievents/	UI Events	Editor's Draft	NOT_APPLICABLE	Working Draft	UNKNOWN	https://www.w3.org/TR/uievents/	good	W3C	yes	uievents	https://github.com/w3c/uievents	uievents		CATALOG_INGESTED	index.json	849e659ee02185fe8e09871594cdc0ff74e075a047b89f50e7d93764d9e302d4
browser-specs	uievents-code	umbrella	https://www.w3.org/TR/uievents-code/	UI Events KeyboardEvent code Values	Editor's Draft	NOT_APPLICABLE	Recommendation	UNKNOWN	https://www.w3.org/TR/uievents-code/	good	W3C	yes	uievents-code	https://github.com/w3c/uievents-code			CATALOG_INGESTED	index.json	1d7c616f5ab617e10ebf155a93350e4eba9e6a79c6886d273acb0c9529d2f005
browser-specs	uievents-key	umbrella	https://www.w3.org/TR/uievents-key/	UI Events KeyboardEvent key Values	Editor's Draft	NOT_APPLICABLE	Recommendation	UNKNOWN	https://www.w3.org/TR/uievents-key/	good	W3C	yes	uievents-key	https://github.com/w3c/uievents-key			CATALOG_INGESTED	index.json	b4879ed736f8f82e5852ed209ae5872bdaed29789018fbf9994b33cabf9adc72
browser-specs	unencoded-digest	umbrella	https://datatracker.ietf.org/doc/html/draft-ietf-httpbis-unencoded-digest	HTTP Unencoded Digest	Editor's Draft	NOT_APPLICABLE	UNKNOWN	UNKNOWN	UNKNOWN	good	IETF	yes	unencoded-digest	https://github.com/httpwg/http-extensions		network-realtime	CATALOG_INGESTED	index.json	e02efee1881d4dc0dd2f759c678bf85cd1d9eead61ad42e2f96750b2d38cb963
browser-specs	upgrade-insecure-requests	umbrella	https://www.w3.org/TR/upgrade-insecure-requests/	Upgrade Insecure Requests	Editor's Draft	NOT_APPLICABLE	Candidate Recommendation Snapshot	UNKNOWN	https://www.w3.org/TR/upgrade-insecure-requests/	good	W3C	yes	upgrade-insecure-requests	https://github.com/w3c/webappsec-upgrade-insecure-requests	upgrade-insecure-requests	security-privacy	CATALOG_INGESTED	index.json	0e341d979966486cad39a29842aeed1bcf6ab5842cf72e8e760cedb6f8cfde69
browser-specs	user-timing	umbrella	https://www.w3.org/TR/user-timing/	User Timing	Editor's Draft	NOT_APPLICABLE	Candidate Recommendation Draft	UNKNOWN	https://www.w3.org/TR/user-timing/	good	W3C	yes	user-timing	https://github.com/w3c/user-timing	user-timing	performance-observability	CATALOG_INGESTED	index.json	ef8a8542dc235773d0ccc74b5e2e14fd7a1cf46399692d1d13160e7ba72f5971
browser-specs	vc-barcodes-1.0	umbrella	https://www.w3.org/TR/vc-barcodes-1.0/	Verifiable Credential Barcodes v1.0	Editor's Draft	NOT_APPLICABLE	Working Draft	UNKNOWN	https://www.w3.org/TR/vc-barcodes-1.0/	good	W3C	no	vc-barcodes	https://github.com/w3c/vc-barcodes		security-privacy	CATALOG_INGESTED	index.json	dd4825a59b9fc2206b94d25c769863d14a0d59d17fb90a22e7d7cef1ad13f2eb
browser-specs	vc-bitstring-status-list	umbrella	https://www.w3.org/TR/vc-bitstring-status-list/	Bitstring Status List v1.0	Editor's Draft	NOT_APPLICABLE	Recommendation	UNKNOWN	https://www.w3.org/TR/vc-bitstring-status-list/	good	W3C	no	vc-bitstring-status-list	https://github.com/w3c/vc-bitstring-status-list			CATALOG_INGESTED	index.json	1eec43adcabe16f07f9c63a21bca9bfb49a9ea70f2c36d44273e597533ca22b4
browser-specs	vc-confidence-method	umbrella	https://www.w3.org/TR/vc-confidence-method/	Verifiable Credential Confidence Methods v1.0	Editor's Draft	NOT_APPLICABLE	Working Draft	UNKNOWN	https://www.w3.org/TR/vc-confidence-method/	good	W3C	no	vc-confidence-method	https://github.com/w3c/vc-confidence-method		security-privacy	CATALOG_INGESTED	index.json	9db36e17605ac9e88b37da532a77ac2fdc44d83f93e5e7c249f6a9776884acb7
browser-specs	vc-data-integrity	umbrella	https://www.w3.org/TR/vc-data-integrity/	Verifiable Credential Data Integrity 1.0	Editor's Draft	NOT_APPLICABLE	Recommendation	UNKNOWN	https://www.w3.org/TR/vc-data-integrity/	good	W3C	no	vc-data-integrity			security-privacy	CATALOG_INGESTED	index.json	737fb1c9c37d6287569f0d22491870a885be438f4cc36e64f58b313c3df70fa5
browser-specs	vc-data-integrity-1.1	umbrella	https://www.w3.org/TR/vc-data-integrity-1.1/	Verifiable Credential Data Integrity 1.1	Editor's Draft	NOT_APPLICABLE	First Public Working Draft	UNKNOWN	https://www.w3.org/TR/vc-data-integrity-1.1/	good	W3C	no	vc-data-integrity	https://github.com/w3c/vc-data-integrity		security-privacy	CATALOG_INGESTED	index.json	67900a0cb6903848ab2b08fb5b789a1f90915453beafd8c858493a58c4506bad
browser-specs	vc-data-model-2.0	umbrella	https://www.w3.org/TR/vc-data-model-2.0/	Verifiable Credentials Data Model v2.0	Editor's Draft	NOT_APPLICABLE	Recommendation	UNKNOWN	https://www.w3.org/TR/vc-data-model-2.0/	good	W3C	no	vc-data-model			agents-ml	CATALOG_INGESTED	index.json	1e98c6ff72894290c8bf8ab6e8368d11db17b5d4774f59db83d276e501a58211
browser-specs	vc-data-model-2.1	umbrella	https://www.w3.org/TR/vc-data-model-2.1/	Verifiable Credentials Data Model v2.1	Editor's Draft	NOT_APPLICABLE	Working Draft	UNKNOWN	https://www.w3.org/TR/vc-data-model-2.1/	good	W3C	no	vc-data-model	https://github.com/w3c/vc-data-model		agents-ml	CATALOG_INGESTED	index.json	dac032e35ec468ecc1fd2d24fb5d3342acf87d44c8fc8f86629f0ca3e87f4472
browser-specs	vc-di-bbs	umbrella	https://www.w3.org/TR/vc-di-bbs/	Data Integrity BBS Cryptosuites v1.0	Editor's Draft	NOT_APPLICABLE	Candidate Recommendation Draft	UNKNOWN	https://www.w3.org/TR/vc-di-bbs/	good	W3C	no	vc-di-bbs	https://github.com/w3c/vc-di-bbs			CATALOG_INGESTED	index.json	8160f7fa5d61cfb5c044992b6778d8dee6ef48e937064ed88fcf7b3a4a417620
browser-specs	vc-di-ecdsa	umbrella	https://www.w3.org/TR/vc-di-ecdsa/	Data Integrity ECDSA Cryptosuites v1.0	Editor's Draft	NOT_APPLICABLE	Recommendation	UNKNOWN	https://www.w3.org/TR/vc-di-ecdsa/	good	W3C	no	vc-di-ecdsa				CATALOG_INGESTED	index.json	8564b75c4a287d50a151cdb838aae04a26961f44899bcb9afd078f582f710a91
browser-specs	vc-di-ecdsa-1.1	umbrella	https://www.w3.org/TR/vc-di-ecdsa-1.1/	Data Integrity ECDSA Cryptosuites v1.1	Editor's Draft	NOT_APPLICABLE	First Public Working Draft	UNKNOWN	https://www.w3.org/TR/vc-di-ecdsa-1.1/	good	W3C	no	vc-di-ecdsa	https://github.com/w3c/vc-di-ecdsa			CATALOG_INGESTED	index.json	3812ec78ceab12ed05ad4911e8c29d907fe878f368371a5602f29e9390ee72cc
browser-specs	vc-di-eddsa	umbrella	https://www.w3.org/TR/vc-di-eddsa/	Data Integrity EdDSA Cryptosuites v1.0	Editor's Draft	NOT_APPLICABLE	Recommendation	UNKNOWN	https://www.w3.org/TR/vc-di-eddsa/	good	W3C	no	vc-di-eddsa				CATALOG_INGESTED	index.json	d44e6a5d214f33de68e99e287a5a450b269c9bac934a4dd669314a4412e68cbb
browser-specs	vc-di-eddsa-1.1	umbrella	https://www.w3.org/TR/vc-di-eddsa-1.1/	Data Integrity EdDSA Cryptosuites v1.1	Editor's Draft	NOT_APPLICABLE	First Public Working Draft	UNKNOWN	https://www.w3.org/TR/vc-di-eddsa-1.1/	good	W3C	no	vc-di-eddsa	https://github.com/w3c/vc-di-eddsa			CATALOG_INGESTED	index.json	eab072171f1f8902d7e38ee376c8def24eb99256db01211678233aa813ed0132
browser-specs	vc-di-quantum-resistant-1.0	umbrella	https://www.w3.org/TR/vc-di-quantum-resistant-1.0/	Quantum-Resistant Cryptosuites v1.0	Editor's Draft	NOT_APPLICABLE	First Public Working Draft	UNKNOWN	https://www.w3.org/TR/vc-di-quantum-resistant-1.0/	good	W3C	no	vc-di-quantum-resistant	https://github.com/w3c/vc-di-quantum-resistant			CATALOG_INGESTED	index.json	a7740866be4bcdb8baa421f3b67cc8a6cfffe0ba2831d851600f3aead3cbe003
browser-specs	vc-forgery-defense-1.0	umbrella	https://www.w3.org/TR/vc-forgery-defense-1.0/	Verifiable Credential Forgery Defense v1.0	Editor's Draft	NOT_APPLICABLE	Working Draft	UNKNOWN	https://www.w3.org/TR/vc-forgery-defense-1.0/	good	W3C	no	vc-forgery-defense	https://github.com/w3c/vc-forgery-defense		security-privacy	CATALOG_INGESTED	index.json	574a0ba7143f45e01f40ab1821ba13b10e6df1da28c46f0437e3dfdecd8b0417
browser-specs	vc-jose-cose	umbrella	https://www.w3.org/TR/vc-jose-cose/	Securing Verifiable Credentials using JOSE and COSE	Editor's Draft	NOT_APPLICABLE	Recommendation	UNKNOWN	https://www.w3.org/TR/vc-jose-cose/	good	W3C	no	vc-jose-cose	https://github.com/w3c/vc-jose-cose			CATALOG_INGESTED	index.json	e8f405c2994ae0a029c90ef0afd033f798c046c79511291067a02e68866f0753
browser-specs	vc-json-schema	umbrella	https://www.w3.org/TR/vc-json-schema/	Verifiable Credentials JSON Schema Specification	Editor's Draft	NOT_APPLICABLE	Candidate Recommendation Draft	UNKNOWN	https://www.w3.org/TR/vc-json-schema/	good	W3C	no	vc-json-schema	https://github.com/w3c/vc-json-schema			CATALOG_INGESTED	index.json	3db336653f10fdf7277bf51e955250180f5ff3a696206b347c1a8b90029167c2
browser-specs	vc-recognized-entities-1.0	umbrella	https://www.w3.org/TR/vc-recognized-entities-1.0/	Recognized Entities v1.0	Editor's Draft	NOT_APPLICABLE	Working Draft	UNKNOWN	https://www.w3.org/TR/vc-recognized-entities-1.0/	good	W3C	no	vc-recognized-entities	https://github.com/w3c/vc-recognized-entities			CATALOG_INGESTED	index.json	beaf02ac7d79160dadd9d3e1b9625c38ca32e01ffc959e1737c4330e077ed5b1
browser-specs	vc-render-method	umbrella	https://www.w3.org/TR/vc-render-method/	Verifiable Credential Rendering Methods v1.0	Editor's Draft	NOT_APPLICABLE	Working Draft	UNKNOWN	https://www.w3.org/TR/vc-render-method/	good	W3C	no	vc-render-method	https://github.com/w3c/vc-render-method		security-privacy	CATALOG_INGESTED	index.json	15ff98a0230bc5cb3eb2a51b2eb3fb075224dbc6f6ba5305aae36dd9a8f7ef64
browser-specs	vcalm-1.0	umbrella	https://www.w3.org/TR/vcalm-1.0/	VCALM v1.0	Editor's Draft	NOT_APPLICABLE	Working Draft	UNKNOWN	https://www.w3.org/TR/vcalm-1.0/	good	W3C	no	vcalm	https://github.com/w3c/vcalm			CATALOG_INGESTED	index.json	2de5bfb559828e263d2e562a0122240179ea3e35e49358833e0645cf1dfdc7d8
browser-specs	vibration	umbrella	https://www.w3.org/TR/vibration/	Vibration API	Editor's Draft	NOT_APPLICABLE	Candidate Recommendation Draft	UNKNOWN	https://www.w3.org/TR/vibration/	good	W3C	yes	vibration	https://github.com/w3c/vibration	vibration		CATALOG_INGESTED	index.json	22a063d012c7d06407c309f046b15f0ae2999ca41da97486c0cadbfba01436c6
browser-specs	virtual-keyboard	umbrella	https://www.w3.org/TR/virtual-keyboard/	VirtualKeyboard API	Editor's Draft	NOT_APPLICABLE	Working Draft	UNKNOWN	https://www.w3.org/TR/virtual-keyboard/	good	W3C	yes	virtual-keyboard	https://github.com/w3c/virtual-keyboard		device-input	CATALOG_INGESTED	index.json	467d1ff2a381daff9922f642a3485dd6323316edabefb95655785c094027080b
browser-specs	vocab-dcat-3	umbrella	https://www.w3.org/TR/vocab-dcat-3/	Data Catalog Vocabulary (DCAT) - Version 3	Editor's Draft	NOT_APPLICABLE	Recommendation	UNKNOWN	https://www.w3.org/TR/vocab-dcat-3/	good	W3C	no	vocab-dcat	https://github.com/w3c/dxwg			CATALOG_INGESTED	index.json	7875c0d18c3e0858d827fb8568ed59a164c811f8a46856cc80bc2eedd7d4e235
browser-specs	vocab-owl-time-agg	umbrella	https://www.w3.org/TR/vocab-owl-time-agg/	Extensions to the OWL-Time Ontology - temporal aggregates	Editor's Draft	NOT_APPLICABLE	Note	UNKNOWN	https://www.w3.org/TR/vocab-owl-time-agg/	good	W3C/OGC	no	vocab-owl-time-agg	https://github.com/w3c/sdw			CATALOG_INGESTED	index.json	68c9f6119607a35ca227c7c8255143b12a6ef0d405255091277d31a46a2c3abc
browser-specs	vocab-owl-time-rel	umbrella	https://www.w3.org/TR/vocab-owl-time-rel/	Extensions to the OWL-Time Ontology - entity relations	Editor's Draft	NOT_APPLICABLE	Note	UNKNOWN	https://www.w3.org/TR/vocab-owl-time-rel/	good	W3C/OGC	no	vocab-owl-time-rel	https://github.com/w3c/sdw			CATALOG_INGESTED	index.json	2145f69b067cd7825fb8aee2f6db517d7dba4ae21693dd9c4fc02e65dd406e2d
browser-specs	vocab-ssn-2017	umbrella	https://www.w3.org/TR/vocab-ssn-2017/	Semantic Sensor Network Ontology	Editor's Draft	NOT_APPLICABLE	Recommendation	UNKNOWN	https://www.w3.org/TR/vocab-ssn-2017/	good	W3C/OGC	no	vocab-ssn	https://github.com/w3c/sdw		network-realtime,device-input	CATALOG_INGESTED	index.json	6e5de499bb22d89191d8af2ba990d35c557282317d81b3a6672ebfe70203c378
browser-specs	vocab-ssn-2023	umbrella	https://www.w3.org/TR/vocab-ssn-2023/	Semantic Sensor Network Ontology - 2023 Edition	Editor's Draft	NOT_APPLICABLE	Working Draft	UNKNOWN	https://www.w3.org/TR/vocab-ssn-2023/	good	W3C/OGC	no	vocab-ssn	https://github.com/w3c/sdw-sosa-ssn		network-realtime,device-input	CATALOG_INGESTED	index.json	3dec0d6d229561da484c78a279ae5d67b6c1525f3460f9621ceeeaab1790edf8
browser-specs	vocab-ssn-ext	umbrella	https://www.w3.org/TR/vocab-ssn-ext/	Extensions to the Semantic Sensor Network Ontology	Editor's Draft	NOT_APPLICABLE	Working Draft	UNKNOWN	https://www.w3.org/TR/vocab-ssn-ext/	good	W3C/OGC	no	vocab-ssn-ext	https://github.com/w3c/sdw		network-realtime,device-input	CATALOG_INGESTED	index.json	ce563e9710ff2c9da774f9eeebaf4755a7f8b4abf3955d5db3b0132f9f669782
browser-specs	w3c-patent-policy	umbrella	https://www.w3.org/policies/patent-policy/	W3C Patent Policy	Editor's Draft	NOT_APPLICABLE	UNKNOWN	UNKNOWN	UNKNOWN	good	W3C	no	w3c-patent-policy				CATALOG_INGESTED	index.json	000e630f3e66d65dc020c6f52d017f62b7867066c5926f08c06b991534f15fc3
browser-specs	w3c-process	umbrella	https://www.w3.org/policies/process/	W3C Process Document	Editor's Draft	NOT_APPLICABLE	UNKNOWN	UNKNOWN	UNKNOWN	good	W3C	yes	w3c-process	https://github.com/w3c/w3process			CATALOG_INGESTED	index.json	5f476270f6e90abea77f0420113cb0b44ceebe4d7623e91c35757751a01d6979
browser-specs	wai-aria-1.2	umbrella	https://www.w3.org/TR/wai-aria-1.2/	Accessible Rich Internet Applications (WAI-ARIA)	Editor's Draft	NOT_APPLICABLE	Recommendation	UNKNOWN	https://www.w3.org/TR/wai-aria-1.2/	good	W3C	yes	wai-aria	https://github.com/w3c/aria	wai-aria	accessibility-i18n	CATALOG_INGESTED	index.json	262b16f75c4f74d0ffa20f336e365001ff608eac3bdeb680f1842818ac923b72
browser-specs	wai-aria-1.3	umbrella	https://www.w3.org/TR/wai-aria-1.3/	Accessible Rich Internet Applications (WAI-ARIA)	Editor's Draft	NOT_APPLICABLE	Working Draft	UNKNOWN	https://www.w3.org/TR/wai-aria-1.3/	good	W3C	yes	wai-aria	https://github.com/w3c/aria	wai-aria	accessibility-i18n	CATALOG_INGESTED	index.json	37f8a76b10be2f0575c2094bf0cc1ace99e312e16c49f43fbc029679c0c03dd0
browser-specs	wasm-core-2	umbrella	https://www.w3.org/TR/wasm-core-2/	WebAssembly Core Specification	Editor's Draft	NOT_APPLICABLE	Candidate Recommendation Draft	UNKNOWN	https://www.w3.org/TR/wasm-core-2/	good	W3C	yes	wasm-core	https://github.com/WebAssembly/spec	test/core	execution-modules	CATALOG_INGESTED	index.json	b41378ac71934b8a33f514efa558bdfb6370b324618d04e881bdfcbd05ab65b2
browser-specs	wasm-core-2-fork-branch-hinting	umbrella	https://webassembly.github.io/branch-hinting/core/bikeshed/	WebAssembly Core: Branch Hinting	Editor's Draft	NOT_APPLICABLE	UNKNOWN	UNKNOWN	UNKNOWN	good	W3C	yes	wasm-core	https://github.com/WebAssembly/branch-hinting		execution-modules	CATALOG_INGESTED	index.json	7e49465ed0b49288569e517160b6fe44a7aaf204d715e4fd5f98e07a4a4755d8
browser-specs	wasm-core-2-fork-compact-import-section	umbrella	https://webassembly.github.io/compact-import-section/	WebAssembly Core: Compact Import Section	Editor's Draft	NOT_APPLICABLE	UNKNOWN	UNKNOWN	UNKNOWN	good	W3C	yes	wasm-core	https://github.com/WebAssembly/compact-import-section		execution-modules	CATALOG_INGESTED	index.json	bd069027c306fb7655058d7be14c14f005a91fc9a6e190308e9a9598c3ade3cd
browser-specs	wasm-core-2-fork-custom-descriptors	umbrella	https://webassembly.github.io/custom-descriptors/	WebAssembly Core: Custom Descriptors and JS Interop	Editor's Draft	NOT_APPLICABLE	UNKNOWN	UNKNOWN	UNKNOWN	good	W3C	yes	wasm-core	https://github.com/WebAssembly/custom-descriptors		execution-modules	CATALOG_INGESTED	index.json	f3cb1d709d41380d0f48bd423c427619add86b8e6000e8588d35179031a3aa0f
browser-specs	wasm-core-2-fork-extended-const	umbrella	https://webassembly.github.io/extended-const/core/bikeshed/	WebAssembly Core: Extended Const Expressions	Editor's Draft	NOT_APPLICABLE	UNKNOWN	UNKNOWN	UNKNOWN	good	W3C	yes	wasm-core	https://github.com/WebAssembly/extended-const		execution-modules	CATALOG_INGESTED	index.json	2a3550f08d2bd7ad19ba3960595517b5c2fd7b2e7536ac70494fce9cb4a0a970
browser-specs	wasm-core-2-fork-function-references	umbrella	https://webassembly.github.io/function-references/core/bikeshed/	WebAssembly Core: Function Reference Types	Editor's Draft	NOT_APPLICABLE	UNKNOWN	UNKNOWN	UNKNOWN	good	W3C	yes	wasm-core	https://github.com/WebAssembly/function-references		execution-modules	CATALOG_INGESTED	index.json	701879862fc4ff162a59f2719e3abd904c6fc18e97664a68a8a28a4d1929e64d
browser-specs	wasm-core-2-fork-gc	umbrella	https://webassembly.github.io/gc/core/bikeshed/	WebAssembly Core: Garbage Collection	Editor's Draft	NOT_APPLICABLE	UNKNOWN	UNKNOWN	UNKNOWN	good	W3C	yes	wasm-core	https://github.com/WebAssembly/gc		execution-modules	CATALOG_INGESTED	index.json	93324f760e4149ebc1b9d83a3e4ba64c9d5226b749096b6b723d497e08d26910
browser-specs	wasm-core-2-fork-memory64	umbrella	https://webassembly.github.io/memory64/core/bikeshed/	WebAssembly Core: Memory64	Editor's Draft	NOT_APPLICABLE	UNKNOWN	UNKNOWN	UNKNOWN	good	W3C	yes	wasm-core	https://github.com/WebAssembly/memory64		execution-modules	CATALOG_INGESTED	index.json	98a1f4c040a324fb83df56627680c458ad1e7e0c0189b01d5f0c29b8f42ec55a
browser-specs	wasm-core-2-fork-multi-memory	umbrella	https://webassembly.github.io/multi-memory/core/bikeshed/	WebAssembly Core: Multi Memory	Editor's Draft	NOT_APPLICABLE	UNKNOWN	UNKNOWN	UNKNOWN	good	W3C	yes	wasm-core	https://github.com/WebAssembly/multi-memory		execution-modules,performance-observability	CATALOG_INGESTED	index.json	adac8b7d2f0aafaf395ed5fd4acc9256772a3e5a7f5370a8c17b44b0c3ff178a
browser-specs	wasm-core-2-fork-tail-call	umbrella	https://webassembly.github.io/tail-call/core/bikeshed/	WebAssembly Core: Tail Call	Editor's Draft	NOT_APPLICABLE	UNKNOWN	UNKNOWN	UNKNOWN	good	W3C	yes	wasm-core	https://github.com/WebAssembly/tail-call		execution-modules	CATALOG_INGESTED	index.json	73a29fe9dae7ca26ca60c5668949701bb24693fd666166f344158918c19183ed
browser-specs	wasm-core-2-fork-threads	umbrella	https://webassembly.github.io/threads/core/bikeshed/	WebAssembly Core: Threading	Editor's Draft	NOT_APPLICABLE	UNKNOWN	UNKNOWN	UNKNOWN	good	W3C	yes	wasm-core	https://github.com/WebAssembly/threads		execution-modules	CATALOG_INGESTED	index.json	d30e214143c7ad93ebb63d4e3730abfc5e6d5b22a15768a3dc3de6bc524dc11d
browser-specs	wasm-core-2-fork-wide-arithmetic	umbrella	https://webassembly.github.io/wide-arithmetic/core/bikeshed/	WebAssembly Core: Wide Arithmetic	Editor's Draft	NOT_APPLICABLE	UNKNOWN	UNKNOWN	UNKNOWN	good	W3C	yes	wasm-core	https://github.com/WebAssembly/wide-arithmetic		execution-modules	CATALOG_INGESTED	index.json	78a8792dfbfcb202299b1403fd524703fd0ff2aa0d5e990898f2ff69105d5f87
browser-specs	wasm-js-api-2	umbrella	https://www.w3.org/TR/wasm-js-api-2/	WebAssembly JavaScript Interface	Editor's Draft	NOT_APPLICABLE	Candidate Recommendation Draft	UNKNOWN	https://www.w3.org/TR/wasm-js-api-2/	good	W3C	yes	wasm-js-api	https://github.com/WebAssembly/spec	wasm/jsapi	execution-modules	CATALOG_INGESTED	index.json	41b360ee002b9e52400d80f6c63d4412f10f6ae09f761910eaf44c731f5b5055
browser-specs	wasm-js-api-2-fork-content-security-policy	umbrella	https://webassembly.github.io/content-security-policy/js-api/	WebAssembly JavaScript Interface: Content Security Policy	Editor's Draft	NOT_APPLICABLE	UNKNOWN	UNKNOWN	UNKNOWN	good	W3C	yes	wasm-js-api	https://github.com/WebAssembly/content-security-policy		security-privacy,execution-modules	CATALOG_INGESTED	index.json	efd5a6f42a3f5741834703ad2505f0b809197720550c4601748b612fb37d0a77
browser-specs	wasm-js-api-2-fork-esm-integration	umbrella	https://webassembly.github.io/esm-integration/js-api/	WebAssembly JavaScript Interface: ESM Integration	Editor's Draft	NOT_APPLICABLE	UNKNOWN	UNKNOWN	UNKNOWN	good	W3C	yes	wasm-js-api	https://github.com/WebAssembly/esm-integration		execution-modules	CATALOG_INGESTED	index.json	852affa5be3106489f633e129b67ddd6a08afd9fc64960f5aea7f818553cf534
browser-specs	wasm-js-api-2-fork-exception-handling	umbrella	https://webassembly.github.io/exception-handling/js-api/	WebAssembly JavaScript Interface: Exception Handling	Editor's Draft	NOT_APPLICABLE	UNKNOWN	UNKNOWN	UNKNOWN	good	W3C	yes	wasm-js-api	https://github.com/WebAssembly/exception-handling		execution-modules	CATALOG_INGESTED	index.json	dfe319550114f7a4fe53a97bf0c55f01492115f99f136bfac49a5914cf812e40
browser-specs	wasm-js-api-2-fork-js-promise-integration	umbrella	https://webassembly.github.io/js-promise-integration/js-api/	WebAssembly JavaScript Interface: Promise Integration	Editor's Draft	NOT_APPLICABLE	UNKNOWN	UNKNOWN	UNKNOWN	good	W3C	yes	wasm-js-api	https://github.com/WebAssembly/js-promise-integration		execution-modules	CATALOG_INGESTED	index.json	b871c06c925e43680dde51d2d47ac8d1987f974a786406b52eec41cc0f248aee
browser-specs	wasm-js-api-2-fork-js-string-builtins	umbrella	https://webassembly.github.io/js-string-builtins/js-api/	WebAssembly JavaScript Interface: JS String Builtins	Editor's Draft	NOT_APPLICABLE	UNKNOWN	UNKNOWN	UNKNOWN	good	W3C	yes	wasm-js-api	https://github.com/WebAssembly/js-string-builtins		execution-modules	CATALOG_INGESTED	index.json	61e84184e075bdd3fae6720dad6a78e8b7071cc6a22da26f63ddf3cdcb54d512
browser-specs	wasm-js-api-2-fork-js-types	umbrella	https://webassembly.github.io/js-types/js-api/	WebAssembly JavaScript Interface: Type Reflection	Editor's Draft	NOT_APPLICABLE	UNKNOWN	UNKNOWN	UNKNOWN	good	W3C	yes	wasm-js-api	https://github.com/WebAssembly/js-types		execution-modules	CATALOG_INGESTED	index.json	26db272d52bd5586d70b32553db3223651e50dac5008ccbeecaf5f0e7cb48324
browser-specs	wasm-js-api-2-fork-threads	umbrella	https://webassembly.github.io/threads/js-api/	WebAssembly JavaScript Interface: Threading	Editor's Draft	NOT_APPLICABLE	UNKNOWN	UNKNOWN	UNKNOWN	good	W3C	yes	wasm-js-api	https://github.com/WebAssembly/threads		execution-modules	CATALOG_INGESTED	index.json	8af5b2317155ce11633f0e32a27f8230c22456aca074cf073d9ef9d999da0a21
browser-specs	wasm-web-api-2	umbrella	https://www.w3.org/TR/wasm-web-api-2/	WebAssembly Web API	Editor's Draft	NOT_APPLICABLE	Candidate Recommendation Draft	UNKNOWN	https://www.w3.org/TR/wasm-web-api-2/	good	W3C	yes	wasm-web-api	https://github.com/WebAssembly/spec	wasm/webapi	execution-modules	CATALOG_INGESTED	index.json	f5287d1414d653ce324a1b6acada30f1e796b140ca721690a7748913539b7a55
browser-specs	wcag-3.0	umbrella	https://www.w3.org/TR/wcag-3.0/	W3C Accessibility Guidelines (WCAG) 3.0	Editor's Draft	NOT_APPLICABLE	Working Draft	UNKNOWN	https://www.w3.org/TR/wcag-3.0/	good	W3C	no	wcag	https://github.com/w3c/wcag3		accessibility-i18n	CATALOG_INGESTED	index.json	f0dfbe9f294f7969ae56f7c493e85b17f196a474c9337e8c1072da73af0e0ecd
browser-specs	web-animations-1	umbrella	https://www.w3.org/TR/web-animations-1/	Web Animations	Editor's Draft	NOT_APPLICABLE	Working Draft	UNKNOWN	https://www.w3.org/TR/web-animations-1/	good	W3C	yes	web-animations	https://github.com/w3c/csswg-drafts	web-animations	document-ui	CATALOG_INGESTED	index.json	7585543641ccd54080885ad06e9cd4b935b102330256c9ed2b098e2144c2b505
browser-specs	web-animations-2	umbrella	https://www.w3.org/TR/web-animations-2/	Web Animations Module Level 2	Editor's Draft	NOT_APPLICABLE	Working Draft	UNKNOWN	https://www.w3.org/TR/web-animations-2/	good	W3C	yes	web-animations	https://github.com/w3c/csswg-drafts	web-animations	document-ui	CATALOG_INGESTED	index.json	35362ee6faa995caf18bc00e859d15c5c946f53b98465187a6be551246d20dae
browser-specs	web-based-payment-handler	umbrella	https://www.w3.org/TR/web-based-payment-handler/	Web-based Payment Handler API	Editor's Draft	NOT_APPLICABLE	Working Draft	UNKNOWN	https://www.w3.org/TR/web-based-payment-handler/	good	W3C	yes	web-based-payment-handler	https://github.com/w3c/web-based-payment-handler	web-based-payment-handler		CATALOG_INGESTED	index.json	68ee0d9f309d556d5211aa7e8f2c03aeb474b4840dfa69e36e8ec371f6ec79e4
browser-specs	web-locks	umbrella	https://www.w3.org/TR/web-locks/	Web Locks API	Editor's Draft	NOT_APPLICABLE	Working Draft	UNKNOWN	https://www.w3.org/TR/web-locks/	good	W3C	yes	web-locks	https://github.com/w3c/web-locks	web-locks		CATALOG_INGESTED	index.json	44495b9ed35349fe2247d37994d3061c50b8f7e77828aed79c4f99f5e334483d
browser-specs	web-share	umbrella	https://www.w3.org/TR/web-share/	Web Share API	Editor's Draft	NOT_APPLICABLE	Recommendation	UNKNOWN	https://www.w3.org/TR/web-share/	good	W3C	yes	web-share	https://github.com/w3c/web-share	web-share		CATALOG_INGESTED	index.json	3606382c7502867bfd3f7646cab1d66135c4b2d999f908cba85eefd653d79f3e
browser-specs	webaudio-1.0	umbrella	https://www.w3.org/TR/webaudio-1.0/	Web Audio API	Editor's Draft	NOT_APPLICABLE	Recommendation	UNKNOWN	https://www.w3.org/TR/webaudio-1.0/	good	W3C	yes	webaudio	https://github.com/WebAudio/web-audio-api	webaudio	graphics-media	CATALOG_INGESTED	index.json	2199c27a0c6b9155b19d1eb707966ec873620b69c89da653088d89c7e6eb565c
browser-specs	webaudio-1.1	umbrella	https://www.w3.org/TR/webaudio-1.1/	Web Audio API 1.1	Editor's Draft	NOT_APPLICABLE	First Public Working Draft	UNKNOWN	https://www.w3.org/TR/webaudio-1.1/	good	W3C	yes	webaudio	https://github.com/WebAudio/web-audio-api	webaudio	graphics-media	CATALOG_INGESTED	index.json	2bd7542457171d6000fa2b05b7c0328b5663a18c3668681e81e5deaaef16c02c
browser-specs	webauthn-3	umbrella	https://www.w3.org/TR/webauthn-3/	Web Authentication: An API for accessing Public Key Credentials - Level 3	Editor's Draft	NOT_APPLICABLE	Candidate Recommendation Snapshot	UNKNOWN	https://www.w3.org/TR/webauthn-3/	good	W3C	yes	webauthn	https://github.com/w3c/webauthn	webauthn,webdriver/tests/classic/external/webauthn	security-privacy	CATALOG_INGESTED	index.json	5f31533201f6d2eb228856f8d4a5ab317641b2a24094812136fa584e1d735478
browser-specs	webcodecs	umbrella	https://www.w3.org/TR/webcodecs/	WebCodecs	Editor's Draft	NOT_APPLICABLE	Working Draft	UNKNOWN	https://www.w3.org/TR/webcodecs/	good	W3C	yes	webcodecs	https://github.com/w3c/webcodecs	webcodecs	graphics-media	CATALOG_INGESTED	index.json	d6436768686961da8a10becbd3dfe8e7f5cf7a1b754bb3b3531ad17f71d3f277
browser-specs	webcodecs-aac-codec-registration	umbrella	https://www.w3.org/TR/webcodecs-aac-codec-registration/	AAC WebCodecs Registration	Editor's Draft	NOT_APPLICABLE	Draft Note	UNKNOWN	https://www.w3.org/TR/webcodecs-aac-codec-registration/	good	W3C	yes	webcodecs-aac-codec-registration	https://github.com/w3c/webcodecs		graphics-media	CATALOG_INGESTED	index.json	401a0b4242682fd7953b25ddd198ab00a414c3562fc5ea16f6d73dfe7dd109f7
browser-specs	webcodecs-alaw-codec-registration	umbrella	https://www.w3.org/TR/webcodecs-alaw-codec-registration/	A-law PCM WebCodecs Registration	Editor's Draft	NOT_APPLICABLE	Draft Note	UNKNOWN	https://www.w3.org/TR/webcodecs-alaw-codec-registration/	good	W3C	yes	webcodecs-alaw-codec-registration	https://github.com/w3c/webcodecs		graphics-media	CATALOG_INGESTED	index.json	477e613cbad05620016514fe623e28b58be7dc5e0b2cff14a9e32158c49812a6
browser-specs	webcodecs-av1-codec-registration	umbrella	https://www.w3.org/TR/webcodecs-av1-codec-registration/	AV1 WebCodecs Registration	Editor's Draft	NOT_APPLICABLE	Draft Note	UNKNOWN	https://www.w3.org/TR/webcodecs-av1-codec-registration/	good	W3C	yes	webcodecs-av1-codec-registration	https://github.com/w3c/webcodecs		graphics-media	CATALOG_INGESTED	index.json	85282fa7328b5f04bc55fbcf655e28f60da4d777676512c7d53245c0f47cd49f
browser-specs	webcodecs-avc-codec-registration	umbrella	https://www.w3.org/TR/webcodecs-avc-codec-registration/	AVC (H.264) WebCodecs Registration	Editor's Draft	NOT_APPLICABLE	Draft Note	UNKNOWN	https://www.w3.org/TR/webcodecs-avc-codec-registration/	good	W3C	yes	webcodecs-avc-codec-registration	https://github.com/w3c/webcodecs		graphics-media	CATALOG_INGESTED	index.json	e681318b2c29f10a1d0d97296b68a1342c3851c5d4bf3a6d61cf22331d0cd441
browser-specs	webcodecs-codec-registry	umbrella	https://www.w3.org/TR/webcodecs-codec-registry/	WebCodecs Codec Registry	Editor's Draft	NOT_APPLICABLE	Draft Registry	UNKNOWN	https://www.w3.org/TR/webcodecs-codec-registry/	good	W3C	yes	webcodecs-codec-registry	https://github.com/w3c/webcodecs		graphics-media	CATALOG_INGESTED	index.json	c77114df9c0ea3d91cb6447d56f51c869da9e76770480e5eb2ea6ec56a9d9cf0
browser-specs	webcodecs-flac-codec-registration	umbrella	https://www.w3.org/TR/webcodecs-flac-codec-registration/	FLAC WebCodecs Registration	Editor's Draft	NOT_APPLICABLE	Draft Note	UNKNOWN	https://www.w3.org/TR/webcodecs-flac-codec-registration/	good	W3C	yes	webcodecs-flac-codec-registration	https://github.com/w3c/webcodecs		graphics-media	CATALOG_INGESTED	index.json	efc163de7e34dea658256d5e2edf71baccee3a81a1f93cba5fba057e6d2f4719
browser-specs	webcodecs-hevc-codec-registration	umbrella	https://www.w3.org/TR/webcodecs-hevc-codec-registration/	HEVC (H.265) WebCodecs Registration	Editor's Draft	NOT_APPLICABLE	Draft Note	UNKNOWN	https://www.w3.org/TR/webcodecs-hevc-codec-registration/	good	W3C	yes	webcodecs-hevc-codec-registration	https://github.com/w3c/webcodecs		graphics-media	CATALOG_INGESTED	index.json	0714c74fbd5cefd561e76796e427d55dd01150411b85876f29d57cb9afbeae34
browser-specs	webcodecs-mp3-codec-registration	umbrella	https://www.w3.org/TR/webcodecs-mp3-codec-registration/	MP3 WebCodecs Registration	Editor's Draft	NOT_APPLICABLE	Draft Note	UNKNOWN	https://www.w3.org/TR/webcodecs-mp3-codec-registration/	good	W3C	yes	webcodecs-mp3-codec-registration	https://github.com/w3c/webcodecs		graphics-media	CATALOG_INGESTED	index.json	6a785c32bd25804a4934f3e0979f9e01a9bd55d79453524718ad8259cd988aad
browser-specs	webcodecs-opus-codec-registration	umbrella	https://www.w3.org/TR/webcodecs-opus-codec-registration/	Opus WebCodecs Registration	Editor's Draft	NOT_APPLICABLE	Draft Note	UNKNOWN	https://www.w3.org/TR/webcodecs-opus-codec-registration/	good	W3C	yes	webcodecs-opus-codec-registration	https://github.com/w3c/webcodecs		graphics-media	CATALOG_INGESTED	index.json	b2d91fd8f5f609e4e34651706d546990bb3a811e5d5093e69c57ebd5df3563f4
browser-specs	webcodecs-pcm-codec-registration	umbrella	https://www.w3.org/TR/webcodecs-pcm-codec-registration/	Linear PCM WebCodecs Registration	Editor's Draft	NOT_APPLICABLE	Draft Note	UNKNOWN	https://www.w3.org/TR/webcodecs-pcm-codec-registration/	good	W3C	yes	webcodecs-pcm-codec-registration	https://github.com/w3c/webcodecs		graphics-media	CATALOG_INGESTED	index.json	5a214c744a2c37c0ab4491a4413a7d12a90ae6b22a6aa2de2ab03644dd83a237
browser-specs	webcodecs-ulaw-codec-registration	umbrella	https://www.w3.org/TR/webcodecs-ulaw-codec-registration/	u-law PCM WebCodecs Registration	Editor's Draft	NOT_APPLICABLE	Draft Note	UNKNOWN	https://www.w3.org/TR/webcodecs-ulaw-codec-registration/	good	W3C	yes	webcodecs-ulaw-codec-registration	https://github.com/w3c/webcodecs		graphics-media	CATALOG_INGESTED	index.json	af8cd84a165102209437a6f7886a7df3d20271c13a17f594007bb90bb7b8a0ee
browser-specs	webcodecs-video-frame-metadata-registry	umbrella	https://www.w3.org/TR/webcodecs-video-frame-metadata-registry/	WebCodecs VideoFrame Metadata Registry	Editor's Draft	NOT_APPLICABLE	Draft Registry	UNKNOWN	https://www.w3.org/TR/webcodecs-video-frame-metadata-registry/	good	W3C	yes	webcodecs-video-frame-metadata-registry	https://github.com/w3c/webcodecs		graphics-media	CATALOG_INGESTED	index.json	ac8ae923c10a509da69046b08434be294f033af2f446d8fdd1389a503b47d448
browser-specs	webcodecs-vorbis-codec-registration	umbrella	https://www.w3.org/TR/webcodecs-vorbis-codec-registration/	Vorbis WebCodecs Registration	Editor's Draft	NOT_APPLICABLE	Draft Note	UNKNOWN	https://www.w3.org/TR/webcodecs-vorbis-codec-registration/	good	W3C	yes	webcodecs-vorbis-codec-registration	https://github.com/w3c/webcodecs		graphics-media	CATALOG_INGESTED	index.json	4f1c2a9e9ae7b6d22c4324c241ffff26c6fb4c6d680ed3e4a0c546e86c0656bb
browser-specs	webcodecs-vp8-codec-registration	umbrella	https://www.w3.org/TR/webcodecs-vp8-codec-registration/	VP8 WebCodecs Registration	Editor's Draft	NOT_APPLICABLE	Draft Note	UNKNOWN	https://www.w3.org/TR/webcodecs-vp8-codec-registration/	good	W3C	yes	webcodecs-vp8-codec-registration	https://github.com/w3c/webcodecs		graphics-media	CATALOG_INGESTED	index.json	e9f6e527f975e2985c5854c0a57a4e2f77af9e6a06fd02214beb7c7bc0bdec74
browser-specs	webcodecs-vp9-codec-registration	umbrella	https://www.w3.org/TR/webcodecs-vp9-codec-registration/	VP9 WebCodecs Registration	Editor's Draft	NOT_APPLICABLE	Draft Note	UNKNOWN	https://www.w3.org/TR/webcodecs-vp9-codec-registration/	good	W3C	yes	webcodecs-vp9-codec-registration	https://github.com/w3c/webcodecs		graphics-media	CATALOG_INGESTED	index.json	6b917cd660968d1b57681321f52834751d35ea4d97c0708059c340c5d6a1bd41
browser-specs	webcrypto-2	umbrella	https://www.w3.org/TR/webcrypto-2/	Web Cryptography Level 2	Editor's Draft	NOT_APPLICABLE	First Public Working Draft	UNKNOWN	https://www.w3.org/TR/webcrypto-2/	good	W3C	yes	webcrypto	https://github.com/w3c/webcrypto	WebCryptoAPI	security-privacy	CATALOG_INGESTED	index.json	76c4d14e67388c6f684738c2ee2fea4fb7bbef8f45ecbed5181fac35fb5e1b6d
browser-specs	webdriver-bidi	umbrella	https://www.w3.org/TR/webdriver-bidi/	WebDriver BiDi	Editor's Draft	NOT_APPLICABLE	Working Draft	UNKNOWN	https://www.w3.org/TR/webdriver-bidi/	good	W3C	yes	webdriver-bidi	https://github.com/w3c/webdriver-bidi		accessibility-i18n	CATALOG_INGESTED	index.json	91f4d93b97d2c4f27e3b077e9b567e842a829188956da3cc2d18741bed6f901d
browser-specs	webdriver2	umbrella	https://www.w3.org/TR/webdriver2/	WebDriver	Editor's Draft	NOT_APPLICABLE	Working Draft	UNKNOWN	https://www.w3.org/TR/webdriver2/	good	W3C	yes	webdriver	https://github.com/w3c/webdriver	webdriver		CATALOG_INGESTED	index.json	ece1cea53480979c595945a4dacf4dd506c06d15176fb13d98db9df2300fe262
browser-specs	webgl1	umbrella	https://registry.khronos.org/webgl/specs/latest/1.0/	WebGL Specification	Editor's Draft	NOT_APPLICABLE	UNKNOWN	UNKNOWN	UNKNOWN	good	Khronos Group	yes	webgl1	https://github.com/KhronosGroup/WebGL	conformance-suites/1.0.3	graphics-media	CATALOG_INGESTED	index.json	4f750303cbb1ed83c38252b9123487ae0d67910e049a90f94a43356796e027ab
browser-specs	webgl2	umbrella	https://registry.khronos.org/webgl/specs/latest/2.0/	WebGL 2.0 Specification	Editor's Draft	NOT_APPLICABLE	UNKNOWN	UNKNOWN	UNKNOWN	good	Khronos Group	yes	webgl2	https://github.com/KhronosGroup/WebGL	conformance-suites/2.0.0	graphics-media	CATALOG_INGESTED	index.json	4da3821721cf871c75b63763054af8cab7585ba2c81de8a5d0aca7546d830611
browser-specs	webgpu	umbrella	https://www.w3.org/TR/webgpu/	WebGPU	Editor's Draft	NOT_APPLICABLE	Candidate Recommendation Draft	UNKNOWN	https://www.w3.org/TR/webgpu/	good	W3C	yes	webgpu	https://github.com/gpuweb/gpuweb	src/webgpu	graphics-media	CATALOG_INGESTED	index.json	37d01eb0a19735c4b4fd60fe4be2e6b1ee2c94d7898e6b41453c4acc8d7ad268
browser-specs	webmidi	umbrella	https://www.w3.org/TR/webmidi/	Web MIDI API	Editor's Draft	NOT_APPLICABLE	Working Draft	UNKNOWN	https://www.w3.org/TR/webmidi/	good	W3C	yes	webmidi	https://github.com/WebAudio/web-midi-api	webmidi	graphics-media	CATALOG_INGESTED	index.json	33d5f63fb3b441c03903e6152d0e5087a1dc3d7969bbaee47c8fecc68314b1dc
browser-specs	webnn	umbrella	https://www.w3.org/TR/webnn/	Web Neural Network API	Editor's Draft	NOT_APPLICABLE	Candidate Recommendation Draft	UNKNOWN	https://www.w3.org/TR/webnn/	good	W3C	yes	webnn	https://github.com/webmachinelearning/webnn		network-realtime,agents-ml	CATALOG_INGESTED	index.json	9f6a6a5d49da371146a8083501d14d49193a8406c332c61ed0b957f12b9a9b2d
browser-specs	webrtc	umbrella	https://www.w3.org/TR/webrtc/	WebRTC: Real-Time Communication in Browsers	Editor's Draft	NOT_APPLICABLE	Recommendation	UNKNOWN	https://www.w3.org/TR/webrtc/	good	W3C	yes	webrtc	https://github.com/w3c/webrtc-pc	webrtc	network-realtime	CATALOG_INGESTED	index.json	e784fe213bf4c2b889960d7ec6cfa3510a19215f6d40c4ced33628a65e6df0bc
browser-specs	webrtc-encoded-transform	umbrella	https://www.w3.org/TR/webrtc-encoded-transform/	WebRTC Encoded Transform	Editor's Draft	NOT_APPLICABLE	Working Draft	UNKNOWN	https://www.w3.org/TR/webrtc-encoded-transform/	good	W3C	yes	webrtc-encoded-transform	https://github.com/w3c/webrtc-encoded-transform	webrtc-encoded-transform	network-realtime	CATALOG_INGESTED	index.json	7028b74baff9d1965a48132a0abaa20ec82fdeefadf1c0dbac6e2e07687becde
browser-specs	webrtc-ice	umbrella	https://w3c.github.io/webrtc-ice/	IceTransport Extensions for WebRTC	Editor's Draft	NOT_APPLICABLE	UNKNOWN	UNKNOWN	UNKNOWN	good	W3C	yes	webrtc-ice	https://github.com/w3c/webrtc-ice	webrtc-ice	network-realtime	CATALOG_INGESTED	index.json	4a12bf219fa9575aa81b377d4574523ff49dc5041503abb91b9e23f0b8f6b792
browser-specs	webrtc-identity	umbrella	https://www.w3.org/TR/webrtc-identity/	Identity for WebRTC 1.0	Editor's Draft	NOT_APPLICABLE	Candidate Recommendation Snapshot	UNKNOWN	https://www.w3.org/TR/webrtc-identity/	good	W3C	yes	webrtc-identity	https://github.com/w3c/webrtc-identity	webrtc-identity	network-realtime	CATALOG_INGESTED	index.json	5f75f62fafdc8ae38f7d0044b941d6b8ab0ed639d180f8646b65bf1c2b1ec4cb
browser-specs	webrtc-priority	umbrella	https://www.w3.org/TR/webrtc-priority/	WebRTC Priority Control API	Editor's Draft	NOT_APPLICABLE	Candidate Recommendation Snapshot	UNKNOWN	https://www.w3.org/TR/webrtc-priority/	good	W3C	yes	webrtc-priority	https://github.com/w3c/webrtc-priority	webrtc-priority	network-realtime	CATALOG_INGESTED	index.json	81473c744392fd43c64243348bc731fe82c8d2863bc1f39f7cc37c536da13f29
browser-specs	webrtc-stats	umbrella	https://www.w3.org/TR/webrtc-stats/	Identifiers for WebRTC's Statistics API	Editor's Draft	NOT_APPLICABLE	Candidate Recommendation Draft	UNKNOWN	https://www.w3.org/TR/webrtc-stats/	good	W3C	yes	webrtc-stats	https://github.com/w3c/webrtc-stats	webrtc-stats	network-realtime	CATALOG_INGESTED	index.json	60c80c3633df2762acd2bdc89d6fad0f07e4f0a5fd1fcd8e1fd8f4e61e159215
browser-specs	webrtc-svc	umbrella	https://www.w3.org/TR/webrtc-svc/	Scalable Video Coding (SVC) Extension for WebRTC	Editor's Draft	NOT_APPLICABLE	Working Draft	UNKNOWN	https://www.w3.org/TR/webrtc-svc/	good	W3C	yes	webrtc-svc	https://github.com/w3c/webrtc-svc	webrtc-svc	graphics-media,network-realtime	CATALOG_INGESTED	index.json	855e08bcf34831f7aef9ef6b99363123b026198cd266063fdd1ba5a38209a4e7
browser-specs	webtransport	umbrella	https://www.w3.org/TR/webtransport/	WebTransport	Editor's Draft	NOT_APPLICABLE	Candidate Recommendation Snapshot	UNKNOWN	https://www.w3.org/TR/webtransport/	good	W3C	yes	webtransport	https://github.com/w3c/webtransport	webtransport	network-realtime	CATALOG_INGESTED	index.json	8fce31396e690ca0bb632cfd0cf8c0f77be95dc2cdaa81d35c765f35c04cdce3
browser-specs	webvtt1	umbrella	https://www.w3.org/TR/webvtt1/	WebVTT: The Web Video Text Tracks Format	Editor's Draft	NOT_APPLICABLE	Candidate Recommendation Draft	UNKNOWN	https://www.w3.org/TR/webvtt1/	good	W3C	yes	webvtt	https://github.com/w3c/webvtt	webvtt	graphics-media	CATALOG_INGESTED	index.json	14935e7840f33049db3c4e25690eae7da5529521647205c961bc79185a2649c3
browser-specs	webxr	umbrella	https://www.w3.org/TR/webxr/	WebXR Device API	Editor's Draft	NOT_APPLICABLE	Candidate Recommendation Draft	UNKNOWN	https://www.w3.org/TR/webxr/	good	W3C	yes	webxr	https://github.com/immersive-web/webxr	webxr	device-input	CATALOG_INGESTED	index.json	16ba47547461276cfa71f6298408bb4434c4e381b63aa4f3a6ba3ce05b951b31
browser-specs	webxr-ar-module-1	umbrella	https://www.w3.org/TR/webxr-ar-module-1/	WebXR Augmented Reality Module - Level 1	Editor's Draft	NOT_APPLICABLE	Candidate Recommendation Draft	UNKNOWN	https://www.w3.org/TR/webxr-ar-module-1/	good	W3C	yes	webxr-ar-module	https://github.com/immersive-web/webxr-ar-module	webxr/ar-module		CATALOG_INGESTED	index.json	a9cb46135ad451e975f8bf54f14d6597f84bc31d615d30c65e1a48e82d3c1e64
browser-specs	webxr-depth-sensing-1	umbrella	https://www.w3.org/TR/webxr-depth-sensing-1/	WebXR Depth Sensing Module	Editor's Draft	NOT_APPLICABLE	Working Draft	UNKNOWN	https://www.w3.org/TR/webxr-depth-sensing-1/	good	W3C	yes	webxr-depth-sensing	https://github.com/immersive-web/depth-sensing			CATALOG_INGESTED	index.json	0cd2e9422eea8996ebed09f3e2114d17d399773ec332f65a9a2c6597fef0711d
browser-specs	webxr-dom-overlays-1	umbrella	https://www.w3.org/TR/webxr-dom-overlays-1/	WebXR DOM Overlays Module	Editor's Draft	NOT_APPLICABLE	Working Draft	UNKNOWN	https://www.w3.org/TR/webxr-dom-overlays-1/	good	W3C	yes	webxr-dom-overlays	https://github.com/immersive-web/dom-overlays	webxr/dom-overlay	document-ui	CATALOG_INGESTED	index.json	1015490c0ae41073765effa43cefaf379686983a48d013fb95b8a0cfc5135ea9
browser-specs	webxr-gamepads-module-1	umbrella	https://www.w3.org/TR/webxr-gamepads-module-1/	WebXR Gamepads Module - Level 1	Editor's Draft	NOT_APPLICABLE	Working Draft	UNKNOWN	https://www.w3.org/TR/webxr-gamepads-module-1/	good	W3C	yes	webxr-gamepads-module	https://github.com/immersive-web/webxr-gamepads-module	webxr/gamepads-module		CATALOG_INGESTED	index.json	7179006376828321b1eb5e81479eb16da14c70b3f21bb27320bc79ea9984d89b
browser-specs	webxr-hand-input-1	umbrella	https://www.w3.org/TR/webxr-hand-input-1/	WebXR Hand Input Module - Level 1	Editor's Draft	NOT_APPLICABLE	Working Draft	UNKNOWN	https://www.w3.org/TR/webxr-hand-input-1/	good	W3C	yes	webxr-hand-input	https://github.com/immersive-web/webxr-hand-input	webxr/hand-input		CATALOG_INGESTED	index.json	e1b215c2af46da5ba89def216aec1cc5fa0a8454dd972fca5f4cdf3507e85b4b
browser-specs	webxr-hit-test-1	umbrella	https://www.w3.org/TR/webxr-hit-test-1/	WebXR Hit Test Module	Editor's Draft	NOT_APPLICABLE	Working Draft	UNKNOWN	https://www.w3.org/TR/webxr-hit-test-1/	good	W3C	yes	webxr-hit-test	https://github.com/immersive-web/hit-test	webxr/hit-test		CATALOG_INGESTED	index.json	a266cb79247056f8af31ad0cf6c86e447215caf02b19e578e74cd9a841431e1b
browser-specs	webxr-lighting-estimation-1	umbrella	https://www.w3.org/TR/webxr-lighting-estimation-1/	WebXR Lighting Estimation API Level 1	Editor's Draft	NOT_APPLICABLE	Working Draft	UNKNOWN	https://www.w3.org/TR/webxr-lighting-estimation-1/	good	W3C	yes	webxr-lighting-estimation	https://github.com/immersive-web/lighting-estimation			CATALOG_INGESTED	index.json	d0d17050b7e07a243af628f00883a8787f18e483e8ecbeb3ffee5ed9f2a31624
browser-specs	webxr-plane-detection	umbrella	https://immersive-web.github.io/plane-detection/	WebXR Plane Detection Module	Editor's Draft	NOT_APPLICABLE	UNKNOWN	UNKNOWN	UNKNOWN	good	W3C	yes	webxr-plane-detection	https://github.com/immersive-web/plane-detection	webxr/plane-detection		CATALOG_INGESTED	index.json	f45f888667e14549fa96413e825ee512fa68b37a948c8dfbfc91d669f0ebfea8
browser-specs	webxr-webgpu-binding	umbrella	https://immersive-web.github.io/webxr-webgpu-binding/	WebXR/WebGPU Binding Module - Level 1	Editor's Draft	NOT_APPLICABLE	UNKNOWN	UNKNOWN	UNKNOWN	good	W3C	yes	webxr-webgpu-binding	https://github.com/immersive-web/webxr-webgpu-binding			CATALOG_INGESTED	index.json	ac1b01dc011e85def53b7b382160f633fd5d277db3b03914288491926d748cc5
browser-specs	webxrlayers-1	umbrella	https://www.w3.org/TR/webxrlayers-1/	WebXR Layers API Level 1	Editor's Draft	NOT_APPLICABLE	Working Draft	UNKNOWN	https://www.w3.org/TR/webxrlayers-1/	good	W3C	yes	webxrlayers	https://github.com/immersive-web/layers	webxr/layers		CATALOG_INGESTED	index.json	bf1a0198c80d5692f54ae139986a69a0a1766941a2623addc112b220f2884d37
browser-specs	window-management	umbrella	https://www.w3.org/TR/window-management/	Window Management	Editor's Draft	NOT_APPLICABLE	Working Draft	UNKNOWN	https://www.w3.org/TR/window-management/	good	W3C	yes	window-management	https://github.com/w3c/window-management	window-management		CATALOG_INGESTED	index.json	7fee2104fbd8f4e7d283680ecae9075d9761f61cd23659328164a39a45f83e5b
browser-specs	wot-architecture11	umbrella	https://www.w3.org/TR/wot-architecture11/	Web of Things (WoT) Architecture 1.1	Editor's Draft	NOT_APPLICABLE	Recommendation	UNKNOWN	https://www.w3.org/TR/wot-architecture11/	good	W3C	no	wot-architecture	https://github.com/w3c/wot-architecture			CATALOG_INGESTED	index.json	7e5cf127a766dbf8e06a40d4ded4a5d0e8e9aa0ff1ca586119e9097be4115a72
browser-specs	wot-binding-registry	umbrella	https://www.w3.org/TR/wot-binding-registry/	Web of Things (WoT) Binding Registry	Editor's Draft	NOT_APPLICABLE	Draft Registry	UNKNOWN	https://www.w3.org/TR/wot-binding-registry/	good	W3C	no	wot-binding-registry	https://github.com/w3c/wot-binding-registry			CATALOG_INGESTED	index.json	ef87703480985a21440e1d1fd91fca9088c3fb8a3121428a16ca0e98dc555e0c
browser-specs	wot-discovery	umbrella	https://www.w3.org/TR/wot-discovery/	Web of Things (WoT) Discovery	Editor's Draft	NOT_APPLICABLE	Recommendation	UNKNOWN	https://www.w3.org/TR/wot-discovery/	good	W3C	no	wot-discovery	https://github.com/w3c/wot-discovery			CATALOG_INGESTED	index.json	fbb2ea6d2f50e7d460670ed2bf2b680f0919e0d45457498ac3ed361277089ccd
browser-specs	wot-profile	umbrella	https://www.w3.org/TR/wot-profile/	Web of Things (WoT) Profiles	Editor's Draft	NOT_APPLICABLE	Working Draft	UNKNOWN	https://www.w3.org/TR/wot-profile/	good	W3C	no	wot-profile	https://github.com/w3c/wot-profile			CATALOG_INGESTED	index.json	8b94998c5eba720f7e758efcf757915968998c9ffaef591228921149365cc54c
browser-specs	wot-thing-description-2.0	umbrella	https://www.w3.org/TR/wot-thing-description-2.0/	Web of Things (WoT) Thing Description 2.0	Editor's Draft	NOT_APPLICABLE	First Public Working Draft	UNKNOWN	https://www.w3.org/TR/wot-thing-description-2.0/	good	W3C	no	wot-thing-description	https://github.com/w3c/wot-thing-description			CATALOG_INGESTED	index.json	b4c052e8754b3a5d2dd507eef32d9f15eea7b252c7ab397673e795ff9cd4c749
browser-specs	wot-thing-description11	umbrella	https://www.w3.org/TR/wot-thing-description11/	Web of Things (WoT) Thing Description 1.1	Editor's Draft	NOT_APPLICABLE	Recommendation	UNKNOWN	https://www.w3.org/TR/wot-thing-description11/	good	W3C	no	wot-thing-description	https://github.com/w3c/wot-thing-description			CATALOG_INGESTED	index.json	b44749b0183ffef10076206941a6ba88b88afe9fd7bf493e79b49c47eb170b7e
browser-specs	wpub	umbrella	https://www.w3.org/TR/wpub/	Web Publications	Editor's Draft	NOT_APPLICABLE	Discontinued Draft	UNKNOWN	https://www.w3.org/TR/wpub/	discontinued	W3C	no	wpub	https://github.com/w3c/wpub			CATALOG_INGESTED	index.json	c2b40575cd4f187213214c0c4b66afa5a754a90fe79dd30d1bd56a252c0a0630
browser-specs	wpub-ann	umbrella	https://www.w3.org/TR/wpub-ann/	Web Annotation Extensions for Web Publications	Editor's Draft	NOT_APPLICABLE	Discontinued Draft	UNKNOWN	https://www.w3.org/TR/wpub-ann/	discontinued	W3C	no	wpub-ann	https://github.com/w3c/wpub-ann			CATALOG_INGESTED	index.json	5dbaff987b9ab0fa0b6298ac18c7896d836d86aea9695362e1487ca7fffc61e0
browser-specs	xml-entity-names	umbrella	https://www.w3.org/TR/xml-entity-names/	XML Entity Definitions for Characters (3rd Edition)	Editor's Draft	NOT_APPLICABLE	Recommendation	UNKNOWN	https://www.w3.org/TR/xml-entity-names/	good	W3C	no	xml-entity-names	https://github.com/w3c/xml-entities			CATALOG_INGESTED	index.json	e7a8c90796bf15eba6508eab59e1229de9a006c0c6a98527df5efb63477cfcd1
browser-specs	yaml-ld-10	umbrella	https://www.w3.org/TR/yaml-ld-10/	YAML-LD 1.0	Editor's Draft	NOT_APPLICABLE	Working Draft	UNKNOWN	https://www.w3.org/TR/yaml-ld-10/	good	W3C	no	yaml-ld	https://github.com/w3c/yaml-ld			CATALOG_INGESTED	index.json	f32ce5b7909040ee17cc36f740884090d88054dd8d21d7ad54c918dab7f2866c
browser-specs	rfc8942	umbrella	https://www.rfc-editor.org/info/rfc8942/	HTTP Client Hints	Experimental	NOT_APPLICABLE	UNKNOWN	UNKNOWN	UNKNOWN	good	IETF	yes	rfc8942	https://github.com/httpwg/httpwg.github.io		network-realtime	CATALOG_INGESTED	index.json	fddd8b48e2d35f63ef0b7346cb07e33ec6338eca815a50117c226cc36722eb9b
browser-specs	rfc9163	umbrella	https://www.rfc-editor.org/info/rfc9163/	Expect-CT Extension for HTTP	Experimental	NOT_APPLICABLE	UNKNOWN	UNKNOWN	UNKNOWN	good	IETF	yes	rfc9163	https://github.com/httpwg/http-extensions		network-realtime	CATALOG_INGESTED	index.json	a03932540b3857b4a344d04ee77c4863f4d13a683d06937d6d6bf62d248f523f
browser-specs	av1-avif	umbrella	https://aomediacodec.github.io/av1-avif/	AV1 Image File Format (AVIF)	Final Deliverable	NOT_APPLICABLE	UNKNOWN	UNKNOWN	UNKNOWN	good	Alliance for Open Media	yes	av1-avif	https://github.com/AOMediaCodec/av1-avif	avif	storage-files,graphics-media	CATALOG_INGESTED	index.json	da0176393720ef132a857f5bf8dca01a7d292fab7e2a60992b89a3e434036135
browser-specs	av1-hdr10plus	umbrella	https://aomediacodec.github.io/av1-hdr10plus/	HDR10+ AV1 Metadata Handling Specification	Final Deliverable	NOT_APPLICABLE	UNKNOWN	UNKNOWN	UNKNOWN	good	Alliance for Open Media	yes	av1-hdr10plus	https://github.com/AOMediaCodec/av1-hdr10plus		graphics-media	CATALOG_INGESTED	index.json	7f4c1636d4223c6f78520bc7d0510a5bbdcef7e76afe0de5915091db3210a9f6
browser-specs	rfc5861	umbrella	https://www.rfc-editor.org/info/rfc5861/	HTTP Cache-Control Extensions for Stale Content	Informational	NOT_APPLICABLE	UNKNOWN	UNKNOWN	UNKNOWN	good	IETF	yes	rfc5861	https://github.com/httpwg/httpwg.github.io		navigation-loading,network-realtime	CATALOG_INGESTED	index.json	9ba8be89376054f59b8a271e77b90e8bedc3230296852b3828680047ce65f417
browser-specs	rfc6386	umbrella	https://www.rfc-editor.org/info/rfc6386/	VP8 Data Format and Decoding Guide	Informational	NOT_APPLICABLE	UNKNOWN	UNKNOWN	UNKNOWN	good	IETF	yes	rfc6386				CATALOG_INGESTED	index.json	f718ad9e980ad767ea40469981025424bc323698b1300a5dfd92a9cdf884a7fd
browser-specs	rfc7034	umbrella	https://www.rfc-editor.org/info/rfc7034/	HTTP Header Field X-Frame-Options	Informational	NOT_APPLICABLE	UNKNOWN	UNKNOWN	UNKNOWN	good	IETF	yes	rfc7034			security-privacy,network-realtime	CATALOG_INGESTED	index.json	ec9be27931366c17dbd150b6bcd8d8e8daf136b29477fd115d2b79ae8a4b916c
browser-specs	rfc7932	umbrella	https://www.rfc-editor.org/info/rfc7932/	Brotli Compressed Data Format	Informational	NOT_APPLICABLE	UNKNOWN	UNKNOWN	UNKNOWN	good	IETF	yes	rfc7932				CATALOG_INGESTED	index.json	f706fb0ae807bdb373e1b823709413e3f7f6157c42ff2c93e156fbf2f3a37b6a
browser-specs	rfc8878	umbrella	https://www.rfc-editor.org/info/rfc8878/	Zstandard Compression and the 'application/zstd' Media Type	Informational	NOT_APPLICABLE	UNKNOWN	UNKNOWN	UNKNOWN	good	IETF	yes	rfc8878			navigation-loading,graphics-media	CATALOG_INGESTED	index.json	0460a833b003a2048cfddda318af2d6812617ed1caf587283b5cbefaab39e84d
browser-specs	rfc9649	umbrella	https://www.rfc-editor.org/info/rfc9649/	WebP Image Format	Informational	NOT_APPLICABLE	UNKNOWN	UNKNOWN	UNKNOWN	good	IETF	yes	rfc9649			graphics-media	CATALOG_INGESTED	index.json	566c73885a96690706a0d8a14ff45c1e3d955110fcf0c4c703c92019a05d4963
browser-specs	rfc9659	umbrella	https://www.rfc-editor.org/info/rfc9659/	Window Sizing for Zstandard Content Encoding	Informational	NOT_APPLICABLE	UNKNOWN	UNKNOWN	UNKNOWN	good	IETF	yes	rfc9659			network-realtime	CATALOG_INGESTED	index.json	1aa0add3e4cf1118d4762b9a7025f28b26ffe650179edf9f816206d803bf79d8
browser-specs	rfc9110	umbrella	https://www.rfc-editor.org/info/rfc9110/	HTTP Semantics	Internet Standard	NOT_APPLICABLE	UNKNOWN	UNKNOWN	UNKNOWN	good	IETF	yes	rfc9110	https://github.com/httpwg/httpwg.github.io		network-realtime	CATALOG_INGESTED	index.json	aad4fd2082372cdf3f5dd2646ec7660efde2a96f28a2860e3012627293bd5b71
browser-specs	rfc9111	umbrella	https://www.rfc-editor.org/info/rfc9111/	HTTP Caching	Internet Standard	NOT_APPLICABLE	UNKNOWN	UNKNOWN	UNKNOWN	good	IETF	yes	rfc9111	https://github.com/httpwg/httpwg.github.io		network-realtime	CATALOG_INGESTED	index.json	ebd41b317a53e1170e01367035ea109d7788dd55b20b58810d41f55d6ff1e3fc
browser-specs	rfc9112	umbrella	https://www.rfc-editor.org/info/rfc9112/	HTTP/1.1	Internet Standard	NOT_APPLICABLE	UNKNOWN	UNKNOWN	UNKNOWN	good	IETF	yes	rfc9112	https://github.com/httpwg/httpwg.github.io		network-realtime	CATALOG_INGESTED	index.json	2d06fbba3b4689193afaaa2dc2d01c19d060114993118bb1cb5dce364233cb75
browser-specs	close-watcher	umbrella	https://wicg.github.io/close-watcher/	Close Watcher API	Living Standard	NOT_APPLICABLE	UNKNOWN	UNKNOWN	UNKNOWN	discontinued	W3C	yes	close-watcher	https://github.com/WICG/close-watcher	close-watcher		CATALOG_INGESTED	index.json	a26142394e8b990b302028483090d0a1cb36889afdb708c99551e3ad9e86c5d4
browser-specs	compat	umbrella	https://compat.spec.whatwg.org/	Compatibility	Living Standard	NOT_APPLICABLE	UNKNOWN	UNKNOWN	UNKNOWN	good	WHATWG	yes	compat	https://github.com/whatwg/compat	compat		CATALOG_INGESTED	index.json	c83ecccb6b23b0535db13fe160d2076fafd1af0e0743acceafd7a5c6b4d10466
browser-specs	compression	umbrella	https://compression.spec.whatwg.org/	Compression	Living Standard	NOT_APPLICABLE	UNKNOWN	UNKNOWN	UNKNOWN	good	WHATWG	yes	compression	https://github.com/whatwg/compression		navigation-loading	CATALOG_INGESTED	index.json	04e67047235026c37b4fd20198db6775f5583a1554c6f6e170cceab7439028a6
browser-specs	console	umbrella	https://console.spec.whatwg.org/	Console	Living Standard	NOT_APPLICABLE	UNKNOWN	UNKNOWN	UNKNOWN	good	WHATWG	yes	console	https://github.com/whatwg/console	console		CATALOG_INGESTED	index.json	ddfcc66b8d2b03ecf76e93114cbad2f2b43aeae075b8ce821f1ea72888ae7749
browser-specs	cookiestore	umbrella	https://cookiestore.spec.whatwg.org/	Cookie Store API	Living Standard	NOT_APPLICABLE	UNKNOWN	UNKNOWN	UNKNOWN	good	WHATWG	yes	cookiestore	https://github.com/whatwg/cookiestore	cookiestore	navigation-loading	CATALOG_INGESTED	index.json	c956cbc71fab0b6d439f0abd4415ab177c477e38f206bc7381615a243c75d529
browser-specs	dom	umbrella	https://dom.spec.whatwg.org/	DOM	Living Standard	NOT_APPLICABLE	UNKNOWN	UNKNOWN	UNKNOWN	good	WHATWG	yes	dom	https://github.com/whatwg/dom	dom,shadow-dom	document-ui	CATALOG_INGESTED	index.json	2d8874f2bbca47fb581712066449296da112886dcd67c543c66e474d13e0a38f
browser-specs	encoding	umbrella	https://encoding.spec.whatwg.org/	Encoding	Living Standard	NOT_APPLICABLE	UNKNOWN	UNKNOWN	UNKNOWN	good	WHATWG	yes	encoding	https://github.com/whatwg/encoding	encoding		CATALOG_INGESTED	index.json	fbd8582647bd32c442927fd43fc8c3bc86dd2cbf95f485959588dfa4fdcad794
browser-specs	fetch	umbrella	https://fetch.spec.whatwg.org/	Fetch	Living Standard	NOT_APPLICABLE	UNKNOWN	UNKNOWN	UNKNOWN	good	WHATWG	yes	fetch	https://github.com/whatwg/fetch	cors,fetch	navigation-loading	CATALOG_INGESTED	index.json	66e3771c8e89762c9a5b2d01c580876b7bee305e2d8d6147653ddeabf1cb324c
browser-specs	fs	umbrella	https://fs.spec.whatwg.org/	File System	Living Standard	NOT_APPLICABLE	UNKNOWN	UNKNOWN	UNKNOWN	good	WHATWG	yes	fs	https://github.com/whatwg/fs	fs	storage-files	CATALOG_INGESTED	index.json	45e5468046a2330677c919ae2b2aafd7cfb62fbfbf6769ecee60d081dca0c7a7
browser-specs	fullscreen	umbrella	https://fullscreen.spec.whatwg.org/	Fullscreen API	Living Standard	NOT_APPLICABLE	UNKNOWN	UNKNOWN	UNKNOWN	good	WHATWG	yes	fullscreen	https://github.com/whatwg/fullscreen	fullscreen		CATALOG_INGESTED	index.json	b43df206cce0fc4af18eefd10a4f6d7eff86aadb9f8be3ab5cb9b5bdd4647d1a
browser-specs	html	umbrella	https://html.spec.whatwg.org/multipage/	HTML	Living Standard	NOT_APPLICABLE	UNKNOWN	UNKNOWN	UNKNOWN	good	WHATWG	yes	html	https://github.com/whatwg/html	close-watcher,custom-elements,eventsource,html,imagebitmap-renderingcontext,import-maps,navigation-api,webmessaging,webstorage,workers,worklets,x-frame-options	document-ui	CATALOG_INGESTED	index.json	43eab4b5b6219f5b2be715e375deffc88a62c6f46c8fb460f5bacc154581d3f1
browser-specs	infra	umbrella	https://infra.spec.whatwg.org/	Infra	Living Standard	NOT_APPLICABLE	UNKNOWN	UNKNOWN	UNKNOWN	good	WHATWG	yes	infra	https://github.com/whatwg/infra			CATALOG_INGESTED	index.json	1669eff1e3c68ff1d35f79dd35fb9049cf6aea2d1db7590c1573fcce870023f1
browser-specs	mimesniff	umbrella	https://mimesniff.spec.whatwg.org/	MIME Sniffing	Living Standard	NOT_APPLICABLE	UNKNOWN	UNKNOWN	UNKNOWN	good	WHATWG	yes	mimesniff	https://github.com/whatwg/mimesniff	mimesniff		CATALOG_INGESTED	index.json	130f14e54c15f61e2960bc21e2e0b81eae4bbaf138034e108d1ad13556203bef
browser-specs	notifications	umbrella	https://notifications.spec.whatwg.org/	Notifications API	Living Standard	NOT_APPLICABLE	UNKNOWN	UNKNOWN	UNKNOWN	good	WHATWG	yes	notifications	https://github.com/whatwg/notifications	notifications		CATALOG_INGESTED	index.json	91d5dbd65f5dd000bf79e8ccfc05b87d9f93863acbe379c5e15426b150de1db2
browser-specs	quirks	umbrella	https://quirks.spec.whatwg.org/	Quirks Mode	Living Standard	NOT_APPLICABLE	UNKNOWN	UNKNOWN	UNKNOWN	good	WHATWG	yes	quirks	https://github.com/whatwg/quirks	quirks		CATALOG_INGESTED	index.json	cdf3bed572dc232cc29221bfc29de59fed04b3588109ce6cabcd1d90ba4a1bdb
browser-specs	storage	umbrella	https://storage.spec.whatwg.org/	Storage	Living Standard	NOT_APPLICABLE	UNKNOWN	UNKNOWN	UNKNOWN	good	WHATWG	yes	storage	https://github.com/whatwg/storage	storage	storage-files	CATALOG_INGESTED	index.json	fdd261705527d788c0a5c58fe1334f5f016a43582b6ff0dc2af0493d48019f7f
browser-specs	streams	umbrella	https://streams.spec.whatwg.org/	Streams	Living Standard	NOT_APPLICABLE	UNKNOWN	UNKNOWN	UNKNOWN	good	WHATWG	yes	streams	https://github.com/whatwg/streams	streams		CATALOG_INGESTED	index.json	f5241e3accf8cf60754486d1f29430079e3712c1e22d1455e60f30e93afa73a0
browser-specs	testutils	umbrella	https://testutils.spec.whatwg.org/	Test Utils	Living Standard	NOT_APPLICABLE	UNKNOWN	UNKNOWN	UNKNOWN	good	WHATWG	yes	testutils	https://github.com/whatwg/testutils			CATALOG_INGESTED	index.json	a553cd1e9059b3f220b5a371f7a38b2b2396c0928b2dd314a3b19cd3b5f3130e
browser-specs	url	umbrella	https://url.spec.whatwg.org/	URL	Living Standard	NOT_APPLICABLE	UNKNOWN	UNKNOWN	UNKNOWN	good	WHATWG	yes	url	https://github.com/whatwg/url	url	navigation-loading	CATALOG_INGESTED	index.json	f7f149e0d00e739492da911fde486571686f57984711dfd149c781fc0ad9317e
browser-specs	urlpattern	umbrella	https://urlpattern.spec.whatwg.org/	URL Pattern	Living Standard	NOT_APPLICABLE	UNKNOWN	UNKNOWN	UNKNOWN	good	WHATWG	yes	urlpattern	https://github.com/whatwg/urlpattern	urlpattern	navigation-loading	CATALOG_INGESTED	index.json	1556b93b55211cdc91ffcce12d20948c168b0a4fed25080d0598f27dc9aeb0be
browser-specs	webidl	umbrella	https://webidl.spec.whatwg.org/	Web IDL	Living Standard	NOT_APPLICABLE	UNKNOWN	UNKNOWN	UNKNOWN	good	WHATWG	yes	webidl	https://github.com/whatwg/webidl	webidl		CATALOG_INGESTED	index.json	03a4861bb4b31bcbc701b539e756eb7e275d70f371955363af5c3792abd5e366
browser-specs	websockets	umbrella	https://websockets.spec.whatwg.org/	WebSockets	Living Standard	NOT_APPLICABLE	UNKNOWN	UNKNOWN	UNKNOWN	good	WHATWG	yes	websockets	https://github.com/whatwg/websockets	websockets	document-ui	CATALOG_INGESTED	index.json	6c23898ae64f79a6972dd8e503f2b7c8100152e6138b4a556ac73b3bbec058d9
browser-specs	xhr	umbrella	https://xhr.spec.whatwg.org/	XMLHttpRequest	Living Standard	NOT_APPLICABLE	UNKNOWN	UNKNOWN	UNKNOWN	good	WHATWG	yes	xhr	https://github.com/whatwg/xhr	xhr		CATALOG_INGESTED	index.json	573e135e84fe06063675334de7d18530586eca15f556687c5bd68cc5d3ccc626
browser-specs	rfc2397	umbrella	https://www.rfc-editor.org/info/rfc2397/	The "data" URL scheme	Proposed Standard	NOT_APPLICABLE	UNKNOWN	UNKNOWN	UNKNOWN	good	IETF	yes	rfc2397			navigation-loading	CATALOG_INGESTED	index.json	26cee00c744914628b8c614ccfbabe368a14f0abe0b7de6b5d9872bcf99e715f
browser-specs	rfc3229	umbrella	https://www.rfc-editor.org/info/rfc3229/	Delta encoding in HTTP	Proposed Standard	NOT_APPLICABLE	UNKNOWN	UNKNOWN	UNKNOWN	good	IETF	yes	rfc3229			network-realtime	CATALOG_INGESTED	index.json	85d9340ee92752a2d7dc499eaeccdcb6fffc00a0308ba77d7b4ec2d52a86a1c8
browser-specs	rfc4120	umbrella	https://www.rfc-editor.org/info/rfc4120/	The Kerberos Network Authentication Service (V5)	Proposed Standard	NOT_APPLICABLE	UNKNOWN	UNKNOWN	UNKNOWN	good	IETF	yes	rfc4120			security-privacy,network-realtime	CATALOG_INGESTED	index.json	b5a2948dfdba207245ba73f8f0419731fcc0a4b54d2abcd40c0ffa2035a6c1b4
browser-specs	rfc6265	umbrella	https://www.rfc-editor.org/info/rfc6265/	HTTP State Management Mechanism	Proposed Standard	NOT_APPLICABLE	UNKNOWN	UNKNOWN	UNKNOWN	good	IETF	yes	rfc6265	https://github.com/httpwg/httpwg.github.io		network-realtime	CATALOG_INGESTED	index.json	e302ab44777a84a9ff9bb9c3cb592a2861e953548df0b0ef391cc1831f2d9311
browser-specs	rfc6266	umbrella	https://www.rfc-editor.org/info/rfc6266/	Use of the Content-Disposition Header Field in the Hypertext Transfer Protocol (HTTP)	Proposed Standard	NOT_APPLICABLE	UNKNOWN	UNKNOWN	UNKNOWN	good	IETF	yes	rfc6266	https://github.com/httpwg/httpwg.github.io		network-realtime	CATALOG_INGESTED	index.json	506f2b37ea47bf4c28cde426047c74cc61aba12ca0dd3f2000bad1353819b2a8
browser-specs	rfc6454	umbrella	https://www.rfc-editor.org/info/rfc6454/	The Web Origin Concept	Proposed Standard	NOT_APPLICABLE	UNKNOWN	UNKNOWN	UNKNOWN	good	IETF	yes	rfc6454			security-privacy	CATALOG_INGESTED	index.json	ac687a90905e42b45858cba36099dfe60f39b66ac624bb7dc8b55826e11c88a5
browser-specs	rfc6455	umbrella	https://www.rfc-editor.org/info/rfc6455/	The WebSocket Protocol	Proposed Standard	NOT_APPLICABLE	UNKNOWN	UNKNOWN	UNKNOWN	good	IETF	yes	rfc6455			network-realtime	CATALOG_INGESTED	index.json	d126d7f426a9cbb0e1ce946fd4c59d855431fcddb2ed3a396dfaf6d78a19dad9
browser-specs	rfc6797	umbrella	https://www.rfc-editor.org/info/rfc6797/	HTTP Strict Transport Security (HSTS)	Proposed Standard	NOT_APPLICABLE	UNKNOWN	UNKNOWN	UNKNOWN	good	IETF	yes	rfc6797			security-privacy,network-realtime	CATALOG_INGESTED	index.json	237d3ce27a0933b3f723e83bbda294aaae47ce3e54fa1191c84dde43d05f03b0
browser-specs	rfc7230	umbrella	https://www.rfc-editor.org/info/rfc7230/	Hypertext Transfer Protocol (HTTP/1.1): Message Syntax and Routing	Proposed Standard	NOT_APPLICABLE	UNKNOWN	UNKNOWN	UNKNOWN	discontinued	IETF	yes	rfc7230	https://github.com/httpwg/httpwg.github.io		network-realtime	CATALOG_INGESTED	index.json	9818f09c08615c3638007162ee519204bbe4fd106f3e6b37901a68b9abf67878
browser-specs	rfc7231	umbrella	https://www.rfc-editor.org/info/rfc7231/	Hypertext Transfer Protocol (HTTP/1.1): Semantics and Content	Proposed Standard	NOT_APPLICABLE	UNKNOWN	UNKNOWN	UNKNOWN	discontinued	IETF	yes	rfc7231	https://github.com/httpwg/httpwg.github.io		network-realtime	CATALOG_INGESTED	index.json	721e74990e3ee3768b925f59e986e92c5a3d5d249fd8c3a07b3c6194c358f990
browser-specs	rfc7232	umbrella	https://www.rfc-editor.org/info/rfc7232/	Hypertext Transfer Protocol (HTTP/1.1): Conditional Requests	Proposed Standard	NOT_APPLICABLE	UNKNOWN	UNKNOWN	UNKNOWN	discontinued	IETF	yes	rfc7232	https://github.com/httpwg/httpwg.github.io		network-realtime	CATALOG_INGESTED	index.json	a0c1d23dd72a93a2d10a17b61a49a09f5c5037c4c8bec4ae7038f0069f87dc6a
browser-specs	rfc7233	umbrella	https://www.rfc-editor.org/info/rfc7233/	Hypertext Transfer Protocol (HTTP/1.1): Range Requests	Proposed Standard	NOT_APPLICABLE	UNKNOWN	UNKNOWN	UNKNOWN	discontinued	IETF	yes	rfc7233	https://github.com/httpwg/httpwg.github.io		network-realtime	CATALOG_INGESTED	index.json	1bf7ef35e28bf1c4ed7b2e8671b91e2644fff8f01b4aa87a07eec8e2b0bafeb3
browser-specs	rfc7234	umbrella	https://www.rfc-editor.org/info/rfc7234/	Hypertext Transfer Protocol (HTTP/1.1): Caching	Proposed Standard	NOT_APPLICABLE	UNKNOWN	UNKNOWN	UNKNOWN	discontinued	IETF	yes	rfc7234	https://github.com/httpwg/httpwg.github.io		network-realtime	CATALOG_INGESTED	index.json	77674bf7da26912c41835a1ad6a6bf12cfc41716f9df75a7537503f41fe15539
browser-specs	rfc7235	umbrella	https://www.rfc-editor.org/info/rfc7235/	Hypertext Transfer Protocol (HTTP/1.1): Authentication	Proposed Standard	NOT_APPLICABLE	UNKNOWN	UNKNOWN	UNKNOWN	discontinued	IETF	yes	rfc7235	https://github.com/httpwg/httpwg.github.io		security-privacy,network-realtime	CATALOG_INGESTED	index.json	433e3cfe24fc38db9747f7acda86ee6183156b410dc42f2c5840cf3fa0c59e94
browser-specs	rfc7239	umbrella	https://www.rfc-editor.org/info/rfc7239/	Forwarded HTTP Extension	Proposed Standard	NOT_APPLICABLE	UNKNOWN	UNKNOWN	UNKNOWN	good	IETF	yes	rfc7239			network-realtime	CATALOG_INGESTED	index.json	21e85f9419b1344cb5e7bcbfc506a4f5253fc14d0cc96ca7fac547159ee650fe
browser-specs	rfc7240	umbrella	https://www.rfc-editor.org/info/rfc7240/	Prefer Header for HTTP	Proposed Standard	NOT_APPLICABLE	UNKNOWN	UNKNOWN	UNKNOWN	good	IETF	yes	rfc7240	https://github.com/httpwg/httpwg.github.io		network-realtime	CATALOG_INGESTED	index.json	ca383ec3311344c2cfe495be8b8f5943cea035975f65c5f5bd78b416d4c32368
browser-specs	rfc7469	umbrella	https://www.rfc-editor.org/info/rfc7469/	Public Key Pinning Extension for HTTP	Proposed Standard	NOT_APPLICABLE	UNKNOWN	UNKNOWN	UNKNOWN	good	IETF	yes	rfc7469			security-privacy,network-realtime	CATALOG_INGESTED	index.json	f64ab409ef385b0908c9982a3adbab414356a58cae9c36807c11dacc66542b12
browser-specs	rfc7538	umbrella	https://www.rfc-editor.org/info/rfc7538/	The Hypertext Transfer Protocol Status Code 308 (Permanent Redirect)	Proposed Standard	NOT_APPLICABLE	UNKNOWN	UNKNOWN	UNKNOWN	discontinued	IETF	yes	rfc7538	https://github.com/httpwg/httpwg.github.io		network-realtime	CATALOG_INGESTED	index.json	007cf3412938699a2f9c5945090442d0647e0d42ed6879a731522115e8726ad6
browser-specs	rfc7540	umbrella	https://www.rfc-editor.org/info/rfc7540/	Hypertext Transfer Protocol Version 2 (HTTP/2)	Proposed Standard	NOT_APPLICABLE	UNKNOWN	UNKNOWN	UNKNOWN	discontinued	IETF	yes	rfc7540	https://github.com/httpwg/httpwg.github.io		network-realtime	CATALOG_INGESTED	index.json	e8fe6b7752d8577c527c835d1e09ef0ecf0ba805ba4a9b5e387617cb78151982
browser-specs	rfc7578	umbrella	https://www.rfc-editor.org/info/rfc7578/	Returning Values from Forms: multipart/form-data	Proposed Standard	NOT_APPLICABLE	UNKNOWN	UNKNOWN	UNKNOWN	good	IETF	yes	rfc7578				CATALOG_INGESTED	index.json	756adc721f45fadd9615ab042408816d2ef704ce315ff16ae781708999c8e5af
browser-specs	rfc7616	umbrella	https://www.rfc-editor.org/info/rfc7616/	HTTP Digest Access Authentication	Proposed Standard	NOT_APPLICABLE	UNKNOWN	UNKNOWN	UNKNOWN	good	IETF	yes	rfc7616	https://github.com/httpwg/httpwg.github.io		security-privacy,network-realtime	CATALOG_INGESTED	index.json	fe4cd79ec378c20f4a56b98cb27bac4821875455feb038d98649b230c34e6e89
browser-specs	rfc7617	umbrella	https://www.rfc-editor.org/info/rfc7617/	The 'Basic' HTTP Authentication Scheme	Proposed Standard	NOT_APPLICABLE	UNKNOWN	UNKNOWN	UNKNOWN	good	IETF	yes	rfc7617	https://github.com/httpwg/httpwg.github.io		security-privacy,network-realtime	CATALOG_INGESTED	index.json	1049f0e0e56d7f99dbbe036cb1389f9e8a7dac9069a8bc6577a344aa712b2c2f
browser-specs	rfc7725	umbrella	https://www.rfc-editor.org/info/rfc7725/	An HTTP Status Code to Report Legal Obstacles	Proposed Standard	NOT_APPLICABLE	UNKNOWN	UNKNOWN	UNKNOWN	good	IETF	yes	rfc7725	https://github.com/httpwg/httpwg.github.io		network-realtime	CATALOG_INGESTED	index.json	6405388a9ee76f712f6bfbc7d8234239c913bdc3bde866d27861544980542312
browser-specs	rfc7838	umbrella	https://www.rfc-editor.org/info/rfc7838/	HTTP Alternative Services	Proposed Standard	NOT_APPLICABLE	UNKNOWN	UNKNOWN	UNKNOWN	good	IETF	yes	rfc7838	https://github.com/httpwg/httpwg.github.io		network-realtime	CATALOG_INGESTED	index.json	46013c87db96f65bb8b81b671b0ebdeb782a48bce5a39ec9a79d637241e47c77
browser-specs	rfc8246	umbrella	https://www.rfc-editor.org/info/rfc8246/	HTTP Immutable Responses	Proposed Standard	NOT_APPLICABLE	UNKNOWN	UNKNOWN	UNKNOWN	good	IETF	yes	rfc8246	https://github.com/httpwg/httpwg.github.io		network-realtime	CATALOG_INGESTED	index.json	3327f35287f04abc3e1a25bebbe43d07137388c52c2f8e0a564ad5b9362a7b12
browser-specs	rfc8288	umbrella	https://www.rfc-editor.org/info/rfc8288/	Web Linking	Proposed Standard	NOT_APPLICABLE	UNKNOWN	UNKNOWN	UNKNOWN	good	IETF	yes	rfc8288	https://github.com/httpwg/httpwg.github.io			CATALOG_INGESTED	index.json	4878149d3dc3ab4aed04f79c2168ce9bbbda5a3969a09e4fc891f16d84315865
browser-specs	rfc8297	umbrella	https://www.rfc-editor.org/info/rfc8297/	An HTTP Status Code for Indicating Hints	Proposed Standard	NOT_APPLICABLE	UNKNOWN	UNKNOWN	UNKNOWN	good	IETF	yes	rfc8297	https://github.com/httpwg/httpwg.github.io		network-realtime	CATALOG_INGESTED	index.json	05348f7768e4d98bb9584b5c47c54638f5452019d225b72703e768ef7d6396f0
browser-specs	rfc8470	umbrella	https://www.rfc-editor.org/info/rfc8470/	Using Early Data in HTTP	Proposed Standard	NOT_APPLICABLE	UNKNOWN	UNKNOWN	UNKNOWN	good	IETF	yes	rfc8470	https://github.com/httpwg/httpwg.github.io		network-realtime	CATALOG_INGESTED	index.json	5be5d2d2a5b1ad3449740e381e76bdcd631fbb9e169477117e741164f060e0be
browser-specs	rfc8610	umbrella	https://www.rfc-editor.org/info/rfc8610/	Concise Data Definition Language (CDDL): A Notational Convention to Express Concise Binary Object Representation (CBOR) and JSON Data Structures	Proposed Standard	NOT_APPLICABLE	UNKNOWN	UNKNOWN	UNKNOWN	good	IETF	yes	rfc8610			accessibility-i18n	CATALOG_INGESTED	index.json	26b82fe04e8bac1e834c42e9b714baed7113857ef3b4cb63436e7ae3f9906db9
browser-specs	rfc9113	umbrella	https://www.rfc-editor.org/info/rfc9113/	HTTP/2	Proposed Standard	NOT_APPLICABLE	UNKNOWN	UNKNOWN	UNKNOWN	good	IETF	yes	rfc9113	https://github.com/httpwg/httpwg.github.io		network-realtime	CATALOG_INGESTED	index.json	77167185cb987b2a2a08873661536e7c44884cefdd65954634d92a517e526d2f
browser-specs	rfc9114	umbrella	https://www.rfc-editor.org/info/rfc9114/	HTTP/3	Proposed Standard	NOT_APPLICABLE	UNKNOWN	UNKNOWN	UNKNOWN	good	IETF	yes	rfc9114	https://github.com/httpwg/httpwg.github.io		network-realtime	CATALOG_INGESTED	index.json	a0ba026ee81dd8ecf2c05975d27ffc96b8f3bccf9160ae537253494269f9a3e6
browser-specs	rfc9218	umbrella	https://www.rfc-editor.org/info/rfc9218/	Extensible Prioritization Scheme for HTTP	Proposed Standard	NOT_APPLICABLE	UNKNOWN	UNKNOWN	UNKNOWN	good	IETF	yes	rfc9218	https://github.com/httpwg/httpwg.github.io		network-realtime	CATALOG_INGESTED	index.json	e1ff3467cf1e6f4c8054801db711e549bffa2dabb4525d84c3a70c634fe3fadb
browser-specs	rfc9421	umbrella	https://www.rfc-editor.org/info/rfc9421/	HTTP Message Signatures	Proposed Standard	NOT_APPLICABLE	UNKNOWN	UNKNOWN	UNKNOWN	good	IETF	yes	rfc9421	https://github.com/httpwg/httpwg.github.io		network-realtime	CATALOG_INGESTED	index.json	c825678d05b4322f3bde7eec02f55aec4e14b442c506c1d3cf42916f391434ff
browser-specs	rfc9530	umbrella	https://www.rfc-editor.org/info/rfc9530/	Digest Fields	Proposed Standard	NOT_APPLICABLE	UNKNOWN	UNKNOWN	UNKNOWN	good	IETF	yes	rfc9530	https://github.com/httpwg/httpwg.github.io		network-realtime	CATALOG_INGESTED	index.json	e678b3787b67db3967fe9f8dd05d69fb5c5139699ca526d2ba6bc3671b71aaa2
browser-specs	rfc9842	umbrella	https://www.rfc-editor.org/info/rfc9842/	Compression Dictionary Transport	Proposed Standard	NOT_APPLICABLE	UNKNOWN	UNKNOWN	UNKNOWN	good	IETF	yes	rfc9842	https://github.com/httpwg/httpwg.github.io		navigation-loading,network-realtime	CATALOG_INGESTED	index.json	5f237175d85beae47cc79ac1a7e9fa475b14cc8dbc85dc46944e1b135fa84d10
browser-specs	iso10918-5	umbrella	https://www.iso.org/standard/54989.html	Information technology — Digital compression and coding of continuous-tone still images: JPEG File Interchange Format (JFIF) — Part 5:	UNKNOWN	NOT_APPLICABLE	UNKNOWN	UNKNOWN	UNKNOWN	good	ISO/IEC	yes	iso10918-5			navigation-loading	CATALOG_INGESTED	index.json	b54d3dcc74b2491fc1a1706af655e72def066d2ae662a9c83e243d99aee7a9ab
browser-specs	iso14496-22	umbrella	https://www.iso.org/standard/87621.html	Information technology — Coding of audio-visual objects — Part 22: Open font format	UNKNOWN	NOT_APPLICABLE	UNKNOWN	UNKNOWN	UNKNOWN	good	ISO/IEC	yes	iso14496-22			graphics-media	CATALOG_INGESTED	index.json	3d665c1d10ccef14ab76382f517fa5c207ea72fbfa2b325373109daa7fea5067
browser-specs	iso18181-2	umbrella	https://www.iso.org/standard/85253.html	Information technology — JPEG XL image coding system — Part 2: File format	UNKNOWN	NOT_APPLICABLE	UNKNOWN	UNKNOWN	UNKNOWN	good	ISO/IEC	yes	iso18181-2			graphics-media	CATALOG_INGESTED	index.json	8104ce66db13683e7356fb25dc33480c111dc0912eff8e79027989689fbec94b
browser-specs	aom	umbrella	https://wicg.github.io/aom/spec/	Accessibility Object Model	Unofficial Proposal Draft	NOT_APPLICABLE	UNKNOWN	UNKNOWN	UNKNOWN	pending	W3C	yes	aom	https://github.com/WICG/aom		agents-ml	CATALOG_INGESTED	index.json	f76a184b261e3446c5e6d6f84ab15395b80516c306cba10a0eb372445741b40e
browser-specs	audio-context-playout-stats	umbrella	https://wicg.github.io/audio-context-playout-stats/	Playout Statistics API for WebAudio	Unofficial Proposal Draft	NOT_APPLICABLE	UNKNOWN	UNKNOWN	UNKNOWN	pending	W3C	yes	audio-context-playout-stats	https://github.com/WICG/audio-context-playout-stats		graphics-media	CATALOG_INGESTED	index.json	fa8bedf6723477a04b63eee135ee77863e722740ee1c2bd8fe4905ae960af3c9
browser-specs	css-conditional-values-1	umbrella	https://drafts.csswg.org/css-conditional-values-1/	CSS Conditional Values Module Level 1	Unofficial Proposal Draft	NOT_APPLICABLE	UNKNOWN	UNKNOWN	UNKNOWN	pending	W3C	yes	css-conditional-values	https://github.com/w3c/csswg-drafts		document-ui	CATALOG_INGESTED	index.json	47fb3afbb69092f219478109b1ef183ea3c811c8600bfe8b6dda12145ae668e7
browser-specs	css-page-4	umbrella	https://drafts.csswg.org/css-page-4/	Proposals for the future of CSS Paged Media	Unofficial Proposal Draft	NOT_APPLICABLE	UNKNOWN	UNKNOWN	UNKNOWN	pending	W3C	yes	css-page	https://github.com/w3c/csswg-drafts	css/css-page	document-ui,graphics-media	CATALOG_INGESTED	index.json	68ff52555574e0091df960ae09dbc5aa90bff162f910eefad823e795163bd0e8
browser-specs	css-parser-api	umbrella	https://wicg.github.io/css-parser-api/	CSS Parser API	Unofficial Proposal Draft	NOT_APPLICABLE	UNKNOWN	UNKNOWN	UNKNOWN	good	W3C	yes	css-parser-api	https://github.com/WICG/css-parser-api	css/css-parser-api	document-ui	CATALOG_INGESTED	index.json	96b4356187a05957f4f4e3c4259534bcf4ffe05d405488c394c7c8c66e8e92f2
browser-specs	execCommand	umbrella	https://w3c.github.io/editing/docs/execCommand/	execCommand	Unofficial Proposal Draft	NOT_APPLICABLE	UNKNOWN	UNKNOWN	UNKNOWN	pending	W3C	yes	execCommand	https://github.com/w3c/editing			CATALOG_INGESTED	index.json	af7f40fd7be647dd776ae45464a8d1c28b63fa094eb3eda78c7787a5da05e6c9
browser-specs	prefer-current-tab	umbrella	https://wicg.github.io/prefer-current-tab/	preferCurrentTab	Unofficial Proposal Draft	NOT_APPLICABLE	UNKNOWN	UNKNOWN	UNKNOWN	good	W3C	yes	prefer-current-tab	https://github.com/WICG/prefer-current-tab			CATALOG_INGESTED	index.json	fd01876abff5526cf99cf6c5c4602c004e6eb56742da40e4ae27e4236982ae4b
browser-specs	private-aggregation-api	umbrella	https://patcg-individual-drafts.github.io/private-aggregation-api/	Private Aggregation API	Unofficial Proposal Draft	NOT_APPLICABLE	UNKNOWN	UNKNOWN	UNKNOWN	discontinued	W3C	yes	private-aggregation-api	https://github.com/patcg-individual-drafts/private-aggregation-api			CATALOG_INGESTED	index.json	c0a33a079c9897042ea3c30dc487602b80ccdb315c924d21a5414d8f75c74568
browser-specs	topics	umbrella	https://patcg-individual-drafts.github.io/topics/	Topics API	Unofficial Proposal Draft	NOT_APPLICABLE	UNKNOWN	UNKNOWN	UNKNOWN	discontinued	W3C	yes	topics	https://github.com/patcg-individual-drafts/topics			CATALOG_INGESTED	index.json	5e7c39155a887a2030ec27fe60d282430270acba4e7dff48402490d83f90fff2
browser-specs	web-preferences-api	umbrella	https://wicg.github.io/web-preferences-api/	Web Preferences API	Unofficial Proposal Draft	NOT_APPLICABLE	UNKNOWN	UNKNOWN	UNKNOWN	discontinued	W3C	yes	web-preferences-api	https://github.com/WICG/web-preferences-api			CATALOG_INGESTED	index.json	a2f4f06872b206a9e6c89d6060f9ae7fe24df526b3e2ced34a7490ecfcae5ab0
browser-specs	web-share-target	umbrella	https://w3c.github.io/web-share-target/	Web Share Target API	Unofficial Proposal Draft	NOT_APPLICABLE	UNKNOWN	UNKNOWN	UNKNOWN	good	W3C	yes	web-share-target	https://github.com/w3c/web-share-target		installed-offline	CATALOG_INGESTED	index.json	63c0b85e8df27331d2cfbf4021ef460a22bfad6f9809435a63e47e5989757954
browser-specs	web-smart-card	umbrella	https://wicg.github.io/web-smart-card/	Web Smart Card API	Unofficial Proposal Draft	NOT_APPLICABLE	UNKNOWN	UNKNOWN	UNKNOWN	pending	W3C	yes	web-smart-card	https://github.com/WICG/web-smart-card			CATALOG_INGESTED	index.json	23a13565240891d8ecb5b62097c72debb3f063763e5d0aac9fdc8f1cce5f6cf1
