Compiling 12 files with Solc 0.8.30
Solc 0.8.30 finished in 6.47s
Compiler run successful with warnings:
Warning (2519): This declaration shadows an existing declaration.
  --> src/Keys.sol:73:21:
   |
73 |     function record(bytes32 typeId, bytes memory data) internal pure returns (bytes32) {
   |                     ^^^^^^^^^^^^^^
Note: The shadowed declaration is here:
  --> src/Keys.sol:69:5:
   |
69 |     function typeId(bytes32 shape, bytes32[] memory refTypes, bytes32 ruleId) internal pure returns (bytes32) {
   |     ^ (Relevant source part starts here and spans across multiple lines).

Warning (2519): This declaration shadows an existing declaration.
  --> src/Keys.sol:78:29:
   |
78 |     function recordFromHash(bytes32 typeId, bytes32 bodyHash) internal pure returns (bytes32) {
   |                             ^^^^^^^^^^^^^^
Note: The shadowed declaration is here:
  --> src/Keys.sol:69:5:
   |
69 |     function typeId(bytes32 shape, bytes32[] memory refTypes, bytes32 ruleId) internal pure returns (bytes32) {
   |     ^ (Relevant source part starts here and spans across multiple lines).

Warning (2519): This declaration shadows an existing declaration.
  --> src/Keys.sol:98:22:
   |
98 |     function posting(bytes32 typeId, uint8 kind, uint8 ordinal, bytes32 valueKey) internal pure returns (bytes32) {
   |                      ^^^^^^^^^^^^^^
Note: The shadowed declaration is here:
  --> src/Keys.sol:69:5:
   |
69 |     function typeId(bytes32 shape, bytes32[] memory refTypes, bytes32 ruleId) internal pure returns (bytes32) {
   |     ^ (Relevant source part starts here and spans across multiple lines).

Warning (2519): This declaration shadows an existing declaration.
   --> src/Keys.sol:102:25:
    |
102 |     function byTypeList(bytes32 typeId) internal pure returns (bytes32) {
    |                         ^^^^^^^^^^^^^^
Note: The shadowed declaration is here:
  --> src/Keys.sol:69:5:
   |
69 |     function typeId(bytes32 shape, bytes32[] memory refTypes, bytes32 ruleId) internal pure returns (bytes32) {
   |     ^ (Relevant source part starts here and spans across multiple lines).

Warning (8760): This declaration has the same name as another declaration.
   --> test/FaultyReads.sol:117:83:
    |
117 |         returns (uint8 status, bytes32 selected, uint32 revision, address author, uint64 admission)
    |                                                                                   ^^^^^^^^^^^^^^^^
Note: The other declaration is here:
  --> test/FaultyReads.sol:67:5:
   |
67 |     function admission(uint64 ordinal)
   |     ^ (Relevant source part starts here and spans across multiple lines).

Warning (3860): Contract initcode size is 133774 bytes and exceeds 49152 bytes (a limit introduced in Shanghai). This contract may not be deployable on Mainnet. Consider enabling the optimizer (with a low "runs" value!), turning off revert strings, or using libraries.
  --> test/JoinedConsumer.t.sol:15:1:
   |
15 | contract JoinedConsumerTest is LabBase {
   | ^ (Relevant source part starts here and spans across multiple lines).


Ran 7 tests for test/JoinedConsumer.t.sol:JoinedConsumerTest
[FAIL: list cursor context mismatch is refused] test_faulty_actual_reply_cursor_generation_epoch_core_scope_and_packed_lens_context_are_refused() (gas: 3993925)
Traces:
  [3993925] JoinedConsumerTest::test_faulty_actual_reply_cursor_generation_epoch_core_scope_and_packed_lens_context_are_refused()
    ├─ [891393] Actor::execute([Action({ kind: 1, typeId: 0x589d5624cb9167094eb8ee549683bdadc765c77ed4f894308dd376bbebc30019, bodyHashOrRecordId: 0xb10e2d527612073b26eecdfd717e6a320cf44b4afac2b0732d9fcbe2b7fa0cf6, purpose: 0x0000000000000000000000000000000000000000000000000000000000000000, subject: 0x0000000000000000000000000000000000000000000000000000000000000000, role: 0x0000000000000000000000000000000000000000000000000000000000000000, target: 0x0000000000000000000000000000000000000000000000000000000000000000, expectedRevision: 0, salt: 0x0000000000000000000000000000000000000000000000000000000000000000 }), Action({ kind: 1, typeId: 0x589d5624cb9167094eb8ee549683bdadc765c77ed4f894308dd376bbebc30019, bodyHashOrRecordId: 0x405787fa12a823e0f2b7631cc41b3ba8828b3321ca811111fa75cd3aa3bb5ace, purpose: 0x0000000000000000000000000000000000000000000000000000000000000000, subject: 0x0000000000000000000000000000000000000000000000000000000000000000, role: 0x0000000000000000000000000000000000000000000000000000000000000000, target: 0x0000000000000000000000000000000000000000000000000000000000000000, expectedRevision: 0, salt: 0x0000000000000000000000000000000000000000000000000000000000000000 }), Action({ kind: 1, typeId: 0x98f15a281c3cdd9d4aabe4708ae98ab46688ebb588db2876ee56d2c9413ed691, bodyHashOrRecordId: 0xf5ecf0b3e8bbcba6b1c397f7dc2d1eb477cfc0906bae2c0851b77d85666de50e, purpose: 0x0000000000000000000000000000000000000000000000000000000000000000, subject: 0x0000000000000000000000000000000000000000000000000000000000000000, role: 0x0000000000000000000000000000000000000000000000000000000000000000, target: 0x0000000000000000000000000000000000000000000000000000000000000000, expectedRevision: 0, salt: 0x0000000000000000000000000000000000000000000000000000000000000000 })], [0x0000000000000000000000000000000000000000000000000000000000000001, 0x0000000000000000000000000000000000000000000000000000000000000002, 0xdcee1a18e773c4e23c675382b23918d0771ae6ff0a7f2c22d3e729874433182522ad273e9b5cb707fadf826bf174c50a895a558924cc7ff0cca702bffbc6c4a20000000000000000000000000000000000000000000000000000000000000001])
    │   ├─ [2886] Ledger::nonces(Actor: [0xa0Cb889707d426A7A386870A03bc70d1b0697598]) [staticcall]
    │   │   └─ ← [Return] 0
    │   ├─ [881620] Ledger::execute([Action({ kind: 1, typeId: 0x589d5624cb9167094eb8ee549683bdadc765c77ed4f894308dd376bbebc30019, bodyHashOrRecordId: 0xb10e2d527612073b26eecdfd717e6a320cf44b4afac2b0732d9fcbe2b7fa0cf6, purpose: 0x0000000000000000000000000000000000000000000000000000000000000000, subject: 0x0000000000000000000000000000000000000000000000000000000000000000, role: 0x0000000000000000000000000000000000000000000000000000000000000000, target: 0x0000000000000000000000000000000000000000000000000000000000000000, expectedRevision: 0, salt: 0x0000000000000000000000000000000000000000000000000000000000000000 }), Action({ kind: 1, typeId: 0x589d5624cb9167094eb8ee549683bdadc765c77ed4f894308dd376bbebc30019, bodyHashOrRecordId: 0x405787fa12a823e0f2b7631cc41b3ba8828b3321ca811111fa75cd3aa3bb5ace, purpose: 0x0000000000000000000000000000000000000000000000000000000000000000, subject: 0x0000000000000000000000000000000000000000000000000000000000000000, role: 0x0000000000000000000000000000000000000000000000000000000000000000, target: 0x0000000000000000000000000000000000000000000000000000000000000000, expectedRevision: 0, salt: 0x0000000000000000000000000000000000000000000000000000000000000000 }), Action({ kind: 1, typeId: 0x98f15a281c3cdd9d4aabe4708ae98ab46688ebb588db2876ee56d2c9413ed691, bodyHashOrRecordId: 0xf5ecf0b3e8bbcba6b1c397f7dc2d1eb477cfc0906bae2c0851b77d85666de50e, purpose: 0x0000000000000000000000000000000000000000000000000000000000000000, subject: 0x0000000000000000000000000000000000000000000000000000000000000000, role: 0x0000000000000000000000000000000000000000000000000000000000000000, target: 0x0000000000000000000000000000000000000000000000000000000000000000, expectedRevision: 0, salt: 0x0000000000000000000000000000000000000000000000000000000000000000 })], [0x0000000000000000000000000000000000000000000000000000000000000001, 0x0000000000000000000000000000000000000000000000000000000000000002, 0xdcee1a18e773c4e23c675382b23918d0771ae6ff0a7f2c22d3e729874433182522ad273e9b5cb707fadf826bf174c50a895a558924cc7ff0cca702bffbc6c4a20000000000000000000000000000000000000000000000000000000000000001], 0)
    │   │   ├─ [2441] TypeRegistry::epoch() [staticcall]
    │   │   │   └─ ← [Return] 8
    │   │   ├─ [9154] TypeRegistry::typeInfo(0x589d5624cb9167094eb8ee549683bdadc765c77ed4f894308dd376bbebc30019) [staticcall]
    │   │   │   └─ ← [Return] true, 0x0000000000000000000000000000000000000000, 0x0000000000000000000000000000000000000000000000000000000000000000, 0x0000000000000000000000000000000000000000, 0x0000000000000000000000000000000000000000000000000000000000000000, 0, 1
    │   │   ├─ [1154] TypeRegistry::typeInfo(0x589d5624cb9167094eb8ee549683bdadc765c77ed4f894308dd376bbebc30019) [staticcall]
    │   │   │   └─ ← [Return] true, 0x0000000000000000000000000000000000000000, 0x0000000000000000000000000000000000000000000000000000000000000000, 0x0000000000000000000000000000000000000000, 0x0000000000000000000000000000000000000000000000000000000000000000, 0, 1
    │   │   ├─ [9154] TypeRegistry::typeInfo(0x98f15a281c3cdd9d4aabe4708ae98ab46688ebb588db2876ee56d2c9413ed691) [staticcall]
    │   │   │   └─ ← [Return] true, MinBodyAcceptor: [0x15cF58144EF33af1e14b5208015d11F9143E27b9], 0x0f203846922aa3cb964edd7f1e28983ba9cecc624f10670a5a98ad81676a6ad9, MockAcceptor: [0x2e234DAe75C793f67A35089C9d99245E1C58470b], 0x7c1553f35948b2fd1af8aa8aa406670eda53327a8c7142ec78bc1e1534402168, 2, 2
    │   │   ├─ [1154] TypeRegistry::typeInfo(0x589d5624cb9167094eb8ee549683bdadc765c77ed4f894308dd376bbebc30019) [staticcall]
    │   │   │   └─ ← [Return] true, 0x0000000000000000000000000000000000000000, 0x0000000000000000000000000000000000000000000000000000000000000000, 0x0000000000000000000000000000000000000000, 0x0000000000000000000000000000000000000000000000000000000000000000, 0, 1
    │   │   ├─ emit Admitted(author: 0x48dacbce3fd7c9ac95afff5fd0afa396ad586efc33b7febdf55994386455ca80, scope: 0x589d5624cb9167094eb8ee549683bdadc765c77ed4f894308dd376bbebc30019, recordId: 0xdcee1a18e773c4e23c675382b23918d0771ae6ff0a7f2c22d3e7298744331825, admission: 1)
    │   │   ├─ [1154] TypeRegistry::typeInfo(0x589d5624cb9167094eb8ee549683bdadc765c77ed4f894308dd376bbebc30019) [staticcall]
    │   │   │   └─ ← [Return] true, 0x0000000000000000000000000000000000000000, 0x0000000000000000000000000000000000000000000000000000000000000000, 0x0000000000000000000000000000000000000000, 0x0000000000000000000000000000000000000000000000000000000000000000, 0, 1
    │   │   ├─ emit Admitted(author: 0x48dacbce3fd7c9ac95afff5fd0afa396ad586efc33b7febdf55994386455ca80, scope: 0x589d5624cb9167094eb8ee549683bdadc765c77ed4f894308dd376bbebc30019, recordId: 0x22ad273e9b5cb707fadf826bf174c50a895a558924cc7ff0cca702bffbc6c4a2, admission: 2)
    │   │   ├─ [1154] TypeRegistry::typeInfo(0x98f15a281c3cdd9d4aabe4708ae98ab46688ebb588db2876ee56d2c9413ed691) [staticcall]
    │   │   │   └─ ← [Return] true, MinBodyAcceptor: [0x15cF58144EF33af1e14b5208015d11F9143E27b9], 0x0f203846922aa3cb964edd7f1e28983ba9cecc624f10670a5a98ad81676a6ad9, MockAcceptor: [0x2e234DAe75C793f67A35089C9d99245E1C58470b], 0x7c1553f35948b2fd1af8aa8aa406670eda53327a8c7142ec78bc1e1534402168, 2, 2
    │   │   ├─ [7301] TypeRegistry::refTypes(0x98f15a281c3cdd9d4aabe4708ae98ab46688ebb588db2876ee56d2c9413ed691) [staticcall]
    │   │   │   └─ ← [Return] [0x589d5624cb9167094eb8ee549683bdadc765c77ed4f894308dd376bbebc30019, 0x589d5624cb9167094eb8ee549683bdadc765c77ed4f894308dd376bbebc30019]
    │   │   ├─ [447] MinBodyAcceptor::accept(0x98f15a281c3cdd9d4aabe4708ae98ab46688ebb588db2876ee56d2c9413ed691, 0xdcee1a18e773c4e23c675382b23918d0771ae6ff0a7f2c22d3e729874433182522ad273e9b5cb707fadf826bf174c50a895a558924cc7ff0cca702bffbc6c4a20000000000000000000000000000000000000000000000000000000000000001, [0xdcee1a18e773c4e23c675382b23918d0771ae6ff0a7f2c22d3e7298744331825, 0x22ad273e9b5cb707fadf826bf174c50a895a558924cc7ff0cca702bffbc6c4a2]) [staticcall]
    │   │   │   └─ ← [Return] true
    │   │   ├─ [4806] MockAcceptor::accept(0x98f15a281c3cdd9d4aabe4708ae98ab46688ebb588db2876ee56d2c9413ed691, 0xdcee1a18e773c4e23c675382b23918d0771ae6ff0a7f2c22d3e729874433182522ad273e9b5cb707fadf826bf174c50a895a558924cc7ff0cca702bffbc6c4a20000000000000000000000000000000000000000000000000000000000000001, [0xdcee1a18e773c4e23c675382b23918d0771ae6ff0a7f2c22d3e7298744331825, 0x22ad273e9b5cb707fadf826bf174c50a895a558924cc7ff0cca702bffbc6c4a2]) [staticcall]
    │   │   │   └─ ← [Return] true
    │   │   ├─ emit Admitted(author: 0x48dacbce3fd7c9ac95afff5fd0afa396ad586efc33b7febdf55994386455ca80, scope: 0x98f15a281c3cdd9d4aabe4708ae98ab46688ebb588db2876ee56d2c9413ed691, recordId: 0x8a5c2dad2ae16fc84b82733f634dfb672bd79e90dce25bf0627089c548fe8531, admission: 3)
    │   │   ├─ [166303] IndexModule::onAdmission(1, [Effect({ kind: 1, admission: 1, author: 0x48dacbce3fd7c9ac95afff5fd0afa396ad586efc33b7febdf55994386455ca80, recordId: 0xdcee1a18e773c4e23c675382b23918d0771ae6ff0a7f2c22d3e7298744331825, typeId: 0x589d5624cb9167094eb8ee549683bdadc765c77ed4f894308dd376bbebc30019, scopeKey: 0x0000000000000000000000000000000000000000000000000000000000000000, bindingKey: 0x0000000000000000000000000000000000000000000000000000000000000000, bindingOrdinal: 0, target: 0x0000000000000000000000000000000000000000000000000000000000000000, oldTarget: 0x0000000000000000000000000000000000000000000000000000000000000000, freshBinding: false, oldLive: false }), Effect({ kind: 1, admission: 2, author: 0x48dacbce3fd7c9ac95afff5fd0afa396ad586efc33b7febdf55994386455ca80, recordId: 0x22ad273e9b5cb707fadf826bf174c50a895a558924cc7ff0cca702bffbc6c4a2, typeId: 0x589d5624cb9167094eb8ee549683bdadc765c77ed4f894308dd376bbebc30019, scopeKey: 0x0000000000000000000000000000000000000000000000000000000000000000, bindingKey: 0x0000000000000000000000000000000000000000000000000000000000000000, bindingOrdinal: 0, target: 0x0000000000000000000000000000000000000000000000000000000000000000, oldTarget: 0x0000000000000000000000000000000000000000000000000000000000000000, freshBinding: false, oldLive: false }), Effect({ kind: 1, admission: 3, author: 0x48dacbce3fd7c9ac95afff5fd0afa396ad586efc33b7febdf55994386455ca80, recordId: 0x8a5c2dad2ae16fc84b82733f634dfb672bd79e90dce25bf0627089c548fe8531, typeId: 0x98f15a281c3cdd9d4aabe4708ae98ab46688ebb588db2876ee56d2c9413ed691, scopeKey: 0x0000000000000000000000000000000000000000000000000000000000000000, bindingKey: 0x0000000000000000000000000000000000000000000000000000000000000000, bindingOrdinal: 0, target: 0x0000000000000000000000000000000000000000000000000000000000000000, oldTarget: 0x0000000000000000000000000000000000000000000000000000000000000000, freshBinding: false, oldLive: false })])
    │   │   │   └─ ← [Stop]
    │   │   ├─ emit Published(publication: 1, publicationId: 0x144e9c035109391c28999747345d055a5ca82255e50b27a89c5f9b2c697ff3d4, author: Actor: [0xa0Cb889707d426A7A386870A03bc70d1b0697598], proofKind: 1, firstAdmission: 1, leafCount: 3)
    │   │   └─ ← [Return] 1, 1
    │   └─ ← [Return] 1, 1
    ├─ [2635] Ledger::record(0x8a5c2dad2ae16fc84b82733f634dfb672bd79e90dce25bf0627089c548fe8531) [staticcall]
    │   └─ ← [Return] 0x98f15a281c3cdd9d4aabe4708ae98ab46688ebb588db2876ee56d2c9413ed691, 3, 1, 0xdcee1a18e773c4e23c675382b23918d0771ae6ff0a7f2c22d3e729874433182522ad273e9b5cb707fadf826bf174c50a895a558924cc7ff0cca702bffbc6c4a20000000000000000000000000000000000000000000000000000000000000001
    ├─ [3594] Ledger::principalOf(0xe05fcC23807536bEe418f142D19fa0d21BB0cfF7) [staticcall]
    │   └─ ← [Return] 0x000000000000000000000000e05fcc23807536bee418f142d19fa0d21bb0cff7
    ├─ [395] Ledger::realmId() [staticcall]
    │   └─ ← [Return] 0x684016e05741dc9d511ff3520a16e1da90a35be14b76f9e12ef0287b9beae39f
    ├─ [0] VM::addr(<pk>) [staticcall]
    │   └─ ← [Return] 0xe05fcC23807536bEe418f142D19fa0d21BB0cfF7
    ├─ [15765] Ledger::acceptanceProfileOf([Action({ kind: 5, typeId: 0x0000000000000000000000000000000000000000000000000000000000000000, bodyHashOrRecordId: 0x0000000000000000000000000000000000000000000000000000000000000000, purpose: 0x0000000000000000000000000000000000000000000000000000000000000000, subject: 0x0000000000000000000000000000000000000000000000000000000000000000, role: 0x0000000000000000000000000000000000000000000000000000000000000000, target: 0x0000000000000000000000000000000000000000000000000000000000000000, expectedRevision: 0, salt: 0x0000000000000000000000000000000000000000000000000000000000000001 }), Action({ kind: 1, typeId: 0x2db40fc5c9f87fff9029aba18f5e7a0bf1ffaee89f584eb521b7395c0d57ea21, bodyHashOrRecordId: 0x8d2f0b7b4cd24cd9347501f0b05605482e3b4712abaaee32c1287eef69eefc55, purpose: 0x0000000000000000000000000000000000000000000000000000000000000000, subject: 0x0000000000000000000000000000000000000000000000000000000000000000, role: 0x0000000000000000000000000000000000000000000000000000000000000000, target: 0x0000000000000000000000000000000000000000000000000000000000000000, expectedRevision: 0, salt: 0x0000000000000000000000000000000000000000000000000000000000000000 }), Action({ kind: 3, typeId: 0x0000000000000000000000000000000000000000000000000000000000000000, bodyHashOrRecordId: 0x0000000000000000000000000000000000000000000000000000000000000000, purpose: 0x07167a05890e9fcaccbdf11abbb65a3aa14bccfe41825ce441803003862ce5df, subject: 0xf38a5ee5db5fec548416dac4db004d588b5fc06503ad270978d9d8f08e9b64a5, role: 0x0000000000000000000000000000000000000000000000000000000000000000, target: 0x939cfd72923d10d615557ff0b6c7b19b5f259692e9a71fb6c5f9b5ce03046655, expectedRevision: 0, salt: 0x0000000000000000000000000000000000000000000000000000000000000000 }), Action({ kind: 3, typeId: 0x0000000000000000000000000000000000000000000000000000000000000000, bodyHashOrRecordId: 0x0000000000000000000000000000000000000000000000000000000000000000, purpose: 0x58de23804076d1b785b7479ab38fe6ada246e62164776702f51a1c48ef98cf99, subject: 0x6b8f0ae148ccfbd232f2f5088f5758ca8158d5a69aaabdc7fd072cbf75be2dc9, role: 0xc7c63b8bafc33aa5221fea52672881776f7b9d1aa8eebc29f8c758178230dd1a, target: 0xf38a5ee5db5fec548416dac4db004d588b5fc06503ad270978d9d8f08e9b64a5, expectedRevision: 0, salt: 0x0000000000000000000000000000000000000000000000000000000000000000 }), Action({ kind: 3, typeId: 0x0000000000000000000000000000000000000000000000000000000000000000, bodyHashOrRecordId: 0x0000000000000000000000000000000000000000000000000000000000000000, purpose: 0x073e0a1a729959d841354dbb760bf57802acc034630defb75862e5dda0f72c18, subject: 0xf38a5ee5db5fec548416dac4db004d588b5fc06503ad270978d9d8f08e9b64a5, role: 0x8b30951df380b6b10da747e1167dd8e40bf8604c88c75b245dc172767f3b7320, target: 0xf38a5ee5db5fec548416dac4db004d588b5fc06503ad270978d9d8f08e9b64a5, expectedRevision: 0, salt: 0x0000000000000000000000000000000000000000000000000000000000000000 })]) [staticcall]
    │   ├─ [441] TypeRegistry::epoch() [staticcall]
    │   │   └─ ← [Return] 8
    │   ├─ [9154] TypeRegistry::typeInfo(0x2db40fc5c9f87fff9029aba18f5e7a0bf1ffaee89f584eb521b7395c0d57ea21) [staticcall]
    │   │   └─ ← [Return] true, QuoteAcceptor: [0x212224D2F2d262cd093eE13240ca4873fcCBbA3C], 0xa7499e4b804d8895cefb1463a08dee2517de9717eaba15d470e841cd00367fff, 0x0000000000000000000000000000000000000000, 0x0000000000000000000000000000000000000000000000000000000000000000, 1, 1
    │   └─ ← [Return] 0x27c4b27f2a80612b8349140160135b1a3d706a892faa2070ed01fff483a91981
    ├─ [1272] Ledger::indexObligations() [staticcall]
    │   └─ ← [Return] 0x198a8c3d2513950024fade14c5735abfaafdd906f7f8f6e9cf84d9c790ea7789
    ├─ [2244] Ledger::intentDigest(Intent({ realmId: 0x684016e05741dc9d511ff3520a16e1da90a35be14b76f9e12ef0287b9beae39f, coreCodeCommitment: 0x8d8515f6c3bcfe36ad7422c67ece284c215a5b79e1ee2cc5afdd3f63d7cddcbe, author: 0xe05fcC23807536bEe418f142D19fa0d21BB0cfF7, nonce: 0, deadline: 1700003600 [1.7e9], acceptanceProfile: 0x27c4b27f2a80612b8349140160135b1a3d706a892faa2070ed01fff483a91981, indexObligations: 0x198a8c3d2513950024fade14c5735abfaafdd906f7f8f6e9cf84d9c790ea7789 }), 0x30c303461ab5b4048d0b87a7232e523cbbdab8e5926abe9e0f6d0adcab830dd9) [staticcall]
    │   └─ ← [Return] 0xc4bd32471d646315287d2486baa8555e443c4a21f011e453c04aa4a97d3e430e
    ├─ [0] VM::sign("<pk>", 0xc4bd32471d646315287d2486baa8555e443c4a21f011e453c04aa4a97d3e430e) [staticcall]
    │   └─ ← [Return] 27, 0xcb6d7e75ab60dbd3cae6faaef572cd4581c4900fc45a323641421a2ed57d151a, 0x53bbcf248f10670c094e8047888def3be26823fa55fed68c338f33a0dd08edca
    ├─ [1545944] Ledger::executeSigned(Intent({ realmId: 0x684016e05741dc9d511ff3520a16e1da90a35be14b76f9e12ef0287b9beae39f, coreCodeCommitment: 0x8d8515f6c3bcfe36ad7422c67ece284c215a5b79e1ee2cc5afdd3f63d7cddcbe, author: 0xe05fcC23807536bEe418f142D19fa0d21BB0cfF7, nonce: 0, deadline: 1700003600 [1.7e9], acceptanceProfile: 0x27c4b27f2a80612b8349140160135b1a3d706a892faa2070ed01fff483a91981, indexObligations: 0x198a8c3d2513950024fade14c5735abfaafdd906f7f8f6e9cf84d9c790ea7789 }), [Action({ kind: 5, typeId: 0x0000000000000000000000000000000000000000000000000000000000000000, bodyHashOrRecordId: 0x0000000000000000000000000000000000000000000000000000000000000000, purpose: 0x0000000000000000000000000000000000000000000000000000000000000000, subject: 0x0000000000000000000000000000000000000000000000000000000000000000, role: 0x0000000000000000000000000000000000000000000000000000000000000000, target: 0x0000000000000000000000000000000000000000000000000000000000000000, expectedRevision: 0, salt: 0x0000000000000000000000000000000000000000000000000000000000000001 }), Action({ kind: 1, typeId: 0x2db40fc5c9f87fff9029aba18f5e7a0bf1ffaee89f584eb521b7395c0d57ea21, bodyHashOrRecordId: 0x8d2f0b7b4cd24cd9347501f0b05605482e3b4712abaaee32c1287eef69eefc55, purpose: 0x0000000000000000000000000000000000000000000000000000000000000000, subject: 0x0000000000000000000000000000000000000000000000000000000000000000, role: 0x0000000000000000000000000000000000000000000000000000000000000000, target: 0x0000000000000000000000000000000000000000000000000000000000000000, expectedRevision: 0, salt: 0x0000000000000000000000000000000000000000000000000000000000000000 }), Action({ kind: 3, typeId: 0x0000000000000000000000000000000000000000000000000000000000000000, bodyHashOrRecordId: 0x0000000000000000000000000000000000000000000000000000000000000000, purpose: 0x07167a05890e9fcaccbdf11abbb65a3aa14bccfe41825ce441803003862ce5df, subject: 0xf38a5ee5db5fec548416dac4db004d588b5fc06503ad270978d9d8f08e9b64a5, role: 0x0000000000000000000000000000000000000000000000000000000000000000, target: 0x939cfd72923d10d615557ff0b6c7b19b5f259692e9a71fb6c5f9b5ce03046655, expectedRevision: 0, salt: 0x0000000000000000000000000000000000000000000000000000000000000000 }), Action({ kind: 3, typeId: 0x0000000000000000000000000000000000000000000000000000000000000000, bodyHashOrRecordId: 0x0000000000000000000000000000000000000000000000000000000000000000, purpose: 0x58de23804076d1b785b7479ab38fe6ada246e62164776702f51a1c48ef98cf99, subject: 0x6b8f0ae148ccfbd232f2f5088f5758ca8158d5a69aaabdc7fd072cbf75be2dc9, role: 0xc7c63b8bafc33aa5221fea52672881776f7b9d1aa8eebc29f8c758178230dd1a, target: 0xf38a5ee5db5fec548416dac4db004d588b5fc06503ad270978d9d8f08e9b64a5, expectedRevision: 0, salt: 0x0000000000000000000000000000000000000000000000000000000000000000 }), Action({ kind: 3, typeId: 0x0000000000000000000000000000000000000000000000000000000000000000, bodyHashOrRecordId: 0x0000000000000000000000000000000000000000000000000000000000000000, purpose: 0x073e0a1a729959d841354dbb760bf57802acc034630defb75862e5dda0f72c18, subject: 0xf38a5ee5db5fec548416dac4db004d588b5fc06503ad270978d9d8f08e9b64a5, role: 0x8b30951df380b6b10da747e1167dd8e40bf8604c88c75b245dc172767f3b7320, target: 0xf38a5ee5db5fec548416dac4db004d588b5fc06503ad270978d9d8f08e9b64a5, expectedRevision: 0, salt: 0x0000000000000000000000000000000000000000000000000000000000000000 })], [0x, 0x8a5c2dad2ae16fc84b82733f634dfb672bd79e90dce25bf0627089c548fe8531000000000000000000000000000000000000000000000000000000009502f9000000000000000000000000000000000000000000000000000000000000000006000000000000000000000000000000000000000000000000000000006b49d200ea51e8c38c6dcf2d50a91e3db4784be38aeaf3728d1ef153b525df484e652345, 0x, 0x, 0x], 0xcb6d7e75ab60dbd3cae6faaef572cd4581c4900fc45a323641421a2ed57d151a53bbcf248f10670c094e8047888def3be26823fa55fed68c338f33a0dd08edca1b)
    │   ├─ [441] TypeRegistry::epoch() [staticcall]
    │   │   └─ ← [Return] 8
    │   ├─ [1154] TypeRegistry::typeInfo(0x2db40fc5c9f87fff9029aba18f5e7a0bf1ffaee89f584eb521b7395c0d57ea21) [staticcall]
    │   │   └─ ← [Return] true, QuoteAcceptor: [0x212224D2F2d262cd093eE13240ca4873fcCBbA3C], 0xa7499e4b804d8895cefb1463a08dee2517de9717eaba15d470e841cd00367fff, 0x0000000000000000000000000000000000000000, 0x0000000000000000000000000000000000000000000000000000000000000000, 1, 1
    │   ├─ [3000] PRECOMPILES::ecrecover(0xc4bd32471d646315287d2486baa8555e443c4a21f011e453c04aa4a97d3e430e, 27, 92012967384865623632945752460569903409982503062909024531648367586760210584858, 37873796480642939085749953822188206190785572794190192727419073061771283066314) [staticcall]
    │   │   └─ ← [Return] 0xe05fcC23807536bEe418f142D19fa0d21BB0cfF7
    │   ├─ emit Admitted(author: 0x000000000000000000000000e05fcc23807536bee418f142d19fa0d21bb0cff7, scope: 0xf38a5ee5db5fec548416dac4db004d588b5fc06503ad270978d9d8f08e9b64a5, recordId: 0x0000000000000000000000000000000000000000000000000000000000000000, admission: 4)
    │   ├─ [1154] TypeRegistry::typeInfo(0x2db40fc5c9f87fff9029aba18f5e7a0bf1ffaee89f584eb521b7395c0d57ea21) [staticcall]
    │   │   └─ ← [Return] true, QuoteAcceptor: [0x212224D2F2d262cd093eE13240ca4873fcCBbA3C], 0xa7499e4b804d8895cefb1463a08dee2517de9717eaba15d470e841cd00367fff, 0x0000000000000000000000000000000000000000, 0x0000000000000000000000000000000000000000000000000000000000000000, 1, 1
    │   ├─ [5038] TypeRegistry::refTypes(0x2db40fc5c9f87fff9029aba18f5e7a0bf1ffaee89f584eb521b7395c0d57ea21) [staticcall]
    │   │   └─ ← [Return] [0x98f15a281c3cdd9d4aabe4708ae98ab46688ebb588db2876ee56d2c9413ed691]
    │   ├─ [998] QuoteAcceptor::accept(0x2db40fc5c9f87fff9029aba18f5e7a0bf1ffaee89f584eb521b7395c0d57ea21, 0x8a5c2dad2ae16fc84b82733f634dfb672bd79e90dce25bf0627089c548fe8531000000000000000000000000000000000000000000000000000000009502f9000000000000000000000000000000000000000000000000000000000000000006000000000000000000000000000000000000000000000000000000006b49d200ea51e8c38c6dcf2d50a91e3db4784be38aeaf3728d1ef153b525df484e652345, [0x8a5c2dad2ae16fc84b82733f634dfb672bd79e90dce25bf0627089c548fe8531]) [staticcall]
    │   │   └─ ← [Return] true
    │   ├─ emit Admitted(author: 0x000000000000000000000000e05fcc23807536bee418f142d19fa0d21bb0cff7, scope: 0x2db40fc5c9f87fff9029aba18f5e7a0bf1ffaee89f584eb521b7395c0d57ea21, recordId: 0x939cfd72923d10d615557ff0b6c7b19b5f259692e9a71fb6c5f9b5ce03046655, admission: 5)
    │   ├─ [2421] TypeRegistry::bindingRefType(0x07167a05890e9fcaccbdf11abbb65a3aa14bccfe41825ce441803003862ce5df, 0x0000000000000000000000000000000000000000000000000000000000000000) [staticcall]
    │   │   └─ ← [Return] 0x0000000000000000000000000000000000000000000000000000000000000000
    │   ├─ emit Admitted(author: 0x000000000000000000000000e05fcc23807536bee418f142d19fa0d21bb0cff7, scope: 0xd3ca2016fab275e3e54c75668977603dc0be5313a91cff6394ad3110dadc1054, recordId: 0x939cfd72923d10d615557ff0b6c7b19b5f259692e9a71fb6c5f9b5ce03046655, admission: 6)
    │   ├─ [2421] TypeRegistry::bindingRefType(0x58de23804076d1b785b7479ab38fe6ada246e62164776702f51a1c48ef98cf99, 0xc7c63b8bafc33aa5221fea52672881776f7b9d1aa8eebc29f8c758178230dd1a) [staticcall]
    │   │   └─ ← [Return] 0x0000000000000000000000000000000000000000000000000000000000000000
    │   ├─ emit Admitted(author: 0x000000000000000000000000e05fcc23807536bee418f142d19fa0d21bb0cff7, scope: 0xacdedd9616efb976bfcf2fa693c5d69d7b8be8854803dfd98ce51a3721bd8189, recordId: 0xf38a5ee5db5fec548416dac4db004d588b5fc06503ad270978d9d8f08e9b64a5, admission: 7)
    │   ├─ [2421] TypeRegistry::bindingRefType(0x073e0a1a729959d841354dbb760bf57802acc034630defb75862e5dda0f72c18, 0x8b30951df380b6b10da747e1167dd8e40bf8604c88c75b245dc172767f3b7320) [staticcall]
    │   │   └─ ← [Return] 0x0000000000000000000000000000000000000000000000000000000000000000
    │   ├─ emit Admitted(author: 0x000000000000000000000000e05fcc23807536bee418f142d19fa0d21bb0cff7, scope: 0xec70f47d0d57410e68dc860f66f319dfda74a14898c536db8a545c8775919a8f, recordId: 0xf38a5ee5db5fec548416dac4db004d588b5fc06503ad270978d9d8f08e9b64a5, admission: 8)
    │   ├─ [461775] IndexModule::onAdmission(2, [Effect({ kind: 5, admission: 4, author: 0x000000000000000000000000e05fcc23807536bee418f142d19fa0d21bb0cff7, recordId: 0xf38a5ee5db5fec548416dac4db004d588b5fc06503ad270978d9d8f08e9b64a5, typeId: 0x0000000000000000000000000000000000000000000000000000000000000000, scopeKey: 0x0000000000000000000000000000000000000000000000000000000000000000, bindingKey: 0x0000000000000000000000000000000000000000000000000000000000000000, bindingOrdinal: 0, target: 0x0000000000000000000000000000000000000000000000000000000000000000, oldTarget: 0x0000000000000000000000000000000000000000000000000000000000000000, freshBinding: false, oldLive: false }), Effect({ kind: 1, admission: 5, author: 0x000000000000000000000000e05fcc23807536bee418f142d19fa0d21bb0cff7, recordId: 0x939cfd72923d10d615557ff0b6c7b19b5f259692e9a71fb6c5f9b5ce03046655, typeId: 0x2db40fc5c9f87fff9029aba18f5e7a0bf1ffaee89f584eb521b7395c0d57ea21, scopeKey: 0x0000000000000000000000000000000000000000000000000000000000000000, bindingKey: 0x0000000000000000000000000000000000000000000000000000000000000000, bindingOrdinal: 0, target: 0x0000000000000000000000000000000000000000000000000000000000000000, oldTarget: 0x0000000000000000000000000000000000000000000000000000000000000000, freshBinding: false, oldLive: false }), Effect({ kind: 3, admission: 6, author: 0x000000000000000000000000e05fcc23807536bee418f142d19fa0d21bb0cff7, recordId: 0x939cfd72923d10d615557ff0b6c7b19b5f259692e9a71fb6c5f9b5ce03046655, typeId: 0x2db40fc5c9f87fff9029aba18f5e7a0bf1ffaee89f584eb521b7395c0d57ea21, scopeKey: 0xd3ca2016fab275e3e54c75668977603dc0be5313a91cff6394ad3110dadc1054, bindingKey: 0xe3b433d16bd73e36cfc64a9a8527d5263f36c648ccd5018f16a29e74790027ab, bindingOrdinal: 1, target: 0x939cfd72923d10d615557ff0b6c7b19b5f259692e9a71fb6c5f9b5ce03046655, oldTarget: 0x0000000000000000000000000000000000000000000000000000000000000000, freshBinding: true, oldLive: false }), Effect({ kind: 3, admission: 7, author: 0x000000000000000000000000e05fcc23807536bee418f142d19fa0d21bb0cff7, recordId: 0xf38a5ee5db5fec548416dac4db004d588b5fc06503ad270978d9d8f08e9b64a5, typeId: 0x0000000000000000000000000000000000000000000000000000000000000000, scopeKey: 0xacdedd9616efb976bfcf2fa693c5d69d7b8be8854803dfd98ce51a3721bd8189, bindingKey: 0x29508140ed11e00d75e205718444b4113acbf972f7a05504f874edbf99694dbe, bindingOrdinal: 2, target: 0xf38a5ee5db5fec548416dac4db004d588b5fc06503ad270978d9d8f08e9b64a5, oldTarget: 0x0000000000000000000000000000000000000000000000000000000000000000, freshBinding: true, oldLive: false }), Effect({ kind: 3, admission: 8, author: 0x000000000000000000000000e05fcc23807536bee418f142d19fa0d21bb0cff7, recordId: 0xf38a5ee5db5fec548416dac4db004d588b5fc06503ad270978d9d8f08e9b64a5, typeId: 0x0000000000000000000000000000000000000000000000000000000000000000, scopeKey: 0xec70f47d0d57410e68dc860f66f319dfda74a14898c536db8a545c8775919a8f, bindingKey: 0x5765e6449d8537404367461493bd3f00b858fdd9908ec83aeb08973f0198e8ea, bindingOrdinal: 3, target: 0xf38a5ee5db5fec548416dac4db004d588b5fc06503ad270978d9d8f08e9b64a5, oldTarget: 0x0000000000000000000000000000000000000000000000000000000000000000, freshBinding: true, oldLive: false })])
    │   │   └─ ← [Stop]
    │   ├─ emit Published(publication: 2, publicationId: 0x333b1376b2bed9c401e734be6afa80809fb8adfebe48893eea92d1e72a24faa6, author: 0xe05fcC23807536bEe418f142D19fa0d21BB0cfF7, proofKind: 2, firstAdmission: 4, leafCount: 5)
    │   └─ ← [Return] 2, 4
    ├─ [395] Ledger::realmId() [staticcall]
    │   └─ ← [Return] 0x684016e05741dc9d511ff3520a16e1da90a35be14b76f9e12ef0287b9beae39f
    ├─ [0] VM::addr(<pk>) [staticcall]
    │   └─ ← [Return] 0xe05fcC23807536bEe418f142D19fa0d21BB0cfF7
    ├─ [5608] Ledger::acceptanceProfileOf([Action({ kind: 1, typeId: 0x2db40fc5c9f87fff9029aba18f5e7a0bf1ffaee89f584eb521b7395c0d57ea21, bodyHashOrRecordId: 0xa66176d11ba275a73932a6b1884a1dfef19440c0fc76d37ba68a539e65bfa1ba, purpose: 0x0000000000000000000000000000000000000000000000000000000000000000, subject: 0x0000000000000000000000000000000000000000000000000000000000000000, role: 0x0000000000000000000000000000000000000000000000000000000000000000, target: 0x0000000000000000000000000000000000000000000000000000000000000000, expectedRevision: 0, salt: 0x0000000000000000000000000000000000000000000000000000000000000000 }), Action({ kind: 3, typeId: 0x0000000000000000000000000000000000000000000000000000000000000000, bodyHashOrRecordId: 0x0000000000000000000000000000000000000000000000000000000000000000, purpose: 0x07167a05890e9fcaccbdf11abbb65a3aa14bccfe41825ce441803003862ce5df, subject: 0xf38a5ee5db5fec548416dac4db004d588b5fc06503ad270978d9d8f08e9b64a5, role: 0x0000000000000000000000000000000000000000000000000000000000000000, target: 0x64d7f731269ba262ea51040deb55dda723657338fcd72279dfc3756e73f53375, expectedRevision: 1, salt: 0x0000000000000000000000000000000000000000000000000000000000000000 })]) [staticcall]
    │   ├─ [441] TypeRegistry::epoch() [staticcall]
    │   │   └─ ← [Return] 8
    │   ├─ [1154] TypeRegistry::typeInfo(0x2db40fc5c9f87fff9029aba18f5e7a0bf1ffaee89f584eb521b7395c0d57ea21) [staticcall]
    │   │   └─ ← [Return] true, QuoteAcceptor: [0x212224D2F2d262cd093eE13240ca4873fcCBbA3C], 0xa7499e4b804d8895cefb1463a08dee2517de9717eaba15d470e841cd00367fff, 0x0000000000000000000000000000000000000000, 0x0000000000000000000000000000000000000000000000000000000000000000, 1, 1
    │   └─ ← [Return] 0x27c4b27f2a80612b8349140160135b1a3d706a892faa2070ed01fff483a91981
    ├─ [1272] Ledger::indexObligations() [staticcall]
    │   └─ ← [Return] 0x198a8c3d2513950024fade14c5735abfaafdd906f7f8f6e9cf84d9c790ea7789
    ├─ [2244] Ledger::intentDigest(Intent({ realmId: 0x684016e05741dc9d511ff3520a16e1da90a35be14b76f9e12ef0287b9beae39f, coreCodeCommitment: 0x8d8515f6c3bcfe36ad7422c67ece284c215a5b79e1ee2cc5afdd3f63d7cddcbe, author: 0xe05fcC23807536bEe418f142D19fa0d21BB0cfF7, nonce: 1, deadline: 1700003600 [1.7e9], acceptanceProfile: 0x27c4b27f2a80612b8349140160135b1a3d706a892faa2070ed01fff483a91981, indexObligations: 0x198a8c3d2513950024fade14c5735abfaafdd906f7f8f6e9cf84d9c790ea7789 }), 0x0e7fc757fe2f23d26bc570d71b2b93aeff49dda67b92adc14736e10ef47ec0f3) [staticcall]
    │   └─ ← [Return] 0xd7315933bb28942cada9ccd3ec8ad3c999b6c0e95e9620cb711aa49710ac42aa
    ├─ [0] VM::sign("<pk>", 0xd7315933bb28942cada9ccd3ec8ad3c999b6c0e95e9620cb711aa49710ac42aa) [staticcall]
    │   └─ ← [Return] 27, 0x28f4db7c8c7882834a2f8edcfb723cf2beb8308d666913950a529c82aa6a1352, 0x45a8a4ccb4b136fd63c40707b3084ad295cc7fb062cca9a1e7f8b3bfb92ceb85
    ├─ [541677] Ledger::executeSigned(Intent({ realmId: 0x684016e05741dc9d511ff3520a16e1da90a35be14b76f9e12ef0287b9beae39f, coreCodeCommitment: 0x8d8515f6c3bcfe36ad7422c67ece284c215a5b79e1ee2cc5afdd3f63d7cddcbe, author: 0xe05fcC23807536bEe418f142D19fa0d21BB0cfF7, nonce: 1, deadline: 1700003600 [1.7e9], acceptanceProfile: 0x27c4b27f2a80612b8349140160135b1a3d706a892faa2070ed01fff483a91981, indexObligations: 0x198a8c3d2513950024fade14c5735abfaafdd906f7f8f6e9cf84d9c790ea7789 }), [Action({ kind: 1, typeId: 0x2db40fc5c9f87fff9029aba18f5e7a0bf1ffaee89f584eb521b7395c0d57ea21, bodyHashOrRecordId: 0xa66176d11ba275a73932a6b1884a1dfef19440c0fc76d37ba68a539e65bfa1ba, purpose: 0x0000000000000000000000000000000000000000000000000000000000000000, subject: 0x0000000000000000000000000000000000000000000000000000000000000000, role: 0x0000000000000000000000000000000000000000000000000000000000000000, target: 0x0000000000000000000000000000000000000000000000000000000000000000, expectedRevision: 0, salt: 0x0000000000000000000000000000000000000000000000000000000000000000 }), Action({ kind: 3, typeId: 0x0000000000000000000000000000000000000000000000000000000000000000, bodyHashOrRecordId: 0x0000000000000000000000000000000000000000000000000000000000000000, purpose: 0x07167a05890e9fcaccbdf11abbb65a3aa14bccfe41825ce441803003862ce5df, subject: 0xf38a5ee5db5fec548416dac4db004d588b5fc06503ad270978d9d8f08e9b64a5, role: 0x0000000000000000000000000000000000000000000000000000000000000000, target: 0x64d7f731269ba262ea51040deb55dda723657338fcd72279dfc3756e73f53375, expectedRevision: 1, salt: 0x0000000000000000000000000000000000000000000000000000000000000000 })], [0x8a5c2dad2ae16fc84b82733f634dfb672bd79e90dce25bf0627089c548fe85310000000000000000000000000000000000000000000000000000000095217d800000000000000000000000000000000000000000000000000000000000000006000000000000000000000000000000000000000000000000000000006b49d200ea51e8c38c6dcf2d50a91e3db4784be38aeaf3728d1ef153b525df484e652345, 0x], 0x28f4db7c8c7882834a2f8edcfb723cf2beb8308d666913950a529c82aa6a135245a8a4ccb4b136fd63c40707b3084ad295cc7fb062cca9a1e7f8b3bfb92ceb851b)
    │   ├─ [441] TypeRegistry::epoch() [staticcall]
    │   │   └─ ← [Return] 8
    │   ├─ [1154] TypeRegistry::typeInfo(0x2db40fc5c9f87fff9029aba18f5e7a0bf1ffaee89f584eb521b7395c0d57ea21) [staticcall]
    │   │   └─ ← [Return] true, QuoteAcceptor: [0x212224D2F2d262cd093eE13240ca4873fcCBbA3C], 0xa7499e4b804d8895cefb1463a08dee2517de9717eaba15d470e841cd00367fff, 0x0000000000000000000000000000000000000000, 0x0000000000000000000000000000000000000000000000000000000000000000, 1, 1
    │   ├─ [3000] PRECOMPILES::ecrecover(0xd7315933bb28942cada9ccd3ec8ad3c999b6c0e95e9620cb711aa49710ac42aa, 27, 18525139467413210867882826948906531348062280998234340856406121334043312788306, 31507554264387257558530153093946643964566592928269414207268672013515356957573) [staticcall]
    │   │   └─ ← [Return] 0xe05fcC23807536bEe418f142D19fa0d21BB0cfF7
    │   ├─ [1154] TypeRegistry::typeInfo(0x2db40fc5c9f87fff9029aba18f5e7a0bf1ffaee89f584eb521b7395c0d57ea21) [staticcall]
    │   │   └─ ← [Return] true, QuoteAcceptor: [0x212224D2F2d262cd093eE13240ca4873fcCBbA3C], 0xa7499e4b804d8895cefb1463a08dee2517de9717eaba15d470e841cd00367fff, 0x0000000000000000000000000000000000000000, 0x0000000000000000000000000000000000000000000000000000000000000000, 1, 1
    │   ├─ [1038] TypeRegistry::refTypes(0x2db40fc5c9f87fff9029aba18f5e7a0bf1ffaee89f584eb521b7395c0d57ea21) [staticcall]
    │   │   └─ ← [Return] [0x98f15a281c3cdd9d4aabe4708ae98ab46688ebb588db2876ee56d2c9413ed691]
    │   ├─ [998] QuoteAcceptor::accept(0x2db40fc5c9f87fff9029aba18f5e7a0bf1ffaee89f584eb521b7395c0d57ea21, 0x8a5c2dad2ae16fc84b82733f634dfb672bd79e90dce25bf0627089c548fe85310000000000000000000000000000000000000000000000000000000095217d800000000000000000000000000000000000000000000000000000000000000006000000000000000000000000000000000000000000000000000000006b49d200ea51e8c38c6dcf2d50a91e3db4784be38aeaf3728d1ef153b525df484e652345, [0x8a5c2dad2ae16fc84b82733f634dfb672bd79e90dce25bf0627089c548fe8531]) [staticcall]
    │   │   └─ ← [Return] true
    │   ├─ emit Admitted(author: 0x000000000000000000000000e05fcc23807536bee418f142d19fa0d21bb0cff7, scope: 0x2db40fc5c9f87fff9029aba18f5e7a0bf1ffaee89f584eb521b7395c0d57ea21, recordId: 0x64d7f731269ba262ea51040deb55dda723657338fcd72279dfc3756e73f53375, admission: 9)
    │   ├─ [421] TypeRegistry::bindingRefType(0x07167a05890e9fcaccbdf11abbb65a3aa14bccfe41825ce441803003862ce5df, 0x0000000000000000000000000000000000000000000000000000000000000000) [staticcall]
    │   │   └─ ← [Return] 0x0000000000000000000000000000000000000000000000000000000000000000
    │   ├─ emit Admitted(author: 0x000000000000000000000000e05fcc23807536bee418f142d19fa0d21bb0cff7, scope: 0xd3ca2016fab275e3e54c75668977603dc0be5313a91cff6394ad3110dadc1054, recordId: 0x64d7f731269ba262ea51040deb55dda723657338fcd72279dfc3756e73f53375, admission: 10)
    │   ├─ [54286] IndexModule::onAdmission(3, [Effect({ kind: 1, admission: 9, author: 0x000000000000000000000000e05fcc23807536bee418f142d19fa0d21bb0cff7, recordId: 0x64d7f731269ba262ea51040deb55dda723657338fcd72279dfc3756e73f53375, typeId: 0x2db40fc5c9f87fff9029aba18f5e7a0bf1ffaee89f584eb521b7395c0d57ea21, scopeKey: 0x0000000000000000000000000000000000000000000000000000000000000000, bindingKey: 0x0000000000000000000000000000000000000000000000000000000000000000, bindingOrdinal: 0, target: 0x0000000000000000000000000000000000000000000000000000000000000000, oldTarget: 0x0000000000000000000000000000000000000000000000000000000000000000, freshBinding: false, oldLive: false }), Effect({ kind: 3, admission: 10, author: 0x000000000000000000000000e05fcc23807536bee418f142d19fa0d21bb0cff7, recordId: 0x64d7f731269ba262ea51040deb55dda723657338fcd72279dfc3756e73f53375, typeId: 0x2db40fc5c9f87fff9029aba18f5e7a0bf1ffaee89f584eb521b7395c0d57ea21, scopeKey: 0xd3ca2016fab275e3e54c75668977603dc0be5313a91cff6394ad3110dadc1054, bindingKey: 0xe3b433d16bd73e36cfc64a9a8527d5263f36c648ccd5018f16a29e74790027ab, bindingOrdinal: 1, target: 0x64d7f731269ba262ea51040deb55dda723657338fcd72279dfc3756e73f53375, oldTarget: 0x939cfd72923d10d615557ff0b6c7b19b5f259692e9a71fb6c5f9b5ce03046655, freshBinding: false, oldLive: true })])
    │   │   └─ ← [Stop]
    │   ├─ emit Published(publication: 3, publicationId: 0xed15b5971ef197b95954ed2ae0d4762597eedc8ec41a8e0acd1746bd4d0cd293, author: 0xe05fcC23807536bEe418f142D19fa0d21BB0cfF7, proofKind: 2, firstAdmission: 9, leafCount: 2)
    │   └─ ← [Return] 3, 9
    ├─ [717406] Actor::execute([Action({ kind: 1, typeId: 0x2db40fc5c9f87fff9029aba18f5e7a0bf1ffaee89f584eb521b7395c0d57ea21, bodyHashOrRecordId: 0x3cf5180eb11d3397248839a0c9b5b64520d2c86f311c3897cb949296a7ada229, purpose: 0x0000000000000000000000000000000000000000000000000000000000000000, subject: 0x0000000000000000000000000000000000000000000000000000000000000000, role: 0x0000000000000000000000000000000000000000000000000000000000000000, target: 0x0000000000000000000000000000000000000000000000000000000000000000, expectedRevision: 0, salt: 0x0000000000000000000000000000000000000000000000000000000000000000 }), Action({ kind: 3, typeId: 0x0000000000000000000000000000000000000000000000000000000000000000, bodyHashOrRecordId: 0x0000000000000000000000000000000000000000000000000000000000000000, purpose: 0x07167a05890e9fcaccbdf11abbb65a3aa14bccfe41825ce441803003862ce5df, subject: 0xf38a5ee5db5fec548416dac4db004d588b5fc06503ad270978d9d8f08e9b64a5, role: 0x0000000000000000000000000000000000000000000000000000000000000000, target: 0xa42ac61d9cc4911c885f309fe75c6f6d4981bb1a32736a15733053bab021d08d, expectedRevision: 0, salt: 0x0000000000000000000000000000000000000000000000000000000000000000 })], [0x8a5c2dad2ae16fc84b82733f634dfb672bd79e90dce25bf0627089c548fe85310000000000000000000000000000000000000000000000000000000095123b400000000000000000000000000000000000000000000000000000000000000006000000000000000000000000000000000000000000000000000000006b49d200ea51e8c38c6dcf2d50a91e3db4784be38aeaf3728d1ef153b525df484e652345, 0x])
    │   ├─ [2886] Ledger::nonces(Actor: [0x1d1499e622D69689cdf9004d05Ec547d650Ff211]) [staticcall]
    │   │   └─ ← [Return] 0
    │   ├─ [710883] Ledger::execute([Action({ kind: 1, typeId: 0x2db40fc5c9f87fff9029aba18f5e7a0bf1ffaee89f584eb521b7395c0d57ea21, bodyHashOrRecordId: 0x3cf5180eb11d3397248839a0c9b5b64520d2c86f311c3897cb949296a7ada229, purpose: 0x0000000000000000000000000000000000000000000000000000000000000000, subject: 0x0000000000000000000000000000000000000000000000000000000000000000, role: 0x0000000000000000000000000000000000000000000000000000000000000000, target: 0x0000000000000000000000000000000000000000000000000000000000000000, expectedRevision: 0, salt: 0x0000000000000000000000000000000000000000000000000000000000000000 }), Action({ kind: 3, typeId: 0x0000000000000000000000000000000000000000000000000000000000000000, bodyHashOrRecordId: 0x0000000000000000000000000000000000000000000000000000000000000000, purpose: 0x07167a05890e9fcaccbdf11abbb65a3aa14bccfe41825ce441803003862ce5df, subject: 0xf38a5ee5db5fec548416dac4db004d588b5fc06503ad270978d9d8f08e9b64a5, role: 0x0000000000000000000000000000000000000000000000000000000000000000, target: 0xa42ac61d9cc4911c885f309fe75c6f6d4981bb1a32736a15733053bab021d08d, expectedRevision: 0, salt: 0x0000000000000000000000000000000000000000000000000000000000000000 })], [0x8a5c2dad2ae16fc84b82733f634dfb672bd79e90dce25bf0627089c548fe85310000000000000000000000000000000000000000000000000000000095123b400000000000000000000000000000000000000000000000000000000000000006000000000000000000000000000000000000000000000000000000006b49d200ea51e8c38c6dcf2d50a91e3db4784be38aeaf3728d1ef153b525df484e652345, 0x], 0)
    │   │   ├─ [441] TypeRegistry::epoch() [staticcall]
    │   │   │   └─ ← [Return] 8
    │   │   ├─ [1154] TypeRegistry::typeInfo(0x2db40fc5c9f87fff9029aba18f5e7a0bf1ffaee89f584eb521b7395c0d57ea21) [staticcall]
    │   │   │   └─ ← [Return] true, QuoteAcceptor: [0x212224D2F2d262cd093eE13240ca4873fcCBbA3C], 0xa7499e4b804d8895cefb1463a08dee2517de9717eaba15d470e841cd00367fff, 0x0000000000000000000000000000000000000000, 0x0000000000000000000000000000000000000000000000000000000000000000, 1, 1
    │   │   ├─ [1154] TypeRegistry::typeInfo(0x2db40fc5c9f87fff9029aba18f5e7a0bf1ffaee89f584eb521b7395c0d57ea21) [staticcall]
    │   │   │   └─ ← [Return] true, QuoteAcceptor: [0x212224D2F2d262cd093eE13240ca4873fcCBbA3C], 0xa7499e4b804d8895cefb1463a08dee2517de9717eaba15d470e841cd00367fff, 0x0000000000000000000000000000000000000000, 0x0000000000000000000000000000000000000000000000000000000000000000, 1, 1
    │   │   ├─ [1038] TypeRegistry::refTypes(0x2db40fc5c9f87fff9029aba18f5e7a0bf1ffaee89f584eb521b7395c0d57ea21) [staticcall]
    │   │   │   └─ ← [Return] [0x98f15a281c3cdd9d4aabe4708ae98ab46688ebb588db2876ee56d2c9413ed691]
    │   │   ├─ [998] QuoteAcceptor::accept(0x2db40fc5c9f87fff9029aba18f5e7a0bf1ffaee89f584eb521b7395c0d57ea21, 0x8a5c2dad2ae16fc84b82733f634dfb672bd79e90dce25bf0627089c548fe85310000000000000000000000000000000000000000000000000000000095123b400000000000000000000000000000000000000000000000000000000000000006000000000000000000000000000000000000000000000000000000006b49d200ea51e8c38c6dcf2d50a91e3db4784be38aeaf3728d1ef153b525df484e652345, [0x8a5c2dad2ae16fc84b82733f634dfb672bd79e90dce25bf0627089c548fe8531]) [staticcall]
    │   │   │   └─ ← [Return] true
    │   │   ├─ emit Admitted(author: 0x48aca65bfcfce75562a73057d5712a492c1fa8dd41e69d33d9ae10be3cd496e5, scope: 0x2db40fc5c9f87fff9029aba18f5e7a0bf1ffaee89f584eb521b7395c0d57ea21, recordId: 0xa42ac61d9cc4911c885f309fe75c6f6d4981bb1a32736a15733053bab021d08d, admission: 11)
    │   │   ├─ [421] TypeRegistry::bindingRefType(0x07167a05890e9fcaccbdf11abbb65a3aa14bccfe41825ce441803003862ce5df, 0x0000000000000000000000000000000000000000000000000000000000000000) [staticcall]
    │   │   │   └─ ← [Return] 0x0000000000000000000000000000000000000000000000000000000000000000
    │   │   ├─ emit Admitted(author: 0x48aca65bfcfce75562a73057d5712a492c1fa8dd41e69d33d9ae10be3cd496e5, scope: 0xeb5019b8684198e974a6d68a23a0f196722da09db54c6126068a6e2963c874fa, recordId: 0xa42ac61d9cc4911c885f309fe75c6f6d4981bb1a32736a15733053bab021d08d, admission: 12)
    │   │   ├─ [186563] IndexModule::onAdmission(4, [Effect({ kind: 1, admission: 11, author: 0x48aca65bfcfce75562a73057d5712a492c1fa8dd41e69d33d9ae10be3cd496e5, recordId: 0xa42ac61d9cc4911c885f309fe75c6f6d4981bb1a32736a15733053bab021d08d, typeId: 0x2db40fc5c9f87fff9029aba18f5e7a0bf1ffaee89f584eb521b7395c0d57ea21, scopeKey: 0x0000000000000000000000000000000000000000000000000000000000000000, bindingKey: 0x0000000000000000000000000000000000000000000000000000000000000000, bindingOrdinal: 0, target: 0x0000000000000000000000000000000000000000000000000000000000000000, oldTarget: 0x0000000000000000000000000000000000000000000000000000000000000000, freshBinding: false, oldLive: false }), Effect({ kind: 3, admission: 12, author: 0x48aca65bfcfce75562a73057d5712a492c1fa8dd41e69d33d9ae10be3cd496e5, recordId: 0xa42ac61d9cc4911c885f309fe75c6f6d4981bb1a32736a15733053bab021d08d, typeId: 0x2db40fc5c9f87fff9029aba18f5e7a0bf1ffaee89f584eb521b7395c0d57ea21, scopeKey: 0xeb5019b8684198e974a6d68a23a0f196722da09db54c6126068a6e2963c874fa, bindingKey: 0x568ceaf06d0e2e302dad114073defd1b892eca52432307e8f86397ab453e00f0, bindingOrdinal: 4, target: 0xa42ac61d9cc4911c885f309fe75c6f6d4981bb1a32736a15733053bab021d08d, oldTarget: 0x0000000000000000000000000000000000000000000000000000000000000000, freshBinding: true, oldLive: false })])
    │   │   │   └─ ← [Stop]
    │   │   ├─ emit Published(publication: 4, publicationId: 0x7b3d70109469d6bc4f803528349ac37e3fb3dc3cadf7555268bdb91103844eb2, author: Actor: [0x1d1499e622D69689cdf9004d05Ec547d650Ff211], proofKind: 1, firstAdmission: 11, leafCount: 2)
    │   │   └─ ← [Return] 4, 11
    │   └─ ← [Return] 4, 11
    ├─ [866] Ledger::counts() [staticcall]
    │   └─ ← [Return] 12, 6, 4, 4
    ├─ [5421] Ledger::evidence(4) [staticcall]
    │   └─ ← [Return] Actor: [0x1d1499e622D69689cdf9004d05Ec547d650Ff211], 1, 0, 2, 11, 0x0000000000000000000000000000000000000000000000000000000000000000, 0x0000000000000000000000000000000000000000000000000000000000000000, 0, 0, 1, 0x27c4b27f2a80612b8349140160135b1a3d706a892faa2070ed01fff483a91981, 0x198a8c3d2513950024fade14c5735abfaafdd906f7f8f6e9cf84d9c790ea7789, 0x3da89c6aa22f45a73922113422779ba013a1002c6b8df9117beec4f5eb23ac8b
    ├─ [1421] Ledger::evidence(3) [staticcall]
    │   └─ ← [Return] 0xe05fcC23807536bEe418f142D19fa0d21BB0cfF7, 2, 27, 2, 9, 0x28f4db7c8c7882834a2f8edcfb723cf2beb8308d666913950a529c82aa6a1352, 0x45a8a4ccb4b136fd63c40707b3084ad295cc7fb062cca9a1e7f8b3bfb92ceb85, 1, 1700003600 [1.7e9], 1, 0x27c4b27f2a80612b8349140160135b1a3d706a892faa2070ed01fff483a91981, 0x198a8c3d2513950024fade14c5735abfaafdd906f7f8f6e9cf84d9c790ea7789, 0x0e7fc757fe2f23d26bc570d71b2b93aeff49dda67b92adc14736e10ef47ec0f3
    ├─ [417] FaultyReads::CURSOR_GENERATION_MISMATCH() [staticcall]
    │   └─ ← [Return] 18
    ├─ [747] FaultyReads::CURSOR_EPOCH_MISMATCH() [staticcall]
    │   └─ ← [Return] 19
    ├─ [791] FaultyReads::CURSOR_CORE_MISMATCH() [staticcall]
    │   └─ ← [Return] 20
    ├─ [175] FaultyReads::CURSOR_SCOPE_MISMATCH() [staticcall]
    │   └─ ← [Return] 21
    ├─ [681] FaultyReads::CURSOR_LENS_MISMATCH() [staticcall]
    │   └─ ← [Return] 22
    ├─ [25311] FaultyReads::fault(18, 0x0000000000000000000000000000000000000000000000000000000000000000)
    │   └─ ← [Return]
    ├─ [135318] JoinedConsumer::paidList([0xe05fcC23807536bEe418f142D19fa0d21BB0cfF7, 0x1d1499e622D69689cdf9004d05Ec547d650Ff211], Expect({ subject: 0xf38a5ee5db5fec548416dac4db004d588b5fc06503ad270978d9d8f08e9b64a5, expectedHead: 0x64d7f731269ba262ea51040deb55dda723657338fcd72279dfc3756e73f53375, selectedAuthor: 0xe05fcC23807536bEe418f142D19fa0d21BB0cfF7, selectedProofKind: 2, pairId: 0x8a5c2dad2ae16fc84b82733f634dfb672bd79e90dce25bf0627089c548fe8531, itemA: 0xdcee1a18e773c4e23c675382b23918d0771ae6ff0a7f2c22d3e7298744331825, itemB: 0x22ad273e9b5cb707fadf826bf174c50a895a558924cc7ff0cca702bffbc6c4a2, mantissa: 2502000000 [2.502e9], scale: 6, observedAt: 1800000000 [1.8e9], noteCommitment: 0xea51e8c38c6dcf2d50a91e3db4784be38aeaf3728d1ef153b525df484e652345, basisAdmission: 12 }), PlacementExpect({ folder: 0x6b8f0ae148ccfbd232f2f5088f5758ca8158d5a69aaabdc7fd072cbf75be2dc9, nameRole: 0xc7c63b8bafc33aa5221fea52672881776f7b9d1aa8eebc29f8c758178230dd1a, actor: 0xe05fcC23807536bEe418f142D19fa0d21BB0cfF7, proofKind: 2, publication: 2, budget: 16 }))
    │   ├─ [48237] FaultyReads::list([0xe05fcC23807536bEe418f142D19fa0d21BB0cfF7, 0x1d1499e622D69689cdf9004d05Ec547d650Ff211], 0x58de23804076d1b785b7479ab38fe6ada246e62164776702f51a1c48ef98cf99, 0x6b8f0ae148ccfbd232f2f5088f5758ca8158d5a69aaabdc7fd072cbf75be2dc9, Cursor({ basisAdmission: 0, indexGeneration: 0, rulesEpoch: 0, coreCodeCommitment: 0x0000000000000000000000000000000000000000000000000000000000000000, scopeKey: 0x0000000000000000000000000000000000000000000000000000000000000000, lensHash: 0x0000000000000000000000000000000000000000000000000000000000000000, position: 0x0000000000000000000000000000000000000000000000000000000000000000, lensIndex: 0, rawIndex: 0, selectedSoFar: 0 }), 16) [staticcall]
    │   │   ├─ [39117] LensReader::list([0xe05fcC23807536bEe418f142D19fa0d21BB0cfF7, 0x1d1499e622D69689cdf9004d05Ec547d650Ff211], 0x58de23804076d1b785b7479ab38fe6ada246e62164776702f51a1c48ef98cf99, 0x6b8f0ae148ccfbd232f2f5088f5758ca8158d5a69aaabdc7fd072cbf75be2dc9, Cursor({ basisAdmission: 0, indexGeneration: 0, rulesEpoch: 0, coreCodeCommitment: 0x0000000000000000000000000000000000000000000000000000000000000000, scopeKey: 0x0000000000000000000000000000000000000000000000000000000000000000, lensHash: 0x0000000000000000000000000000000000000000000000000000000000000000, position: 0x0000000000000000000000000000000000000000000000000000000000000000, lensIndex: 0, rawIndex: 0, selectedSoFar: 0 }), 16) [staticcall]
    │   │   │   ├─ [345] IndexModule::generation() [staticcall]
    │   │   │   │   └─ ← [Return] 0
    │   │   │   ├─ [592] Ledger::registry() [staticcall]
    │   │   │   │   └─ ← [Return] TypeRegistry: [0x5615dEB798BB3E4dFa0139dFa1b3D433Cc23b72f]
    │   │   │   ├─ [441] TypeRegistry::epoch() [staticcall]
    │   │   │   │   └─ ← [Return] 8
    │   │   │   ├─ [866] Ledger::counts() [staticcall]
    │   │   │   │   └─ ← [Return] 12, 6, 4, 4
    │   │   │   ├─ [148] IndexModule::FAMILY_SCOPE() [staticcall]
    │   │   │   │   └─ ← [Return] 0x1fd035d41e55e585706a270bca0fa36d150e1cc27de3a1b40654d1835f64287e
    │   │   │   ├─ [4588] IndexModule::coverage(0x1fd035d41e55e585706a270bca0fa36d150e1cc27de3a1b40654d1835f64287e, 0x48d09c719bfb734f386c88861cf2b7dfc460a3329c58b6d7438102936454d395) [staticcall]
    │   │   │   │   ├─ [866] Ledger::counts() [staticcall]
    │   │   │   │   │   └─ ← [Return] 12, 6, 4, 4
    │   │   │   │   └─ ← [Return] 2, 1, 12
    │   │   │   ├─ [598] IndexModule::postingHead(0x0d84f2ca6d74f8f5be8a9f8a7839f8aa76079bc797802e71515fb03f3af0aeab) [staticcall]
    │   │   │   │   └─ ← [Return] 1, 1, 2, 1
    │   │   │   ├─ [2598] IndexModule::postingHead(0xf175fbb2b1a45e34a39c5fe989cf4e4fc57aaa53d1e4ff0e4e8b6ddd63b276f7) [staticcall]
    │   │   │   │   └─ ← [Return] 0, 0, 0, 0
    │   │   │   ├─ [598] IndexModule::postingHead(0x0d84f2ca6d74f8f5be8a9f8a7839f8aa76079bc797802e71515fb03f3af0aeab) [staticcall]
    │   │   │   │   └─ ← [Return] 1, 1, 2, 1
    │   │   │   ├─ [1035] IndexModule::postingAt(0x0d84f2ca6d74f8f5be8a9f8a7839f8aa76079bc797802e71515fb03f3af0aeab, 0) [staticcall]
    │   │   │   │   └─ ← [Return] 2
    │   │   │   ├─ [516] Ledger::bindingPosition(2) [staticcall]
    │   │   │   │   └─ ← [Return] 0x0ab270965ac71109062250c3555b016b9d24fd1adb8b8396802562de872bca1b
    │   │   │   ├─ [1548] Ledger::head(0x29508140ed11e00d75e205718444b4113acbf972f7a05504f874edbf99694dbe) [staticcall]
    │   │   │   │   └─ ← [Return] 1, 1, 7, 0, 2, 0xf38a5ee5db5fec548416dac4db004d588b5fc06503ad270978d9d8f08e9b64a5
    │   │   │   ├─ [598] IndexModule::postingHead(0xf175fbb2b1a45e34a39c5fe989cf4e4fc57aaa53d1e4ff0e4e8b6ddd63b276f7) [staticcall]
    │   │   │   │   └─ ← [Return] 0, 0, 0, 0
    │   │   │   └─ ← [Return] Page({ items: [Entry({ position: 0x0ab270965ac71109062250c3555b016b9d24fd1adb8b8396802562de872bca1b, author: 0xe05fcC23807536bEe418f142D19fa0d21BB0cfF7, target: 0xf38a5ee5db5fec548416dac4db004d588b5fc06503ad270978d9d8f08e9b64a5, revision: 1, admission: 7 })], scanned: 1, hydrations: 1, rawTotal: 1, selectedSoFar: 1, status: 2, mutated: false, next: Cursor({ basisAdmission: 12, indexGeneration: 0, rulesEpoch: 8, coreCodeCommitment: 0x8d8515f6c3bcfe36ad7422c67ece284c215a5b79e1ee2cc5afdd3f63d7cddcbe, scopeKey: 0x48d09c719bfb734f386c88861cf2b7dfc460a3329c58b6d7438102936454d395, lensHash: 0x231eaa597c6356d346ccbffe850e7f85e5f3df1b36d43ccd6b8ae8e8e0c6f15c, position: 0x0ab270965ac71109062250c3555b016b9d24fd1adb8b8396802562de872bca1b, lensIndex: 2, rawIndex: 0, selectedSoFar: 1 }) })
    │   │   └─ ← [Return] Page({ items: [Entry({ position: 0x0ab270965ac71109062250c3555b016b9d24fd1adb8b8396802562de872bca1b, author: 0xe05fcC23807536bEe418f142D19fa0d21BB0cfF7, target: 0xf38a5ee5db5fec548416dac4db004d588b5fc06503ad270978d9d8f08e9b64a5, revision: 1, admission: 7 })], scanned: 1, hydrations: 1, rawTotal: 1, selectedSoFar: 1, status: 2, mutated: false, next: Cursor({ basisAdmission: 12, indexGeneration: 1, rulesEpoch: 8, coreCodeCommitment: 0x8d8515f6c3bcfe36ad7422c67ece284c215a5b79e1ee2cc5afdd3f63d7cddcbe, scopeKey: 0x48d09c719bfb734f386c88861cf2b7dfc460a3329c58b6d7438102936454d395, lensHash: 0x231eaa597c6356d346ccbffe850e7f85e5f3df1b36d43ccd6b8ae8e8e0c6f15c, position: 0x0ab270965ac71109062250c3555b016b9d24fd1adb8b8396802562de872bca1b, lensIndex: 2, rawIndex: 0, selectedSoFar: 1 }) })
    │   ├─ [1311] FaultyReads::positionCell(0x0ab270965ac71109062250c3555b016b9d24fd1adb8b8396802562de872bca1b) [staticcall]
    │   │   ├─ [622] Ledger::positionCell(0x0ab270965ac71109062250c3555b016b9d24fd1adb8b8396802562de872bca1b) [staticcall]
    │   │   │   └─ ← [Return] 0x58de23804076d1b785b7479ab38fe6ada246e62164776702f51a1c48ef98cf99, 0x6b8f0ae148ccfbd232f2f5088f5758ca8158d5a69aaabdc7fd072cbf75be2dc9, 0xc7c63b8bafc33aa5221fea52672881776f7b9d1aa8eebc29f8c758178230dd1a
    │   │   └─ ← [Return] 0x58de23804076d1b785b7479ab38fe6ada246e62164776702f51a1c48ef98cf99, 0x6b8f0ae148ccfbd232f2f5088f5758ca8158d5a69aaabdc7fd072cbf75be2dc9, 0xc7c63b8bafc33aa5221fea52672881776f7b9d1aa8eebc29f8c758178230dd1a
    │   ├─ [5212] FaultyReads::admission(7) [staticcall]
    │   │   ├─ [3265] Ledger::admission(7) [staticcall]
    │   │   │   └─ ← [Return] 3, 3, 2, 2, 0, false, 0xf38a5ee5db5fec548416dac4db004d588b5fc06503ad270978d9d8f08e9b64a5, 0x0000000000000000000000000000000000000000000000000000000000000000
    │   │   └─ ← [Return] 3, 3, 2, 2, 0, false, 0xf38a5ee5db5fec548416dac4db004d588b5fc06503ad270978d9d8f08e9b64a5, 0x0000000000000000000000000000000000000000000000000000000000000000
    │   ├─ [2438] FaultyReads::evidence(2) [staticcall]
    │   │   ├─ [1421] Ledger::evidence(2) [staticcall]
    │   │   │   └─ ← [Return] 0xe05fcC23807536bEe418f142D19fa0d21BB0cfF7, 2, 27, 5, 4, 0xcb6d7e75ab60dbd3cae6faaef572cd4581c4900fc45a323641421a2ed57d151a, 0x53bbcf248f10670c094e8047888def3be26823fa55fed68c338f33a0dd08edca, 0, 1700003600 [1.7e9], 1, 0x27c4b27f2a80612b8349140160135b1a3d706a892faa2070ed01fff483a91981, 0x198a8c3d2513950024fade14c5735abfaafdd906f7f8f6e9cf84d9c790ea7789, 0x30c303461ab5b4048d0b87a7232e523cbbdab8e5926abe9e0f6d0adcab830dd9
    │   │   └─ ← [Return] 0xe05fcC23807536bEe418f142D19fa0d21BB0cfF7, 2, 27, 5, 4, 0xcb6d7e75ab60dbd3cae6faaef572cd4581c4900fc45a323641421a2ed57d151a, 0x53bbcf248f10670c094e8047888def3be26823fa55fed68c338f33a0dd08edca, 0, 1700003600 [1.7e9], 1, 0x27c4b27f2a80612b8349140160135b1a3d706a892faa2070ed01fff483a91981, 0x198a8c3d2513950024fade14c5735abfaafdd906f7f8f6e9cf84d9c790ea7789, 0x30c303461ab5b4048d0b87a7232e523cbbdab8e5926abe9e0f6d0adcab830dd9
    │   ├─ [2344] FaultyReads::counts() [staticcall]
    │   │   ├─ [866] Ledger::counts() [staticcall]
    │   │   │   └─ ← [Return] 12, 6, 4, 4
    │   │   └─ ← [Return] 12, 6, 4, 4
    │   ├─ [1059] FaultyReads::index() [staticcall]
    │   │   ├─ [256] LensReader::index() [staticcall]
    │   │   │   └─ ← [Return] IndexModule: [0x5991A2dF15A8F6A256D3Ec51E99254Cd3fb576A9]
    │   │   └─ ← [Return] IndexModule: [0x5991A2dF15A8F6A256D3Ec51E99254Cd3fb576A9]
    │   ├─ [345] IndexModule::generation() [staticcall]
    │   │   └─ ← [Return] 0
    │   ├─ [1549] FaultyReads::registry() [staticcall]
    │   │   ├─ [592] Ledger::registry() [staticcall]
    │   │   │   └─ ← [Return] TypeRegistry: [0x5615dEB798BB3E4dFa0139dFa1b3D433Cc23b72f]
    │   │   └─ ← [Return] TypeRegistry: [0x5615dEB798BB3E4dFa0139dFa1b3D433Cc23b72f]
    │   ├─ [441] TypeRegistry::epoch() [staticcall]
    │   │   └─ ← [Return] 8
    │   ├─ [6663] FaultyReads::resolve([0xe05fcC23807536bEe418f142D19fa0d21BB0cfF7, 0x1d1499e622D69689cdf9004d05Ec547d650Ff211], 0x07167a05890e9fcaccbdf11abbb65a3aa14bccfe41825ce441803003862ce5df, 0xf38a5ee5db5fec548416dac4db004d588b5fc06503ad270978d9d8f08e9b64a5, 0x0000000000000000000000000000000000000000000000000000000000000000) [staticcall]
    │   │   ├─ [4584] LensReader::resolve([0xe05fcC23807536bEe418f142D19fa0d21BB0cfF7, 0x1d1499e622D69689cdf9004d05Ec547d650Ff211], 0x07167a05890e9fcaccbdf11abbb65a3aa14bccfe41825ce441803003862ce5df, 0xf38a5ee5db5fec548416dac4db004d588b5fc06503ad270978d9d8f08e9b64a5, 0x0000000000000000000000000000000000000000000000000000000000000000) [staticcall]
    │   │   │   ├─ [1548] Ledger::head(0xe3b433d16bd73e36cfc64a9a8527d5263f36c648ccd5018f16a29e74790027ab) [staticcall]
    │   │   │   │   └─ ← [Return] 1, 2, 10, 6, 1, 0x64d7f731269ba262ea51040deb55dda723657338fcd72279dfc3756e73f53375
    │   │   │   └─ ← [Return] 1, 0x64d7f731269ba262ea51040deb55dda723657338fcd72279dfc3756e73f53375, 2, 0xe05fcC23807536bEe418f142D19fa0d21BB0cfF7, 10
    │   │   └─ ← [Return] 1, 0x64d7f731269ba262ea51040deb55dda723657338fcd72279dfc3756e73f53375, 2, 0xe05fcC23807536bEe418f142D19fa0d21BB0cfF7, 10
    │   ├─ [5212] FaultyReads::admission(10) [staticcall]
    │   │   ├─ [3265] Ledger::admission(10) [staticcall]
    │   │   │   └─ ← [Return] 3, 1, 3, 1, 1, false, 0x64d7f731269ba262ea51040deb55dda723657338fcd72279dfc3756e73f53375, 0x0000000000000000000000000000000000000000000000000000000000000000
    │   │   └─ ← [Return] 3, 1, 3, 1, 1, false, 0x64d7f731269ba262ea51040deb55dda723657338fcd72279dfc3756e73f53375, 0x0000000000000000000000000000000000000000000000000000000000000000
    │   ├─ [2438] FaultyReads::evidence(3) [staticcall]
    │   │   ├─ [1421] Ledger::evidence(3) [staticcall]
    │   │   │   └─ ← [Return] 0xe05fcC23807536bEe418f142D19fa0d21BB0cfF7, 2, 27, 2, 9, 0x28f4db7c8c7882834a2f8edcfb723cf2beb8308d666913950a529c82aa6a1352, 0x45a8a4ccb4b136fd63c40707b3084ad295cc7fb062cca9a1e7f8b3bfb92ceb85, 1, 1700003600 [1.7e9], 1, 0x27c4b27f2a80612b8349140160135b1a3d706a892faa2070ed01fff483a91981, 0x198a8c3d2513950024fade14c5735abfaafdd906f7f8f6e9cf84d9c790ea7789, 0x0e7fc757fe2f23d26bc570d71b2b93aeff49dda67b92adc14736e10ef47ec0f3
    │   │   └─ ← [Return] 0xe05fcC23807536bEe418f142D19fa0d21BB0cfF7, 2, 27, 2, 9, 0x28f4db7c8c7882834a2f8edcfb723cf2beb8308d666913950a529c82aa6a1352, 0x45a8a4ccb4b136fd63c40707b3084ad295cc7fb062cca9a1e7f8b3bfb92ceb85, 1, 1700003600 [1.7e9], 1, 0x27c4b27f2a80612b8349140160135b1a3d706a892faa2070ed01fff483a91981, 0x198a8c3d2513950024fade14c5735abfaafdd906f7f8f6e9cf84d9c790ea7789, 0x0e7fc757fe2f23d26bc570d71b2b93aeff49dda67b92adc14736e10ef47ec0f3
    │   ├─ [5481] FaultyReads::record(0x64d7f731269ba262ea51040deb55dda723657338fcd72279dfc3756e73f53375) [staticcall]
    │   │   ├─ [3245] Ledger::record(0x64d7f731269ba262ea51040deb55dda723657338fcd72279dfc3756e73f53375) [staticcall]
    │   │   │   └─ ← [Return] 0x2db40fc5c9f87fff9029aba18f5e7a0bf1ffaee89f584eb521b7395c0d57ea21, 9, 1, 0x8a5c2dad2ae16fc84b82733f634dfb672bd79e90dce25bf0627089c548fe85310000000000000000000000000000000000000000000000000000000095217d800000000000000000000000000000000000000000000000000000000000000006000000000000000000000000000000000000000000000000000000006b49d200ea51e8c38c6dcf2d50a91e3db4784be38aeaf3728d1ef153b525df484e652345
    │   │   └─ ← [Return] 0x2db40fc5c9f87fff9029aba18f5e7a0bf1ffaee89f584eb521b7395c0d57ea21, 9, 1, 0x8a5c2dad2ae16fc84b82733f634dfb672bd79e90dce25bf0627089c548fe85310000000000000000000000000000000000000000000000000000000095217d800000000000000000000000000000000000000000000000000000000000000006000000000000000000000000000000000000000000000000000000006b49d200ea51e8c38c6dcf2d50a91e3db4784be38aeaf3728d1ef153b525df484e652345
    │   ├─ [4835] FaultyReads::record(0x8a5c2dad2ae16fc84b82733f634dfb672bd79e90dce25bf0627089c548fe8531) [staticcall]
    │   │   ├─ [2635] Ledger::record(0x8a5c2dad2ae16fc84b82733f634dfb672bd79e90dce25bf0627089c548fe8531) [staticcall]
    │   │   │   └─ ← [Return] 0x98f15a281c3cdd9d4aabe4708ae98ab46688ebb588db2876ee56d2c9413ed691, 3, 1, 0xdcee1a18e773c4e23c675382b23918d0771ae6ff0a7f2c22d3e729874433182522ad273e9b5cb707fadf826bf174c50a895a558924cc7ff0cca702bffbc6c4a20000000000000000000000000000000000000000000000000000000000000001
    │   │   └─ ← [Return] 0x98f15a281c3cdd9d4aabe4708ae98ab46688ebb588db2876ee56d2c9413ed691, 3, 1, 0xdcee1a18e773c4e23c675382b23918d0771ae6ff0a7f2c22d3e729874433182522ad273e9b5cb707fadf826bf174c50a895a558924cc7ff0cca702bffbc6c4a20000000000000000000000000000000000000000000000000000000000000001
    │   ├─ [4188] FaultyReads::record(0xdcee1a18e773c4e23c675382b23918d0771ae6ff0a7f2c22d3e7298744331825) [staticcall]
    │   │   ├─ [2025] Ledger::record(0xdcee1a18e773c4e23c675382b23918d0771ae6ff0a7f2c22d3e7298744331825) [staticcall]
    │   │   │   └─ ← [Return] 0x589d5624cb9167094eb8ee549683bdadc765c77ed4f894308dd376bbebc30019, 1, 1, 0x0000000000000000000000000000000000000000000000000000000000000001
    │   │   └─ ← [Return] 0x589d5624cb9167094eb8ee549683bdadc765c77ed4f894308dd376bbebc30019, 1, 1, 0x0000000000000000000000000000000000000000000000000000000000000001
    │   ├─ [4188] FaultyReads::record(0x22ad273e9b5cb707fadf826bf174c50a895a558924cc7ff0cca702bffbc6c4a2) [staticcall]
    │   │   ├─ [2025] Ledger::record(0x22ad273e9b5cb707fadf826bf174c50a895a558924cc7ff0cca702bffbc6c4a2) [staticcall]
    │   │   │   └─ ← [Return] 0x589d5624cb9167094eb8ee549683bdadc765c77ed4f894308dd376bbebc30019, 2, 1, 0x0000000000000000000000000000000000000000000000000000000000000002
    │   │   └─ ← [Return] 0x589d5624cb9167094eb8ee549683bdadc765c77ed4f894308dd376bbebc30019, 2, 1, 0x0000000000000000000000000000000000000000000000000000000000000002
    │   ├─ emit PaidResult(kind: 0x532c9a0a9babacf328df74eb6900e58b5e8b592e147e652dc2a7ad70dd0879b5, commitment: 0x148361489eee9f574255c2cd7b44996e890dac4a897a6cc2fa06039c2752e4ca, selection: Selection({ basisAdmission: 12, indexGeneration: 0, rulesEpoch: 8, coreCodeCommitment: 0xc83aa86bb45ee30a8a370e9822039d90787b7ff737127a6ce91a89a72be25e9b, lensId: 0xef9da062af8ad41470d8063e9fb0d12e016db39f90029de6405d4971b8826dc6, subject: 0xf38a5ee5db5fec548416dac4db004d588b5fc06503ad270978d9d8f08e9b64a5, selectedHead: 0x64d7f731269ba262ea51040deb55dda723657338fcd72279dfc3756e73f53375, selectedRevision: 2, selectedAdmission: 10, selectedPublication: 3, selectedAuthor: 0xe05fcC23807536bEe418f142D19fa0d21BB0cfF7, selectedProofKind: 2, pairId: 0x8a5c2dad2ae16fc84b82733f634dfb672bd79e90dce25bf0627089c548fe8531, itemA: 0xdcee1a18e773c4e23c675382b23918d0771ae6ff0a7f2c22d3e7298744331825, itemB: 0x22ad273e9b5cb707fadf826bf174c50a895a558924cc7ff0cca702bffbc6c4a2, mantissa: 2502000000 [2.502e9], scale: 6, observedAt: 1800000000 [1.8e9], note: 0xea51e8c38c6dcf2d50a91e3db4784be38aeaf3728d1ef153b525df484e652345 }), placement: Placement({ position: 0x0ab270965ac71109062250c3555b016b9d24fd1adb8b8396802562de872bca1b, actor: 0xe05fcC23807536bEe418f142D19fa0d21BB0cfF7, proofKind: 2, revision: 1, admission: 7, publication: 2, basisAdmission: 12, pageStatus: 2, rawTotal: 1, scanned: 1, hydrations: 1, selectedSoFar: 1, mutated: false, ended: true }))
    │   └─ ← [Return] 0x148361489eee9f574255c2cd7b44996e890dac4a897a6cc2fa06039c2752e4ca, Selection({ basisAdmission: 12, indexGeneration: 0, rulesEpoch: 8, coreCodeCommitment: 0xc83aa86bb45ee30a8a370e9822039d90787b7ff737127a6ce91a89a72be25e9b, lensId: 0xef9da062af8ad41470d8063e9fb0d12e016db39f90029de6405d4971b8826dc6, subject: 0xf38a5ee5db5fec548416dac4db004d588b5fc06503ad270978d9d8f08e9b64a5, selectedHead: 0x64d7f731269ba262ea51040deb55dda723657338fcd72279dfc3756e73f53375, selectedRevision: 2, selectedAdmission: 10, selectedPublication: 3, selectedAuthor: 0xe05fcC23807536bEe418f142D19fa0d21BB0cfF7, selectedProofKind: 2, pairId: 0x8a5c2dad2ae16fc84b82733f634dfb672bd79e90dce25bf0627089c548fe8531, itemA: 0xdcee1a18e773c4e23c675382b23918d0771ae6ff0a7f2c22d3e7298744331825, itemB: 0x22ad273e9b5cb707fadf826bf174c50a895a558924cc7ff0cca702bffbc6c4a2, mantissa: 2502000000 [2.502e9], scale: 6, observedAt: 1800000000 [1.8e9], note: 0xea51e8c38c6dcf2d50a91e3db4784be38aeaf3728d1ef153b525df484e652345 }), Placement({ position: 0x0ab270965ac71109062250c3555b016b9d24fd1adb8b8396802562de872bca1b, actor: 0xe05fcC23807536bEe418f142D19fa0d21BB0cfF7, proofKind: 2, revision: 1, admission: 7, publication: 2, basisAdmission: 12, pageStatus: 2, rawTotal: 1, scanned: 1, hydrations: 1, selectedSoFar: 1, mutated: false, ended: true })
    └─ ← [Revert] list cursor context mismatch is refused

Backtrace:
  at JoinedConsumerTest.test_faulty_actual_reply_cursor_generation_epoch_core_scope_and_packed_lens_context_are_refused

[FAIL: A-first signed fixture evidence must be non-imported] test_faulty_actual_reply_imported_signed_and_native_publications_are_refused_as_local_fixture_evidence() (gas: 3922857)
Traces:
  [3922857] JoinedConsumerTest::test_faulty_actual_reply_imported_signed_and_native_publications_are_refused_as_local_fixture_evidence()
    ├─ [891393] Actor::execute([Action({ kind: 1, typeId: 0x589d5624cb9167094eb8ee549683bdadc765c77ed4f894308dd376bbebc30019, bodyHashOrRecordId: 0xb10e2d527612073b26eecdfd717e6a320cf44b4afac2b0732d9fcbe2b7fa0cf6, purpose: 0x0000000000000000000000000000000000000000000000000000000000000000, subject: 0x0000000000000000000000000000000000000000000000000000000000000000, role: 0x0000000000000000000000000000000000000000000000000000000000000000, target: 0x0000000000000000000000000000000000000000000000000000000000000000, expectedRevision: 0, salt: 0x0000000000000000000000000000000000000000000000000000000000000000 }), Action({ kind: 1, typeId: 0x589d5624cb9167094eb8ee549683bdadc765c77ed4f894308dd376bbebc30019, bodyHashOrRecordId: 0x405787fa12a823e0f2b7631cc41b3ba8828b3321ca811111fa75cd3aa3bb5ace, purpose: 0x0000000000000000000000000000000000000000000000000000000000000000, subject: 0x0000000000000000000000000000000000000000000000000000000000000000, role: 0x0000000000000000000000000000000000000000000000000000000000000000, target: 0x0000000000000000000000000000000000000000000000000000000000000000, expectedRevision: 0, salt: 0x0000000000000000000000000000000000000000000000000000000000000000 }), Action({ kind: 1, typeId: 0x98f15a281c3cdd9d4aabe4708ae98ab46688ebb588db2876ee56d2c9413ed691, bodyHashOrRecordId: 0xf5ecf0b3e8bbcba6b1c397f7dc2d1eb477cfc0906bae2c0851b77d85666de50e, purpose: 0x0000000000000000000000000000000000000000000000000000000000000000, subject: 0x0000000000000000000000000000000000000000000000000000000000000000, role: 0x0000000000000000000000000000000000000000000000000000000000000000, target: 0x0000000000000000000000000000000000000000000000000000000000000000, expectedRevision: 0, salt: 0x0000000000000000000000000000000000000000000000000000000000000000 })], [0x0000000000000000000000000000000000000000000000000000000000000001, 0x0000000000000000000000000000000000000000000000000000000000000002, 0xdcee1a18e773c4e23c675382b23918d0771ae6ff0a7f2c22d3e729874433182522ad273e9b5cb707fadf826bf174c50a895a558924cc7ff0cca702bffbc6c4a20000000000000000000000000000000000000000000000000000000000000001])
    │   ├─ [2886] Ledger::nonces(Actor: [0xa0Cb889707d426A7A386870A03bc70d1b0697598]) [staticcall]
    │   │   └─ ← [Return] 0
    │   ├─ [881620] Ledger::execute([Action({ kind: 1, typeId: 0x589d5624cb9167094eb8ee549683bdadc765c77ed4f894308dd376bbebc30019, bodyHashOrRecordId: 0xb10e2d527612073b26eecdfd717e6a320cf44b4afac2b0732d9fcbe2b7fa0cf6, purpose: 0x0000000000000000000000000000000000000000000000000000000000000000, subject: 0x0000000000000000000000000000000000000000000000000000000000000000, role: 0x0000000000000000000000000000000000000000000000000000000000000000, target: 0x0000000000000000000000000000000000000000000000000000000000000000, expectedRevision: 0, salt: 0x0000000000000000000000000000000000000000000000000000000000000000 }), Action({ kind: 1, typeId: 0x589d5624cb9167094eb8ee549683bdadc765c77ed4f894308dd376bbebc30019, bodyHashOrRecordId: 0x405787fa12a823e0f2b7631cc41b3ba8828b3321ca811111fa75cd3aa3bb5ace, purpose: 0x0000000000000000000000000000000000000000000000000000000000000000, subject: 0x0000000000000000000000000000000000000000000000000000000000000000, role: 0x0000000000000000000000000000000000000000000000000000000000000000, target: 0x0000000000000000000000000000000000000000000000000000000000000000, expectedRevision: 0, salt: 0x0000000000000000000000000000000000000000000000000000000000000000 }), Action({ kind: 1, typeId: 0x98f15a281c3cdd9d4aabe4708ae98ab46688ebb588db2876ee56d2c9413ed691, bodyHashOrRecordId: 0xf5ecf0b3e8bbcba6b1c397f7dc2d1eb477cfc0906bae2c0851b77d85666de50e, purpose: 0x0000000000000000000000000000000000000000000000000000000000000000, subject: 0x0000000000000000000000000000000000000000000000000000000000000000, role: 0x0000000000000000000000000000000000000000000000000000000000000000, target: 0x0000000000000000000000000000000000000000000000000000000000000000, expectedRevision: 0, salt: 0x0000000000000000000000000000000000000000000000000000000000000000 })], [0x0000000000000000000000000000000000000000000000000000000000000001, 0x0000000000000000000000000000000000000000000000000000000000000002, 0xdcee1a18e773c4e23c675382b23918d0771ae6ff0a7f2c22d3e729874433182522ad273e9b5cb707fadf826bf174c50a895a558924cc7ff0cca702bffbc6c4a20000000000000000000000000000000000000000000000000000000000000001], 0)
    │   │   ├─ [2441] TypeRegistry::epoch() [staticcall]
    │   │   │   └─ ← [Return] 8
    │   │   ├─ [9154] TypeRegistry::typeInfo(0x589d5624cb9167094eb8ee549683bdadc765c77ed4f894308dd376bbebc30019) [staticcall]
    │   │   │   └─ ← [Return] true, 0x0000000000000000000000000000000000000000, 0x0000000000000000000000000000000000000000000000000000000000000000, 0x0000000000000000000000000000000000000000, 0x0000000000000000000000000000000000000000000000000000000000000000, 0, 1
    │   │   ├─ [1154] TypeRegistry::typeInfo(0x589d5624cb9167094eb8ee549683bdadc765c77ed4f894308dd376bbebc30019) [staticcall]
    │   │   │   └─ ← [Return] true, 0x0000000000000000000000000000000000000000, 0x0000000000000000000000000000000000000000000000000000000000000000, 0x0000000000000000000000000000000000000000, 0x0000000000000000000000000000000000000000000000000000000000000000, 0, 1
    │   │   ├─ [9154] TypeRegistry::typeInfo(0x98f15a281c3cdd9d4aabe4708ae98ab46688ebb588db2876ee56d2c9413ed691) [staticcall]
    │   │   │   └─ ← [Return] true, MinBodyAcceptor: [0x15cF58144EF33af1e14b5208015d11F9143E27b9], 0x0f203846922aa3cb964edd7f1e28983ba9cecc624f10670a5a98ad81676a6ad9, MockAcceptor: [0x2e234DAe75C793f67A35089C9d99245E1C58470b], 0x7c1553f35948b2fd1af8aa8aa406670eda53327a8c7142ec78bc1e1534402168, 2, 2
    │   │   ├─ [1154] TypeRegistry::typeInfo(0x589d5624cb9167094eb8ee549683bdadc765c77ed4f894308dd376bbebc30019) [staticcall]
    │   │   │   └─ ← [Return] true, 0x0000000000000000000000000000000000000000, 0x0000000000000000000000000000000000000000000000000000000000000000, 0x0000000000000000000000000000000000000000, 0x0000000000000000000000000000000000000000000000000000000000000000, 0, 1
    │   │   ├─ emit Admitted(author: 0x48dacbce3fd7c9ac95afff5fd0afa396ad586efc33b7febdf55994386455ca80, scope: 0x589d5624cb9167094eb8ee549683bdadc765c77ed4f894308dd376bbebc30019, recordId: 0xdcee1a18e773c4e23c675382b23918d0771ae6ff0a7f2c22d3e7298744331825, admission: 1)
    │   │   ├─ [1154] TypeRegistry::typeInfo(0x589d5624cb9167094eb8ee549683bdadc765c77ed4f894308dd376bbebc30019) [staticcall]
    │   │   │   └─ ← [Return] true, 0x0000000000000000000000000000000000000000, 0x0000000000000000000000000000000000000000000000000000000000000000, 0x0000000000000000000000000000000000000000, 0x0000000000000000000000000000000000000000000000000000000000000000, 0, 1
    │   │   ├─ emit Admitted(author: 0x48dacbce3fd7c9ac95afff5fd0afa396ad586efc33b7febdf55994386455ca80, scope: 0x589d5624cb9167094eb8ee549683bdadc765c77ed4f894308dd376bbebc30019, recordId: 0x22ad273e9b5cb707fadf826bf174c50a895a558924cc7ff0cca702bffbc6c4a2, admission: 2)
    │   │   ├─ [1154] TypeRegistry::typeInfo(0x98f15a281c3cdd9d4aabe4708ae98ab46688ebb588db2876ee56d2c9413ed691) [staticcall]
    │   │   │   └─ ← [Return] true, MinBodyAcceptor: [0x15cF58144EF33af1e14b5208015d11F9143E27b9], 0x0f203846922aa3cb964edd7f1e28983ba9cecc624f10670a5a98ad81676a6ad9, MockAcceptor: [0x2e234DAe75C793f67A35089C9d99245E1C58470b], 0x7c1553f35948b2fd1af8aa8aa406670eda53327a8c7142ec78bc1e1534402168, 2, 2
    │   │   ├─ [7301] TypeRegistry::refTypes(0x98f15a281c3cdd9d4aabe4708ae98ab46688ebb588db2876ee56d2c9413ed691) [staticcall]
    │   │   │   └─ ← [Return] [0x589d5624cb9167094eb8ee549683bdadc765c77ed4f894308dd376bbebc30019, 0x589d5624cb9167094eb8ee549683bdadc765c77ed4f894308dd376bbebc30019]
    │   │   ├─ [447] MinBodyAcceptor::accept(0x98f15a281c3cdd9d4aabe4708ae98ab46688ebb588db2876ee56d2c9413ed691, 0xdcee1a18e773c4e23c675382b23918d0771ae6ff0a7f2c22d3e729874433182522ad273e9b5cb707fadf826bf174c50a895a558924cc7ff0cca702bffbc6c4a20000000000000000000000000000000000000000000000000000000000000001, [0xdcee1a18e773c4e23c675382b23918d0771ae6ff0a7f2c22d3e7298744331825, 0x22ad273e9b5cb707fadf826bf174c50a895a558924cc7ff0cca702bffbc6c4a2]) [staticcall]
    │   │   │   └─ ← [Return] true
    │   │   ├─ [4806] MockAcceptor::accept(0x98f15a281c3cdd9d4aabe4708ae98ab46688ebb588db2876ee56d2c9413ed691, 0xdcee1a18e773c4e23c675382b23918d0771ae6ff0a7f2c22d3e729874433182522ad273e9b5cb707fadf826bf174c50a895a558924cc7ff0cca702bffbc6c4a20000000000000000000000000000000000000000000000000000000000000001, [0xdcee1a18e773c4e23c675382b23918d0771ae6ff0a7f2c22d3e7298744331825, 0x22ad273e9b5cb707fadf826bf174c50a895a558924cc7ff0cca702bffbc6c4a2]) [staticcall]
    │   │   │   └─ ← [Return] true
    │   │   ├─ emit Admitted(author: 0x48dacbce3fd7c9ac95afff5fd0afa396ad586efc33b7febdf55994386455ca80, scope: 0x98f15a281c3cdd9d4aabe4708ae98ab46688ebb588db2876ee56d2c9413ed691, recordId: 0x8a5c2dad2ae16fc84b82733f634dfb672bd79e90dce25bf0627089c548fe8531, admission: 3)
    │   │   ├─ [166303] IndexModule::onAdmission(1, [Effect({ kind: 1, admission: 1, author: 0x48dacbce3fd7c9ac95afff5fd0afa396ad586efc33b7febdf55994386455ca80, recordId: 0xdcee1a18e773c4e23c675382b23918d0771ae6ff0a7f2c22d3e7298744331825, typeId: 0x589d5624cb9167094eb8ee549683bdadc765c77ed4f894308dd376bbebc30019, scopeKey: 0x0000000000000000000000000000000000000000000000000000000000000000, bindingKey: 0x0000000000000000000000000000000000000000000000000000000000000000, bindingOrdinal: 0, target: 0x0000000000000000000000000000000000000000000000000000000000000000, oldTarget: 0x0000000000000000000000000000000000000000000000000000000000000000, freshBinding: false, oldLive: false }), Effect({ kind: 1, admission: 2, author: 0x48dacbce3fd7c9ac95afff5fd0afa396ad586efc33b7febdf55994386455ca80, recordId: 0x22ad273e9b5cb707fadf826bf174c50a895a558924cc7ff0cca702bffbc6c4a2, typeId: 0x589d5624cb9167094eb8ee549683bdadc765c77ed4f894308dd376bbebc30019, scopeKey: 0x0000000000000000000000000000000000000000000000000000000000000000, bindingKey: 0x0000000000000000000000000000000000000000000000000000000000000000, bindingOrdinal: 0, target: 0x0000000000000000000000000000000000000000000000000000000000000000, oldTarget: 0x0000000000000000000000000000000000000000000000000000000000000000, freshBinding: false, oldLive: false }), Effect({ kind: 1, admission: 3, author: 0x48dacbce3fd7c9ac95afff5fd0afa396ad586efc33b7febdf55994386455ca80, recordId: 0x8a5c2dad2ae16fc84b82733f634dfb672bd79e90dce25bf0627089c548fe8531, typeId: 0x98f15a281c3cdd9d4aabe4708ae98ab46688ebb588db2876ee56d2c9413ed691, scopeKey: 0x0000000000000000000000000000000000000000000000000000000000000000, bindingKey: 0x0000000000000000000000000000000000000000000000000000000000000000, bindingOrdinal: 0, target: 0x0000000000000000000000000000000000000000000000000000000000000000, oldTarget: 0x0000000000000000000000000000000000000000000000000000000000000000, freshBinding: false, oldLive: false })])
    │   │   │   └─ ← [Stop]
    │   │   ├─ emit Published(publication: 1, publicationId: 0x144e9c035109391c28999747345d055a5ca82255e50b27a89c5f9b2c697ff3d4, author: Actor: [0xa0Cb889707d426A7A386870A03bc70d1b0697598], proofKind: 1, firstAdmission: 1, leafCount: 3)
    │   │   └─ ← [Return] 1, 1
    │   └─ ← [Return] 1, 1
    ├─ [2635] Ledger::record(0x8a5c2dad2ae16fc84b82733f634dfb672bd79e90dce25bf0627089c548fe8531) [staticcall]
    │   └─ ← [Return] 0x98f15a281c3cdd9d4aabe4708ae98ab46688ebb588db2876ee56d2c9413ed691, 3, 1, 0xdcee1a18e773c4e23c675382b23918d0771ae6ff0a7f2c22d3e729874433182522ad273e9b5cb707fadf826bf174c50a895a558924cc7ff0cca702bffbc6c4a20000000000000000000000000000000000000000000000000000000000000001
    ├─ [3594] Ledger::principalOf(0xe05fcC23807536bEe418f142D19fa0d21BB0cfF7) [staticcall]
    │   └─ ← [Return] 0x000000000000000000000000e05fcc23807536bee418f142d19fa0d21bb0cff7
    ├─ [395] Ledger::realmId() [staticcall]
    │   └─ ← [Return] 0x684016e05741dc9d511ff3520a16e1da90a35be14b76f9e12ef0287b9beae39f
    ├─ [0] VM::addr(<pk>) [staticcall]
    │   └─ ← [Return] 0xe05fcC23807536bEe418f142D19fa0d21BB0cfF7
    ├─ [15765] Ledger::acceptanceProfileOf([Action({ kind: 5, typeId: 0x0000000000000000000000000000000000000000000000000000000000000000, bodyHashOrRecordId: 0x0000000000000000000000000000000000000000000000000000000000000000, purpose: 0x0000000000000000000000000000000000000000000000000000000000000000, subject: 0x0000000000000000000000000000000000000000000000000000000000000000, role: 0x0000000000000000000000000000000000000000000000000000000000000000, target: 0x0000000000000000000000000000000000000000000000000000000000000000, expectedRevision: 0, salt: 0x0000000000000000000000000000000000000000000000000000000000000001 }), Action({ kind: 1, typeId: 0x2db40fc5c9f87fff9029aba18f5e7a0bf1ffaee89f584eb521b7395c0d57ea21, bodyHashOrRecordId: 0x8d2f0b7b4cd24cd9347501f0b05605482e3b4712abaaee32c1287eef69eefc55, purpose: 0x0000000000000000000000000000000000000000000000000000000000000000, subject: 0x0000000000000000000000000000000000000000000000000000000000000000, role: 0x0000000000000000000000000000000000000000000000000000000000000000, target: 0x0000000000000000000000000000000000000000000000000000000000000000, expectedRevision: 0, salt: 0x0000000000000000000000000000000000000000000000000000000000000000 }), Action({ kind: 3, typeId: 0x0000000000000000000000000000000000000000000000000000000000000000, bodyHashOrRecordId: 0x0000000000000000000000000000000000000000000000000000000000000000, purpose: 0x07167a05890e9fcaccbdf11abbb65a3aa14bccfe41825ce441803003862ce5df, subject: 0xf38a5ee5db5fec548416dac4db004d588b5fc06503ad270978d9d8f08e9b64a5, role: 0x0000000000000000000000000000000000000000000000000000000000000000, target: 0x939cfd72923d10d615557ff0b6c7b19b5f259692e9a71fb6c5f9b5ce03046655, expectedRevision: 0, salt: 0x0000000000000000000000000000000000000000000000000000000000000000 }), Action({ kind: 3, typeId: 0x0000000000000000000000000000000000000000000000000000000000000000, bodyHashOrRecordId: 0x0000000000000000000000000000000000000000000000000000000000000000, purpose: 0x58de23804076d1b785b7479ab38fe6ada246e62164776702f51a1c48ef98cf99, subject: 0x6b8f0ae148ccfbd232f2f5088f5758ca8158d5a69aaabdc7fd072cbf75be2dc9, role: 0xc7c63b8bafc33aa5221fea52672881776f7b9d1aa8eebc29f8c758178230dd1a, target: 0xf38a5ee5db5fec548416dac4db004d588b5fc06503ad270978d9d8f08e9b64a5, expectedRevision: 0, salt: 0x0000000000000000000000000000000000000000000000000000000000000000 }), Action({ kind: 3, typeId: 0x0000000000000000000000000000000000000000000000000000000000000000, bodyHashOrRecordId: 0x0000000000000000000000000000000000000000000000000000000000000000, purpose: 0x073e0a1a729959d841354dbb760bf57802acc034630defb75862e5dda0f72c18, subject: 0xf38a5ee5db5fec548416dac4db004d588b5fc06503ad270978d9d8f08e9b64a5, role: 0x8b30951df380b6b10da747e1167dd8e40bf8604c88c75b245dc172767f3b7320, target: 0xf38a5ee5db5fec548416dac4db004d588b5fc06503ad270978d9d8f08e9b64a5, expectedRevision: 0, salt: 0x0000000000000000000000000000000000000000000000000000000000000000 })]) [staticcall]
    │   ├─ [441] TypeRegistry::epoch() [staticcall]
    │   │   └─ ← [Return] 8
    │   ├─ [9154] TypeRegistry::typeInfo(0x2db40fc5c9f87fff9029aba18f5e7a0bf1ffaee89f584eb521b7395c0d57ea21) [staticcall]
    │   │   └─ ← [Return] true, QuoteAcceptor: [0x212224D2F2d262cd093eE13240ca4873fcCBbA3C], 0xa7499e4b804d8895cefb1463a08dee2517de9717eaba15d470e841cd00367fff, 0x0000000000000000000000000000000000000000, 0x0000000000000000000000000000000000000000000000000000000000000000, 1, 1
    │   └─ ← [Return] 0x27c4b27f2a80612b8349140160135b1a3d706a892faa2070ed01fff483a91981
    ├─ [1272] Ledger::indexObligations() [staticcall]
    │   └─ ← [Return] 0x198a8c3d2513950024fade14c5735abfaafdd906f7f8f6e9cf84d9c790ea7789
    ├─ [2244] Ledger::intentDigest(Intent({ realmId: 0x684016e05741dc9d511ff3520a16e1da90a35be14b76f9e12ef0287b9beae39f, coreCodeCommitment: 0x8d8515f6c3bcfe36ad7422c67ece284c215a5b79e1ee2cc5afdd3f63d7cddcbe, author: 0xe05fcC23807536bEe418f142D19fa0d21BB0cfF7, nonce: 0, deadline: 1700003600 [1.7e9], acceptanceProfile: 0x27c4b27f2a80612b8349140160135b1a3d706a892faa2070ed01fff483a91981, indexObligations: 0x198a8c3d2513950024fade14c5735abfaafdd906f7f8f6e9cf84d9c790ea7789 }), 0x30c303461ab5b4048d0b87a7232e523cbbdab8e5926abe9e0f6d0adcab830dd9) [staticcall]
    │   └─ ← [Return] 0xc4bd32471d646315287d2486baa8555e443c4a21f011e453c04aa4a97d3e430e
    ├─ [0] VM::sign("<pk>", 0xc4bd32471d646315287d2486baa8555e443c4a21f011e453c04aa4a97d3e430e) [staticcall]
    │   └─ ← [Return] 27, 0xcb6d7e75ab60dbd3cae6faaef572cd4581c4900fc45a323641421a2ed57d151a, 0x53bbcf248f10670c094e8047888def3be26823fa55fed68c338f33a0dd08edca
    ├─ [1545944] Ledger::executeSigned(Intent({ realmId: 0x684016e05741dc9d511ff3520a16e1da90a35be14b76f9e12ef0287b9beae39f, coreCodeCommitment: 0x8d8515f6c3bcfe36ad7422c67ece284c215a5b79e1ee2cc5afdd3f63d7cddcbe, author: 0xe05fcC23807536bEe418f142D19fa0d21BB0cfF7, nonce: 0, deadline: 1700003600 [1.7e9], acceptanceProfile: 0x27c4b27f2a80612b8349140160135b1a3d706a892faa2070ed01fff483a91981, indexObligations: 0x198a8c3d2513950024fade14c5735abfaafdd906f7f8f6e9cf84d9c790ea7789 }), [Action({ kind: 5, typeId: 0x0000000000000000000000000000000000000000000000000000000000000000, bodyHashOrRecordId: 0x0000000000000000000000000000000000000000000000000000000000000000, purpose: 0x0000000000000000000000000000000000000000000000000000000000000000, subject: 0x0000000000000000000000000000000000000000000000000000000000000000, role: 0x0000000000000000000000000000000000000000000000000000000000000000, target: 0x0000000000000000000000000000000000000000000000000000000000000000, expectedRevision: 0, salt: 0x0000000000000000000000000000000000000000000000000000000000000001 }), Action({ kind: 1, typeId: 0x2db40fc5c9f87fff9029aba18f5e7a0bf1ffaee89f584eb521b7395c0d57ea21, bodyHashOrRecordId: 0x8d2f0b7b4cd24cd9347501f0b05605482e3b4712abaaee32c1287eef69eefc55, purpose: 0x0000000000000000000000000000000000000000000000000000000000000000, subject: 0x0000000000000000000000000000000000000000000000000000000000000000, role: 0x0000000000000000000000000000000000000000000000000000000000000000, target: 0x0000000000000000000000000000000000000000000000000000000000000000, expectedRevision: 0, salt: 0x0000000000000000000000000000000000000000000000000000000000000000 }), Action({ kind: 3, typeId: 0x0000000000000000000000000000000000000000000000000000000000000000, bodyHashOrRecordId: 0x0000000000000000000000000000000000000000000000000000000000000000, purpose: 0x07167a05890e9fcaccbdf11abbb65a3aa14bccfe41825ce441803003862ce5df, subject: 0xf38a5ee5db5fec548416dac4db004d588b5fc06503ad270978d9d8f08e9b64a5, role: 0x0000000000000000000000000000000000000000000000000000000000000000, target: 0x939cfd72923d10d615557ff0b6c7b19b5f259692e9a71fb6c5f9b5ce03046655, expectedRevision: 0, salt: 0x0000000000000000000000000000000000000000000000000000000000000000 }), Action({ kind: 3, typeId: 0x0000000000000000000000000000000000000000000000000000000000000000, bodyHashOrRecordId: 0x0000000000000000000000000000000000000000000000000000000000000000, purpose: 0x58de23804076d1b785b7479ab38fe6ada246e62164776702f51a1c48ef98cf99, subject: 0x6b8f0ae148ccfbd232f2f5088f5758ca8158d5a69aaabdc7fd072cbf75be2dc9, role: 0xc7c63b8bafc33aa5221fea52672881776f7b9d1aa8eebc29f8c758178230dd1a, target: 0xf38a5ee5db5fec548416dac4db004d588b5fc06503ad270978d9d8f08e9b64a5, expectedRevision: 0, salt: 0x0000000000000000000000000000000000000000000000000000000000000000 }), Action({ kind: 3, typeId: 0x0000000000000000000000000000000000000000000000000000000000000000, bodyHashOrRecordId: 0x0000000000000000000000000000000000000000000000000000000000000000, purpose: 0x073e0a1a729959d841354dbb760bf57802acc034630defb75862e5dda0f72c18, subject: 0xf38a5ee5db5fec548416dac4db004d588b5fc06503ad270978d9d8f08e9b64a5, role: 0x8b30951df380b6b10da747e1167dd8e40bf8604c88c75b245dc172767f3b7320, target: 0xf38a5ee5db5fec548416dac4db004d588b5fc06503ad270978d9d8f08e9b64a5, expectedRevision: 0, salt: 0x0000000000000000000000000000000000000000000000000000000000000000 })], [0x, 0x8a5c2dad2ae16fc84b82733f634dfb672bd79e90dce25bf0627089c548fe8531000000000000000000000000000000000000000000000000000000009502f9000000000000000000000000000000000000000000000000000000000000000006000000000000000000000000000000000000000000000000000000006b49d200ea51e8c38c6dcf2d50a91e3db4784be38aeaf3728d1ef153b525df484e652345, 0x, 0x, 0x], 0xcb6d7e75ab60dbd3cae6faaef572cd4581c4900fc45a323641421a2ed57d151a53bbcf248f10670c094e8047888def3be26823fa55fed68c338f33a0dd08edca1b)
    │   ├─ [441] TypeRegistry::epoch() [staticcall]
    │   │   └─ ← [Return] 8
    │   ├─ [1154] TypeRegistry::typeInfo(0x2db40fc5c9f87fff9029aba18f5e7a0bf1ffaee89f584eb521b7395c0d57ea21) [staticcall]
    │   │   └─ ← [Return] true, QuoteAcceptor: [0x212224D2F2d262cd093eE13240ca4873fcCBbA3C], 0xa7499e4b804d8895cefb1463a08dee2517de9717eaba15d470e841cd00367fff, 0x0000000000000000000000000000000000000000, 0x0000000000000000000000000000000000000000000000000000000000000000, 1, 1
    │   ├─ [3000] PRECOMPILES::ecrecover(0xc4bd32471d646315287d2486baa8555e443c4a21f011e453c04aa4a97d3e430e, 27, 92012967384865623632945752460569903409982503062909024531648367586760210584858, 37873796480642939085749953822188206190785572794190192727419073061771283066314) [staticcall]
    │   │   └─ ← [Return] 0xe05fcC23807536bEe418f142D19fa0d21BB0cfF7
    │   ├─ emit Admitted(author: 0x000000000000000000000000e05fcc23807536bee418f142d19fa0d21bb0cff7, scope: 0xf38a5ee5db5fec548416dac4db004d588b5fc06503ad270978d9d8f08e9b64a5, recordId: 0x0000000000000000000000000000000000000000000000000000000000000000, admission: 4)
    │   ├─ [1154] TypeRegistry::typeInfo(0x2db40fc5c9f87fff9029aba18f5e7a0bf1ffaee89f584eb521b7395c0d57ea21) [staticcall]
    │   │   └─ ← [Return] true, QuoteAcceptor: [0x212224D2F2d262cd093eE13240ca4873fcCBbA3C], 0xa7499e4b804d8895cefb1463a08dee2517de9717eaba15d470e841cd00367fff, 0x0000000000000000000000000000000000000000, 0x0000000000000000000000000000000000000000000000000000000000000000, 1, 1
    │   ├─ [5038] TypeRegistry::refTypes(0x2db40fc5c9f87fff9029aba18f5e7a0bf1ffaee89f584eb521b7395c0d57ea21) [staticcall]
    │   │   └─ ← [Return] [0x98f15a281c3cdd9d4aabe4708ae98ab46688ebb588db2876ee56d2c9413ed691]
    │   ├─ [998] QuoteAcceptor::accept(0x2db40fc5c9f87fff9029aba18f5e7a0bf1ffaee89f584eb521b7395c0d57ea21, 0x8a5c2dad2ae16fc84b82733f634dfb672bd79e90dce25bf0627089c548fe8531000000000000000000000000000000000000000000000000000000009502f9000000000000000000000000000000000000000000000000000000000000000006000000000000000000000000000000000000000000000000000000006b49d200ea51e8c38c6dcf2d50a91e3db4784be38aeaf3728d1ef153b525df484e652345, [0x8a5c2dad2ae16fc84b82733f634dfb672bd79e90dce25bf0627089c548fe8531]) [staticcall]
    │   │   └─ ← [Return] true
    │   ├─ emit Admitted(author: 0x000000000000000000000000e05fcc23807536bee418f142d19fa0d21bb0cff7, scope: 0x2db40fc5c9f87fff9029aba18f5e7a0bf1ffaee89f584eb521b7395c0d57ea21, recordId: 0x939cfd72923d10d615557ff0b6c7b19b5f259692e9a71fb6c5f9b5ce03046655, admission: 5)
    │   ├─ [2421] TypeRegistry::bindingRefType(0x07167a05890e9fcaccbdf11abbb65a3aa14bccfe41825ce441803003862ce5df, 0x0000000000000000000000000000000000000000000000000000000000000000) [staticcall]
    │   │   └─ ← [Return] 0x0000000000000000000000000000000000000000000000000000000000000000
    │   ├─ emit Admitted(author: 0x000000000000000000000000e05fcc23807536bee418f142d19fa0d21bb0cff7, scope: 0xd3ca2016fab275e3e54c75668977603dc0be5313a91cff6394ad3110dadc1054, recordId: 0x939cfd72923d10d615557ff0b6c7b19b5f259692e9a71fb6c5f9b5ce03046655, admission: 6)
    │   ├─ [2421] TypeRegistry::bindingRefType(0x58de23804076d1b785b7479ab38fe6ada246e62164776702f51a1c48ef98cf99, 0xc7c63b8bafc33aa5221fea52672881776f7b9d1aa8eebc29f8c758178230dd1a) [staticcall]
    │   │   └─ ← [Return] 0x0000000000000000000000000000000000000000000000000000000000000000
    │   ├─ emit Admitted(author: 0x000000000000000000000000e05fcc23807536bee418f142d19fa0d21bb0cff7, scope: 0xacdedd9616efb976bfcf2fa693c5d69d7b8be8854803dfd98ce51a3721bd8189, recordId: 0xf38a5ee5db5fec548416dac4db004d588b5fc06503ad270978d9d8f08e9b64a5, admission: 7)
    │   ├─ [2421] TypeRegistry::bindingRefType(0x073e0a1a729959d841354dbb760bf57802acc034630defb75862e5dda0f72c18, 0x8b30951df380b6b10da747e1167dd8e40bf8604c88c75b245dc172767f3b7320) [staticcall]
    │   │   └─ ← [Return] 0x0000000000000000000000000000000000000000000000000000000000000000
    │   ├─ emit Admitted(author: 0x000000000000000000000000e05fcc23807536bee418f142d19fa0d21bb0cff7, scope: 0xec70f47d0d57410e68dc860f66f319dfda74a14898c536db8a545c8775919a8f, recordId: 0xf38a5ee5db5fec548416dac4db004d588b5fc06503ad270978d9d8f08e9b64a5, admission: 8)
    │   ├─ [461775] IndexModule::onAdmission(2, [Effect({ kind: 5, admission: 4, author: 0x000000000000000000000000e05fcc23807536bee418f142d19fa0d21bb0cff7, recordId: 0xf38a5ee5db5fec548416dac4db004d588b5fc06503ad270978d9d8f08e9b64a5, typeId: 0x0000000000000000000000000000000000000000000000000000000000000000, scopeKey: 0x0000000000000000000000000000000000000000000000000000000000000000, bindingKey: 0x0000000000000000000000000000000000000000000000000000000000000000, bindingOrdinal: 0, target: 0x0000000000000000000000000000000000000000000000000000000000000000, oldTarget: 0x0000000000000000000000000000000000000000000000000000000000000000, freshBinding: false, oldLive: false }), Effect({ kind: 1, admission: 5, author: 0x000000000000000000000000e05fcc23807536bee418f142d19fa0d21bb0cff7, recordId: 0x939cfd72923d10d615557ff0b6c7b19b5f259692e9a71fb6c5f9b5ce03046655, typeId: 0x2db40fc5c9f87fff9029aba18f5e7a0bf1ffaee89f584eb521b7395c0d57ea21, scopeKey: 0x0000000000000000000000000000000000000000000000000000000000000000, bindingKey: 0x0000000000000000000000000000000000000000000000000000000000000000, bindingOrdinal: 0, target: 0x0000000000000000000000000000000000000000000000000000000000000000, oldTarget: 0x0000000000000000000000000000000000000000000000000000000000000000, freshBinding: false, oldLive: false }), Effect({ kind: 3, admission: 6, author: 0x000000000000000000000000e05fcc23807536bee418f142d19fa0d21bb0cff7, recordId: 0x939cfd72923d10d615557ff0b6c7b19b5f259692e9a71fb6c5f9b5ce03046655, typeId: 0x2db40fc5c9f87fff9029aba18f5e7a0bf1ffaee89f584eb521b7395c0d57ea21, scopeKey: 0xd3ca2016fab275e3e54c75668977603dc0be5313a91cff6394ad3110dadc1054, bindingKey: 0xe3b433d16bd73e36cfc64a9a8527d5263f36c648ccd5018f16a29e74790027ab, bindingOrdinal: 1, target: 0x939cfd72923d10d615557ff0b6c7b19b5f259692e9a71fb6c5f9b5ce03046655, oldTarget: 0x0000000000000000000000000000000000000000000000000000000000000000, freshBinding: true, oldLive: false }), Effect({ kind: 3, admission: 7, author: 0x000000000000000000000000e05fcc23807536bee418f142d19fa0d21bb0cff7, recordId: 0xf38a5ee5db5fec548416dac4db004d588b5fc06503ad270978d9d8f08e9b64a5, typeId: 0x0000000000000000000000000000000000000000000000000000000000000000, scopeKey: 0xacdedd9616efb976bfcf2fa693c5d69d7b8be8854803dfd98ce51a3721bd8189, bindingKey: 0x29508140ed11e00d75e205718444b4113acbf972f7a05504f874edbf99694dbe, bindingOrdinal: 2, target: 0xf38a5ee5db5fec548416dac4db004d588b5fc06503ad270978d9d8f08e9b64a5, oldTarget: 0x0000000000000000000000000000000000000000000000000000000000000000, freshBinding: true, oldLive: false }), Effect({ kind: 3, admission: 8, author: 0x000000000000000000000000e05fcc23807536bee418f142d19fa0d21bb0cff7, recordId: 0xf38a5ee5db5fec548416dac4db004d588b5fc06503ad270978d9d8f08e9b64a5, typeId: 0x0000000000000000000000000000000000000000000000000000000000000000, scopeKey: 0xec70f47d0d57410e68dc860f66f319dfda74a14898c536db8a545c8775919a8f, bindingKey: 0x5765e6449d8537404367461493bd3f00b858fdd9908ec83aeb08973f0198e8ea, bindingOrdinal: 3, target: 0xf38a5ee5db5fec548416dac4db004d588b5fc06503ad270978d9d8f08e9b64a5, oldTarget: 0x0000000000000000000000000000000000000000000000000000000000000000, freshBinding: true, oldLive: false })])
    │   │   └─ ← [Stop]
    │   ├─ emit Published(publication: 2, publicationId: 0x333b1376b2bed9c401e734be6afa80809fb8adfebe48893eea92d1e72a24faa6, author: 0xe05fcC23807536bEe418f142D19fa0d21BB0cfF7, proofKind: 2, firstAdmission: 4, leafCount: 5)
    │   └─ ← [Return] 2, 4
    ├─ [395] Ledger::realmId() [staticcall]
    │   └─ ← [Return] 0x684016e05741dc9d511ff3520a16e1da90a35be14b76f9e12ef0287b9beae39f
    ├─ [0] VM::addr(<pk>) [staticcall]
    │   └─ ← [Return] 0xe05fcC23807536bEe418f142D19fa0d21BB0cfF7
    ├─ [5608] Ledger::acceptanceProfileOf([Action({ kind: 1, typeId: 0x2db40fc5c9f87fff9029aba18f5e7a0bf1ffaee89f584eb521b7395c0d57ea21, bodyHashOrRecordId: 0xa66176d11ba275a73932a6b1884a1dfef19440c0fc76d37ba68a539e65bfa1ba, purpose: 0x0000000000000000000000000000000000000000000000000000000000000000, subject: 0x0000000000000000000000000000000000000000000000000000000000000000, role: 0x0000000000000000000000000000000000000000000000000000000000000000, target: 0x0000000000000000000000000000000000000000000000000000000000000000, expectedRevision: 0, salt: 0x0000000000000000000000000000000000000000000000000000000000000000 }), Action({ kind: 3, typeId: 0x0000000000000000000000000000000000000000000000000000000000000000, bodyHashOrRecordId: 0x0000000000000000000000000000000000000000000000000000000000000000, purpose: 0x07167a05890e9fcaccbdf11abbb65a3aa14bccfe41825ce441803003862ce5df, subject: 0xf38a5ee5db5fec548416dac4db004d588b5fc06503ad270978d9d8f08e9b64a5, role: 0x0000000000000000000000000000000000000000000000000000000000000000, target: 0x64d7f731269ba262ea51040deb55dda723657338fcd72279dfc3756e73f53375, expectedRevision: 1, salt: 0x0000000000000000000000000000000000000000000000000000000000000000 })]) [staticcall]
    │   ├─ [441] TypeRegistry::epoch() [staticcall]
    │   │   └─ ← [Return] 8
    │   ├─ [1154] TypeRegistry::typeInfo(0x2db40fc5c9f87fff9029aba18f5e7a0bf1ffaee89f584eb521b7395c0d57ea21) [staticcall]
    │   │   └─ ← [Return] true, QuoteAcceptor: [0x212224D2F2d262cd093eE13240ca4873fcCBbA3C], 0xa7499e4b804d8895cefb1463a08dee2517de9717eaba15d470e841cd00367fff, 0x0000000000000000000000000000000000000000, 0x0000000000000000000000000000000000000000000000000000000000000000, 1, 1
    │   └─ ← [Return] 0x27c4b27f2a80612b8349140160135b1a3d706a892faa2070ed01fff483a91981
    ├─ [1272] Ledger::indexObligations() [staticcall]
    │   └─ ← [Return] 0x198a8c3d2513950024fade14c5735abfaafdd906f7f8f6e9cf84d9c790ea7789
    ├─ [2244] Ledger::intentDigest(Intent({ realmId: 0x684016e05741dc9d511ff3520a16e1da90a35be14b76f9e12ef0287b9beae39f, coreCodeCommitment: 0x8d8515f6c3bcfe36ad7422c67ece284c215a5b79e1ee2cc5afdd3f63d7cddcbe, author: 0xe05fcC23807536bEe418f142D19fa0d21BB0cfF7, nonce: 1, deadline: 1700003600 [1.7e9], acceptanceProfile: 0x27c4b27f2a80612b8349140160135b1a3d706a892faa2070ed01fff483a91981, indexObligations: 0x198a8c3d2513950024fade14c5735abfaafdd906f7f8f6e9cf84d9c790ea7789 }), 0x0e7fc757fe2f23d26bc570d71b2b93aeff49dda67b92adc14736e10ef47ec0f3) [staticcall]
    │   └─ ← [Return] 0xd7315933bb28942cada9ccd3ec8ad3c999b6c0e95e9620cb711aa49710ac42aa
    ├─ [0] VM::sign("<pk>", 0xd7315933bb28942cada9ccd3ec8ad3c999b6c0e95e9620cb711aa49710ac42aa) [staticcall]
    │   └─ ← [Return] 27, 0x28f4db7c8c7882834a2f8edcfb723cf2beb8308d666913950a529c82aa6a1352, 0x45a8a4ccb4b136fd63c40707b3084ad295cc7fb062cca9a1e7f8b3bfb92ceb85
    ├─ [541677] Ledger::executeSigned(Intent({ realmId: 0x684016e05741dc9d511ff3520a16e1da90a35be14b76f9e12ef0287b9beae39f, coreCodeCommitment: 0x8d8515f6c3bcfe36ad7422c67ece284c215a5b79e1ee2cc5afdd3f63d7cddcbe, author: 0xe05fcC23807536bEe418f142D19fa0d21BB0cfF7, nonce: 1, deadline: 1700003600 [1.7e9], acceptanceProfile: 0x27c4b27f2a80612b8349140160135b1a3d706a892faa2070ed01fff483a91981, indexObligations: 0x198a8c3d2513950024fade14c5735abfaafdd906f7f8f6e9cf84d9c790ea7789 }), [Action({ kind: 1, typeId: 0x2db40fc5c9f87fff9029aba18f5e7a0bf1ffaee89f584eb521b7395c0d57ea21, bodyHashOrRecordId: 0xa66176d11ba275a73932a6b1884a1dfef19440c0fc76d37ba68a539e65bfa1ba, purpose: 0x0000000000000000000000000000000000000000000000000000000000000000, subject: 0x0000000000000000000000000000000000000000000000000000000000000000, role: 0x0000000000000000000000000000000000000000000000000000000000000000, target: 0x0000000000000000000000000000000000000000000000000000000000000000, expectedRevision: 0, salt: 0x0000000000000000000000000000000000000000000000000000000000000000 }), Action({ kind: 3, typeId: 0x0000000000000000000000000000000000000000000000000000000000000000, bodyHashOrRecordId: 0x0000000000000000000000000000000000000000000000000000000000000000, purpose: 0x07167a05890e9fcaccbdf11abbb65a3aa14bccfe41825ce441803003862ce5df, subject: 0xf38a5ee5db5fec548416dac4db004d588b5fc06503ad270978d9d8f08e9b64a5, role: 0x0000000000000000000000000000000000000000000000000000000000000000, target: 0x64d7f731269ba262ea51040deb55dda723657338fcd72279dfc3756e73f53375, expectedRevision: 1, salt: 0x0000000000000000000000000000000000000000000000000000000000000000 })], [0x8a5c2dad2ae16fc84b82733f634dfb672bd79e90dce25bf0627089c548fe85310000000000000000000000000000000000000000000000000000000095217d800000000000000000000000000000000000000000000000000000000000000006000000000000000000000000000000000000000000000000000000006b49d200ea51e8c38c6dcf2d50a91e3db4784be38aeaf3728d1ef153b525df484e652345, 0x], 0x28f4db7c8c7882834a2f8edcfb723cf2beb8308d666913950a529c82aa6a135245a8a4ccb4b136fd63c40707b3084ad295cc7fb062cca9a1e7f8b3bfb92ceb851b)
    │   ├─ [441] TypeRegistry::epoch() [staticcall]
    │   │   └─ ← [Return] 8
    │   ├─ [1154] TypeRegistry::typeInfo(0x2db40fc5c9f87fff9029aba18f5e7a0bf1ffaee89f584eb521b7395c0d57ea21) [staticcall]
    │   │   └─ ← [Return] true, QuoteAcceptor: [0x212224D2F2d262cd093eE13240ca4873fcCBbA3C], 0xa7499e4b804d8895cefb1463a08dee2517de9717eaba15d470e841cd00367fff, 0x0000000000000000000000000000000000000000, 0x0000000000000000000000000000000000000000000000000000000000000000, 1, 1
    │   ├─ [3000] PRECOMPILES::ecrecover(0xd7315933bb28942cada9ccd3ec8ad3c999b6c0e95e9620cb711aa49710ac42aa, 27, 18525139467413210867882826948906531348062280998234340856406121334043312788306, 31507554264387257558530153093946643964566592928269414207268672013515356957573) [staticcall]
    │   │   └─ ← [Return] 0xe05fcC23807536bEe418f142D19fa0d21BB0cfF7
    │   ├─ [1154] TypeRegistry::typeInfo(0x2db40fc5c9f87fff9029aba18f5e7a0bf1ffaee89f584eb521b7395c0d57ea21) [staticcall]
    │   │   └─ ← [Return] true, QuoteAcceptor: [0x212224D2F2d262cd093eE13240ca4873fcCBbA3C], 0xa7499e4b804d8895cefb1463a08dee2517de9717eaba15d470e841cd00367fff, 0x0000000000000000000000000000000000000000, 0x0000000000000000000000000000000000000000000000000000000000000000, 1, 1
    │   ├─ [1038] TypeRegistry::refTypes(0x2db40fc5c9f87fff9029aba18f5e7a0bf1ffaee89f584eb521b7395c0d57ea21) [staticcall]
    │   │   └─ ← [Return] [0x98f15a281c3cdd9d4aabe4708ae98ab46688ebb588db2876ee56d2c9413ed691]
    │   ├─ [998] QuoteAcceptor::accept(0x2db40fc5c9f87fff9029aba18f5e7a0bf1ffaee89f584eb521b7395c0d57ea21, 0x8a5c2dad2ae16fc84b82733f634dfb672bd79e90dce25bf0627089c548fe85310000000000000000000000000000000000000000000000000000000095217d800000000000000000000000000000000000000000000000000000000000000006000000000000000000000000000000000000000000000000000000006b49d200ea51e8c38c6dcf2d50a91e3db4784be38aeaf3728d1ef153b525df484e652345, [0x8a5c2dad2ae16fc84b82733f634dfb672bd79e90dce25bf0627089c548fe8531]) [staticcall]
    │   │   └─ ← [Return] true
    │   ├─ emit Admitted(author: 0x000000000000000000000000e05fcc23807536bee418f142d19fa0d21bb0cff7, scope: 0x2db40fc5c9f87fff9029aba18f5e7a0bf1ffaee89f584eb521b7395c0d57ea21, recordId: 0x64d7f731269ba262ea51040deb55dda723657338fcd72279dfc3756e73f53375, admission: 9)
    │   ├─ [421] TypeRegistry::bindingRefType(0x07167a05890e9fcaccbdf11abbb65a3aa14bccfe41825ce441803003862ce5df, 0x0000000000000000000000000000000000000000000000000000000000000000) [staticcall]
    │   │   └─ ← [Return] 0x0000000000000000000000000000000000000000000000000000000000000000
    │   ├─ emit Admitted(author: 0x000000000000000000000000e05fcc23807536bee418f142d19fa0d21bb0cff7, scope: 0xd3ca2016fab275e3e54c75668977603dc0be5313a91cff6394ad3110dadc1054, recordId: 0x64d7f731269ba262ea51040deb55dda723657338fcd72279dfc3756e73f53375, admission: 10)
    │   ├─ [54286] IndexModule::onAdmission(3, [Effect({ kind: 1, admission: 9, author: 0x000000000000000000000000e05fcc23807536bee418f142d19fa0d21bb0cff7, recordId: 0x64d7f731269ba262ea51040deb55dda723657338fcd72279dfc3756e73f53375, typeId: 0x2db40fc5c9f87fff9029aba18f5e7a0bf1ffaee89f584eb521b7395c0d57ea21, scopeKey: 0x0000000000000000000000000000000000000000000000000000000000000000, bindingKey: 0x0000000000000000000000000000000000000000000000000000000000000000, bindingOrdinal: 0, target: 0x0000000000000000000000000000000000000000000000000000000000000000, oldTarget: 0x0000000000000000000000000000000000000000000000000000000000000000, freshBinding: false, oldLive: false }), Effect({ kind: 3, admission: 10, author: 0x000000000000000000000000e05fcc23807536bee418f142d19fa0d21bb0cff7, recordId: 0x64d7f731269ba262ea51040deb55dda723657338fcd72279dfc3756e73f53375, typeId: 0x2db40fc5c9f87fff9029aba18f5e7a0bf1ffaee89f584eb521b7395c0d57ea21, scopeKey: 0xd3ca2016fab275e3e54c75668977603dc0be5313a91cff6394ad3110dadc1054, bindingKey: 0xe3b433d16bd73e36cfc64a9a8527d5263f36c648ccd5018f16a29e74790027ab, bindingOrdinal: 1, target: 0x64d7f731269ba262ea51040deb55dda723657338fcd72279dfc3756e73f53375, oldTarget: 0x939cfd72923d10d615557ff0b6c7b19b5f259692e9a71fb6c5f9b5ce03046655, freshBinding: false, oldLive: true })])
    │   │   └─ ← [Stop]
    │   ├─ emit Published(publication: 3, publicationId: 0xed15b5971ef197b95954ed2ae0d4762597eedc8ec41a8e0acd1746bd4d0cd293, author: 0xe05fcC23807536bEe418f142D19fa0d21BB0cfF7, proofKind: 2, firstAdmission: 9, leafCount: 2)
    │   └─ ← [Return] 3, 9
    ├─ [717406] Actor::execute([Action({ kind: 1, typeId: 0x2db40fc5c9f87fff9029aba18f5e7a0bf1ffaee89f584eb521b7395c0d57ea21, bodyHashOrRecordId: 0x3cf5180eb11d3397248839a0c9b5b64520d2c86f311c3897cb949296a7ada229, purpose: 0x0000000000000000000000000000000000000000000000000000000000000000, subject: 0x0000000000000000000000000000000000000000000000000000000000000000, role: 0x0000000000000000000000000000000000000000000000000000000000000000, target: 0x0000000000000000000000000000000000000000000000000000000000000000, expectedRevision: 0, salt: 0x0000000000000000000000000000000000000000000000000000000000000000 }), Action({ kind: 3, typeId: 0x0000000000000000000000000000000000000000000000000000000000000000, bodyHashOrRecordId: 0x0000000000000000000000000000000000000000000000000000000000000000, purpose: 0x07167a05890e9fcaccbdf11abbb65a3aa14bccfe41825ce441803003862ce5df, subject: 0xf38a5ee5db5fec548416dac4db004d588b5fc06503ad270978d9d8f08e9b64a5, role: 0x0000000000000000000000000000000000000000000000000000000000000000, target: 0xa42ac61d9cc4911c885f309fe75c6f6d4981bb1a32736a15733053bab021d08d, expectedRevision: 0, salt: 0x0000000000000000000000000000000000000000000000000000000000000000 })], [0x8a5c2dad2ae16fc84b82733f634dfb672bd79e90dce25bf0627089c548fe85310000000000000000000000000000000000000000000000000000000095123b400000000000000000000000000000000000000000000000000000000000000006000000000000000000000000000000000000000000000000000000006b49d200ea51e8c38c6dcf2d50a91e3db4784be38aeaf3728d1ef153b525df484e652345, 0x])
    │   ├─ [2886] Ledger::nonces(Actor: [0x1d1499e622D69689cdf9004d05Ec547d650Ff211]) [staticcall]
    │   │   └─ ← [Return] 0
    │   ├─ [710883] Ledger::execute([Action({ kind: 1, typeId: 0x2db40fc5c9f87fff9029aba18f5e7a0bf1ffaee89f584eb521b7395c0d57ea21, bodyHashOrRecordId: 0x3cf5180eb11d3397248839a0c9b5b64520d2c86f311c3897cb949296a7ada229, purpose: 0x0000000000000000000000000000000000000000000000000000000000000000, subject: 0x0000000000000000000000000000000000000000000000000000000000000000, role: 0x0000000000000000000000000000000000000000000000000000000000000000, target: 0x0000000000000000000000000000000000000000000000000000000000000000, expectedRevision: 0, salt: 0x0000000000000000000000000000000000000000000000000000000000000000 }), Action({ kind: 3, typeId: 0x0000000000000000000000000000000000000000000000000000000000000000, bodyHashOrRecordId: 0x0000000000000000000000000000000000000000000000000000000000000000, purpose: 0x07167a05890e9fcaccbdf11abbb65a3aa14bccfe41825ce441803003862ce5df, subject: 0xf38a5ee5db5fec548416dac4db004d588b5fc06503ad270978d9d8f08e9b64a5, role: 0x0000000000000000000000000000000000000000000000000000000000000000, target: 0xa42ac61d9cc4911c885f309fe75c6f6d4981bb1a32736a15733053bab021d08d, expectedRevision: 0, salt: 0x0000000000000000000000000000000000000000000000000000000000000000 })], [0x8a5c2dad2ae16fc84b82733f634dfb672bd79e90dce25bf0627089c548fe85310000000000000000000000000000000000000000000000000000000095123b400000000000000000000000000000000000000000000000000000000000000006000000000000000000000000000000000000000000000000000000006b49d200ea51e8c38c6dcf2d50a91e3db4784be38aeaf3728d1ef153b525df484e652345, 0x], 0)
    │   │   ├─ [441] TypeRegistry::epoch() [staticcall]
    │   │   │   └─ ← [Return] 8
    │   │   ├─ [1154] TypeRegistry::typeInfo(0x2db40fc5c9f87fff9029aba18f5e7a0bf1ffaee89f584eb521b7395c0d57ea21) [staticcall]
    │   │   │   └─ ← [Return] true, QuoteAcceptor: [0x212224D2F2d262cd093eE13240ca4873fcCBbA3C], 0xa7499e4b804d8895cefb1463a08dee2517de9717eaba15d470e841cd00367fff, 0x0000000000000000000000000000000000000000, 0x0000000000000000000000000000000000000000000000000000000000000000, 1, 1
    │   │   ├─ [1154] TypeRegistry::typeInfo(0x2db40fc5c9f87fff9029aba18f5e7a0bf1ffaee89f584eb521b7395c0d57ea21) [staticcall]
    │   │   │   └─ ← [Return] true, QuoteAcceptor: [0x212224D2F2d262cd093eE13240ca4873fcCBbA3C], 0xa7499e4b804d8895cefb1463a08dee2517de9717eaba15d470e841cd00367fff, 0x0000000000000000000000000000000000000000, 0x0000000000000000000000000000000000000000000000000000000000000000, 1, 1
    │   │   ├─ [1038] TypeRegistry::refTypes(0x2db40fc5c9f87fff9029aba18f5e7a0bf1ffaee89f584eb521b7395c0d57ea21) [staticcall]
    │   │   │   └─ ← [Return] [0x98f15a281c3cdd9d4aabe4708ae98ab46688ebb588db2876ee56d2c9413ed691]
    │   │   ├─ [998] QuoteAcceptor::accept(0x2db40fc5c9f87fff9029aba18f5e7a0bf1ffaee89f584eb521b7395c0d57ea21, 0x8a5c2dad2ae16fc84b82733f634dfb672bd79e90dce25bf0627089c548fe85310000000000000000000000000000000000000000000000000000000095123b400000000000000000000000000000000000000000000000000000000000000006000000000000000000000000000000000000000000000000000000006b49d200ea51e8c38c6dcf2d50a91e3db4784be38aeaf3728d1ef153b525df484e652345, [0x8a5c2dad2ae16fc84b82733f634dfb672bd79e90dce25bf0627089c548fe8531]) [staticcall]
    │   │   │   └─ ← [Return] true
    │   │   ├─ emit Admitted(author: 0x48aca65bfcfce75562a73057d5712a492c1fa8dd41e69d33d9ae10be3cd496e5, scope: 0x2db40fc5c9f87fff9029aba18f5e7a0bf1ffaee89f584eb521b7395c0d57ea21, recordId: 0xa42ac61d9cc4911c885f309fe75c6f6d4981bb1a32736a15733053bab021d08d, admission: 11)
    │   │   ├─ [421] TypeRegistry::bindingRefType(0x07167a05890e9fcaccbdf11abbb65a3aa14bccfe41825ce441803003862ce5df, 0x0000000000000000000000000000000000000000000000000000000000000000) [staticcall]
    │   │   │   └─ ← [Return] 0x0000000000000000000000000000000000000000000000000000000000000000
    │   │   ├─ emit Admitted(author: 0x48aca65bfcfce75562a73057d5712a492c1fa8dd41e69d33d9ae10be3cd496e5, scope: 0xeb5019b8684198e974a6d68a23a0f196722da09db54c6126068a6e2963c874fa, recordId: 0xa42ac61d9cc4911c885f309fe75c6f6d4981bb1a32736a15733053bab021d08d, admission: 12)
    │   │   ├─ [186563] IndexModule::onAdmission(4, [Effect({ kind: 1, admission: 11, author: 0x48aca65bfcfce75562a73057d5712a492c1fa8dd41e69d33d9ae10be3cd496e5, recordId: 0xa42ac61d9cc4911c885f309fe75c6f6d4981bb1a32736a15733053bab021d08d, typeId: 0x2db40fc5c9f87fff9029aba18f5e7a0bf1ffaee89f584eb521b7395c0d57ea21, scopeKey: 0x0000000000000000000000000000000000000000000000000000000000000000, bindingKey: 0x0000000000000000000000000000000000000000000000000000000000000000, bindingOrdinal: 0, target: 0x0000000000000000000000000000000000000000000000000000000000000000, oldTarget: 0x0000000000000000000000000000000000000000000000000000000000000000, freshBinding: false, oldLive: false }), Effect({ kind: 3, admission: 12, author: 0x48aca65bfcfce75562a73057d5712a492c1fa8dd41e69d33d9ae10be3cd496e5, recordId: 0xa42ac61d9cc4911c885f309fe75c6f6d4981bb1a32736a15733053bab021d08d, typeId: 0x2db40fc5c9f87fff9029aba18f5e7a0bf1ffaee89f584eb521b7395c0d57ea21, scopeKey: 0xeb5019b8684198e974a6d68a23a0f196722da09db54c6126068a6e2963c874fa, bindingKey: 0x568ceaf06d0e2e302dad114073defd1b892eca52432307e8f86397ab453e00f0, bindingOrdinal: 4, target: 0xa42ac61d9cc4911c885f309fe75c6f6d4981bb1a32736a15733053bab021d08d, oldTarget: 0x0000000000000000000000000000000000000000000000000000000000000000, freshBinding: true, oldLive: false })])
    │   │   │   └─ ← [Stop]
    │   │   ├─ emit Published(publication: 4, publicationId: 0x7b3d70109469d6bc4f803528349ac37e3fb3dc3cadf7555268bdb91103844eb2, author: Actor: [0x1d1499e622D69689cdf9004d05Ec547d650Ff211], proofKind: 1, firstAdmission: 11, leafCount: 2)
    │   │   └─ ← [Return] 4, 11
    │   └─ ← [Return] 4, 11
    ├─ [866] Ledger::counts() [staticcall]
    │   └─ ← [Return] 12, 6, 4, 4
    ├─ [5421] Ledger::evidence(4) [staticcall]
    │   └─ ← [Return] Actor: [0x1d1499e622D69689cdf9004d05Ec547d650Ff211], 1, 0, 2, 11, 0x0000000000000000000000000000000000000000000000000000000000000000, 0x0000000000000000000000000000000000000000000000000000000000000000, 0, 0, 1, 0x27c4b27f2a80612b8349140160135b1a3d706a892faa2070ed01fff483a91981, 0x198a8c3d2513950024fade14c5735abfaafdd906f7f8f6e9cf84d9c790ea7789, 0x3da89c6aa22f45a73922113422779ba013a1002c6b8df9117beec4f5eb23ac8b
    ├─ [1421] Ledger::evidence(3) [staticcall]
    │   └─ ← [Return] 0xe05fcC23807536bEe418f142D19fa0d21BB0cfF7, 2, 27, 2, 9, 0x28f4db7c8c7882834a2f8edcfb723cf2beb8308d666913950a529c82aa6a1352, 0x45a8a4ccb4b136fd63c40707b3084ad295cc7fb062cca9a1e7f8b3bfb92ceb85, 1, 1700003600 [1.7e9], 1, 0x27c4b27f2a80612b8349140160135b1a3d706a892faa2070ed01fff483a91981, 0x198a8c3d2513950024fade14c5735abfaafdd906f7f8f6e9cf84d9c790ea7789, 0x0e7fc757fe2f23d26bc570d71b2b93aeff49dda67b92adc14736e10ef47ec0f3
    ├─ [989] FaultyReads::IMPORTED_PUBLICATION() [staticcall]
    │   └─ ← [Return] 17
    ├─ [25311] FaultyReads::fault(17, 0x0000000000000000000000000000000000000000000000000000000000000000)
    │   └─ ← [Return]
    ├─ [70387] JoinedConsumer::paidPoint([0xe05fcC23807536bEe418f142D19fa0d21BB0cfF7, 0x1d1499e622D69689cdf9004d05Ec547d650Ff211], Expect({ subject: 0xf38a5ee5db5fec548416dac4db004d588b5fc06503ad270978d9d8f08e9b64a5, expectedHead: 0x64d7f731269ba262ea51040deb55dda723657338fcd72279dfc3756e73f53375, selectedAuthor: 0xe05fcC23807536bEe418f142D19fa0d21BB0cfF7, selectedProofKind: 2, pairId: 0x8a5c2dad2ae16fc84b82733f634dfb672bd79e90dce25bf0627089c548fe8531, itemA: 0xdcee1a18e773c4e23c675382b23918d0771ae6ff0a7f2c22d3e7298744331825, itemB: 0x22ad273e9b5cb707fadf826bf174c50a895a558924cc7ff0cca702bffbc6c4a2, mantissa: 2502000000 [2.502e9], scale: 6, observedAt: 1800000000 [1.8e9], noteCommitment: 0xea51e8c38c6dcf2d50a91e3db4784be38aeaf3728d1ef153b525df484e652345, basisAdmission: 12 }))
    │   ├─ [2344] FaultyReads::counts() [staticcall]
    │   │   ├─ [866] Ledger::counts() [staticcall]
    │   │   │   └─ ← [Return] 12, 6, 4, 4
    │   │   └─ ← [Return] 12, 6, 4, 4
    │   ├─ [3559] FaultyReads::index() [staticcall]
    │   │   ├─ [256] LensReader::index() [staticcall]
    │   │   │   └─ ← [Return] IndexModule: [0x5991A2dF15A8F6A256D3Ec51E99254Cd3fb576A9]
    │   │   └─ ← [Return] IndexModule: [0x5991A2dF15A8F6A256D3Ec51E99254Cd3fb576A9]
    │   ├─ [345] IndexModule::generation() [staticcall]
    │   │   └─ ← [Return] 0
    │   ├─ [1549] FaultyReads::registry() [staticcall]
    │   │   ├─ [592] Ledger::registry() [staticcall]
    │   │   │   └─ ← [Return] TypeRegistry: [0x5615dEB798BB3E4dFa0139dFa1b3D433Cc23b72f]
    │   │   └─ ← [Return] TypeRegistry: [0x5615dEB798BB3E4dFa0139dFa1b3D433Cc23b72f]
    │   ├─ [441] TypeRegistry::epoch() [staticcall]
    │   │   └─ ← [Return] 8
    │   ├─ [6663] FaultyReads::resolve([0xe05fcC23807536bEe418f142D19fa0d21BB0cfF7, 0x1d1499e622D69689cdf9004d05Ec547d650Ff211], 0x07167a05890e9fcaccbdf11abbb65a3aa14bccfe41825ce441803003862ce5df, 0xf38a5ee5db5fec548416dac4db004d588b5fc06503ad270978d9d8f08e9b64a5, 0x0000000000000000000000000000000000000000000000000000000000000000) [staticcall]
    │   │   ├─ [4584] LensReader::resolve([0xe05fcC23807536bEe418f142D19fa0d21BB0cfF7, 0x1d1499e622D69689cdf9004d05Ec547d650Ff211], 0x07167a05890e9fcaccbdf11abbb65a3aa14bccfe41825ce441803003862ce5df, 0xf38a5ee5db5fec548416dac4db004d588b5fc06503ad270978d9d8f08e9b64a5, 0x0000000000000000000000000000000000000000000000000000000000000000) [staticcall]
    │   │   │   ├─ [1548] Ledger::head(0xe3b433d16bd73e36cfc64a9a8527d5263f36c648ccd5018f16a29e74790027ab) [staticcall]
    │   │   │   │   └─ ← [Return] 1, 2, 10, 6, 1, 0x64d7f731269ba262ea51040deb55dda723657338fcd72279dfc3756e73f53375
    │   │   │   └─ ← [Return] 1, 0x64d7f731269ba262ea51040deb55dda723657338fcd72279dfc3756e73f53375, 2, 0xe05fcC23807536bEe418f142D19fa0d21BB0cfF7, 10
    │   │   └─ ← [Return] 1, 0x64d7f731269ba262ea51040deb55dda723657338fcd72279dfc3756e73f53375, 2, 0xe05fcC23807536bEe418f142D19fa0d21BB0cfF7, 10
    │   ├─ [5212] FaultyReads::admission(10) [staticcall]
    │   │   ├─ [3265] Ledger::admission(10) [staticcall]
    │   │   │   └─ ← [Return] 3, 1, 3, 1, 1, false, 0x64d7f731269ba262ea51040deb55dda723657338fcd72279dfc3756e73f53375, 0x0000000000000000000000000000000000000000000000000000000000000000
    │   │   └─ ← [Return] 3, 1, 3, 1, 1, false, 0x64d7f731269ba262ea51040deb55dda723657338fcd72279dfc3756e73f53375, 0x0000000000000000000000000000000000000000000000000000000000000000
    │   ├─ [2438] FaultyReads::evidence(3) [staticcall]
    │   │   ├─ [1421] Ledger::evidence(3) [staticcall]
    │   │   │   └─ ← [Return] 0xe05fcC23807536bEe418f142D19fa0d21BB0cfF7, 2, 27, 2, 9, 0x28f4db7c8c7882834a2f8edcfb723cf2beb8308d666913950a529c82aa6a1352, 0x45a8a4ccb4b136fd63c40707b3084ad295cc7fb062cca9a1e7f8b3bfb92ceb85, 1, 1700003600 [1.7e9], 1, 0x27c4b27f2a80612b8349140160135b1a3d706a892faa2070ed01fff483a91981, 0x198a8c3d2513950024fade14c5735abfaafdd906f7f8f6e9cf84d9c790ea7789, 0x0e7fc757fe2f23d26bc570d71b2b93aeff49dda67b92adc14736e10ef47ec0f3
    │   │   └─ ← [Return] 0xe05fcC23807536bEe418f142D19fa0d21BB0cfF7, 2, 27, 2, 9, 0x28f4db7c8c7882834a2f8edcfb723cf2beb8308d666913950a529c82aa6a1352, 0x45a8a4ccb4b136fd63c40707b3084ad295cc7fb062cca9a1e7f8b3bfb92ceb85, 1, 1700003600 [1.7e9], 1, 0x27c4b27f2a80612b8349140160135b1a3d706a892faa2070ed01fff483a91981, 0x198a8c3d2513950024fade14c5735abfaafdd906f7f8f6e9cf84d9c790ea7789, 0x0e7fc757fe2f23d26bc570d71b2b93aeff49dda67b92adc14736e10ef47ec0f3
    │   ├─ [5481] FaultyReads::record(0x64d7f731269ba262ea51040deb55dda723657338fcd72279dfc3756e73f53375) [staticcall]
    │   │   ├─ [3245] Ledger::record(0x64d7f731269ba262ea51040deb55dda723657338fcd72279dfc3756e73f53375) [staticcall]
    │   │   │   └─ ← [Return] 0x2db40fc5c9f87fff9029aba18f5e7a0bf1ffaee89f584eb521b7395c0d57ea21, 9, 1, 0x8a5c2dad2ae16fc84b82733f634dfb672bd79e90dce25bf0627089c548fe85310000000000000000000000000000000000000000000000000000000095217d800000000000000000000000000000000000000000000000000000000000000006000000000000000000000000000000000000000000000000000000006b49d200ea51e8c38c6dcf2d50a91e3db4784be38aeaf3728d1ef153b525df484e652345
    │   │   └─ ← [Return] 0x2db40fc5c9f87fff9029aba18f5e7a0bf1ffaee89f584eb521b7395c0d57ea21, 9, 1, 0x8a5c2dad2ae16fc84b82733f634dfb672bd79e90dce25bf0627089c548fe85310000000000000000000000000000000000000000000000000000000095217d800000000000000000000000000000000000000000000000000000000000000006000000000000000000000000000000000000000000000000000000006b49d200ea51e8c38c6dcf2d50a91e3db4784be38aeaf3728d1ef153b525df484e652345
    │   ├─ [4835] FaultyReads::record(0x8a5c2dad2ae16fc84b82733f634dfb672bd79e90dce25bf0627089c548fe8531) [staticcall]
    │   │   ├─ [2635] Ledger::record(0x8a5c2dad2ae16fc84b82733f634dfb672bd79e90dce25bf0627089c548fe8531) [staticcall]
    │   │   │   └─ ← [Return] 0x98f15a281c3cdd9d4aabe4708ae98ab46688ebb588db2876ee56d2c9413ed691, 3, 1, 0xdcee1a18e773c4e23c675382b23918d0771ae6ff0a7f2c22d3e729874433182522ad273e9b5cb707fadf826bf174c50a895a558924cc7ff0cca702bffbc6c4a20000000000000000000000000000000000000000000000000000000000000001
    │   │   └─ ← [Return] 0x98f15a281c3cdd9d4aabe4708ae98ab46688ebb588db2876ee56d2c9413ed691, 3, 1, 0xdcee1a18e773c4e23c675382b23918d0771ae6ff0a7f2c22d3e729874433182522ad273e9b5cb707fadf826bf174c50a895a558924cc7ff0cca702bffbc6c4a20000000000000000000000000000000000000000000000000000000000000001
    │   ├─ [4188] FaultyReads::record(0xdcee1a18e773c4e23c675382b23918d0771ae6ff0a7f2c22d3e7298744331825) [staticcall]
    │   │   ├─ [2025] Ledger::record(0xdcee1a18e773c4e23c675382b23918d0771ae6ff0a7f2c22d3e7298744331825) [staticcall]
    │   │   │   └─ ← [Return] 0x589d5624cb9167094eb8ee549683bdadc765c77ed4f894308dd376bbebc30019, 1, 1, 0x0000000000000000000000000000000000000000000000000000000000000001
    │   │   └─ ← [Return] 0x589d5624cb9167094eb8ee549683bdadc765c77ed4f894308dd376bbebc30019, 1, 1, 0x0000000000000000000000000000000000000000000000000000000000000001
    │   ├─ [4188] FaultyReads::record(0x22ad273e9b5cb707fadf826bf174c50a895a558924cc7ff0cca702bffbc6c4a2) [staticcall]
    │   │   ├─ [2025] Ledger::record(0x22ad273e9b5cb707fadf826bf174c50a895a558924cc7ff0cca702bffbc6c4a2) [staticcall]
    │   │   │   └─ ← [Return] 0x589d5624cb9167094eb8ee549683bdadc765c77ed4f894308dd376bbebc30019, 2, 1, 0x0000000000000000000000000000000000000000000000000000000000000002
    │   │   └─ ← [Return] 0x589d5624cb9167094eb8ee549683bdadc765c77ed4f894308dd376bbebc30019, 2, 1, 0x0000000000000000000000000000000000000000000000000000000000000002
    │   ├─ emit PaidResult(kind: 0xda8023c667df6ab980fa02ef5b8cc50d0c48259a80691bc26c1bad20621fd2d1, commitment: 0x6cfb9452568f2056811657c4502389dd6583347da136edf03be272f01995ff9b, selection: Selection({ basisAdmission: 12, indexGeneration: 0, rulesEpoch: 8, coreCodeCommitment: 0xc83aa86bb45ee30a8a370e9822039d90787b7ff737127a6ce91a89a72be25e9b, lensId: 0xef9da062af8ad41470d8063e9fb0d12e016db39f90029de6405d4971b8826dc6, subject: 0xf38a5ee5db5fec548416dac4db004d588b5fc06503ad270978d9d8f08e9b64a5, selectedHead: 0x64d7f731269ba262ea51040deb55dda723657338fcd72279dfc3756e73f53375, selectedRevision: 2, selectedAdmission: 10, selectedPublication: 3, selectedAuthor: 0xe05fcC23807536bEe418f142D19fa0d21BB0cfF7, selectedProofKind: 2, pairId: 0x8a5c2dad2ae16fc84b82733f634dfb672bd79e90dce25bf0627089c548fe8531, itemA: 0xdcee1a18e773c4e23c675382b23918d0771ae6ff0a7f2c22d3e7298744331825, itemB: 0x22ad273e9b5cb707fadf826bf174c50a895a558924cc7ff0cca702bffbc6c4a2, mantissa: 2502000000 [2.502e9], scale: 6, observedAt: 1800000000 [1.8e9], note: 0xea51e8c38c6dcf2d50a91e3db4784be38aeaf3728d1ef153b525df484e652345 }), placement: Placement({ position: 0x0000000000000000000000000000000000000000000000000000000000000000, actor: 0x0000000000000000000000000000000000000000, proofKind: 0, revision: 0, admission: 0, publication: 0, basisAdmission: 0, pageStatus: 0, rawTotal: 0, scanned: 0, hydrations: 0, selectedSoFar: 0, mutated: false, ended: false }))
    │   └─ ← [Return] 0x6cfb9452568f2056811657c4502389dd6583347da136edf03be272f01995ff9b, Selection({ basisAdmission: 12, indexGeneration: 0, rulesEpoch: 8, coreCodeCommitment: 0xc83aa86bb45ee30a8a370e9822039d90787b7ff737127a6ce91a89a72be25e9b, lensId: 0xef9da062af8ad41470d8063e9fb0d12e016db39f90029de6405d4971b8826dc6, subject: 0xf38a5ee5db5fec548416dac4db004d588b5fc06503ad270978d9d8f08e9b64a5, selectedHead: 0x64d7f731269ba262ea51040deb55dda723657338fcd72279dfc3756e73f53375, selectedRevision: 2, selectedAdmission: 10, selectedPublication: 3, selectedAuthor: 0xe05fcC23807536bEe418f142D19fa0d21BB0cfF7, selectedProofKind: 2, pairId: 0x8a5c2dad2ae16fc84b82733f634dfb672bd79e90dce25bf0627089c548fe8531, itemA: 0xdcee1a18e773c4e23c675382b23918d0771ae6ff0a7f2c22d3e7298744331825, itemB: 0x22ad273e9b5cb707fadf826bf174c50a895a558924cc7ff0cca702bffbc6c4a2, mantissa: 2502000000 [2.502e9], scale: 6, observedAt: 1800000000 [1.8e9], note: 0xea51e8c38c6dcf2d50a91e3db4784be38aeaf3728d1ef153b525df484e652345 })
    └─ ← [Revert] A-first signed fixture evidence must be non-imported

Backtrace:
  at JoinedConsumerTest.test_faulty_actual_reply_imported_signed_and_native_publications_are_refused_as_local_fixture_evidence

[FAIL: selected admission CAS revision must precede the selected revision] test_faulty_actual_reply_mismatched_or_wrapping_admission_revision_is_refused() (gas: 3922326)
Traces:
  [3922326] JoinedConsumerTest::test_faulty_actual_reply_mismatched_or_wrapping_admission_revision_is_refused()
    ├─ [891393] Actor::execute([Action({ kind: 1, typeId: 0x589d5624cb9167094eb8ee549683bdadc765c77ed4f894308dd376bbebc30019, bodyHashOrRecordId: 0xb10e2d527612073b26eecdfd717e6a320cf44b4afac2b0732d9fcbe2b7fa0cf6, purpose: 0x0000000000000000000000000000000000000000000000000000000000000000, subject: 0x0000000000000000000000000000000000000000000000000000000000000000, role: 0x0000000000000000000000000000000000000000000000000000000000000000, target: 0x0000000000000000000000000000000000000000000000000000000000000000, expectedRevision: 0, salt: 0x0000000000000000000000000000000000000000000000000000000000000000 }), Action({ kind: 1, typeId: 0x589d5624cb9167094eb8ee549683bdadc765c77ed4f894308dd376bbebc30019, bodyHashOrRecordId: 0x405787fa12a823e0f2b7631cc41b3ba8828b3321ca811111fa75cd3aa3bb5ace, purpose: 0x0000000000000000000000000000000000000000000000000000000000000000, subject: 0x0000000000000000000000000000000000000000000000000000000000000000, role: 0x0000000000000000000000000000000000000000000000000000000000000000, target: 0x0000000000000000000000000000000000000000000000000000000000000000, expectedRevision: 0, salt: 0x0000000000000000000000000000000000000000000000000000000000000000 }), Action({ kind: 1, typeId: 0x98f15a281c3cdd9d4aabe4708ae98ab46688ebb588db2876ee56d2c9413ed691, bodyHashOrRecordId: 0xf5ecf0b3e8bbcba6b1c397f7dc2d1eb477cfc0906bae2c0851b77d85666de50e, purpose: 0x0000000000000000000000000000000000000000000000000000000000000000, subject: 0x0000000000000000000000000000000000000000000000000000000000000000, role: 0x0000000000000000000000000000000000000000000000000000000000000000, target: 0x0000000000000000000000000000000000000000000000000000000000000000, expectedRevision: 0, salt: 0x0000000000000000000000000000000000000000000000000000000000000000 })], [0x0000000000000000000000000000000000000000000000000000000000000001, 0x0000000000000000000000000000000000000000000000000000000000000002, 0xdcee1a18e773c4e23c675382b23918d0771ae6ff0a7f2c22d3e729874433182522ad273e9b5cb707fadf826bf174c50a895a558924cc7ff0cca702bffbc6c4a20000000000000000000000000000000000000000000000000000000000000001])
    │   ├─ [2886] Ledger::nonces(Actor: [0xa0Cb889707d426A7A386870A03bc70d1b0697598]) [staticcall]
    │   │   └─ ← [Return] 0
    │   ├─ [881620] Ledger::execute([Action({ kind: 1, typeId: 0x589d5624cb9167094eb8ee549683bdadc765c77ed4f894308dd376bbebc30019, bodyHashOrRecordId: 0xb10e2d527612073b26eecdfd717e6a320cf44b4afac2b0732d9fcbe2b7fa0cf6, purpose: 0x0000000000000000000000000000000000000000000000000000000000000000, subject: 0x0000000000000000000000000000000000000000000000000000000000000000, role: 0x0000000000000000000000000000000000000000000000000000000000000000, target: 0x0000000000000000000000000000000000000000000000000000000000000000, expectedRevision: 0, salt: 0x0000000000000000000000000000000000000000000000000000000000000000 }), Action({ kind: 1, typeId: 0x589d5624cb9167094eb8ee549683bdadc765c77ed4f894308dd376bbebc30019, bodyHashOrRecordId: 0x405787fa12a823e0f2b7631cc41b3ba8828b3321ca811111fa75cd3aa3bb5ace, purpose: 0x0000000000000000000000000000000000000000000000000000000000000000, subject: 0x0000000000000000000000000000000000000000000000000000000000000000, role: 0x0000000000000000000000000000000000000000000000000000000000000000, target: 0x0000000000000000000000000000000000000000000000000000000000000000, expectedRevision: 0, salt: 0x0000000000000000000000000000000000000000000000000000000000000000 }), Action({ kind: 1, typeId: 0x98f15a281c3cdd9d4aabe4708ae98ab46688ebb588db2876ee56d2c9413ed691, bodyHashOrRecordId: 0xf5ecf0b3e8bbcba6b1c397f7dc2d1eb477cfc0906bae2c0851b77d85666de50e, purpose: 0x0000000000000000000000000000000000000000000000000000000000000000, subject: 0x0000000000000000000000000000000000000000000000000000000000000000, role: 0x0000000000000000000000000000000000000000000000000000000000000000, target: 0x0000000000000000000000000000000000000000000000000000000000000000, expectedRevision: 0, salt: 0x0000000000000000000000000000000000000000000000000000000000000000 })], [0x0000000000000000000000000000000000000000000000000000000000000001, 0x0000000000000000000000000000000000000000000000000000000000000002, 0xdcee1a18e773c4e23c675382b23918d0771ae6ff0a7f2c22d3e729874433182522ad273e9b5cb707fadf826bf174c50a895a558924cc7ff0cca702bffbc6c4a20000000000000000000000000000000000000000000000000000000000000001], 0)
    │   │   ├─ [2441] TypeRegistry::epoch() [staticcall]
    │   │   │   └─ ← [Return] 8
    │   │   ├─ [9154] TypeRegistry::typeInfo(0x589d5624cb9167094eb8ee549683bdadc765c77ed4f894308dd376bbebc30019) [staticcall]
    │   │   │   └─ ← [Return] true, 0x0000000000000000000000000000000000000000, 0x0000000000000000000000000000000000000000000000000000000000000000, 0x0000000000000000000000000000000000000000, 0x0000000000000000000000000000000000000000000000000000000000000000, 0, 1
    │   │   ├─ [1154] TypeRegistry::typeInfo(0x589d5624cb9167094eb8ee549683bdadc765c77ed4f894308dd376bbebc30019) [staticcall]
    │   │   │   └─ ← [Return] true, 0x0000000000000000000000000000000000000000, 0x0000000000000000000000000000000000000000000000000000000000000000, 0x0000000000000000000000000000000000000000, 0x0000000000000000000000000000000000000000000000000000000000000000, 0, 1
    │   │   ├─ [9154] TypeRegistry::typeInfo(0x98f15a281c3cdd9d4aabe4708ae98ab46688ebb588db2876ee56d2c9413ed691) [staticcall]
    │   │   │   └─ ← [Return] true, MinBodyAcceptor: [0x15cF58144EF33af1e14b5208015d11F9143E27b9], 0x0f203846922aa3cb964edd7f1e28983ba9cecc624f10670a5a98ad81676a6ad9, MockAcceptor: [0x2e234DAe75C793f67A35089C9d99245E1C58470b], 0x7c1553f35948b2fd1af8aa8aa406670eda53327a8c7142ec78bc1e1534402168, 2, 2
    │   │   ├─ [1154] TypeRegistry::typeInfo(0x589d5624cb9167094eb8ee549683bdadc765c77ed4f894308dd376bbebc30019) [staticcall]
    │   │   │   └─ ← [Return] true, 0x0000000000000000000000000000000000000000, 0x0000000000000000000000000000000000000000000000000000000000000000, 0x0000000000000000000000000000000000000000, 0x0000000000000000000000000000000000000000000000000000000000000000, 0, 1
    │   │   ├─ emit Admitted(author: 0x48dacbce3fd7c9ac95afff5fd0afa396ad586efc33b7febdf55994386455ca80, scope: 0x589d5624cb9167094eb8ee549683bdadc765c77ed4f894308dd376bbebc30019, recordId: 0xdcee1a18e773c4e23c675382b23918d0771ae6ff0a7f2c22d3e7298744331825, admission: 1)
    │   │   ├─ [1154] TypeRegistry::typeInfo(0x589d5624cb9167094eb8ee549683bdadc765c77ed4f894308dd376bbebc30019) [staticcall]
    │   │   │   └─ ← [Return] true, 0x0000000000000000000000000000000000000000, 0x0000000000000000000000000000000000000000000000000000000000000000, 0x0000000000000000000000000000000000000000, 0x0000000000000000000000000000000000000000000000000000000000000000, 0, 1
    │   │   ├─ emit Admitted(author: 0x48dacbce3fd7c9ac95afff5fd0afa396ad586efc33b7febdf55994386455ca80, scope: 0x589d5624cb9167094eb8ee549683bdadc765c77ed4f894308dd376bbebc30019, recordId: 0x22ad273e9b5cb707fadf826bf174c50a895a558924cc7ff0cca702bffbc6c4a2, admission: 2)
    │   │   ├─ [1154] TypeRegistry::typeInfo(0x98f15a281c3cdd9d4aabe4708ae98ab46688ebb588db2876ee56d2c9413ed691) [staticcall]
    │   │   │   └─ ← [Return] true, MinBodyAcceptor: [0x15cF58144EF33af1e14b5208015d11F9143E27b9], 0x0f203846922aa3cb964edd7f1e28983ba9cecc624f10670a5a98ad81676a6ad9, MockAcceptor: [0x2e234DAe75C793f67A35089C9d99245E1C58470b], 0x7c1553f35948b2fd1af8aa8aa406670eda53327a8c7142ec78bc1e1534402168, 2, 2
    │   │   ├─ [7301] TypeRegistry::refTypes(0x98f15a281c3cdd9d4aabe4708ae98ab46688ebb588db2876ee56d2c9413ed691) [staticcall]
    │   │   │   └─ ← [Return] [0x589d5624cb9167094eb8ee549683bdadc765c77ed4f894308dd376bbebc30019, 0x589d5624cb9167094eb8ee549683bdadc765c77ed4f894308dd376bbebc30019]
    │   │   ├─ [447] MinBodyAcceptor::accept(0x98f15a281c3cdd9d4aabe4708ae98ab46688ebb588db2876ee56d2c9413ed691, 0xdcee1a18e773c4e23c675382b23918d0771ae6ff0a7f2c22d3e729874433182522ad273e9b5cb707fadf826bf174c50a895a558924cc7ff0cca702bffbc6c4a20000000000000000000000000000000000000000000000000000000000000001, [0xdcee1a18e773c4e23c675382b23918d0771ae6ff0a7f2c22d3e7298744331825, 0x22ad273e9b5cb707fadf826bf174c50a895a558924cc7ff0cca702bffbc6c4a2]) [staticcall]
    │   │   │   └─ ← [Return] true
    │   │   ├─ [4806] MockAcceptor::accept(0x98f15a281c3cdd9d4aabe4708ae98ab46688ebb588db2876ee56d2c9413ed691, 0xdcee1a18e773c4e23c675382b23918d0771ae6ff0a7f2c22d3e729874433182522ad273e9b5cb707fadf826bf174c50a895a558924cc7ff0cca702bffbc6c4a20000000000000000000000000000000000000000000000000000000000000001, [0xdcee1a18e773c4e23c675382b23918d0771ae6ff0a7f2c22d3e7298744331825, 0x22ad273e9b5cb707fadf826bf174c50a895a558924cc7ff0cca702bffbc6c4a2]) [staticcall]
    │   │   │   └─ ← [Return] true
    │   │   ├─ emit Admitted(author: 0x48dacbce3fd7c9ac95afff5fd0afa396ad586efc33b7febdf55994386455ca80, scope: 0x98f15a281c3cdd9d4aabe4708ae98ab46688ebb588db2876ee56d2c9413ed691, recordId: 0x8a5c2dad2ae16fc84b82733f634dfb672bd79e90dce25bf0627089c548fe8531, admission: 3)
    │   │   ├─ [166303] IndexModule::onAdmission(1, [Effect({ kind: 1, admission: 1, author: 0x48dacbce3fd7c9ac95afff5fd0afa396ad586efc33b7febdf55994386455ca80, recordId: 0xdcee1a18e773c4e23c675382b23918d0771ae6ff0a7f2c22d3e7298744331825, typeId: 0x589d5624cb9167094eb8ee549683bdadc765c77ed4f894308dd376bbebc30019, scopeKey: 0x0000000000000000000000000000000000000000000000000000000000000000, bindingKey: 0x0000000000000000000000000000000000000000000000000000000000000000, bindingOrdinal: 0, target: 0x0000000000000000000000000000000000000000000000000000000000000000, oldTarget: 0x0000000000000000000000000000000000000000000000000000000000000000, freshBinding: false, oldLive: false }), Effect({ kind: 1, admission: 2, author: 0x48dacbce3fd7c9ac95afff5fd0afa396ad586efc33b7febdf55994386455ca80, recordId: 0x22ad273e9b5cb707fadf826bf174c50a895a558924cc7ff0cca702bffbc6c4a2, typeId: 0x589d5624cb9167094eb8ee549683bdadc765c77ed4f894308dd376bbebc30019, scopeKey: 0x0000000000000000000000000000000000000000000000000000000000000000, bindingKey: 0x0000000000000000000000000000000000000000000000000000000000000000, bindingOrdinal: 0, target: 0x0000000000000000000000000000000000000000000000000000000000000000, oldTarget: 0x0000000000000000000000000000000000000000000000000000000000000000, freshBinding: false, oldLive: false }), Effect({ kind: 1, admission: 3, author: 0x48dacbce3fd7c9ac95afff5fd0afa396ad586efc33b7febdf55994386455ca80, recordId: 0x8a5c2dad2ae16fc84b82733f634dfb672bd79e90dce25bf0627089c548fe8531, typeId: 0x98f15a281c3cdd9d4aabe4708ae98ab46688ebb588db2876ee56d2c9413ed691, scopeKey: 0x0000000000000000000000000000000000000000000000000000000000000000, bindingKey: 0x0000000000000000000000000000000000000000000000000000000000000000, bindingOrdinal: 0, target: 0x0000000000000000000000000000000000000000000000000000000000000000, oldTarget: 0x0000000000000000000000000000000000000000000000000000000000000000, freshBinding: false, oldLive: false })])
    │   │   │   └─ ← [Stop]
    │   │   ├─ emit Published(publication: 1, publicationId: 0x144e9c035109391c28999747345d055a5ca82255e50b27a89c5f9b2c697ff3d4, author: Actor: [0xa0Cb889707d426A7A386870A03bc70d1b0697598], proofKind: 1, firstAdmission: 1, leafCount: 3)
    │   │   └─ ← [Return] 1, 1
    │   └─ ← [Return] 1, 1
    ├─ [2635] Ledger::record(0x8a5c2dad2ae16fc84b82733f634dfb672bd79e90dce25bf0627089c548fe8531) [staticcall]
    │   └─ ← [Return] 0x98f15a281c3cdd9d4aabe4708ae98ab46688ebb588db2876ee56d2c9413ed691, 3, 1, 0xdcee1a18e773c4e23c675382b23918d0771ae6ff0a7f2c22d3e729874433182522ad273e9b5cb707fadf826bf174c50a895a558924cc7ff0cca702bffbc6c4a20000000000000000000000000000000000000000000000000000000000000001
    ├─ [3594] Ledger::principalOf(0xe05fcC23807536bEe418f142D19fa0d21BB0cfF7) [staticcall]
    │   └─ ← [Return] 0x000000000000000000000000e05fcc23807536bee418f142d19fa0d21bb0cff7
    ├─ [395] Ledger::realmId() [staticcall]
    │   └─ ← [Return] 0x684016e05741dc9d511ff3520a16e1da90a35be14b76f9e12ef0287b9beae39f
    ├─ [0] VM::addr(<pk>) [staticcall]
    │   └─ ← [Return] 0xe05fcC23807536bEe418f142D19fa0d21BB0cfF7
    ├─ [15765] Ledger::acceptanceProfileOf([Action({ kind: 5, typeId: 0x0000000000000000000000000000000000000000000000000000000000000000, bodyHashOrRecordId: 0x0000000000000000000000000000000000000000000000000000000000000000, purpose: 0x0000000000000000000000000000000000000000000000000000000000000000, subject: 0x0000000000000000000000000000000000000000000000000000000000000000, role: 0x0000000000000000000000000000000000000000000000000000000000000000, target: 0x0000000000000000000000000000000000000000000000000000000000000000, expectedRevision: 0, salt: 0x0000000000000000000000000000000000000000000000000000000000000001 }), Action({ kind: 1, typeId: 0x2db40fc5c9f87fff9029aba18f5e7a0bf1ffaee89f584eb521b7395c0d57ea21, bodyHashOrRecordId: 0x8d2f0b7b4cd24cd9347501f0b05605482e3b4712abaaee32c1287eef69eefc55, purpose: 0x0000000000000000000000000000000000000000000000000000000000000000, subject: 0x0000000000000000000000000000000000000000000000000000000000000000, role: 0x0000000000000000000000000000000000000000000000000000000000000000, target: 0x0000000000000000000000000000000000000000000000000000000000000000, expectedRevision: 0, salt: 0x0000000000000000000000000000000000000000000000000000000000000000 }), Action({ kind: 3, typeId: 0x0000000000000000000000000000000000000000000000000000000000000000, bodyHashOrRecordId: 0x0000000000000000000000000000000000000000000000000000000000000000, purpose: 0x07167a05890e9fcaccbdf11abbb65a3aa14bccfe41825ce441803003862ce5df, subject: 0xf38a5ee5db5fec548416dac4db004d588b5fc06503ad270978d9d8f08e9b64a5, role: 0x0000000000000000000000000000000000000000000000000000000000000000, target: 0x939cfd72923d10d615557ff0b6c7b19b5f259692e9a71fb6c5f9b5ce03046655, expectedRevision: 0, salt: 0x0000000000000000000000000000000000000000000000000000000000000000 }), Action({ kind: 3, typeId: 0x0000000000000000000000000000000000000000000000000000000000000000, bodyHashOrRecordId: 0x0000000000000000000000000000000000000000000000000000000000000000, purpose: 0x58de23804076d1b785b7479ab38fe6ada246e62164776702f51a1c48ef98cf99, subject: 0x6b8f0ae148ccfbd232f2f5088f5758ca8158d5a69aaabdc7fd072cbf75be2dc9, role: 0xc7c63b8bafc33aa5221fea52672881776f7b9d1aa8eebc29f8c758178230dd1a, target: 0xf38a5ee5db5fec548416dac4db004d588b5fc06503ad270978d9d8f08e9b64a5, expectedRevision: 0, salt: 0x0000000000000000000000000000000000000000000000000000000000000000 }), Action({ kind: 3, typeId: 0x0000000000000000000000000000000000000000000000000000000000000000, bodyHashOrRecordId: 0x0000000000000000000000000000000000000000000000000000000000000000, purpose: 0x073e0a1a729959d841354dbb760bf57802acc034630defb75862e5dda0f72c18, subject: 0xf38a5ee5db5fec548416dac4db004d588b5fc06503ad270978d9d8f08e9b64a5, role: 0x8b30951df380b6b10da747e1167dd8e40bf8604c88c75b245dc172767f3b7320, target: 0xf38a5ee5db5fec548416dac4db004d588b5fc06503ad270978d9d8f08e9b64a5, expectedRevision: 0, salt: 0x0000000000000000000000000000000000000000000000000000000000000000 })]) [staticcall]
    │   ├─ [441] TypeRegistry::epoch() [staticcall]
    │   │   └─ ← [Return] 8
    │   ├─ [9154] TypeRegistry::typeInfo(0x2db40fc5c9f87fff9029aba18f5e7a0bf1ffaee89f584eb521b7395c0d57ea21) [staticcall]
    │   │   └─ ← [Return] true, QuoteAcceptor: [0x212224D2F2d262cd093eE13240ca4873fcCBbA3C], 0xa7499e4b804d8895cefb1463a08dee2517de9717eaba15d470e841cd00367fff, 0x0000000000000000000000000000000000000000, 0x0000000000000000000000000000000000000000000000000000000000000000, 1, 1
    │   └─ ← [Return] 0x27c4b27f2a80612b8349140160135b1a3d706a892faa2070ed01fff483a91981
    ├─ [1272] Ledger::indexObligations() [staticcall]
    │   └─ ← [Return] 0x198a8c3d2513950024fade14c5735abfaafdd906f7f8f6e9cf84d9c790ea7789
    ├─ [2244] Ledger::intentDigest(Intent({ realmId: 0x684016e05741dc9d511ff3520a16e1da90a35be14b76f9e12ef0287b9beae39f, coreCodeCommitment: 0x8d8515f6c3bcfe36ad7422c67ece284c215a5b79e1ee2cc5afdd3f63d7cddcbe, author: 0xe05fcC23807536bEe418f142D19fa0d21BB0cfF7, nonce: 0, deadline: 1700003600 [1.7e9], acceptanceProfile: 0x27c4b27f2a80612b8349140160135b1a3d706a892faa2070ed01fff483a91981, indexObligations: 0x198a8c3d2513950024fade14c5735abfaafdd906f7f8f6e9cf84d9c790ea7789 }), 0x30c303461ab5b4048d0b87a7232e523cbbdab8e5926abe9e0f6d0adcab830dd9) [staticcall]
    │   └─ ← [Return] 0xc4bd32471d646315287d2486baa8555e443c4a21f011e453c04aa4a97d3e430e
    ├─ [0] VM::sign("<pk>", 0xc4bd32471d646315287d2486baa8555e443c4a21f011e453c04aa4a97d3e430e) [staticcall]
    │   └─ ← [Return] 27, 0xcb6d7e75ab60dbd3cae6faaef572cd4581c4900fc45a323641421a2ed57d151a, 0x53bbcf248f10670c094e8047888def3be26823fa55fed68c338f33a0dd08edca
    ├─ [1545944] Ledger::executeSigned(Intent({ realmId: 0x684016e05741dc9d511ff3520a16e1da90a35be14b76f9e12ef0287b9beae39f, coreCodeCommitment: 0x8d8515f6c3bcfe36ad7422c67ece284c215a5b79e1ee2cc5afdd3f63d7cddcbe, author: 0xe05fcC23807536bEe418f142D19fa0d21BB0cfF7, nonce: 0, deadline: 1700003600 [1.7e9], acceptanceProfile: 0x27c4b27f2a80612b8349140160135b1a3d706a892faa2070ed01fff483a91981, indexObligations: 0x198a8c3d2513950024fade14c5735abfaafdd906f7f8f6e9cf84d9c790ea7789 }), [Action({ kind: 5, typeId: 0x0000000000000000000000000000000000000000000000000000000000000000, bodyHashOrRecordId: 0x0000000000000000000000000000000000000000000000000000000000000000, purpose: 0x0000000000000000000000000000000000000000000000000000000000000000, subject: 0x0000000000000000000000000000000000000000000000000000000000000000, role: 0x0000000000000000000000000000000000000000000000000000000000000000, target: 0x0000000000000000000000000000000000000000000000000000000000000000, expectedRevision: 0, salt: 0x0000000000000000000000000000000000000000000000000000000000000001 }), Action({ kind: 1, typeId: 0x2db40fc5c9f87fff9029aba18f5e7a0bf1ffaee89f584eb521b7395c0d57ea21, bodyHashOrRecordId: 0x8d2f0b7b4cd24cd9347501f0b05605482e3b4712abaaee32c1287eef69eefc55, purpose: 0x0000000000000000000000000000000000000000000000000000000000000000, subject: 0x0000000000000000000000000000000000000000000000000000000000000000, role: 0x0000000000000000000000000000000000000000000000000000000000000000, target: 0x0000000000000000000000000000000000000000000000000000000000000000, expectedRevision: 0, salt: 0x0000000000000000000000000000000000000000000000000000000000000000 }), Action({ kind: 3, typeId: 0x0000000000000000000000000000000000000000000000000000000000000000, bodyHashOrRecordId: 0x0000000000000000000000000000000000000000000000000000000000000000, purpose: 0x07167a05890e9fcaccbdf11abbb65a3aa14bccfe41825ce441803003862ce5df, subject: 0xf38a5ee5db5fec548416dac4db004d588b5fc06503ad270978d9d8f08e9b64a5, role: 0x0000000000000000000000000000000000000000000000000000000000000000, target: 0x939cfd72923d10d615557ff0b6c7b19b5f259692e9a71fb6c5f9b5ce03046655, expectedRevision: 0, salt: 0x0000000000000000000000000000000000000000000000000000000000000000 }), Action({ kind: 3, typeId: 0x0000000000000000000000000000000000000000000000000000000000000000, bodyHashOrRecordId: 0x0000000000000000000000000000000000000000000000000000000000000000, purpose: 0x58de23804076d1b785b7479ab38fe6ada246e62164776702f51a1c48ef98cf99, subject: 0x6b8f0ae148ccfbd232f2f5088f5758ca8158d5a69aaabdc7fd072cbf75be2dc9, role: 0xc7c63b8bafc33aa5221fea52672881776f7b9d1aa8eebc29f8c758178230dd1a, target: 0xf38a5ee5db5fec548416dac4db004d588b5fc06503ad270978d9d8f08e9b64a5, expectedRevision: 0, salt: 0x0000000000000000000000000000000000000000000000000000000000000000 }), Action({ kind: 3, typeId: 0x0000000000000000000000000000000000000000000000000000000000000000, bodyHashOrRecordId: 0x0000000000000000000000000000000000000000000000000000000000000000, purpose: 0x073e0a1a729959d841354dbb760bf57802acc034630defb75862e5dda0f72c18, subject: 0xf38a5ee5db5fec548416dac4db004d588b5fc06503ad270978d9d8f08e9b64a5, role: 0x8b30951df380b6b10da747e1167dd8e40bf8604c88c75b245dc172767f3b7320, target: 0xf38a5ee5db5fec548416dac4db004d588b5fc06503ad270978d9d8f08e9b64a5, expectedRevision: 0, salt: 0x0000000000000000000000000000000000000000000000000000000000000000 })], [0x, 0x8a5c2dad2ae16fc84b82733f634dfb672bd79e90dce25bf0627089c548fe8531000000000000000000000000000000000000000000000000000000009502f9000000000000000000000000000000000000000000000000000000000000000006000000000000000000000000000000000000000000000000000000006b49d200ea51e8c38c6dcf2d50a91e3db4784be38aeaf3728d1ef153b525df484e652345, 0x, 0x, 0x], 0xcb6d7e75ab60dbd3cae6faaef572cd4581c4900fc45a323641421a2ed57d151a53bbcf248f10670c094e8047888def3be26823fa55fed68c338f33a0dd08edca1b)
    │   ├─ [441] TypeRegistry::epoch() [staticcall]
    │   │   └─ ← [Return] 8
    │   ├─ [1154] TypeRegistry::typeInfo(0x2db40fc5c9f87fff9029aba18f5e7a0bf1ffaee89f584eb521b7395c0d57ea21) [staticcall]
    │   │   └─ ← [Return] true, QuoteAcceptor: [0x212224D2F2d262cd093eE13240ca4873fcCBbA3C], 0xa7499e4b804d8895cefb1463a08dee2517de9717eaba15d470e841cd00367fff, 0x0000000000000000000000000000000000000000, 0x0000000000000000000000000000000000000000000000000000000000000000, 1, 1
    │   ├─ [3000] PRECOMPILES::ecrecover(0xc4bd32471d646315287d2486baa8555e443c4a21f011e453c04aa4a97d3e430e, 27, 92012967384865623632945752460569903409982503062909024531648367586760210584858, 37873796480642939085749953822188206190785572794190192727419073061771283066314) [staticcall]
    │   │   └─ ← [Return] 0xe05fcC23807536bEe418f142D19fa0d21BB0cfF7
    │   ├─ emit Admitted(author: 0x000000000000000000000000e05fcc23807536bee418f142d19fa0d21bb0cff7, scope: 0xf38a5ee5db5fec548416dac4db004d588b5fc06503ad270978d9d8f08e9b64a5, recordId: 0x0000000000000000000000000000000000000000000000000000000000000000, admission: 4)
    │   ├─ [1154] TypeRegistry::typeInfo(0x2db40fc5c9f87fff9029aba18f5e7a0bf1ffaee89f584eb521b7395c0d57ea21) [staticcall]
    │   │   └─ ← [Return] true, QuoteAcceptor: [0x212224D2F2d262cd093eE13240ca4873fcCBbA3C], 0xa7499e4b804d8895cefb1463a08dee2517de9717eaba15d470e841cd00367fff, 0x0000000000000000000000000000000000000000, 0x0000000000000000000000000000000000000000000000000000000000000000, 1, 1
    │   ├─ [5038] TypeRegistry::refTypes(0x2db40fc5c9f87fff9029aba18f5e7a0bf1ffaee89f584eb521b7395c0d57ea21) [staticcall]
    │   │   └─ ← [Return] [0x98f15a281c3cdd9d4aabe4708ae98ab46688ebb588db2876ee56d2c9413ed691]
    │   ├─ [998] QuoteAcceptor::accept(0x2db40fc5c9f87fff9029aba18f5e7a0bf1ffaee89f584eb521b7395c0d57ea21, 0x8a5c2dad2ae16fc84b82733f634dfb672bd79e90dce25bf0627089c548fe8531000000000000000000000000000000000000000000000000000000009502f9000000000000000000000000000000000000000000000000000000000000000006000000000000000000000000000000000000000000000000000000006b49d200ea51e8c38c6dcf2d50a91e3db4784be38aeaf3728d1ef153b525df484e652345, [0x8a5c2dad2ae16fc84b82733f634dfb672bd79e90dce25bf0627089c548fe8531]) [staticcall]
    │   │   └─ ← [Return] true
    │   ├─ emit Admitted(author: 0x000000000000000000000000e05fcc23807536bee418f142d19fa0d21bb0cff7, scope: 0x2db40fc5c9f87fff9029aba18f5e7a0bf1ffaee89f584eb521b7395c0d57ea21, recordId: 0x939cfd72923d10d615557ff0b6c7b19b5f259692e9a71fb6c5f9b5ce03046655, admission: 5)
    │   ├─ [2421] TypeRegistry::bindingRefType(0x07167a05890e9fcaccbdf11abbb65a3aa14bccfe41825ce441803003862ce5df, 0x0000000000000000000000000000000000000000000000000000000000000000) [staticcall]
    │   │   └─ ← [Return] 0x0000000000000000000000000000000000000000000000000000000000000000
    │   ├─ emit Admitted(author: 0x000000000000000000000000e05fcc23807536bee418f142d19fa0d21bb0cff7, scope: 0xd3ca2016fab275e3e54c75668977603dc0be5313a91cff6394ad3110dadc1054, recordId: 0x939cfd72923d10d615557ff0b6c7b19b5f259692e9a71fb6c5f9b5ce03046655, admission: 6)
    │   ├─ [2421] TypeRegistry::bindingRefType(0x58de23804076d1b785b7479ab38fe6ada246e62164776702f51a1c48ef98cf99, 0xc7c63b8bafc33aa5221fea52672881776f7b9d1aa8eebc29f8c758178230dd1a) [staticcall]
    │   │   └─ ← [Return] 0x0000000000000000000000000000000000000000000000000000000000000000
    │   ├─ emit Admitted(author: 0x000000000000000000000000e05fcc23807536bee418f142d19fa0d21bb0cff7, scope: 0xacdedd9616efb976bfcf2fa693c5d69d7b8be8854803dfd98ce51a3721bd8189, recordId: 0xf38a5ee5db5fec548416dac4db004d588b5fc06503ad270978d9d8f08e9b64a5, admission: 7)
    │   ├─ [2421] TypeRegistry::bindingRefType(0x073e0a1a729959d841354dbb760bf57802acc034630defb75862e5dda0f72c18, 0x8b30951df380b6b10da747e1167dd8e40bf8604c88c75b245dc172767f3b7320) [staticcall]
    │   │   └─ ← [Return] 0x0000000000000000000000000000000000000000000000000000000000000000
    │   ├─ emit Admitted(author: 0x000000000000000000000000e05fcc23807536bee418f142d19fa0d21bb0cff7, scope: 0xec70f47d0d57410e68dc860f66f319dfda74a14898c536db8a545c8775919a8f, recordId: 0xf38a5ee5db5fec548416dac4db004d588b5fc06503ad270978d9d8f08e9b64a5, admission: 8)
    │   ├─ [461775] IndexModule::onAdmission(2, [Effect({ kind: 5, admission: 4, author: 0x000000000000000000000000e05fcc23807536bee418f142d19fa0d21bb0cff7, recordId: 0xf38a5ee5db5fec548416dac4db004d588b5fc06503ad270978d9d8f08e9b64a5, typeId: 0x0000000000000000000000000000000000000000000000000000000000000000, scopeKey: 0x0000000000000000000000000000000000000000000000000000000000000000, bindingKey: 0x0000000000000000000000000000000000000000000000000000000000000000, bindingOrdinal: 0, target: 0x0000000000000000000000000000000000000000000000000000000000000000, oldTarget: 0x0000000000000000000000000000000000000000000000000000000000000000, freshBinding: false, oldLive: false }), Effect({ kind: 1, admission: 5, author: 0x000000000000000000000000e05fcc23807536bee418f142d19fa0d21bb0cff7, recordId: 0x939cfd72923d10d615557ff0b6c7b19b5f259692e9a71fb6c5f9b5ce03046655, typeId: 0x2db40fc5c9f87fff9029aba18f5e7a0bf1ffaee89f584eb521b7395c0d57ea21, scopeKey: 0x0000000000000000000000000000000000000000000000000000000000000000, bindingKey: 0x0000000000000000000000000000000000000000000000000000000000000000, bindingOrdinal: 0, target: 0x0000000000000000000000000000000000000000000000000000000000000000, oldTarget: 0x0000000000000000000000000000000000000000000000000000000000000000, freshBinding: false, oldLive: false }), Effect({ kind: 3, admission: 6, author: 0x000000000000000000000000e05fcc23807536bee418f142d19fa0d21bb0cff7, recordId: 0x939cfd72923d10d615557ff0b6c7b19b5f259692e9a71fb6c5f9b5ce03046655, typeId: 0x2db40fc5c9f87fff9029aba18f5e7a0bf1ffaee89f584eb521b7395c0d57ea21, scopeKey: 0xd3ca2016fab275e3e54c75668977603dc0be5313a91cff6394ad3110dadc1054, bindingKey: 0xe3b433d16bd73e36cfc64a9a8527d5263f36c648ccd5018f16a29e74790027ab, bindingOrdinal: 1, target: 0x939cfd72923d10d615557ff0b6c7b19b5f259692e9a71fb6c5f9b5ce03046655, oldTarget: 0x0000000000000000000000000000000000000000000000000000000000000000, freshBinding: true, oldLive: false }), Effect({ kind: 3, admission: 7, author: 0x000000000000000000000000e05fcc23807536bee418f142d19fa0d21bb0cff7, recordId: 0xf38a5ee5db5fec548416dac4db004d588b5fc06503ad270978d9d8f08e9b64a5, typeId: 0x0000000000000000000000000000000000000000000000000000000000000000, scopeKey: 0xacdedd9616efb976bfcf2fa693c5d69d7b8be8854803dfd98ce51a3721bd8189, bindingKey: 0x29508140ed11e00d75e205718444b4113acbf972f7a05504f874edbf99694dbe, bindingOrdinal: 2, target: 0xf38a5ee5db5fec548416dac4db004d588b5fc06503ad270978d9d8f08e9b64a5, oldTarget: 0x0000000000000000000000000000000000000000000000000000000000000000, freshBinding: true, oldLive: false }), Effect({ kind: 3, admission: 8, author: 0x000000000000000000000000e05fcc23807536bee418f142d19fa0d21bb0cff7, recordId: 0xf38a5ee5db5fec548416dac4db004d588b5fc06503ad270978d9d8f08e9b64a5, typeId: 0x0000000000000000000000000000000000000000000000000000000000000000, scopeKey: 0xec70f47d0d57410e68dc860f66f319dfda74a14898c536db8a545c8775919a8f, bindingKey: 0x5765e6449d8537404367461493bd3f00b858fdd9908ec83aeb08973f0198e8ea, bindingOrdinal: 3, target: 0xf38a5ee5db5fec548416dac4db004d588b5fc06503ad270978d9d8f08e9b64a5, oldTarget: 0x0000000000000000000000000000000000000000000000000000000000000000, freshBinding: true, oldLive: false })])
    │   │   └─ ← [Stop]
    │   ├─ emit Published(publication: 2, publicationId: 0x333b1376b2bed9c401e734be6afa80809fb8adfebe48893eea92d1e72a24faa6, author: 0xe05fcC23807536bEe418f142D19fa0d21BB0cfF7, proofKind: 2, firstAdmission: 4, leafCount: 5)
    │   └─ ← [Return] 2, 4
    ├─ [395] Ledger::realmId() [staticcall]
    │   └─ ← [Return] 0x684016e05741dc9d511ff3520a16e1da90a35be14b76f9e12ef0287b9beae39f
    ├─ [0] VM::addr(<pk>) [staticcall]
    │   └─ ← [Return] 0xe05fcC23807536bEe418f142D19fa0d21BB0cfF7
    ├─ [5608] Ledger::acceptanceProfileOf([Action({ kind: 1, typeId: 0x2db40fc5c9f87fff9029aba18f5e7a0bf1ffaee89f584eb521b7395c0d57ea21, bodyHashOrRecordId: 0xa66176d11ba275a73932a6b1884a1dfef19440c0fc76d37ba68a539e65bfa1ba, purpose: 0x0000000000000000000000000000000000000000000000000000000000000000, subject: 0x0000000000000000000000000000000000000000000000000000000000000000, role: 0x0000000000000000000000000000000000000000000000000000000000000000, target: 0x0000000000000000000000000000000000000000000000000000000000000000, expectedRevision: 0, salt: 0x0000000000000000000000000000000000000000000000000000000000000000 }), Action({ kind: 3, typeId: 0x0000000000000000000000000000000000000000000000000000000000000000, bodyHashOrRecordId: 0x0000000000000000000000000000000000000000000000000000000000000000, purpose: 0x07167a05890e9fcaccbdf11abbb65a3aa14bccfe41825ce441803003862ce5df, subject: 0xf38a5ee5db5fec548416dac4db004d588b5fc06503ad270978d9d8f08e9b64a5, role: 0x0000000000000000000000000000000000000000000000000000000000000000, target: 0x64d7f731269ba262ea51040deb55dda723657338fcd72279dfc3756e73f53375, expectedRevision: 1, salt: 0x0000000000000000000000000000000000000000000000000000000000000000 })]) [staticcall]
    │   ├─ [441] TypeRegistry::epoch() [staticcall]
    │   │   └─ ← [Return] 8
    │   ├─ [1154] TypeRegistry::typeInfo(0x2db40fc5c9f87fff9029aba18f5e7a0bf1ffaee89f584eb521b7395c0d57ea21) [staticcall]
    │   │   └─ ← [Return] true, QuoteAcceptor: [0x212224D2F2d262cd093eE13240ca4873fcCBbA3C], 0xa7499e4b804d8895cefb1463a08dee2517de9717eaba15d470e841cd00367fff, 0x0000000000000000000000000000000000000000, 0x0000000000000000000000000000000000000000000000000000000000000000, 1, 1
    │   └─ ← [Return] 0x27c4b27f2a80612b8349140160135b1a3d706a892faa2070ed01fff483a91981
    ├─ [1272] Ledger::indexObligations() [staticcall]
    │   └─ ← [Return] 0x198a8c3d2513950024fade14c5735abfaafdd906f7f8f6e9cf84d9c790ea7789
    ├─ [2244] Ledger::intentDigest(Intent({ realmId: 0x684016e05741dc9d511ff3520a16e1da90a35be14b76f9e12ef0287b9beae39f, coreCodeCommitment: 0x8d8515f6c3bcfe36ad7422c67ece284c215a5b79e1ee2cc5afdd3f63d7cddcbe, author: 0xe05fcC23807536bEe418f142D19fa0d21BB0cfF7, nonce: 1, deadline: 1700003600 [1.7e9], acceptanceProfile: 0x27c4b27f2a80612b8349140160135b1a3d706a892faa2070ed01fff483a91981, indexObligations: 0x198a8c3d2513950024fade14c5735abfaafdd906f7f8f6e9cf84d9c790ea7789 }), 0x0e7fc757fe2f23d26bc570d71b2b93aeff49dda67b92adc14736e10ef47ec0f3) [staticcall]
    │   └─ ← [Return] 0xd7315933bb28942cada9ccd3ec8ad3c999b6c0e95e9620cb711aa49710ac42aa
    ├─ [0] VM::sign("<pk>", 0xd7315933bb28942cada9ccd3ec8ad3c999b6c0e95e9620cb711aa49710ac42aa) [staticcall]
    │   └─ ← [Return] 27, 0x28f4db7c8c7882834a2f8edcfb723cf2beb8308d666913950a529c82aa6a1352, 0x45a8a4ccb4b136fd63c40707b3084ad295cc7fb062cca9a1e7f8b3bfb92ceb85
    ├─ [541677] Ledger::executeSigned(Intent({ realmId: 0x684016e05741dc9d511ff3520a16e1da90a35be14b76f9e12ef0287b9beae39f, coreCodeCommitment: 0x8d8515f6c3bcfe36ad7422c67ece284c215a5b79e1ee2cc5afdd3f63d7cddcbe, author: 0xe05fcC23807536bEe418f142D19fa0d21BB0cfF7, nonce: 1, deadline: 1700003600 [1.7e9], acceptanceProfile: 0x27c4b27f2a80612b8349140160135b1a3d706a892faa2070ed01fff483a91981, indexObligations: 0x198a8c3d2513950024fade14c5735abfaafdd906f7f8f6e9cf84d9c790ea7789 }), [Action({ kind: 1, typeId: 0x2db40fc5c9f87fff9029aba18f5e7a0bf1ffaee89f584eb521b7395c0d57ea21, bodyHashOrRecordId: 0xa66176d11ba275a73932a6b1884a1dfef19440c0fc76d37ba68a539e65bfa1ba, purpose: 0x0000000000000000000000000000000000000000000000000000000000000000, subject: 0x0000000000000000000000000000000000000000000000000000000000000000, role: 0x0000000000000000000000000000000000000000000000000000000000000000, target: 0x0000000000000000000000000000000000000000000000000000000000000000, expectedRevision: 0, salt: 0x0000000000000000000000000000000000000000000000000000000000000000 }), Action({ kind: 3, typeId: 0x0000000000000000000000000000000000000000000000000000000000000000, bodyHashOrRecordId: 0x0000000000000000000000000000000000000000000000000000000000000000, purpose: 0x07167a05890e9fcaccbdf11abbb65a3aa14bccfe41825ce441803003862ce5df, subject: 0xf38a5ee5db5fec548416dac4db004d588b5fc06503ad270978d9d8f08e9b64a5, role: 0x0000000000000000000000000000000000000000000000000000000000000000, target: 0x64d7f731269ba262ea51040deb55dda723657338fcd72279dfc3756e73f53375, expectedRevision: 1, salt: 0x0000000000000000000000000000000000000000000000000000000000000000 })], [0x8a5c2dad2ae16fc84b82733f634dfb672bd79e90dce25bf0627089c548fe85310000000000000000000000000000000000000000000000000000000095217d800000000000000000000000000000000000000000000000000000000000000006000000000000000000000000000000000000000000000000000000006b49d200ea51e8c38c6dcf2d50a91e3db4784be38aeaf3728d1ef153b525df484e652345, 0x], 0x28f4db7c8c7882834a2f8edcfb723cf2beb8308d666913950a529c82aa6a135245a8a4ccb4b136fd63c40707b3084ad295cc7fb062cca9a1e7f8b3bfb92ceb851b)
    │   ├─ [441] TypeRegistry::epoch() [staticcall]
    │   │   └─ ← [Return] 8
    │   ├─ [1154] TypeRegistry::typeInfo(0x2db40fc5c9f87fff9029aba18f5e7a0bf1ffaee89f584eb521b7395c0d57ea21) [staticcall]
    │   │   └─ ← [Return] true, QuoteAcceptor: [0x212224D2F2d262cd093eE13240ca4873fcCBbA3C], 0xa7499e4b804d8895cefb1463a08dee2517de9717eaba15d470e841cd00367fff, 0x0000000000000000000000000000000000000000, 0x0000000000000000000000000000000000000000000000000000000000000000, 1, 1
    │   ├─ [3000] PRECOMPILES::ecrecover(0xd7315933bb28942cada9ccd3ec8ad3c999b6c0e95e9620cb711aa49710ac42aa, 27, 18525139467413210867882826948906531348062280998234340856406121334043312788306, 31507554264387257558530153093946643964566592928269414207268672013515356957573) [staticcall]
    │   │   └─ ← [Return] 0xe05fcC23807536bEe418f142D19fa0d21BB0cfF7
    │   ├─ [1154] TypeRegistry::typeInfo(0x2db40fc5c9f87fff9029aba18f5e7a0bf1ffaee89f584eb521b7395c0d57ea21) [staticcall]
    │   │   └─ ← [Return] true, QuoteAcceptor: [0x212224D2F2d262cd093eE13240ca4873fcCBbA3C], 0xa7499e4b804d8895cefb1463a08dee2517de9717eaba15d470e841cd00367fff, 0x0000000000000000000000000000000000000000, 0x0000000000000000000000000000000000000000000000000000000000000000, 1, 1
    │   ├─ [1038] TypeRegistry::refTypes(0x2db40fc5c9f87fff9029aba18f5e7a0bf1ffaee89f584eb521b7395c0d57ea21) [staticcall]
    │   │   └─ ← [Return] [0x98f15a281c3cdd9d4aabe4708ae98ab46688ebb588db2876ee56d2c9413ed691]
    │   ├─ [998] QuoteAcceptor::accept(0x2db40fc5c9f87fff9029aba18f5e7a0bf1ffaee89f584eb521b7395c0d57ea21, 0x8a5c2dad2ae16fc84b82733f634dfb672bd79e90dce25bf0627089c548fe85310000000000000000000000000000000000000000000000000000000095217d800000000000000000000000000000000000000000000000000000000000000006000000000000000000000000000000000000000000000000000000006b49d200ea51e8c38c6dcf2d50a91e3db4784be38aeaf3728d1ef153b525df484e652345, [0x8a5c2dad2ae16fc84b82733f634dfb672bd79e90dce25bf0627089c548fe8531]) [staticcall]
    │   │   └─ ← [Return] true
    │   ├─ emit Admitted(author: 0x000000000000000000000000e05fcc23807536bee418f142d19fa0d21bb0cff7, scope: 0x2db40fc5c9f87fff9029aba18f5e7a0bf1ffaee89f584eb521b7395c0d57ea21, recordId: 0x64d7f731269ba262ea51040deb55dda723657338fcd72279dfc3756e73f53375, admission: 9)
    │   ├─ [421] TypeRegistry::bindingRefType(0x07167a05890e9fcaccbdf11abbb65a3aa14bccfe41825ce441803003862ce5df, 0x0000000000000000000000000000000000000000000000000000000000000000) [staticcall]
    │   │   └─ ← [Return] 0x0000000000000000000000000000000000000000000000000000000000000000
    │   ├─ emit Admitted(author: 0x000000000000000000000000e05fcc23807536bee418f142d19fa0d21bb0cff7, scope: 0xd3ca2016fab275e3e54c75668977603dc0be5313a91cff6394ad3110dadc1054, recordId: 0x64d7f731269ba262ea51040deb55dda723657338fcd72279dfc3756e73f53375, admission: 10)
    │   ├─ [54286] IndexModule::onAdmission(3, [Effect({ kind: 1, admission: 9, author: 0x000000000000000000000000e05fcc23807536bee418f142d19fa0d21bb0cff7, recordId: 0x64d7f731269ba262ea51040deb55dda723657338fcd72279dfc3756e73f53375, typeId: 0x2db40fc5c9f87fff9029aba18f5e7a0bf1ffaee89f584eb521b7395c0d57ea21, scopeKey: 0x0000000000000000000000000000000000000000000000000000000000000000, bindingKey: 0x0000000000000000000000000000000000000000000000000000000000000000, bindingOrdinal: 0, target: 0x0000000000000000000000000000000000000000000000000000000000000000, oldTarget: 0x0000000000000000000000000000000000000000000000000000000000000000, freshBinding: false, oldLive: false }), Effect({ kind: 3, admission: 10, author: 0x000000000000000000000000e05fcc23807536bee418f142d19fa0d21bb0cff7, recordId: 0x64d7f731269ba262ea51040deb55dda723657338fcd72279dfc3756e73f53375, typeId: 0x2db40fc5c9f87fff9029aba18f5e7a0bf1ffaee89f584eb521b7395c0d57ea21, scopeKey: 0xd3ca2016fab275e3e54c75668977603dc0be5313a91cff6394ad3110dadc1054, bindingKey: 0xe3b433d16bd73e36cfc64a9a8527d5263f36c648ccd5018f16a29e74790027ab, bindingOrdinal: 1, target: 0x64d7f731269ba262ea51040deb55dda723657338fcd72279dfc3756e73f53375, oldTarget: 0x939cfd72923d10d615557ff0b6c7b19b5f259692e9a71fb6c5f9b5ce03046655, freshBinding: false, oldLive: true })])
    │   │   └─ ← [Stop]
    │   ├─ emit Published(publication: 3, publicationId: 0xed15b5971ef197b95954ed2ae0d4762597eedc8ec41a8e0acd1746bd4d0cd293, author: 0xe05fcC23807536bEe418f142D19fa0d21BB0cfF7, proofKind: 2, firstAdmission: 9, leafCount: 2)
    │   └─ ← [Return] 3, 9
    ├─ [717406] Actor::execute([Action({ kind: 1, typeId: 0x2db40fc5c9f87fff9029aba18f5e7a0bf1ffaee89f584eb521b7395c0d57ea21, bodyHashOrRecordId: 0x3cf5180eb11d3397248839a0c9b5b64520d2c86f311c3897cb949296a7ada229, purpose: 0x0000000000000000000000000000000000000000000000000000000000000000, subject: 0x0000000000000000000000000000000000000000000000000000000000000000, role: 0x0000000000000000000000000000000000000000000000000000000000000000, target: 0x0000000000000000000000000000000000000000000000000000000000000000, expectedRevision: 0, salt: 0x0000000000000000000000000000000000000000000000000000000000000000 }), Action({ kind: 3, typeId: 0x0000000000000000000000000000000000000000000000000000000000000000, bodyHashOrRecordId: 0x0000000000000000000000000000000000000000000000000000000000000000, purpose: 0x07167a05890e9fcaccbdf11abbb65a3aa14bccfe41825ce441803003862ce5df, subject: 0xf38a5ee5db5fec548416dac4db004d588b5fc06503ad270978d9d8f08e9b64a5, role: 0x0000000000000000000000000000000000000000000000000000000000000000, target: 0xa42ac61d9cc4911c885f309fe75c6f6d4981bb1a32736a15733053bab021d08d, expectedRevision: 0, salt: 0x0000000000000000000000000000000000000000000000000000000000000000 })], [0x8a5c2dad2ae16fc84b82733f634dfb672bd79e90dce25bf0627089c548fe85310000000000000000000000000000000000000000000000000000000095123b400000000000000000000000000000000000000000000000000000000000000006000000000000000000000000000000000000000000000000000000006b49d200ea51e8c38c6dcf2d50a91e3db4784be38aeaf3728d1ef153b525df484e652345, 0x])
    │   ├─ [2886] Ledger::nonces(Actor: [0x1d1499e622D69689cdf9004d05Ec547d650Ff211]) [staticcall]
    │   │   └─ ← [Return] 0
    │   ├─ [710883] Ledger::execute([Action({ kind: 1, typeId: 0x2db40fc5c9f87fff9029aba18f5e7a0bf1ffaee89f584eb521b7395c0d57ea21, bodyHashOrRecordId: 0x3cf5180eb11d3397248839a0c9b5b64520d2c86f311c3897cb949296a7ada229, purpose: 0x0000000000000000000000000000000000000000000000000000000000000000, subject: 0x0000000000000000000000000000000000000000000000000000000000000000, role: 0x0000000000000000000000000000000000000000000000000000000000000000, target: 0x0000000000000000000000000000000000000000000000000000000000000000, expectedRevision: 0, salt: 0x0000000000000000000000000000000000000000000000000000000000000000 }), Action({ kind: 3, typeId: 0x0000000000000000000000000000000000000000000000000000000000000000, bodyHashOrRecordId: 0x0000000000000000000000000000000000000000000000000000000000000000, purpose: 0x07167a05890e9fcaccbdf11abbb65a3aa14bccfe41825ce441803003862ce5df, subject: 0xf38a5ee5db5fec548416dac4db004d588b5fc06503ad270978d9d8f08e9b64a5, role: 0x0000000000000000000000000000000000000000000000000000000000000000, target: 0xa42ac61d9cc4911c885f309fe75c6f6d4981bb1a32736a15733053bab021d08d, expectedRevision: 0, salt: 0x0000000000000000000000000000000000000000000000000000000000000000 })], [0x8a5c2dad2ae16fc84b82733f634dfb672bd79e90dce25bf0627089c548fe85310000000000000000000000000000000000000000000000000000000095123b400000000000000000000000000000000000000000000000000000000000000006000000000000000000000000000000000000000000000000000000006b49d200ea51e8c38c6dcf2d50a91e3db4784be38aeaf3728d1ef153b525df484e652345, 0x], 0)
    │   │   ├─ [441] TypeRegistry::epoch() [staticcall]
    │   │   │   └─ ← [Return] 8
    │   │   ├─ [1154] TypeRegistry::typeInfo(0x2db40fc5c9f87fff9029aba18f5e7a0bf1ffaee89f584eb521b7395c0d57ea21) [staticcall]
    │   │   │   └─ ← [Return] true, QuoteAcceptor: [0x212224D2F2d262cd093eE13240ca4873fcCBbA3C], 0xa7499e4b804d8895cefb1463a08dee2517de9717eaba15d470e841cd00367fff, 0x0000000000000000000000000000000000000000, 0x0000000000000000000000000000000000000000000000000000000000000000, 1, 1
    │   │   ├─ [1154] TypeRegistry::typeInfo(0x2db40fc5c9f87fff9029aba18f5e7a0bf1ffaee89f584eb521b7395c0d57ea21) [staticcall]
    │   │   │   └─ ← [Return] true, QuoteAcceptor: [0x212224D2F2d262cd093eE13240ca4873fcCBbA3C], 0xa7499e4b804d8895cefb1463a08dee2517de9717eaba15d470e841cd00367fff, 0x0000000000000000000000000000000000000000, 0x0000000000000000000000000000000000000000000000000000000000000000, 1, 1
    │   │   ├─ [1038] TypeRegistry::refTypes(0x2db40fc5c9f87fff9029aba18f5e7a0bf1ffaee89f584eb521b7395c0d57ea21) [staticcall]
    │   │   │   └─ ← [Return] [0x98f15a281c3cdd9d4aabe4708ae98ab46688ebb588db2876ee56d2c9413ed691]
    │   │   ├─ [998] QuoteAcceptor::accept(0x2db40fc5c9f87fff9029aba18f5e7a0bf1ffaee89f584eb521b7395c0d57ea21, 0x8a5c2dad2ae16fc84b82733f634dfb672bd79e90dce25bf0627089c548fe85310000000000000000000000000000000000000000000000000000000095123b400000000000000000000000000000000000000000000000000000000000000006000000000000000000000000000000000000000000000000000000006b49d200ea51e8c38c6dcf2d50a91e3db4784be38aeaf3728d1ef153b525df484e652345, [0x8a5c2dad2ae16fc84b82733f634dfb672bd79e90dce25bf0627089c548fe8531]) [staticcall]
    │   │   │   └─ ← [Return] true
    │   │   ├─ emit Admitted(author: 0x48aca65bfcfce75562a73057d5712a492c1fa8dd41e69d33d9ae10be3cd496e5, scope: 0x2db40fc5c9f87fff9029aba18f5e7a0bf1ffaee89f584eb521b7395c0d57ea21, recordId: 0xa42ac61d9cc4911c885f309fe75c6f6d4981bb1a32736a15733053bab021d08d, admission: 11)
    │   │   ├─ [421] TypeRegistry::bindingRefType(0x07167a05890e9fcaccbdf11abbb65a3aa14bccfe41825ce441803003862ce5df, 0x0000000000000000000000000000000000000000000000000000000000000000) [staticcall]
    │   │   │   └─ ← [Return] 0x0000000000000000000000000000000000000000000000000000000000000000
    │   │   ├─ emit Admitted(author: 0x48aca65bfcfce75562a73057d5712a492c1fa8dd41e69d33d9ae10be3cd496e5, scope: 0xeb5019b8684198e974a6d68a23a0f196722da09db54c6126068a6e2963c874fa, recordId: 0xa42ac61d9cc4911c885f309fe75c6f6d4981bb1a32736a15733053bab021d08d, admission: 12)
    │   │   ├─ [186563] IndexModule::onAdmission(4, [Effect({ kind: 1, admission: 11, author: 0x48aca65bfcfce75562a73057d5712a492c1fa8dd41e69d33d9ae10be3cd496e5, recordId: 0xa42ac61d9cc4911c885f309fe75c6f6d4981bb1a32736a15733053bab021d08d, typeId: 0x2db40fc5c9f87fff9029aba18f5e7a0bf1ffaee89f584eb521b7395c0d57ea21, scopeKey: 0x0000000000000000000000000000000000000000000000000000000000000000, bindingKey: 0x0000000000000000000000000000000000000000000000000000000000000000, bindingOrdinal: 0, target: 0x0000000000000000000000000000000000000000000000000000000000000000, oldTarget: 0x0000000000000000000000000000000000000000000000000000000000000000, freshBinding: false, oldLive: false }), Effect({ kind: 3, admission: 12, author: 0x48aca65bfcfce75562a73057d5712a492c1fa8dd41e69d33d9ae10be3cd496e5, recordId: 0xa42ac61d9cc4911c885f309fe75c6f6d4981bb1a32736a15733053bab021d08d, typeId: 0x2db40fc5c9f87fff9029aba18f5e7a0bf1ffaee89f584eb521b7395c0d57ea21, scopeKey: 0xeb5019b8684198e974a6d68a23a0f196722da09db54c6126068a6e2963c874fa, bindingKey: 0x568ceaf06d0e2e302dad114073defd1b892eca52432307e8f86397ab453e00f0, bindingOrdinal: 4, target: 0xa42ac61d9cc4911c885f309fe75c6f6d4981bb1a32736a15733053bab021d08d, oldTarget: 0x0000000000000000000000000000000000000000000000000000000000000000, freshBinding: true, oldLive: false })])
    │   │   │   └─ ← [Stop]
    │   │   ├─ emit Published(publication: 4, publicationId: 0x7b3d70109469d6bc4f803528349ac37e3fb3dc3cadf7555268bdb91103844eb2, author: Actor: [0x1d1499e622D69689cdf9004d05Ec547d650Ff211], proofKind: 1, firstAdmission: 11, leafCount: 2)
    │   │   └─ ← [Return] 4, 11
    │   └─ ← [Return] 4, 11
    ├─ [866] Ledger::counts() [staticcall]
    │   └─ ← [Return] 12, 6, 4, 4
    ├─ [5421] Ledger::evidence(4) [staticcall]
    │   └─ ← [Return] Actor: [0x1d1499e622D69689cdf9004d05Ec547d650Ff211], 1, 0, 2, 11, 0x0000000000000000000000000000000000000000000000000000000000000000, 0x0000000000000000000000000000000000000000000000000000000000000000, 0, 0, 1, 0x27c4b27f2a80612b8349140160135b1a3d706a892faa2070ed01fff483a91981, 0x198a8c3d2513950024fade14c5735abfaafdd906f7f8f6e9cf84d9c790ea7789, 0x3da89c6aa22f45a73922113422779ba013a1002c6b8df9117beec4f5eb23ac8b
    ├─ [1421] Ledger::evidence(3) [staticcall]
    │   └─ ← [Return] 0xe05fcC23807536bEe418f142D19fa0d21BB0cfF7, 2, 27, 2, 9, 0x28f4db7c8c7882834a2f8edcfb723cf2beb8308d666913950a529c82aa6a1352, 0x45a8a4ccb4b136fd63c40707b3084ad295cc7fb062cca9a1e7f8b3bfb92ceb85, 1, 1700003600 [1.7e9], 1, 0x27c4b27f2a80612b8349140160135b1a3d706a892faa2070ed01fff483a91981, 0x198a8c3d2513950024fade14c5735abfaafdd906f7f8f6e9cf84d9c790ea7789, 0x0e7fc757fe2f23d26bc570d71b2b93aeff49dda67b92adc14736e10ef47ec0f3
    ├─ [219] FaultyReads::WRONG_ADMISSION_REVISION() [staticcall]
    │   └─ ← [Return] 15
    ├─ [25311] FaultyReads::fault(15, 0x0000000000000000000000000000000000000000000000000000000000000000)
    │   └─ ← [Return]
    ├─ [70483] JoinedConsumer::paidPoint([0xe05fcC23807536bEe418f142D19fa0d21BB0cfF7, 0x1d1499e622D69689cdf9004d05Ec547d650Ff211], Expect({ subject: 0xf38a5ee5db5fec548416dac4db004d588b5fc06503ad270978d9d8f08e9b64a5, expectedHead: 0x64d7f731269ba262ea51040deb55dda723657338fcd72279dfc3756e73f53375, selectedAuthor: 0xe05fcC23807536bEe418f142D19fa0d21BB0cfF7, selectedProofKind: 2, pairId: 0x8a5c2dad2ae16fc84b82733f634dfb672bd79e90dce25bf0627089c548fe8531, itemA: 0xdcee1a18e773c4e23c675382b23918d0771ae6ff0a7f2c22d3e7298744331825, itemB: 0x22ad273e9b5cb707fadf826bf174c50a895a558924cc7ff0cca702bffbc6c4a2, mantissa: 2502000000 [2.502e9], scale: 6, observedAt: 1800000000 [1.8e9], noteCommitment: 0xea51e8c38c6dcf2d50a91e3db4784be38aeaf3728d1ef153b525df484e652345, basisAdmission: 12 }))
    │   ├─ [2344] FaultyReads::counts() [staticcall]
    │   │   ├─ [866] Ledger::counts() [staticcall]
    │   │   │   └─ ← [Return] 12, 6, 4, 4
    │   │   └─ ← [Return] 12, 6, 4, 4
    │   ├─ [3559] FaultyReads::index() [staticcall]
    │   │   ├─ [256] LensReader::index() [staticcall]
    │   │   │   └─ ← [Return] IndexModule: [0x5991A2dF15A8F6A256D3Ec51E99254Cd3fb576A9]
    │   │   └─ ← [Return] IndexModule: [0x5991A2dF15A8F6A256D3Ec51E99254Cd3fb576A9]
    │   ├─ [345] IndexModule::generation() [staticcall]
    │   │   └─ ← [Return] 0
    │   ├─ [1549] FaultyReads::registry() [staticcall]
    │   │   ├─ [592] Ledger::registry() [staticcall]
    │   │   │   └─ ← [Return] TypeRegistry: [0x5615dEB798BB3E4dFa0139dFa1b3D433Cc23b72f]
    │   │   └─ ← [Return] TypeRegistry: [0x5615dEB798BB3E4dFa0139dFa1b3D433Cc23b72f]
    │   ├─ [441] TypeRegistry::epoch() [staticcall]
    │   │   └─ ← [Return] 8
    │   ├─ [6663] FaultyReads::resolve([0xe05fcC23807536bEe418f142D19fa0d21BB0cfF7, 0x1d1499e622D69689cdf9004d05Ec547d650Ff211], 0x07167a05890e9fcaccbdf11abbb65a3aa14bccfe41825ce441803003862ce5df, 0xf38a5ee5db5fec548416dac4db004d588b5fc06503ad270978d9d8f08e9b64a5, 0x0000000000000000000000000000000000000000000000000000000000000000) [staticcall]
    │   │   ├─ [4584] LensReader::resolve([0xe05fcC23807536bEe418f142D19fa0d21BB0cfF7, 0x1d1499e622D69689cdf9004d05Ec547d650Ff211], 0x07167a05890e9fcaccbdf11abbb65a3aa14bccfe41825ce441803003862ce5df, 0xf38a5ee5db5fec548416dac4db004d588b5fc06503ad270978d9d8f08e9b64a5, 0x0000000000000000000000000000000000000000000000000000000000000000) [staticcall]
    │   │   │   ├─ [1548] Ledger::head(0xe3b433d16bd73e36cfc64a9a8527d5263f36c648ccd5018f16a29e74790027ab) [staticcall]
    │   │   │   │   └─ ← [Return] 1, 2, 10, 6, 1, 0x64d7f731269ba262ea51040deb55dda723657338fcd72279dfc3756e73f53375
    │   │   │   └─ ← [Return] 1, 0x64d7f731269ba262ea51040deb55dda723657338fcd72279dfc3756e73f53375, 2, 0xe05fcC23807536bEe418f142D19fa0d21BB0cfF7, 10
    │   │   └─ ← [Return] 1, 0x64d7f731269ba262ea51040deb55dda723657338fcd72279dfc3756e73f53375, 2, 0xe05fcC23807536bEe418f142D19fa0d21BB0cfF7, 10
    │   ├─ [5308] FaultyReads::admission(10) [staticcall]
    │   │   ├─ [3265] Ledger::admission(10) [staticcall]
    │   │   │   └─ ← [Return] 3, 1, 3, 1, 1, false, 0x64d7f731269ba262ea51040deb55dda723657338fcd72279dfc3756e73f53375, 0x0000000000000000000000000000000000000000000000000000000000000000
    │   │   └─ ← [Return] 3, 1, 3, 1, 2, false, 0x64d7f731269ba262ea51040deb55dda723657338fcd72279dfc3756e73f53375, 0x0000000000000000000000000000000000000000000000000000000000000000
    │   ├─ [2438] FaultyReads::evidence(3) [staticcall]
    │   │   ├─ [1421] Ledger::evidence(3) [staticcall]
    │   │   │   └─ ← [Return] 0xe05fcC23807536bEe418f142D19fa0d21BB0cfF7, 2, 27, 2, 9, 0x28f4db7c8c7882834a2f8edcfb723cf2beb8308d666913950a529c82aa6a1352, 0x45a8a4ccb4b136fd63c40707b3084ad295cc7fb062cca9a1e7f8b3bfb92ceb85, 1, 1700003600 [1.7e9], 1, 0x27c4b27f2a80612b8349140160135b1a3d706a892faa2070ed01fff483a91981, 0x198a8c3d2513950024fade14c5735abfaafdd906f7f8f6e9cf84d9c790ea7789, 0x0e7fc757fe2f23d26bc570d71b2b93aeff49dda67b92adc14736e10ef47ec0f3
    │   │   └─ ← [Return] 0xe05fcC23807536bEe418f142D19fa0d21BB0cfF7, 2, 27, 2, 9, 0x28f4db7c8c7882834a2f8edcfb723cf2beb8308d666913950a529c82aa6a1352, 0x45a8a4ccb4b136fd63c40707b3084ad295cc7fb062cca9a1e7f8b3bfb92ceb85, 1, 1700003600 [1.7e9], 1, 0x27c4b27f2a80612b8349140160135b1a3d706a892faa2070ed01fff483a91981, 0x198a8c3d2513950024fade14c5735abfaafdd906f7f8f6e9cf84d9c790ea7789, 0x0e7fc757fe2f23d26bc570d71b2b93aeff49dda67b92adc14736e10ef47ec0f3
    │   ├─ [5481] FaultyReads::record(0x64d7f731269ba262ea51040deb55dda723657338fcd72279dfc3756e73f53375) [staticcall]
    │   │   ├─ [3245] Ledger::record(0x64d7f731269ba262ea51040deb55dda723657338fcd72279dfc3756e73f53375) [staticcall]
    │   │   │   └─ ← [Return] 0x2db40fc5c9f87fff9029aba18f5e7a0bf1ffaee89f584eb521b7395c0d57ea21, 9, 1, 0x8a5c2dad2ae16fc84b82733f634dfb672bd79e90dce25bf0627089c548fe85310000000000000000000000000000000000000000000000000000000095217d800000000000000000000000000000000000000000000000000000000000000006000000000000000000000000000000000000000000000000000000006b49d200ea51e8c38c6dcf2d50a91e3db4784be38aeaf3728d1ef153b525df484e652345
    │   │   └─ ← [Return] 0x2db40fc5c9f87fff9029aba18f5e7a0bf1ffaee89f584eb521b7395c0d57ea21, 9, 1, 0x8a5c2dad2ae16fc84b82733f634dfb672bd79e90dce25bf0627089c548fe85310000000000000000000000000000000000000000000000000000000095217d800000000000000000000000000000000000000000000000000000000000000006000000000000000000000000000000000000000000000000000000006b49d200ea51e8c38c6dcf2d50a91e3db4784be38aeaf3728d1ef153b525df484e652345
    │   ├─ [4835] FaultyReads::record(0x8a5c2dad2ae16fc84b82733f634dfb672bd79e90dce25bf0627089c548fe8531) [staticcall]
    │   │   ├─ [2635] Ledger::record(0x8a5c2dad2ae16fc84b82733f634dfb672bd79e90dce25bf0627089c548fe8531) [staticcall]
    │   │   │   └─ ← [Return] 0x98f15a281c3cdd9d4aabe4708ae98ab46688ebb588db2876ee56d2c9413ed691, 3, 1, 0xdcee1a18e773c4e23c675382b23918d0771ae6ff0a7f2c22d3e729874433182522ad273e9b5cb707fadf826bf174c50a895a558924cc7ff0cca702bffbc6c4a20000000000000000000000000000000000000000000000000000000000000001
    │   │   └─ ← [Return] 0x98f15a281c3cdd9d4aabe4708ae98ab46688ebb588db2876ee56d2c9413ed691, 3, 1, 0xdcee1a18e773c4e23c675382b23918d0771ae6ff0a7f2c22d3e729874433182522ad273e9b5cb707fadf826bf174c50a895a558924cc7ff0cca702bffbc6c4a20000000000000000000000000000000000000000000000000000000000000001
    │   ├─ [4188] FaultyReads::record(0xdcee1a18e773c4e23c675382b23918d0771ae6ff0a7f2c22d3e7298744331825) [staticcall]
    │   │   ├─ [2025] Ledger::record(0xdcee1a18e773c4e23c675382b23918d0771ae6ff0a7f2c22d3e7298744331825) [staticcall]
    │   │   │   └─ ← [Return] 0x589d5624cb9167094eb8ee549683bdadc765c77ed4f894308dd376bbebc30019, 1, 1, 0x0000000000000000000000000000000000000000000000000000000000000001
    │   │   └─ ← [Return] 0x589d5624cb9167094eb8ee549683bdadc765c77ed4f894308dd376bbebc30019, 1, 1, 0x0000000000000000000000000000000000000000000000000000000000000001
    │   ├─ [4188] FaultyReads::record(0x22ad273e9b5cb707fadf826bf174c50a895a558924cc7ff0cca702bffbc6c4a2) [staticcall]
    │   │   ├─ [2025] Ledger::record(0x22ad273e9b5cb707fadf826bf174c50a895a558924cc7ff0cca702bffbc6c4a2) [staticcall]
    │   │   │   └─ ← [Return] 0x589d5624cb9167094eb8ee549683bdadc765c77ed4f894308dd376bbebc30019, 2, 1, 0x0000000000000000000000000000000000000000000000000000000000000002
    │   │   └─ ← [Return] 0x589d5624cb9167094eb8ee549683bdadc765c77ed4f894308dd376bbebc30019, 2, 1, 0x0000000000000000000000000000000000000000000000000000000000000002
    │   ├─ emit PaidResult(kind: 0xda8023c667df6ab980fa02ef5b8cc50d0c48259a80691bc26c1bad20621fd2d1, commitment: 0x6cfb9452568f2056811657c4502389dd6583347da136edf03be272f01995ff9b, selection: Selection({ basisAdmission: 12, indexGeneration: 0, rulesEpoch: 8, coreCodeCommitment: 0xc83aa86bb45ee30a8a370e9822039d90787b7ff737127a6ce91a89a72be25e9b, lensId: 0xef9da062af8ad41470d8063e9fb0d12e016db39f90029de6405d4971b8826dc6, subject: 0xf38a5ee5db5fec548416dac4db004d588b5fc06503ad270978d9d8f08e9b64a5, selectedHead: 0x64d7f731269ba262ea51040deb55dda723657338fcd72279dfc3756e73f53375, selectedRevision: 2, selectedAdmission: 10, selectedPublication: 3, selectedAuthor: 0xe05fcC23807536bEe418f142D19fa0d21BB0cfF7, selectedProofKind: 2, pairId: 0x8a5c2dad2ae16fc84b82733f634dfb672bd79e90dce25bf0627089c548fe8531, itemA: 0xdcee1a18e773c4e23c675382b23918d0771ae6ff0a7f2c22d3e7298744331825, itemB: 0x22ad273e9b5cb707fadf826bf174c50a895a558924cc7ff0cca702bffbc6c4a2, mantissa: 2502000000 [2.502e9], scale: 6, observedAt: 1800000000 [1.8e9], note: 0xea51e8c38c6dcf2d50a91e3db4784be38aeaf3728d1ef153b525df484e652345 }), placement: Placement({ position: 0x0000000000000000000000000000000000000000000000000000000000000000, actor: 0x0000000000000000000000000000000000000000, proofKind: 0, revision: 0, admission: 0, publication: 0, basisAdmission: 0, pageStatus: 0, rawTotal: 0, scanned: 0, hydrations: 0, selectedSoFar: 0, mutated: false, ended: false }))
    │   └─ ← [Return] 0x6cfb9452568f2056811657c4502389dd6583347da136edf03be272f01995ff9b, Selection({ basisAdmission: 12, indexGeneration: 0, rulesEpoch: 8, coreCodeCommitment: 0xc83aa86bb45ee30a8a370e9822039d90787b7ff737127a6ce91a89a72be25e9b, lensId: 0xef9da062af8ad41470d8063e9fb0d12e016db39f90029de6405d4971b8826dc6, subject: 0xf38a5ee5db5fec548416dac4db004d588b5fc06503ad270978d9d8f08e9b64a5, selectedHead: 0x64d7f731269ba262ea51040deb55dda723657338fcd72279dfc3756e73f53375, selectedRevision: 2, selectedAdmission: 10, selectedPublication: 3, selectedAuthor: 0xe05fcC23807536bEe418f142D19fa0d21BB0cfF7, selectedProofKind: 2, pairId: 0x8a5c2dad2ae16fc84b82733f634dfb672bd79e90dce25bf0627089c548fe8531, itemA: 0xdcee1a18e773c4e23c675382b23918d0771ae6ff0a7f2c22d3e7298744331825, itemB: 0x22ad273e9b5cb707fadf826bf174c50a895a558924cc7ff0cca702bffbc6c4a2, mantissa: 2502000000 [2.502e9], scale: 6, observedAt: 1800000000 [1.8e9], note: 0xea51e8c38c6dcf2d50a91e3db4784be38aeaf3728d1ef153b525df484e652345 })
    └─ ← [Revert] selected admission CAS revision must precede the selected revision

Backtrace:
  at JoinedConsumerTest.test_faulty_actual_reply_mismatched_or_wrapping_admission_revision_is_refused

[FAIL: selected evidence at the FOLDER coordinate cannot prove the HEAD coordinate] test_faulty_actual_reply_same_author_and_target_at_wrong_head_or_folder_coordinate_is_refused() (gas: 3942398)
Traces:
  [3942398] JoinedConsumerTest::test_faulty_actual_reply_same_author_and_target_at_wrong_head_or_folder_coordinate_is_refused()
    ├─ [891393] Actor::execute([Action({ kind: 1, typeId: 0x589d5624cb9167094eb8ee549683bdadc765c77ed4f894308dd376bbebc30019, bodyHashOrRecordId: 0xb10e2d527612073b26eecdfd717e6a320cf44b4afac2b0732d9fcbe2b7fa0cf6, purpose: 0x0000000000000000000000000000000000000000000000000000000000000000, subject: 0x0000000000000000000000000000000000000000000000000000000000000000, role: 0x0000000000000000000000000000000000000000000000000000000000000000, target: 0x0000000000000000000000000000000000000000000000000000000000000000, expectedRevision: 0, salt: 0x0000000000000000000000000000000000000000000000000000000000000000 }), Action({ kind: 1, typeId: 0x589d5624cb9167094eb8ee549683bdadc765c77ed4f894308dd376bbebc30019, bodyHashOrRecordId: 0x405787fa12a823e0f2b7631cc41b3ba8828b3321ca811111fa75cd3aa3bb5ace, purpose: 0x0000000000000000000000000000000000000000000000000000000000000000, subject: 0x0000000000000000000000000000000000000000000000000000000000000000, role: 0x0000000000000000000000000000000000000000000000000000000000000000, target: 0x0000000000000000000000000000000000000000000000000000000000000000, expectedRevision: 0, salt: 0x0000000000000000000000000000000000000000000000000000000000000000 }), Action({ kind: 1, typeId: 0x98f15a281c3cdd9d4aabe4708ae98ab46688ebb588db2876ee56d2c9413ed691, bodyHashOrRecordId: 0xf5ecf0b3e8bbcba6b1c397f7dc2d1eb477cfc0906bae2c0851b77d85666de50e, purpose: 0x0000000000000000000000000000000000000000000000000000000000000000, subject: 0x0000000000000000000000000000000000000000000000000000000000000000, role: 0x0000000000000000000000000000000000000000000000000000000000000000, target: 0x0000000000000000000000000000000000000000000000000000000000000000, expectedRevision: 0, salt: 0x0000000000000000000000000000000000000000000000000000000000000000 })], [0x0000000000000000000000000000000000000000000000000000000000000001, 0x0000000000000000000000000000000000000000000000000000000000000002, 0xdcee1a18e773c4e23c675382b23918d0771ae6ff0a7f2c22d3e729874433182522ad273e9b5cb707fadf826bf174c50a895a558924cc7ff0cca702bffbc6c4a20000000000000000000000000000000000000000000000000000000000000001])
    │   ├─ [2886] Ledger::nonces(Actor: [0xa0Cb889707d426A7A386870A03bc70d1b0697598]) [staticcall]
    │   │   └─ ← [Return] 0
    │   ├─ [881620] Ledger::execute([Action({ kind: 1, typeId: 0x589d5624cb9167094eb8ee549683bdadc765c77ed4f894308dd376bbebc30019, bodyHashOrRecordId: 0xb10e2d527612073b26eecdfd717e6a320cf44b4afac2b0732d9fcbe2b7fa0cf6, purpose: 0x0000000000000000000000000000000000000000000000000000000000000000, subject: 0x0000000000000000000000000000000000000000000000000000000000000000, role: 0x0000000000000000000000000000000000000000000000000000000000000000, target: 0x0000000000000000000000000000000000000000000000000000000000000000, expectedRevision: 0, salt: 0x0000000000000000000000000000000000000000000000000000000000000000 }), Action({ kind: 1, typeId: 0x589d5624cb9167094eb8ee549683bdadc765c77ed4f894308dd376bbebc30019, bodyHashOrRecordId: 0x405787fa12a823e0f2b7631cc41b3ba8828b3321ca811111fa75cd3aa3bb5ace, purpose: 0x0000000000000000000000000000000000000000000000000000000000000000, subject: 0x0000000000000000000000000000000000000000000000000000000000000000, role: 0x0000000000000000000000000000000000000000000000000000000000000000, target: 0x0000000000000000000000000000000000000000000000000000000000000000, expectedRevision: 0, salt: 0x0000000000000000000000000000000000000000000000000000000000000000 }), Action({ kind: 1, typeId: 0x98f15a281c3cdd9d4aabe4708ae98ab46688ebb588db2876ee56d2c9413ed691, bodyHashOrRecordId: 0xf5ecf0b3e8bbcba6b1c397f7dc2d1eb477cfc0906bae2c0851b77d85666de50e, purpose: 0x0000000000000000000000000000000000000000000000000000000000000000, subject: 0x0000000000000000000000000000000000000000000000000000000000000000, role: 0x0000000000000000000000000000000000000000000000000000000000000000, target: 0x0000000000000000000000000000000000000000000000000000000000000000, expectedRevision: 0, salt: 0x0000000000000000000000000000000000000000000000000000000000000000 })], [0x0000000000000000000000000000000000000000000000000000000000000001, 0x0000000000000000000000000000000000000000000000000000000000000002, 0xdcee1a18e773c4e23c675382b23918d0771ae6ff0a7f2c22d3e729874433182522ad273e9b5cb707fadf826bf174c50a895a558924cc7ff0cca702bffbc6c4a20000000000000000000000000000000000000000000000000000000000000001], 0)
    │   │   ├─ [2441] TypeRegistry::epoch() [staticcall]
    │   │   │   └─ ← [Return] 8
    │   │   ├─ [9154] TypeRegistry::typeInfo(0x589d5624cb9167094eb8ee549683bdadc765c77ed4f894308dd376bbebc30019) [staticcall]
    │   │   │   └─ ← [Return] true, 0x0000000000000000000000000000000000000000, 0x0000000000000000000000000000000000000000000000000000000000000000, 0x0000000000000000000000000000000000000000, 0x0000000000000000000000000000000000000000000000000000000000000000, 0, 1
    │   │   ├─ [1154] TypeRegistry::typeInfo(0x589d5624cb9167094eb8ee549683bdadc765c77ed4f894308dd376bbebc30019) [staticcall]
    │   │   │   └─ ← [Return] true, 0x0000000000000000000000000000000000000000, 0x0000000000000000000000000000000000000000000000000000000000000000, 0x0000000000000000000000000000000000000000, 0x0000000000000000000000000000000000000000000000000000000000000000, 0, 1
    │   │   ├─ [9154] TypeRegistry::typeInfo(0x98f15a281c3cdd9d4aabe4708ae98ab46688ebb588db2876ee56d2c9413ed691) [staticcall]
    │   │   │   └─ ← [Return] true, MinBodyAcceptor: [0x15cF58144EF33af1e14b5208015d11F9143E27b9], 0x0f203846922aa3cb964edd7f1e28983ba9cecc624f10670a5a98ad81676a6ad9, MockAcceptor: [0x2e234DAe75C793f67A35089C9d99245E1C58470b], 0x7c1553f35948b2fd1af8aa8aa406670eda53327a8c7142ec78bc1e1534402168, 2, 2
    │   │   ├─ [1154] TypeRegistry::typeInfo(0x589d5624cb9167094eb8ee549683bdadc765c77ed4f894308dd376bbebc30019) [staticcall]
    │   │   │   └─ ← [Return] true, 0x0000000000000000000000000000000000000000, 0x0000000000000000000000000000000000000000000000000000000000000000, 0x0000000000000000000000000000000000000000, 0x0000000000000000000000000000000000000000000000000000000000000000, 0, 1
    │   │   ├─ emit Admitted(author: 0x48dacbce3fd7c9ac95afff5fd0afa396ad586efc33b7febdf55994386455ca80, scope: 0x589d5624cb9167094eb8ee549683bdadc765c77ed4f894308dd376bbebc30019, recordId: 0xdcee1a18e773c4e23c675382b23918d0771ae6ff0a7f2c22d3e7298744331825, admission: 1)
    │   │   ├─ [1154] TypeRegistry::typeInfo(0x589d5624cb9167094eb8ee549683bdadc765c77ed4f894308dd376bbebc30019) [staticcall]
    │   │   │   └─ ← [Return] true, 0x0000000000000000000000000000000000000000, 0x0000000000000000000000000000000000000000000000000000000000000000, 0x0000000000000000000000000000000000000000, 0x0000000000000000000000000000000000000000000000000000000000000000, 0, 1
    │   │   ├─ emit Admitted(author: 0x48dacbce3fd7c9ac95afff5fd0afa396ad586efc33b7febdf55994386455ca80, scope: 0x589d5624cb9167094eb8ee549683bdadc765c77ed4f894308dd376bbebc30019, recordId: 0x22ad273e9b5cb707fadf826bf174c50a895a558924cc7ff0cca702bffbc6c4a2, admission: 2)
    │   │   ├─ [1154] TypeRegistry::typeInfo(0x98f15a281c3cdd9d4aabe4708ae98ab46688ebb588db2876ee56d2c9413ed691) [staticcall]
    │   │   │   └─ ← [Return] true, MinBodyAcceptor: [0x15cF58144EF33af1e14b5208015d11F9143E27b9], 0x0f203846922aa3cb964edd7f1e28983ba9cecc624f10670a5a98ad81676a6ad9, MockAcceptor: [0x2e234DAe75C793f67A35089C9d99245E1C58470b], 0x7c1553f35948b2fd1af8aa8aa406670eda53327a8c7142ec78bc1e1534402168, 2, 2
    │   │   ├─ [7301] TypeRegistry::refTypes(0x98f15a281c3cdd9d4aabe4708ae98ab46688ebb588db2876ee56d2c9413ed691) [staticcall]
    │   │   │   └─ ← [Return] [0x589d5624cb9167094eb8ee549683bdadc765c77ed4f894308dd376bbebc30019, 0x589d5624cb9167094eb8ee549683bdadc765c77ed4f894308dd376bbebc30019]
    │   │   ├─ [447] MinBodyAcceptor::accept(0x98f15a281c3cdd9d4aabe4708ae98ab46688ebb588db2876ee56d2c9413ed691, 0xdcee1a18e773c4e23c675382b23918d0771ae6ff0a7f2c22d3e729874433182522ad273e9b5cb707fadf826bf174c50a895a558924cc7ff0cca702bffbc6c4a20000000000000000000000000000000000000000000000000000000000000001, [0xdcee1a18e773c4e23c675382b23918d0771ae6ff0a7f2c22d3e7298744331825, 0x22ad273e9b5cb707fadf826bf174c50a895a558924cc7ff0cca702bffbc6c4a2]) [staticcall]
    │   │   │   └─ ← [Return] true
    │   │   ├─ [4806] MockAcceptor::accept(0x98f15a281c3cdd9d4aabe4708ae98ab46688ebb588db2876ee56d2c9413ed691, 0xdcee1a18e773c4e23c675382b23918d0771ae6ff0a7f2c22d3e729874433182522ad273e9b5cb707fadf826bf174c50a895a558924cc7ff0cca702bffbc6c4a20000000000000000000000000000000000000000000000000000000000000001, [0xdcee1a18e773c4e23c675382b23918d0771ae6ff0a7f2c22d3e7298744331825, 0x22ad273e9b5cb707fadf826bf174c50a895a558924cc7ff0cca702bffbc6c4a2]) [staticcall]
    │   │   │   └─ ← [Return] true
    │   │   ├─ emit Admitted(author: 0x48dacbce3fd7c9ac95afff5fd0afa396ad586efc33b7febdf55994386455ca80, scope: 0x98f15a281c3cdd9d4aabe4708ae98ab46688ebb588db2876ee56d2c9413ed691, recordId: 0x8a5c2dad2ae16fc84b82733f634dfb672bd79e90dce25bf0627089c548fe8531, admission: 3)
    │   │   ├─ [166303] IndexModule::onAdmission(1, [Effect({ kind: 1, admission: 1, author: 0x48dacbce3fd7c9ac95afff5fd0afa396ad586efc33b7febdf55994386455ca80, recordId: 0xdcee1a18e773c4e23c675382b23918d0771ae6ff0a7f2c22d3e7298744331825, typeId: 0x589d5624cb9167094eb8ee549683bdadc765c77ed4f894308dd376bbebc30019, scopeKey: 0x0000000000000000000000000000000000000000000000000000000000000000, bindingKey: 0x0000000000000000000000000000000000000000000000000000000000000000, bindingOrdinal: 0, target: 0x0000000000000000000000000000000000000000000000000000000000000000, oldTarget: 0x0000000000000000000000000000000000000000000000000000000000000000, freshBinding: false, oldLive: false }), Effect({ kind: 1, admission: 2, author: 0x48dacbce3fd7c9ac95afff5fd0afa396ad586efc33b7febdf55994386455ca80, recordId: 0x22ad273e9b5cb707fadf826bf174c50a895a558924cc7ff0cca702bffbc6c4a2, typeId: 0x589d5624cb9167094eb8ee549683bdadc765c77ed4f894308dd376bbebc30019, scopeKey: 0x0000000000000000000000000000000000000000000000000000000000000000, bindingKey: 0x0000000000000000000000000000000000000000000000000000000000000000, bindingOrdinal: 0, target: 0x0000000000000000000000000000000000000000000000000000000000000000, oldTarget: 0x0000000000000000000000000000000000000000000000000000000000000000, freshBinding: false, oldLive: false }), Effect({ kind: 1, admission: 3, author: 0x48dacbce3fd7c9ac95afff5fd0afa396ad586efc33b7febdf55994386455ca80, recordId: 0x8a5c2dad2ae16fc84b82733f634dfb672bd79e90dce25bf0627089c548fe8531, typeId: 0x98f15a281c3cdd9d4aabe4708ae98ab46688ebb588db2876ee56d2c9413ed691, scopeKey: 0x0000000000000000000000000000000000000000000000000000000000000000, bindingKey: 0x0000000000000000000000000000000000000000000000000000000000000000, bindingOrdinal: 0, target: 0x0000000000000000000000000000000000000000000000000000000000000000, oldTarget: 0x0000000000000000000000000000000000000000000000000000000000000000, freshBinding: false, oldLive: false })])
    │   │   │   └─ ← [Stop]
    │   │   ├─ emit Published(publication: 1, publicationId: 0x144e9c035109391c28999747345d055a5ca82255e50b27a89c5f9b2c697ff3d4, author: Actor: [0xa0Cb889707d426A7A386870A03bc70d1b0697598], proofKind: 1, firstAdmission: 1, leafCount: 3)
    │   │   └─ ← [Return] 1, 1
    │   └─ ← [Return] 1, 1
    ├─ [2635] Ledger::record(0x8a5c2dad2ae16fc84b82733f634dfb672bd79e90dce25bf0627089c548fe8531) [staticcall]
    │   └─ ← [Return] 0x98f15a281c3cdd9d4aabe4708ae98ab46688ebb588db2876ee56d2c9413ed691, 3, 1, 0xdcee1a18e773c4e23c675382b23918d0771ae6ff0a7f2c22d3e729874433182522ad273e9b5cb707fadf826bf174c50a895a558924cc7ff0cca702bffbc6c4a20000000000000000000000000000000000000000000000000000000000000001
    ├─ [3594] Ledger::principalOf(0xe05fcC23807536bEe418f142D19fa0d21BB0cfF7) [staticcall]
    │   └─ ← [Return] 0x000000000000000000000000e05fcc23807536bee418f142d19fa0d21bb0cff7
    ├─ [395] Ledger::realmId() [staticcall]
    │   └─ ← [Return] 0x684016e05741dc9d511ff3520a16e1da90a35be14b76f9e12ef0287b9beae39f
    ├─ [0] VM::addr(<pk>) [staticcall]
    │   └─ ← [Return] 0xe05fcC23807536bEe418f142D19fa0d21BB0cfF7
    ├─ [15765] Ledger::acceptanceProfileOf([Action({ kind: 5, typeId: 0x0000000000000000000000000000000000000000000000000000000000000000, bodyHashOrRecordId: 0x0000000000000000000000000000000000000000000000000000000000000000, purpose: 0x0000000000000000000000000000000000000000000000000000000000000000, subject: 0x0000000000000000000000000000000000000000000000000000000000000000, role: 0x0000000000000000000000000000000000000000000000000000000000000000, target: 0x0000000000000000000000000000000000000000000000000000000000000000, expectedRevision: 0, salt: 0x0000000000000000000000000000000000000000000000000000000000000001 }), Action({ kind: 1, typeId: 0x2db40fc5c9f87fff9029aba18f5e7a0bf1ffaee89f584eb521b7395c0d57ea21, bodyHashOrRecordId: 0x8d2f0b7b4cd24cd9347501f0b05605482e3b4712abaaee32c1287eef69eefc55, purpose: 0x0000000000000000000000000000000000000000000000000000000000000000, subject: 0x0000000000000000000000000000000000000000000000000000000000000000, role: 0x0000000000000000000000000000000000000000000000000000000000000000, target: 0x0000000000000000000000000000000000000000000000000000000000000000, expectedRevision: 0, salt: 0x0000000000000000000000000000000000000000000000000000000000000000 }), Action({ kind: 3, typeId: 0x0000000000000000000000000000000000000000000000000000000000000000, bodyHashOrRecordId: 0x0000000000000000000000000000000000000000000000000000000000000000, purpose: 0x07167a05890e9fcaccbdf11abbb65a3aa14bccfe41825ce441803003862ce5df, subject: 0xf38a5ee5db5fec548416dac4db004d588b5fc06503ad270978d9d8f08e9b64a5, role: 0x0000000000000000000000000000000000000000000000000000000000000000, target: 0x939cfd72923d10d615557ff0b6c7b19b5f259692e9a71fb6c5f9b5ce03046655, expectedRevision: 0, salt: 0x0000000000000000000000000000000000000000000000000000000000000000 }), Action({ kind: 3, typeId: 0x0000000000000000000000000000000000000000000000000000000000000000, bodyHashOrRecordId: 0x0000000000000000000000000000000000000000000000000000000000000000, purpose: 0x58de23804076d1b785b7479ab38fe6ada246e62164776702f51a1c48ef98cf99, subject: 0x6b8f0ae148ccfbd232f2f5088f5758ca8158d5a69aaabdc7fd072cbf75be2dc9, role: 0xc7c63b8bafc33aa5221fea52672881776f7b9d1aa8eebc29f8c758178230dd1a, target: 0xf38a5ee5db5fec548416dac4db004d588b5fc06503ad270978d9d8f08e9b64a5, expectedRevision: 0, salt: 0x0000000000000000000000000000000000000000000000000000000000000000 }), Action({ kind: 3, typeId: 0x0000000000000000000000000000000000000000000000000000000000000000, bodyHashOrRecordId: 0x0000000000000000000000000000000000000000000000000000000000000000, purpose: 0x073e0a1a729959d841354dbb760bf57802acc034630defb75862e5dda0f72c18, subject: 0xf38a5ee5db5fec548416dac4db004d588b5fc06503ad270978d9d8f08e9b64a5, role: 0x8b30951df380b6b10da747e1167dd8e40bf8604c88c75b245dc172767f3b7320, target: 0xf38a5ee5db5fec548416dac4db004d588b5fc06503ad270978d9d8f08e9b64a5, expectedRevision: 0, salt: 0x0000000000000000000000000000000000000000000000000000000000000000 })]) [staticcall]
    │   ├─ [441] TypeRegistry::epoch() [staticcall]
    │   │   └─ ← [Return] 8
    │   ├─ [9154] TypeRegistry::typeInfo(0x2db40fc5c9f87fff9029aba18f5e7a0bf1ffaee89f584eb521b7395c0d57ea21) [staticcall]
    │   │   └─ ← [Return] true, QuoteAcceptor: [0x212224D2F2d262cd093eE13240ca4873fcCBbA3C], 0xa7499e4b804d8895cefb1463a08dee2517de9717eaba15d470e841cd00367fff, 0x0000000000000000000000000000000000000000, 0x0000000000000000000000000000000000000000000000000000000000000000, 1, 1
    │   └─ ← [Return] 0x27c4b27f2a80612b8349140160135b1a3d706a892faa2070ed01fff483a91981
    ├─ [1272] Ledger::indexObligations() [staticcall]
    │   └─ ← [Return] 0x198a8c3d2513950024fade14c5735abfaafdd906f7f8f6e9cf84d9c790ea7789
    ├─ [2244] Ledger::intentDigest(Intent({ realmId: 0x684016e05741dc9d511ff3520a16e1da90a35be14b76f9e12ef0287b9beae39f, coreCodeCommitment: 0x8d8515f6c3bcfe36ad7422c67ece284c215a5b79e1ee2cc5afdd3f63d7cddcbe, author: 0xe05fcC23807536bEe418f142D19fa0d21BB0cfF7, nonce: 0, deadline: 1700003600 [1.7e9], acceptanceProfile: 0x27c4b27f2a80612b8349140160135b1a3d706a892faa2070ed01fff483a91981, indexObligations: 0x198a8c3d2513950024fade14c5735abfaafdd906f7f8f6e9cf84d9c790ea7789 }), 0x30c303461ab5b4048d0b87a7232e523cbbdab8e5926abe9e0f6d0adcab830dd9) [staticcall]
    │   └─ ← [Return] 0xc4bd32471d646315287d2486baa8555e443c4a21f011e453c04aa4a97d3e430e
    ├─ [0] VM::sign("<pk>", 0xc4bd32471d646315287d2486baa8555e443c4a21f011e453c04aa4a97d3e430e) [staticcall]
    │   └─ ← [Return] 27, 0xcb6d7e75ab60dbd3cae6faaef572cd4581c4900fc45a323641421a2ed57d151a, 0x53bbcf248f10670c094e8047888def3be26823fa55fed68c338f33a0dd08edca
    ├─ [1545944] Ledger::executeSigned(Intent({ realmId: 0x684016e05741dc9d511ff3520a16e1da90a35be14b76f9e12ef0287b9beae39f, coreCodeCommitment: 0x8d8515f6c3bcfe36ad7422c67ece284c215a5b79e1ee2cc5afdd3f63d7cddcbe, author: 0xe05fcC23807536bEe418f142D19fa0d21BB0cfF7, nonce: 0, deadline: 1700003600 [1.7e9], acceptanceProfile: 0x27c4b27f2a80612b8349140160135b1a3d706a892faa2070ed01fff483a91981, indexObligations: 0x198a8c3d2513950024fade14c5735abfaafdd906f7f8f6e9cf84d9c790ea7789 }), [Action({ kind: 5, typeId: 0x0000000000000000000000000000000000000000000000000000000000000000, bodyHashOrRecordId: 0x0000000000000000000000000000000000000000000000000000000000000000, purpose: 0x0000000000000000000000000000000000000000000000000000000000000000, subject: 0x0000000000000000000000000000000000000000000000000000000000000000, role: 0x0000000000000000000000000000000000000000000000000000000000000000, target: 0x0000000000000000000000000000000000000000000000000000000000000000, expectedRevision: 0, salt: 0x0000000000000000000000000000000000000000000000000000000000000001 }), Action({ kind: 1, typeId: 0x2db40fc5c9f87fff9029aba18f5e7a0bf1ffaee89f584eb521b7395c0d57ea21, bodyHashOrRecordId: 0x8d2f0b7b4cd24cd9347501f0b05605482e3b4712abaaee32c1287eef69eefc55, purpose: 0x0000000000000000000000000000000000000000000000000000000000000000, subject: 0x0000000000000000000000000000000000000000000000000000000000000000, role: 0x0000000000000000000000000000000000000000000000000000000000000000, target: 0x0000000000000000000000000000000000000000000000000000000000000000, expectedRevision: 0, salt: 0x0000000000000000000000000000000000000000000000000000000000000000 }), Action({ kind: 3, typeId: 0x0000000000000000000000000000000000000000000000000000000000000000, bodyHashOrRecordId: 0x0000000000000000000000000000000000000000000000000000000000000000, purpose: 0x07167a05890e9fcaccbdf11abbb65a3aa14bccfe41825ce441803003862ce5df, subject: 0xf38a5ee5db5fec548416dac4db004d588b5fc06503ad270978d9d8f08e9b64a5, role: 0x0000000000000000000000000000000000000000000000000000000000000000, target: 0x939cfd72923d10d615557ff0b6c7b19b5f259692e9a71fb6c5f9b5ce03046655, expectedRevision: 0, salt: 0x0000000000000000000000000000000000000000000000000000000000000000 }), Action({ kind: 3, typeId: 0x0000000000000000000000000000000000000000000000000000000000000000, bodyHashOrRecordId: 0x0000000000000000000000000000000000000000000000000000000000000000, purpose: 0x58de23804076d1b785b7479ab38fe6ada246e62164776702f51a1c48ef98cf99, subject: 0x6b8f0ae148ccfbd232f2f5088f5758ca8158d5a69aaabdc7fd072cbf75be2dc9, role: 0xc7c63b8bafc33aa5221fea52672881776f7b9d1aa8eebc29f8c758178230dd1a, target: 0xf38a5ee5db5fec548416dac4db004d588b5fc06503ad270978d9d8f08e9b64a5, expectedRevision: 0, salt: 0x0000000000000000000000000000000000000000000000000000000000000000 }), Action({ kind: 3, typeId: 0x0000000000000000000000000000000000000000000000000000000000000000, bodyHashOrRecordId: 0x0000000000000000000000000000000000000000000000000000000000000000, purpose: 0x073e0a1a729959d841354dbb760bf57802acc034630defb75862e5dda0f72c18, subject: 0xf38a5ee5db5fec548416dac4db004d588b5fc06503ad270978d9d8f08e9b64a5, role: 0x8b30951df380b6b10da747e1167dd8e40bf8604c88c75b245dc172767f3b7320, target: 0xf38a5ee5db5fec548416dac4db004d588b5fc06503ad270978d9d8f08e9b64a5, expectedRevision: 0, salt: 0x0000000000000000000000000000000000000000000000000000000000000000 })], [0x, 0x8a5c2dad2ae16fc84b82733f634dfb672bd79e90dce25bf0627089c548fe8531000000000000000000000000000000000000000000000000000000009502f9000000000000000000000000000000000000000000000000000000000000000006000000000000000000000000000000000000000000000000000000006b49d200ea51e8c38c6dcf2d50a91e3db4784be38aeaf3728d1ef153b525df484e652345, 0x, 0x, 0x], 0xcb6d7e75ab60dbd3cae6faaef572cd4581c4900fc45a323641421a2ed57d151a53bbcf248f10670c094e8047888def3be26823fa55fed68c338f33a0dd08edca1b)
    │   ├─ [441] TypeRegistry::epoch() [staticcall]
    │   │   └─ ← [Return] 8
    │   ├─ [1154] TypeRegistry::typeInfo(0x2db40fc5c9f87fff9029aba18f5e7a0bf1ffaee89f584eb521b7395c0d57ea21) [staticcall]
    │   │   └─ ← [Return] true, QuoteAcceptor: [0x212224D2F2d262cd093eE13240ca4873fcCBbA3C], 0xa7499e4b804d8895cefb1463a08dee2517de9717eaba15d470e841cd00367fff, 0x0000000000000000000000000000000000000000, 0x0000000000000000000000000000000000000000000000000000000000000000, 1, 1
    │   ├─ [3000] PRECOMPILES::ecrecover(0xc4bd32471d646315287d2486baa8555e443c4a21f011e453c04aa4a97d3e430e, 27, 92012967384865623632945752460569903409982503062909024531648367586760210584858, 37873796480642939085749953822188206190785572794190192727419073061771283066314) [staticcall]
    │   │   └─ ← [Return] 0xe05fcC23807536bEe418f142D19fa0d21BB0cfF7
    │   ├─ emit Admitted(author: 0x000000000000000000000000e05fcc23807536bee418f142d19fa0d21bb0cff7, scope: 0xf38a5ee5db5fec548416dac4db004d588b5fc06503ad270978d9d8f08e9b64a5, recordId: 0x0000000000000000000000000000000000000000000000000000000000000000, admission: 4)
    │   ├─ [1154] TypeRegistry::typeInfo(0x2db40fc5c9f87fff9029aba18f5e7a0bf1ffaee89f584eb521b7395c0d57ea21) [staticcall]
    │   │   └─ ← [Return] true, QuoteAcceptor: [0x212224D2F2d262cd093eE13240ca4873fcCBbA3C], 0xa7499e4b804d8895cefb1463a08dee2517de9717eaba15d470e841cd00367fff, 0x0000000000000000000000000000000000000000, 0x0000000000000000000000000000000000000000000000000000000000000000, 1, 1
    │   ├─ [5038] TypeRegistry::refTypes(0x2db40fc5c9f87fff9029aba18f5e7a0bf1ffaee89f584eb521b7395c0d57ea21) [staticcall]
    │   │   └─ ← [Return] [0x98f15a281c3cdd9d4aabe4708ae98ab46688ebb588db2876ee56d2c9413ed691]
    │   ├─ [998] QuoteAcceptor::accept(0x2db40fc5c9f87fff9029aba18f5e7a0bf1ffaee89f584eb521b7395c0d57ea21, 0x8a5c2dad2ae16fc84b82733f634dfb672bd79e90dce25bf0627089c548fe8531000000000000000000000000000000000000000000000000000000009502f9000000000000000000000000000000000000000000000000000000000000000006000000000000000000000000000000000000000000000000000000006b49d200ea51e8c38c6dcf2d50a91e3db4784be38aeaf3728d1ef153b525df484e652345, [0x8a5c2dad2ae16fc84b82733f634dfb672bd79e90dce25bf0627089c548fe8531]) [staticcall]
    │   │   └─ ← [Return] true
    │   ├─ emit Admitted(author: 0x000000000000000000000000e05fcc23807536bee418f142d19fa0d21bb0cff7, scope: 0x2db40fc5c9f87fff9029aba18f5e7a0bf1ffaee89f584eb521b7395c0d57ea21, recordId: 0x939cfd72923d10d615557ff0b6c7b19b5f259692e9a71fb6c5f9b5ce03046655, admission: 5)
    │   ├─ [2421] TypeRegistry::bindingRefType(0x07167a05890e9fcaccbdf11abbb65a3aa14bccfe41825ce441803003862ce5df, 0x0000000000000000000000000000000000000000000000000000000000000000) [staticcall]
    │   │   └─ ← [Return] 0x0000000000000000000000000000000000000000000000000000000000000000
    │   ├─ emit Admitted(author: 0x000000000000000000000000e05fcc23807536bee418f142d19fa0d21bb0cff7, scope: 0xd3ca2016fab275e3e54c75668977603dc0be5313a91cff6394ad3110dadc1054, recordId: 0x939cfd72923d10d615557ff0b6c7b19b5f259692e9a71fb6c5f9b5ce03046655, admission: 6)
    │   ├─ [2421] TypeRegistry::bindingRefType(0x58de23804076d1b785b7479ab38fe6ada246e62164776702f51a1c48ef98cf99, 0xc7c63b8bafc33aa5221fea52672881776f7b9d1aa8eebc29f8c758178230dd1a) [staticcall]
    │   │   └─ ← [Return] 0x0000000000000000000000000000000000000000000000000000000000000000
    │   ├─ emit Admitted(author: 0x000000000000000000000000e05fcc23807536bee418f142d19fa0d21bb0cff7, scope: 0xacdedd9616efb976bfcf2fa693c5d69d7b8be8854803dfd98ce51a3721bd8189, recordId: 0xf38a5ee5db5fec548416dac4db004d588b5fc06503ad270978d9d8f08e9b64a5, admission: 7)
    │   ├─ [2421] TypeRegistry::bindingRefType(0x073e0a1a729959d841354dbb760bf57802acc034630defb75862e5dda0f72c18, 0x8b30951df380b6b10da747e1167dd8e40bf8604c88c75b245dc172767f3b7320) [staticcall]
    │   │   └─ ← [Return] 0x0000000000000000000000000000000000000000000000000000000000000000
    │   ├─ emit Admitted(author: 0x000000000000000000000000e05fcc23807536bee418f142d19fa0d21bb0cff7, scope: 0xec70f47d0d57410e68dc860f66f319dfda74a14898c536db8a545c8775919a8f, recordId: 0xf38a5ee5db5fec548416dac4db004d588b5fc06503ad270978d9d8f08e9b64a5, admission: 8)
    │   ├─ [461775] IndexModule::onAdmission(2, [Effect({ kind: 5, admission: 4, author: 0x000000000000000000000000e05fcc23807536bee418f142d19fa0d21bb0cff7, recordId: 0xf38a5ee5db5fec548416dac4db004d588b5fc06503ad270978d9d8f08e9b64a5, typeId: 0x0000000000000000000000000000000000000000000000000000000000000000, scopeKey: 0x0000000000000000000000000000000000000000000000000000000000000000, bindingKey: 0x0000000000000000000000000000000000000000000000000000000000000000, bindingOrdinal: 0, target: 0x0000000000000000000000000000000000000000000000000000000000000000, oldTarget: 0x0000000000000000000000000000000000000000000000000000000000000000, freshBinding: false, oldLive: false }), Effect({ kind: 1, admission: 5, author: 0x000000000000000000000000e05fcc23807536bee418f142d19fa0d21bb0cff7, recordId: 0x939cfd72923d10d615557ff0b6c7b19b5f259692e9a71fb6c5f9b5ce03046655, typeId: 0x2db40fc5c9f87fff9029aba18f5e7a0bf1ffaee89f584eb521b7395c0d57ea21, scopeKey: 0x0000000000000000000000000000000000000000000000000000000000000000, bindingKey: 0x0000000000000000000000000000000000000000000000000000000000000000, bindingOrdinal: 0, target: 0x0000000000000000000000000000000000000000000000000000000000000000, oldTarget: 0x0000000000000000000000000000000000000000000000000000000000000000, freshBinding: false, oldLive: false }), Effect({ kind: 3, admission: 6, author: 0x000000000000000000000000e05fcc23807536bee418f142d19fa0d21bb0cff7, recordId: 0x939cfd72923d10d615557ff0b6c7b19b5f259692e9a71fb6c5f9b5ce03046655, typeId: 0x2db40fc5c9f87fff9029aba18f5e7a0bf1ffaee89f584eb521b7395c0d57ea21, scopeKey: 0xd3ca2016fab275e3e54c75668977603dc0be5313a91cff6394ad3110dadc1054, bindingKey: 0xe3b433d16bd73e36cfc64a9a8527d5263f36c648ccd5018f16a29e74790027ab, bindingOrdinal: 1, target: 0x939cfd72923d10d615557ff0b6c7b19b5f259692e9a71fb6c5f9b5ce03046655, oldTarget: 0x0000000000000000000000000000000000000000000000000000000000000000, freshBinding: true, oldLive: false }), Effect({ kind: 3, admission: 7, author: 0x000000000000000000000000e05fcc23807536bee418f142d19fa0d21bb0cff7, recordId: 0xf38a5ee5db5fec548416dac4db004d588b5fc06503ad270978d9d8f08e9b64a5, typeId: 0x0000000000000000000000000000000000000000000000000000000000000000, scopeKey: 0xacdedd9616efb976bfcf2fa693c5d69d7b8be8854803dfd98ce51a3721bd8189, bindingKey: 0x29508140ed11e00d75e205718444b4113acbf972f7a05504f874edbf99694dbe, bindingOrdinal: 2, target: 0xf38a5ee5db5fec548416dac4db004d588b5fc06503ad270978d9d8f08e9b64a5, oldTarget: 0x0000000000000000000000000000000000000000000000000000000000000000, freshBinding: true, oldLive: false }), Effect({ kind: 3, admission: 8, author: 0x000000000000000000000000e05fcc23807536bee418f142d19fa0d21bb0cff7, recordId: 0xf38a5ee5db5fec548416dac4db004d588b5fc06503ad270978d9d8f08e9b64a5, typeId: 0x0000000000000000000000000000000000000000000000000000000000000000, scopeKey: 0xec70f47d0d57410e68dc860f66f319dfda74a14898c536db8a545c8775919a8f, bindingKey: 0x5765e6449d8537404367461493bd3f00b858fdd9908ec83aeb08973f0198e8ea, bindingOrdinal: 3, target: 0xf38a5ee5db5fec548416dac4db004d588b5fc06503ad270978d9d8f08e9b64a5, oldTarget: 0x0000000000000000000000000000000000000000000000000000000000000000, freshBinding: true, oldLive: false })])
    │   │   └─ ← [Stop]
    │   ├─ emit Published(publication: 2, publicationId: 0x333b1376b2bed9c401e734be6afa80809fb8adfebe48893eea92d1e72a24faa6, author: 0xe05fcC23807536bEe418f142D19fa0d21BB0cfF7, proofKind: 2, firstAdmission: 4, leafCount: 5)
    │   └─ ← [Return] 2, 4
    ├─ [395] Ledger::realmId() [staticcall]
    │   └─ ← [Return] 0x684016e05741dc9d511ff3520a16e1da90a35be14b76f9e12ef0287b9beae39f
    ├─ [0] VM::addr(<pk>) [staticcall]
    │   └─ ← [Return] 0xe05fcC23807536bEe418f142D19fa0d21BB0cfF7
    ├─ [5608] Ledger::acceptanceProfileOf([Action({ kind: 1, typeId: 0x2db40fc5c9f87fff9029aba18f5e7a0bf1ffaee89f584eb521b7395c0d57ea21, bodyHashOrRecordId: 0xa66176d11ba275a73932a6b1884a1dfef19440c0fc76d37ba68a539e65bfa1ba, purpose: 0x0000000000000000000000000000000000000000000000000000000000000000, subject: 0x0000000000000000000000000000000000000000000000000000000000000000, role: 0x0000000000000000000000000000000000000000000000000000000000000000, target: 0x0000000000000000000000000000000000000000000000000000000000000000, expectedRevision: 0, salt: 0x0000000000000000000000000000000000000000000000000000000000000000 }), Action({ kind: 3, typeId: 0x0000000000000000000000000000000000000000000000000000000000000000, bodyHashOrRecordId: 0x0000000000000000000000000000000000000000000000000000000000000000, purpose: 0x07167a05890e9fcaccbdf11abbb65a3aa14bccfe41825ce441803003862ce5df, subject: 0xf38a5ee5db5fec548416dac4db004d588b5fc06503ad270978d9d8f08e9b64a5, role: 0x0000000000000000000000000000000000000000000000000000000000000000, target: 0x64d7f731269ba262ea51040deb55dda723657338fcd72279dfc3756e73f53375, expectedRevision: 1, salt: 0x0000000000000000000000000000000000000000000000000000000000000000 })]) [staticcall]
    │   ├─ [441] TypeRegistry::epoch() [staticcall]
    │   │   └─ ← [Return] 8
    │   ├─ [1154] TypeRegistry::typeInfo(0x2db40fc5c9f87fff9029aba18f5e7a0bf1ffaee89f584eb521b7395c0d57ea21) [staticcall]
    │   │   └─ ← [Return] true, QuoteAcceptor: [0x212224D2F2d262cd093eE13240ca4873fcCBbA3C], 0xa7499e4b804d8895cefb1463a08dee2517de9717eaba15d470e841cd00367fff, 0x0000000000000000000000000000000000000000, 0x0000000000000000000000000000000000000000000000000000000000000000, 1, 1
    │   └─ ← [Return] 0x27c4b27f2a80612b8349140160135b1a3d706a892faa2070ed01fff483a91981
    ├─ [1272] Ledger::indexObligations() [staticcall]
    │   └─ ← [Return] 0x198a8c3d2513950024fade14c5735abfaafdd906f7f8f6e9cf84d9c790ea7789
    ├─ [2244] Ledger::intentDigest(Intent({ realmId: 0x684016e05741dc9d511ff3520a16e1da90a35be14b76f9e12ef0287b9beae39f, coreCodeCommitment: 0x8d8515f6c3bcfe36ad7422c67ece284c215a5b79e1ee2cc5afdd3f63d7cddcbe, author: 0xe05fcC23807536bEe418f142D19fa0d21BB0cfF7, nonce: 1, deadline: 1700003600 [1.7e9], acceptanceProfile: 0x27c4b27f2a80612b8349140160135b1a3d706a892faa2070ed01fff483a91981, indexObligations: 0x198a8c3d2513950024fade14c5735abfaafdd906f7f8f6e9cf84d9c790ea7789 }), 0x0e7fc757fe2f23d26bc570d71b2b93aeff49dda67b92adc14736e10ef47ec0f3) [staticcall]
    │   └─ ← [Return] 0xd7315933bb28942cada9ccd3ec8ad3c999b6c0e95e9620cb711aa49710ac42aa
    ├─ [0] VM::sign("<pk>", 0xd7315933bb28942cada9ccd3ec8ad3c999b6c0e95e9620cb711aa49710ac42aa) [staticcall]
    │   └─ ← [Return] 27, 0x28f4db7c8c7882834a2f8edcfb723cf2beb8308d666913950a529c82aa6a1352, 0x45a8a4ccb4b136fd63c40707b3084ad295cc7fb062cca9a1e7f8b3bfb92ceb85
    ├─ [541677] Ledger::executeSigned(Intent({ realmId: 0x684016e05741dc9d511ff3520a16e1da90a35be14b76f9e12ef0287b9beae39f, coreCodeCommitment: 0x8d8515f6c3bcfe36ad7422c67ece284c215a5b79e1ee2cc5afdd3f63d7cddcbe, author: 0xe05fcC23807536bEe418f142D19fa0d21BB0cfF7, nonce: 1, deadline: 1700003600 [1.7e9], acceptanceProfile: 0x27c4b27f2a80612b8349140160135b1a3d706a892faa2070ed01fff483a91981, indexObligations: 0x198a8c3d2513950024fade14c5735abfaafdd906f7f8f6e9cf84d9c790ea7789 }), [Action({ kind: 1, typeId: 0x2db40fc5c9f87fff9029aba18f5e7a0bf1ffaee89f584eb521b7395c0d57ea21, bodyHashOrRecordId: 0xa66176d11ba275a73932a6b1884a1dfef19440c0fc76d37ba68a539e65bfa1ba, purpose: 0x0000000000000000000000000000000000000000000000000000000000000000, subject: 0x0000000000000000000000000000000000000000000000000000000000000000, role: 0x0000000000000000000000000000000000000000000000000000000000000000, target: 0x0000000000000000000000000000000000000000000000000000000000000000, expectedRevision: 0, salt: 0x0000000000000000000000000000000000000000000000000000000000000000 }), Action({ kind: 3, typeId: 0x0000000000000000000000000000000000000000000000000000000000000000, bodyHashOrRecordId: 0x0000000000000000000000000000000000000000000000000000000000000000, purpose: 0x07167a05890e9fcaccbdf11abbb65a3aa14bccfe41825ce441803003862ce5df, subject: 0xf38a5ee5db5fec548416dac4db004d588b5fc06503ad270978d9d8f08e9b64a5, role: 0x0000000000000000000000000000000000000000000000000000000000000000, target: 0x64d7f731269ba262ea51040deb55dda723657338fcd72279dfc3756e73f53375, expectedRevision: 1, salt: 0x0000000000000000000000000000000000000000000000000000000000000000 })], [0x8a5c2dad2ae16fc84b82733f634dfb672bd79e90dce25bf0627089c548fe85310000000000000000000000000000000000000000000000000000000095217d800000000000000000000000000000000000000000000000000000000000000006000000000000000000000000000000000000000000000000000000006b49d200ea51e8c38c6dcf2d50a91e3db4784be38aeaf3728d1ef153b525df484e652345, 0x], 0x28f4db7c8c7882834a2f8edcfb723cf2beb8308d666913950a529c82aa6a135245a8a4ccb4b136fd63c40707b3084ad295cc7fb062cca9a1e7f8b3bfb92ceb851b)
    │   ├─ [441] TypeRegistry::epoch() [staticcall]
    │   │   └─ ← [Return] 8
    │   ├─ [1154] TypeRegistry::typeInfo(0x2db40fc5c9f87fff9029aba18f5e7a0bf1ffaee89f584eb521b7395c0d57ea21) [staticcall]
    │   │   └─ ← [Return] true, QuoteAcceptor: [0x212224D2F2d262cd093eE13240ca4873fcCBbA3C], 0xa7499e4b804d8895cefb1463a08dee2517de9717eaba15d470e841cd00367fff, 0x0000000000000000000000000000000000000000, 0x0000000000000000000000000000000000000000000000000000000000000000, 1, 1
    │   ├─ [3000] PRECOMPILES::ecrecover(0xd7315933bb28942cada9ccd3ec8ad3c999b6c0e95e9620cb711aa49710ac42aa, 27, 18525139467413210867882826948906531348062280998234340856406121334043312788306, 31507554264387257558530153093946643964566592928269414207268672013515356957573) [staticcall]
    │   │   └─ ← [Return] 0xe05fcC23807536bEe418f142D19fa0d21BB0cfF7
    │   ├─ [1154] TypeRegistry::typeInfo(0x2db40fc5c9f87fff9029aba18f5e7a0bf1ffaee89f584eb521b7395c0d57ea21) [staticcall]
    │   │   └─ ← [Return] true, QuoteAcceptor: [0x212224D2F2d262cd093eE13240ca4873fcCBbA3C], 0xa7499e4b804d8895cefb1463a08dee2517de9717eaba15d470e841cd00367fff, 0x0000000000000000000000000000000000000000, 0x0000000000000000000000000000000000000000000000000000000000000000, 1, 1
    │   ├─ [1038] TypeRegistry::refTypes(0x2db40fc5c9f87fff9029aba18f5e7a0bf1ffaee89f584eb521b7395c0d57ea21) [staticcall]
    │   │   └─ ← [Return] [0x98f15a281c3cdd9d4aabe4708ae98ab46688ebb588db2876ee56d2c9413ed691]
    │   ├─ [998] QuoteAcceptor::accept(0x2db40fc5c9f87fff9029aba18f5e7a0bf1ffaee89f584eb521b7395c0d57ea21, 0x8a5c2dad2ae16fc84b82733f634dfb672bd79e90dce25bf0627089c548fe85310000000000000000000000000000000000000000000000000000000095217d800000000000000000000000000000000000000000000000000000000000000006000000000000000000000000000000000000000000000000000000006b49d200ea51e8c38c6dcf2d50a91e3db4784be38aeaf3728d1ef153b525df484e652345, [0x8a5c2dad2ae16fc84b82733f634dfb672bd79e90dce25bf0627089c548fe8531]) [staticcall]
    │   │   └─ ← [Return] true
    │   ├─ emit Admitted(author: 0x000000000000000000000000e05fcc23807536bee418f142d19fa0d21bb0cff7, scope: 0x2db40fc5c9f87fff9029aba18f5e7a0bf1ffaee89f584eb521b7395c0d57ea21, recordId: 0x64d7f731269ba262ea51040deb55dda723657338fcd72279dfc3756e73f53375, admission: 9)
    │   ├─ [421] TypeRegistry::bindingRefType(0x07167a05890e9fcaccbdf11abbb65a3aa14bccfe41825ce441803003862ce5df, 0x0000000000000000000000000000000000000000000000000000000000000000) [staticcall]
    │   │   └─ ← [Return] 0x0000000000000000000000000000000000000000000000000000000000000000
    │   ├─ emit Admitted(author: 0x000000000000000000000000e05fcc23807536bee418f142d19fa0d21bb0cff7, scope: 0xd3ca2016fab275e3e54c75668977603dc0be5313a91cff6394ad3110dadc1054, recordId: 0x64d7f731269ba262ea51040deb55dda723657338fcd72279dfc3756e73f53375, admission: 10)
    │   ├─ [54286] IndexModule::onAdmission(3, [Effect({ kind: 1, admission: 9, author: 0x000000000000000000000000e05fcc23807536bee418f142d19fa0d21bb0cff7, recordId: 0x64d7f731269ba262ea51040deb55dda723657338fcd72279dfc3756e73f53375, typeId: 0x2db40fc5c9f87fff9029aba18f5e7a0bf1ffaee89f584eb521b7395c0d57ea21, scopeKey: 0x0000000000000000000000000000000000000000000000000000000000000000, bindingKey: 0x0000000000000000000000000000000000000000000000000000000000000000, bindingOrdinal: 0, target: 0x0000000000000000000000000000000000000000000000000000000000000000, oldTarget: 0x0000000000000000000000000000000000000000000000000000000000000000, freshBinding: false, oldLive: false }), Effect({ kind: 3, admission: 10, author: 0x000000000000000000000000e05fcc23807536bee418f142d19fa0d21bb0cff7, recordId: 0x64d7f731269ba262ea51040deb55dda723657338fcd72279dfc3756e73f53375, typeId: 0x2db40fc5c9f87fff9029aba18f5e7a0bf1ffaee89f584eb521b7395c0d57ea21, scopeKey: 0xd3ca2016fab275e3e54c75668977603dc0be5313a91cff6394ad3110dadc1054, bindingKey: 0xe3b433d16bd73e36cfc64a9a8527d5263f36c648ccd5018f16a29e74790027ab, bindingOrdinal: 1, target: 0x64d7f731269ba262ea51040deb55dda723657338fcd72279dfc3756e73f53375, oldTarget: 0x939cfd72923d10d615557ff0b6c7b19b5f259692e9a71fb6c5f9b5ce03046655, freshBinding: false, oldLive: true })])
    │   │   └─ ← [Stop]
    │   ├─ emit Published(publication: 3, publicationId: 0xed15b5971ef197b95954ed2ae0d4762597eedc8ec41a8e0acd1746bd4d0cd293, author: 0xe05fcC23807536bEe418f142D19fa0d21BB0cfF7, proofKind: 2, firstAdmission: 9, leafCount: 2)
    │   └─ ← [Return] 3, 9
    ├─ [717406] Actor::execute([Action({ kind: 1, typeId: 0x2db40fc5c9f87fff9029aba18f5e7a0bf1ffaee89f584eb521b7395c0d57ea21, bodyHashOrRecordId: 0x3cf5180eb11d3397248839a0c9b5b64520d2c86f311c3897cb949296a7ada229, purpose: 0x0000000000000000000000000000000000000000000000000000000000000000, subject: 0x0000000000000000000000000000000000000000000000000000000000000000, role: 0x0000000000000000000000000000000000000000000000000000000000000000, target: 0x0000000000000000000000000000000000000000000000000000000000000000, expectedRevision: 0, salt: 0x0000000000000000000000000000000000000000000000000000000000000000 }), Action({ kind: 3, typeId: 0x0000000000000000000000000000000000000000000000000000000000000000, bodyHashOrRecordId: 0x0000000000000000000000000000000000000000000000000000000000000000, purpose: 0x07167a05890e9fcaccbdf11abbb65a3aa14bccfe41825ce441803003862ce5df, subject: 0xf38a5ee5db5fec548416dac4db004d588b5fc06503ad270978d9d8f08e9b64a5, role: 0x0000000000000000000000000000000000000000000000000000000000000000, target: 0xa42ac61d9cc4911c885f309fe75c6f6d4981bb1a32736a15733053bab021d08d, expectedRevision: 0, salt: 0x0000000000000000000000000000000000000000000000000000000000000000 })], [0x8a5c2dad2ae16fc84b82733f634dfb672bd79e90dce25bf0627089c548fe85310000000000000000000000000000000000000000000000000000000095123b400000000000000000000000000000000000000000000000000000000000000006000000000000000000000000000000000000000000000000000000006b49d200ea51e8c38c6dcf2d50a91e3db4784be38aeaf3728d1ef153b525df484e652345, 0x])
    │   ├─ [2886] Ledger::nonces(Actor: [0x1d1499e622D69689cdf9004d05Ec547d650Ff211]) [staticcall]
    │   │   └─ ← [Return] 0
    │   ├─ [710883] Ledger::execute([Action({ kind: 1, typeId: 0x2db40fc5c9f87fff9029aba18f5e7a0bf1ffaee89f584eb521b7395c0d57ea21, bodyHashOrRecordId: 0x3cf5180eb11d3397248839a0c9b5b64520d2c86f311c3897cb949296a7ada229, purpose: 0x0000000000000000000000000000000000000000000000000000000000000000, subject: 0x0000000000000000000000000000000000000000000000000000000000000000, role: 0x0000000000000000000000000000000000000000000000000000000000000000, target: 0x0000000000000000000000000000000000000000000000000000000000000000, expectedRevision: 0, salt: 0x0000000000000000000000000000000000000000000000000000000000000000 }), Action({ kind: 3, typeId: 0x0000000000000000000000000000000000000000000000000000000000000000, bodyHashOrRecordId: 0x0000000000000000000000000000000000000000000000000000000000000000, purpose: 0x07167a05890e9fcaccbdf11abbb65a3aa14bccfe41825ce441803003862ce5df, subject: 0xf38a5ee5db5fec548416dac4db004d588b5fc06503ad270978d9d8f08e9b64a5, role: 0x0000000000000000000000000000000000000000000000000000000000000000, target: 0xa42ac61d9cc4911c885f309fe75c6f6d4981bb1a32736a15733053bab021d08d, expectedRevision: 0, salt: 0x0000000000000000000000000000000000000000000000000000000000000000 })], [0x8a5c2dad2ae16fc84b82733f634dfb672bd79e90dce25bf0627089c548fe85310000000000000000000000000000000000000000000000000000000095123b400000000000000000000000000000000000000000000000000000000000000006000000000000000000000000000000000000000000000000000000006b49d200ea51e8c38c6dcf2d50a91e3db4784be38aeaf3728d1ef153b525df484e652345, 0x], 0)
    │   │   ├─ [441] TypeRegistry::epoch() [staticcall]
    │   │   │   └─ ← [Return] 8
    │   │   ├─ [1154] TypeRegistry::typeInfo(0x2db40fc5c9f87fff9029aba18f5e7a0bf1ffaee89f584eb521b7395c0d57ea21) [staticcall]
    │   │   │   └─ ← [Return] true, QuoteAcceptor: [0x212224D2F2d262cd093eE13240ca4873fcCBbA3C], 0xa7499e4b804d8895cefb1463a08dee2517de9717eaba15d470e841cd00367fff, 0x0000000000000000000000000000000000000000, 0x0000000000000000000000000000000000000000000000000000000000000000, 1, 1
    │   │   ├─ [1154] TypeRegistry::typeInfo(0x2db40fc5c9f87fff9029aba18f5e7a0bf1ffaee89f584eb521b7395c0d57ea21) [staticcall]
    │   │   │   └─ ← [Return] true, QuoteAcceptor: [0x212224D2F2d262cd093eE13240ca4873fcCBbA3C], 0xa7499e4b804d8895cefb1463a08dee2517de9717eaba15d470e841cd00367fff, 0x0000000000000000000000000000000000000000, 0x0000000000000000000000000000000000000000000000000000000000000000, 1, 1
    │   │   ├─ [1038] TypeRegistry::refTypes(0x2db40fc5c9f87fff9029aba18f5e7a0bf1ffaee89f584eb521b7395c0d57ea21) [staticcall]
    │   │   │   └─ ← [Return] [0x98f15a281c3cdd9d4aabe4708ae98ab46688ebb588db2876ee56d2c9413ed691]
    │   │   ├─ [998] QuoteAcceptor::accept(0x2db40fc5c9f87fff9029aba18f5e7a0bf1ffaee89f584eb521b7395c0d57ea21, 0x8a5c2dad2ae16fc84b82733f634dfb672bd79e90dce25bf0627089c548fe85310000000000000000000000000000000000000000000000000000000095123b400000000000000000000000000000000000000000000000000000000000000006000000000000000000000000000000000000000000000000000000006b49d200ea51e8c38c6dcf2d50a91e3db4784be38aeaf3728d1ef153b525df484e652345, [0x8a5c2dad2ae16fc84b82733f634dfb672bd79e90dce25bf0627089c548fe8531]) [staticcall]
    │   │   │   └─ ← [Return] true
    │   │   ├─ emit Admitted(author: 0x48aca65bfcfce75562a73057d5712a492c1fa8dd41e69d33d9ae10be3cd496e5, scope: 0x2db40fc5c9f87fff9029aba18f5e7a0bf1ffaee89f584eb521b7395c0d57ea21, recordId: 0xa42ac61d9cc4911c885f309fe75c6f6d4981bb1a32736a15733053bab021d08d, admission: 11)
    │   │   ├─ [421] TypeRegistry::bindingRefType(0x07167a05890e9fcaccbdf11abbb65a3aa14bccfe41825ce441803003862ce5df, 0x0000000000000000000000000000000000000000000000000000000000000000) [staticcall]
    │   │   │   └─ ← [Return] 0x0000000000000000000000000000000000000000000000000000000000000000
    │   │   ├─ emit Admitted(author: 0x48aca65bfcfce75562a73057d5712a492c1fa8dd41e69d33d9ae10be3cd496e5, scope: 0xeb5019b8684198e974a6d68a23a0f196722da09db54c6126068a6e2963c874fa, recordId: 0xa42ac61d9cc4911c885f309fe75c6f6d4981bb1a32736a15733053bab021d08d, admission: 12)
    │   │   ├─ [186563] IndexModule::onAdmission(4, [Effect({ kind: 1, admission: 11, author: 0x48aca65bfcfce75562a73057d5712a492c1fa8dd41e69d33d9ae10be3cd496e5, recordId: 0xa42ac61d9cc4911c885f309fe75c6f6d4981bb1a32736a15733053bab021d08d, typeId: 0x2db40fc5c9f87fff9029aba18f5e7a0bf1ffaee89f584eb521b7395c0d57ea21, scopeKey: 0x0000000000000000000000000000000000000000000000000000000000000000, bindingKey: 0x0000000000000000000000000000000000000000000000000000000000000000, bindingOrdinal: 0, target: 0x0000000000000000000000000000000000000000000000000000000000000000, oldTarget: 0x0000000000000000000000000000000000000000000000000000000000000000, freshBinding: false, oldLive: false }), Effect({ kind: 3, admission: 12, author: 0x48aca65bfcfce75562a73057d5712a492c1fa8dd41e69d33d9ae10be3cd496e5, recordId: 0xa42ac61d9cc4911c885f309fe75c6f6d4981bb1a32736a15733053bab021d08d, typeId: 0x2db40fc5c9f87fff9029aba18f5e7a0bf1ffaee89f584eb521b7395c0d57ea21, scopeKey: 0xeb5019b8684198e974a6d68a23a0f196722da09db54c6126068a6e2963c874fa, bindingKey: 0x568ceaf06d0e2e302dad114073defd1b892eca52432307e8f86397ab453e00f0, bindingOrdinal: 4, target: 0xa42ac61d9cc4911c885f309fe75c6f6d4981bb1a32736a15733053bab021d08d, oldTarget: 0x0000000000000000000000000000000000000000000000000000000000000000, freshBinding: true, oldLive: false })])
    │   │   │   └─ ← [Stop]
    │   │   ├─ emit Published(publication: 4, publicationId: 0x7b3d70109469d6bc4f803528349ac37e3fb3dc3cadf7555268bdb91103844eb2, author: Actor: [0x1d1499e622D69689cdf9004d05Ec547d650Ff211], proofKind: 1, firstAdmission: 11, leafCount: 2)
    │   │   └─ ← [Return] 4, 11
    │   └─ ← [Return] 4, 11
    ├─ [866] Ledger::counts() [staticcall]
    │   └─ ← [Return] 12, 6, 4, 4
    ├─ [5421] Ledger::evidence(4) [staticcall]
    │   └─ ← [Return] Actor: [0x1d1499e622D69689cdf9004d05Ec547d650Ff211], 1, 0, 2, 11, 0x0000000000000000000000000000000000000000000000000000000000000000, 0x0000000000000000000000000000000000000000000000000000000000000000, 0, 0, 1, 0x27c4b27f2a80612b8349140160135b1a3d706a892faa2070ed01fff483a91981, 0x198a8c3d2513950024fade14c5735abfaafdd906f7f8f6e9cf84d9c790ea7789, 0x3da89c6aa22f45a73922113422779ba013a1002c6b8df9117beec4f5eb23ac8b
    ├─ [1421] Ledger::evidence(3) [staticcall]
    │   └─ ← [Return] 0xe05fcC23807536bEe418f142D19fa0d21BB0cfF7, 2, 27, 2, 9, 0x28f4db7c8c7882834a2f8edcfb723cf2beb8308d666913950a529c82aa6a1352, 0x45a8a4ccb4b136fd63c40707b3084ad295cc7fb062cca9a1e7f8b3bfb92ceb85, 1, 1700003600 [1.7e9], 1, 0x27c4b27f2a80612b8349140160135b1a3d706a892faa2070ed01fff483a91981, 0x198a8c3d2513950024fade14c5735abfaafdd906f7f8f6e9cf84d9c790ea7789, 0x0e7fc757fe2f23d26bc570d71b2b93aeff49dda67b92adc14736e10ef47ec0f3
    ├─ [615] FaultyReads::WRONG_BINDING_POSITION() [staticcall]
    │   └─ ← [Return] 14
    ├─ [45211] FaultyReads::fault(14, 0x0ab270965ac71109062250c3555b016b9d24fd1adb8b8396802562de872bca1b)
    │   └─ ← [Return]
    ├─ [70387] JoinedConsumer::paidPoint([0xe05fcC23807536bEe418f142D19fa0d21BB0cfF7, 0x1d1499e622D69689cdf9004d05Ec547d650Ff211], Expect({ subject: 0xf38a5ee5db5fec548416dac4db004d588b5fc06503ad270978d9d8f08e9b64a5, expectedHead: 0x64d7f731269ba262ea51040deb55dda723657338fcd72279dfc3756e73f53375, selectedAuthor: 0xe05fcC23807536bEe418f142D19fa0d21BB0cfF7, selectedProofKind: 2, pairId: 0x8a5c2dad2ae16fc84b82733f634dfb672bd79e90dce25bf0627089c548fe8531, itemA: 0xdcee1a18e773c4e23c675382b23918d0771ae6ff0a7f2c22d3e7298744331825, itemB: 0x22ad273e9b5cb707fadf826bf174c50a895a558924cc7ff0cca702bffbc6c4a2, mantissa: 2502000000 [2.502e9], scale: 6, observedAt: 1800000000 [1.8e9], noteCommitment: 0xea51e8c38c6dcf2d50a91e3db4784be38aeaf3728d1ef153b525df484e652345, basisAdmission: 12 }))
    │   ├─ [2344] FaultyReads::counts() [staticcall]
    │   │   ├─ [866] Ledger::counts() [staticcall]
    │   │   │   └─ ← [Return] 12, 6, 4, 4
    │   │   └─ ← [Return] 12, 6, 4, 4
    │   ├─ [3559] FaultyReads::index() [staticcall]
    │   │   ├─ [256] LensReader::index() [staticcall]
    │   │   │   └─ ← [Return] IndexModule: [0x5991A2dF15A8F6A256D3Ec51E99254Cd3fb576A9]
    │   │   └─ ← [Return] IndexModule: [0x5991A2dF15A8F6A256D3Ec51E99254Cd3fb576A9]
    │   ├─ [345] IndexModule::generation() [staticcall]
    │   │   └─ ← [Return] 0
    │   ├─ [1549] FaultyReads::registry() [staticcall]
    │   │   ├─ [592] Ledger::registry() [staticcall]
    │   │   │   └─ ← [Return] TypeRegistry: [0x5615dEB798BB3E4dFa0139dFa1b3D433Cc23b72f]
    │   │   └─ ← [Return] TypeRegistry: [0x5615dEB798BB3E4dFa0139dFa1b3D433Cc23b72f]
    │   ├─ [441] TypeRegistry::epoch() [staticcall]
    │   │   └─ ← [Return] 8
    │   ├─ [6663] FaultyReads::resolve([0xe05fcC23807536bEe418f142D19fa0d21BB0cfF7, 0x1d1499e622D69689cdf9004d05Ec547d650Ff211], 0x07167a05890e9fcaccbdf11abbb65a3aa14bccfe41825ce441803003862ce5df, 0xf38a5ee5db5fec548416dac4db004d588b5fc06503ad270978d9d8f08e9b64a5, 0x0000000000000000000000000000000000000000000000000000000000000000) [staticcall]
    │   │   ├─ [4584] LensReader::resolve([0xe05fcC23807536bEe418f142D19fa0d21BB0cfF7, 0x1d1499e622D69689cdf9004d05Ec547d650Ff211], 0x07167a05890e9fcaccbdf11abbb65a3aa14bccfe41825ce441803003862ce5df, 0xf38a5ee5db5fec548416dac4db004d588b5fc06503ad270978d9d8f08e9b64a5, 0x0000000000000000000000000000000000000000000000000000000000000000) [staticcall]
    │   │   │   ├─ [1548] Ledger::head(0xe3b433d16bd73e36cfc64a9a8527d5263f36c648ccd5018f16a29e74790027ab) [staticcall]
    │   │   │   │   └─ ← [Return] 1, 2, 10, 6, 1, 0x64d7f731269ba262ea51040deb55dda723657338fcd72279dfc3756e73f53375
    │   │   │   └─ ← [Return] 1, 0x64d7f731269ba262ea51040deb55dda723657338fcd72279dfc3756e73f53375, 2, 0xe05fcC23807536bEe418f142D19fa0d21BB0cfF7, 10
    │   │   └─ ← [Return] 1, 0x64d7f731269ba262ea51040deb55dda723657338fcd72279dfc3756e73f53375, 2, 0xe05fcC23807536bEe418f142D19fa0d21BB0cfF7, 10
    │   ├─ [5212] FaultyReads::admission(10) [staticcall]
    │   │   ├─ [3265] Ledger::admission(10) [staticcall]
    │   │   │   └─ ← [Return] 3, 1, 3, 1, 1, false, 0x64d7f731269ba262ea51040deb55dda723657338fcd72279dfc3756e73f53375, 0x0000000000000000000000000000000000000000000000000000000000000000
    │   │   └─ ← [Return] 3, 1, 3, 1, 1, false, 0x64d7f731269ba262ea51040deb55dda723657338fcd72279dfc3756e73f53375, 0x0000000000000000000000000000000000000000000000000000000000000000
    │   ├─ [2438] FaultyReads::evidence(3) [staticcall]
    │   │   ├─ [1421] Ledger::evidence(3) [staticcall]
    │   │   │   └─ ← [Return] 0xe05fcC23807536bEe418f142D19fa0d21BB0cfF7, 2, 27, 2, 9, 0x28f4db7c8c7882834a2f8edcfb723cf2beb8308d666913950a529c82aa6a1352, 0x45a8a4ccb4b136fd63c40707b3084ad295cc7fb062cca9a1e7f8b3bfb92ceb85, 1, 1700003600 [1.7e9], 1, 0x27c4b27f2a80612b8349140160135b1a3d706a892faa2070ed01fff483a91981, 0x198a8c3d2513950024fade14c5735abfaafdd906f7f8f6e9cf84d9c790ea7789, 0x0e7fc757fe2f23d26bc570d71b2b93aeff49dda67b92adc14736e10ef47ec0f3
    │   │   └─ ← [Return] 0xe05fcC23807536bEe418f142D19fa0d21BB0cfF7, 2, 27, 2, 9, 0x28f4db7c8c7882834a2f8edcfb723cf2beb8308d666913950a529c82aa6a1352, 0x45a8a4ccb4b136fd63c40707b3084ad295cc7fb062cca9a1e7f8b3bfb92ceb85, 1, 1700003600 [1.7e9], 1, 0x27c4b27f2a80612b8349140160135b1a3d706a892faa2070ed01fff483a91981, 0x198a8c3d2513950024fade14c5735abfaafdd906f7f8f6e9cf84d9c790ea7789, 0x0e7fc757fe2f23d26bc570d71b2b93aeff49dda67b92adc14736e10ef47ec0f3
    │   ├─ [5481] FaultyReads::record(0x64d7f731269ba262ea51040deb55dda723657338fcd72279dfc3756e73f53375) [staticcall]
    │   │   ├─ [3245] Ledger::record(0x64d7f731269ba262ea51040deb55dda723657338fcd72279dfc3756e73f53375) [staticcall]
    │   │   │   └─ ← [Return] 0x2db40fc5c9f87fff9029aba18f5e7a0bf1ffaee89f584eb521b7395c0d57ea21, 9, 1, 0x8a5c2dad2ae16fc84b82733f634dfb672bd79e90dce25bf0627089c548fe85310000000000000000000000000000000000000000000000000000000095217d800000000000000000000000000000000000000000000000000000000000000006000000000000000000000000000000000000000000000000000000006b49d200ea51e8c38c6dcf2d50a91e3db4784be38aeaf3728d1ef153b525df484e652345
    │   │   └─ ← [Return] 0x2db40fc5c9f87fff9029aba18f5e7a0bf1ffaee89f584eb521b7395c0d57ea21, 9, 1, 0x8a5c2dad2ae16fc84b82733f634dfb672bd79e90dce25bf0627089c548fe85310000000000000000000000000000000000000000000000000000000095217d800000000000000000000000000000000000000000000000000000000000000006000000000000000000000000000000000000000000000000000000006b49d200ea51e8c38c6dcf2d50a91e3db4784be38aeaf3728d1ef153b525df484e652345
    │   ├─ [4835] FaultyReads::record(0x8a5c2dad2ae16fc84b82733f634dfb672bd79e90dce25bf0627089c548fe8531) [staticcall]
    │   │   ├─ [2635] Ledger::record(0x8a5c2dad2ae16fc84b82733f634dfb672bd79e90dce25bf0627089c548fe8531) [staticcall]
    │   │   │   └─ ← [Return] 0x98f15a281c3cdd9d4aabe4708ae98ab46688ebb588db2876ee56d2c9413ed691, 3, 1, 0xdcee1a18e773c4e23c675382b23918d0771ae6ff0a7f2c22d3e729874433182522ad273e9b5cb707fadf826bf174c50a895a558924cc7ff0cca702bffbc6c4a20000000000000000000000000000000000000000000000000000000000000001
    │   │   └─ ← [Return] 0x98f15a281c3cdd9d4aabe4708ae98ab46688ebb588db2876ee56d2c9413ed691, 3, 1, 0xdcee1a18e773c4e23c675382b23918d0771ae6ff0a7f2c22d3e729874433182522ad273e9b5cb707fadf826bf174c50a895a558924cc7ff0cca702bffbc6c4a20000000000000000000000000000000000000000000000000000000000000001
    │   ├─ [4188] FaultyReads::record(0xdcee1a18e773c4e23c675382b23918d0771ae6ff0a7f2c22d3e7298744331825) [staticcall]
    │   │   ├─ [2025] Ledger::record(0xdcee1a18e773c4e23c675382b23918d0771ae6ff0a7f2c22d3e7298744331825) [staticcall]
    │   │   │   └─ ← [Return] 0x589d5624cb9167094eb8ee549683bdadc765c77ed4f894308dd376bbebc30019, 1, 1, 0x0000000000000000000000000000000000000000000000000000000000000001
    │   │   └─ ← [Return] 0x589d5624cb9167094eb8ee549683bdadc765c77ed4f894308dd376bbebc30019, 1, 1, 0x0000000000000000000000000000000000000000000000000000000000000001
    │   ├─ [4188] FaultyReads::record(0x22ad273e9b5cb707fadf826bf174c50a895a558924cc7ff0cca702bffbc6c4a2) [staticcall]
    │   │   ├─ [2025] Ledger::record(0x22ad273e9b5cb707fadf826bf174c50a895a558924cc7ff0cca702bffbc6c4a2) [staticcall]
    │   │   │   └─ ← [Return] 0x589d5624cb9167094eb8ee549683bdadc765c77ed4f894308dd376bbebc30019, 2, 1, 0x0000000000000000000000000000000000000000000000000000000000000002
    │   │   └─ ← [Return] 0x589d5624cb9167094eb8ee549683bdadc765c77ed4f894308dd376bbebc30019, 2, 1, 0x0000000000000000000000000000000000000000000000000000000000000002
    │   ├─ emit PaidResult(kind: 0xda8023c667df6ab980fa02ef5b8cc50d0c48259a80691bc26c1bad20621fd2d1, commitment: 0x6cfb9452568f2056811657c4502389dd6583347da136edf03be272f01995ff9b, selection: Selection({ basisAdmission: 12, indexGeneration: 0, rulesEpoch: 8, coreCodeCommitment: 0xc83aa86bb45ee30a8a370e9822039d90787b7ff737127a6ce91a89a72be25e9b, lensId: 0xef9da062af8ad41470d8063e9fb0d12e016db39f90029de6405d4971b8826dc6, subject: 0xf38a5ee5db5fec548416dac4db004d588b5fc06503ad270978d9d8f08e9b64a5, selectedHead: 0x64d7f731269ba262ea51040deb55dda723657338fcd72279dfc3756e73f53375, selectedRevision: 2, selectedAdmission: 10, selectedPublication: 3, selectedAuthor: 0xe05fcC23807536bEe418f142D19fa0d21BB0cfF7, selectedProofKind: 2, pairId: 0x8a5c2dad2ae16fc84b82733f634dfb672bd79e90dce25bf0627089c548fe8531, itemA: 0xdcee1a18e773c4e23c675382b23918d0771ae6ff0a7f2c22d3e7298744331825, itemB: 0x22ad273e9b5cb707fadf826bf174c50a895a558924cc7ff0cca702bffbc6c4a2, mantissa: 2502000000 [2.502e9], scale: 6, observedAt: 1800000000 [1.8e9], note: 0xea51e8c38c6dcf2d50a91e3db4784be38aeaf3728d1ef153b525df484e652345 }), placement: Placement({ position: 0x0000000000000000000000000000000000000000000000000000000000000000, actor: 0x0000000000000000000000000000000000000000, proofKind: 0, revision: 0, admission: 0, publication: 0, basisAdmission: 0, pageStatus: 0, rawTotal: 0, scanned: 0, hydrations: 0, selectedSoFar: 0, mutated: false, ended: false }))
    │   └─ ← [Return] 0x6cfb9452568f2056811657c4502389dd6583347da136edf03be272f01995ff9b, Selection({ basisAdmission: 12, indexGeneration: 0, rulesEpoch: 8, coreCodeCommitment: 0xc83aa86bb45ee30a8a370e9822039d90787b7ff737127a6ce91a89a72be25e9b, lensId: 0xef9da062af8ad41470d8063e9fb0d12e016db39f90029de6405d4971b8826dc6, subject: 0xf38a5ee5db5fec548416dac4db004d588b5fc06503ad270978d9d8f08e9b64a5, selectedHead: 0x64d7f731269ba262ea51040deb55dda723657338fcd72279dfc3756e73f53375, selectedRevision: 2, selectedAdmission: 10, selectedPublication: 3, selectedAuthor: 0xe05fcC23807536bEe418f142D19fa0d21BB0cfF7, selectedProofKind: 2, pairId: 0x8a5c2dad2ae16fc84b82733f634dfb672bd79e90dce25bf0627089c548fe8531, itemA: 0xdcee1a18e773c4e23c675382b23918d0771ae6ff0a7f2c22d3e7298744331825, itemB: 0x22ad273e9b5cb707fadf826bf174c50a895a558924cc7ff0cca702bffbc6c4a2, mantissa: 2502000000 [2.502e9], scale: 6, observedAt: 1800000000 [1.8e9], note: 0xea51e8c38c6dcf2d50a91e3db4784be38aeaf3728d1ef153b525df484e652345 })
    └─ ← [Revert] selected evidence at the FOLDER coordinate cannot prove the HEAD coordinate

Backtrace:
  at JoinedConsumerTest.test_faulty_actual_reply_same_author_and_target_at_wrong_head_or_folder_coordinate_is_refused

[FAIL: the exact sealed A2 revision is required] test_faulty_actual_reply_wrong_selected_revision_is_refused() (gas: 3922105)
Traces:
  [3922105] JoinedConsumerTest::test_faulty_actual_reply_wrong_selected_revision_is_refused()
    ├─ [891393] Actor::execute([Action({ kind: 1, typeId: 0x589d5624cb9167094eb8ee549683bdadc765c77ed4f894308dd376bbebc30019, bodyHashOrRecordId: 0xb10e2d527612073b26eecdfd717e6a320cf44b4afac2b0732d9fcbe2b7fa0cf6, purpose: 0x0000000000000000000000000000000000000000000000000000000000000000, subject: 0x0000000000000000000000000000000000000000000000000000000000000000, role: 0x0000000000000000000000000000000000000000000000000000000000000000, target: 0x0000000000000000000000000000000000000000000000000000000000000000, expectedRevision: 0, salt: 0x0000000000000000000000000000000000000000000000000000000000000000 }), Action({ kind: 1, typeId: 0x589d5624cb9167094eb8ee549683bdadc765c77ed4f894308dd376bbebc30019, bodyHashOrRecordId: 0x405787fa12a823e0f2b7631cc41b3ba8828b3321ca811111fa75cd3aa3bb5ace, purpose: 0x0000000000000000000000000000000000000000000000000000000000000000, subject: 0x0000000000000000000000000000000000000000000000000000000000000000, role: 0x0000000000000000000000000000000000000000000000000000000000000000, target: 0x0000000000000000000000000000000000000000000000000000000000000000, expectedRevision: 0, salt: 0x0000000000000000000000000000000000000000000000000000000000000000 }), Action({ kind: 1, typeId: 0x98f15a281c3cdd9d4aabe4708ae98ab46688ebb588db2876ee56d2c9413ed691, bodyHashOrRecordId: 0xf5ecf0b3e8bbcba6b1c397f7dc2d1eb477cfc0906bae2c0851b77d85666de50e, purpose: 0x0000000000000000000000000000000000000000000000000000000000000000, subject: 0x0000000000000000000000000000000000000000000000000000000000000000, role: 0x0000000000000000000000000000000000000000000000000000000000000000, target: 0x0000000000000000000000000000000000000000000000000000000000000000, expectedRevision: 0, salt: 0x0000000000000000000000000000000000000000000000000000000000000000 })], [0x0000000000000000000000000000000000000000000000000000000000000001, 0x0000000000000000000000000000000000000000000000000000000000000002, 0xdcee1a18e773c4e23c675382b23918d0771ae6ff0a7f2c22d3e729874433182522ad273e9b5cb707fadf826bf174c50a895a558924cc7ff0cca702bffbc6c4a20000000000000000000000000000000000000000000000000000000000000001])
    │   ├─ [2886] Ledger::nonces(Actor: [0xa0Cb889707d426A7A386870A03bc70d1b0697598]) [staticcall]
    │   │   └─ ← [Return] 0
    │   ├─ [881620] Ledger::execute([Action({ kind: 1, typeId: 0x589d5624cb9167094eb8ee549683bdadc765c77ed4f894308dd376bbebc30019, bodyHashOrRecordId: 0xb10e2d527612073b26eecdfd717e6a320cf44b4afac2b0732d9fcbe2b7fa0cf6, purpose: 0x0000000000000000000000000000000000000000000000000000000000000000, subject: 0x0000000000000000000000000000000000000000000000000000000000000000, role: 0x0000000000000000000000000000000000000000000000000000000000000000, target: 0x0000000000000000000000000000000000000000000000000000000000000000, expectedRevision: 0, salt: 0x0000000000000000000000000000000000000000000000000000000000000000 }), Action({ kind: 1, typeId: 0x589d5624cb9167094eb8ee549683bdadc765c77ed4f894308dd376bbebc30019, bodyHashOrRecordId: 0x405787fa12a823e0f2b7631cc41b3ba8828b3321ca811111fa75cd3aa3bb5ace, purpose: 0x0000000000000000000000000000000000000000000000000000000000000000, subject: 0x0000000000000000000000000000000000000000000000000000000000000000, role: 0x0000000000000000000000000000000000000000000000000000000000000000, target: 0x0000000000000000000000000000000000000000000000000000000000000000, expectedRevision: 0, salt: 0x0000000000000000000000000000000000000000000000000000000000000000 }), Action({ kind: 1, typeId: 0x98f15a281c3cdd9d4aabe4708ae98ab46688ebb588db2876ee56d2c9413ed691, bodyHashOrRecordId: 0xf5ecf0b3e8bbcba6b1c397f7dc2d1eb477cfc0906bae2c0851b77d85666de50e, purpose: 0x0000000000000000000000000000000000000000000000000000000000000000, subject: 0x0000000000000000000000000000000000000000000000000000000000000000, role: 0x0000000000000000000000000000000000000000000000000000000000000000, target: 0x0000000000000000000000000000000000000000000000000000000000000000, expectedRevision: 0, salt: 0x0000000000000000000000000000000000000000000000000000000000000000 })], [0x0000000000000000000000000000000000000000000000000000000000000001, 0x0000000000000000000000000000000000000000000000000000000000000002, 0xdcee1a18e773c4e23c675382b23918d0771ae6ff0a7f2c22d3e729874433182522ad273e9b5cb707fadf826bf174c50a895a558924cc7ff0cca702bffbc6c4a20000000000000000000000000000000000000000000000000000000000000001], 0)
    │   │   ├─ [2441] TypeRegistry::epoch() [staticcall]
    │   │   │   └─ ← [Return] 8
    │   │   ├─ [9154] TypeRegistry::typeInfo(0x589d5624cb9167094eb8ee549683bdadc765c77ed4f894308dd376bbebc30019) [staticcall]
    │   │   │   └─ ← [Return] true, 0x0000000000000000000000000000000000000000, 0x0000000000000000000000000000000000000000000000000000000000000000, 0x0000000000000000000000000000000000000000, 0x0000000000000000000000000000000000000000000000000000000000000000, 0, 1
    │   │   ├─ [1154] TypeRegistry::typeInfo(0x589d5624cb9167094eb8ee549683bdadc765c77ed4f894308dd376bbebc30019) [staticcall]
    │   │   │   └─ ← [Return] true, 0x0000000000000000000000000000000000000000, 0x0000000000000000000000000000000000000000000000000000000000000000, 0x0000000000000000000000000000000000000000, 0x0000000000000000000000000000000000000000000000000000000000000000, 0, 1
    │   │   ├─ [9154] TypeRegistry::typeInfo(0x98f15a281c3cdd9d4aabe4708ae98ab46688ebb588db2876ee56d2c9413ed691) [staticcall]
    │   │   │   └─ ← [Return] true, MinBodyAcceptor: [0x15cF58144EF33af1e14b5208015d11F9143E27b9], 0x0f203846922aa3cb964edd7f1e28983ba9cecc624f10670a5a98ad81676a6ad9, MockAcceptor: [0x2e234DAe75C793f67A35089C9d99245E1C58470b], 0x7c1553f35948b2fd1af8aa8aa406670eda53327a8c7142ec78bc1e1534402168, 2, 2
    │   │   ├─ [1154] TypeRegistry::typeInfo(0x589d5624cb9167094eb8ee549683bdadc765c77ed4f894308dd376bbebc30019) [staticcall]
    │   │   │   └─ ← [Return] true, 0x0000000000000000000000000000000000000000, 0x0000000000000000000000000000000000000000000000000000000000000000, 0x0000000000000000000000000000000000000000, 0x0000000000000000000000000000000000000000000000000000000000000000, 0, 1
    │   │   ├─ emit Admitted(author: 0x48dacbce3fd7c9ac95afff5fd0afa396ad586efc33b7febdf55994386455ca80, scope: 0x589d5624cb9167094eb8ee549683bdadc765c77ed4f894308dd376bbebc30019, recordId: 0xdcee1a18e773c4e23c675382b23918d0771ae6ff0a7f2c22d3e7298744331825, admission: 1)
    │   │   ├─ [1154] TypeRegistry::typeInfo(0x589d5624cb9167094eb8ee549683bdadc765c77ed4f894308dd376bbebc30019) [staticcall]
    │   │   │   └─ ← [Return] true, 0x0000000000000000000000000000000000000000, 0x0000000000000000000000000000000000000000000000000000000000000000, 0x0000000000000000000000000000000000000000, 0x0000000000000000000000000000000000000000000000000000000000000000, 0, 1
    │   │   ├─ emit Admitted(author: 0x48dacbce3fd7c9ac95afff5fd0afa396ad586efc33b7febdf55994386455ca80, scope: 0x589d5624cb9167094eb8ee549683bdadc765c77ed4f894308dd376bbebc30019, recordId: 0x22ad273e9b5cb707fadf826bf174c50a895a558924cc7ff0cca702bffbc6c4a2, admission: 2)
    │   │   ├─ [1154] TypeRegistry::typeInfo(0x98f15a281c3cdd9d4aabe4708ae98ab46688ebb588db2876ee56d2c9413ed691) [staticcall]
    │   │   │   └─ ← [Return] true, MinBodyAcceptor: [0x15cF58144EF33af1e14b5208015d11F9143E27b9], 0x0f203846922aa3cb964edd7f1e28983ba9cecc624f10670a5a98ad81676a6ad9, MockAcceptor: [0x2e234DAe75C793f67A35089C9d99245E1C58470b], 0x7c1553f35948b2fd1af8aa8aa406670eda53327a8c7142ec78bc1e1534402168, 2, 2
    │   │   ├─ [7301] TypeRegistry::refTypes(0x98f15a281c3cdd9d4aabe4708ae98ab46688ebb588db2876ee56d2c9413ed691) [staticcall]
    │   │   │   └─ ← [Return] [0x589d5624cb9167094eb8ee549683bdadc765c77ed4f894308dd376bbebc30019, 0x589d5624cb9167094eb8ee549683bdadc765c77ed4f894308dd376bbebc30019]
    │   │   ├─ [447] MinBodyAcceptor::accept(0x98f15a281c3cdd9d4aabe4708ae98ab46688ebb588db2876ee56d2c9413ed691, 0xdcee1a18e773c4e23c675382b23918d0771ae6ff0a7f2c22d3e729874433182522ad273e9b5cb707fadf826bf174c50a895a558924cc7ff0cca702bffbc6c4a20000000000000000000000000000000000000000000000000000000000000001, [0xdcee1a18e773c4e23c675382b23918d0771ae6ff0a7f2c22d3e7298744331825, 0x22ad273e9b5cb707fadf826bf174c50a895a558924cc7ff0cca702bffbc6c4a2]) [staticcall]
    │   │   │   └─ ← [Return] true
    │   │   ├─ [4806] MockAcceptor::accept(0x98f15a281c3cdd9d4aabe4708ae98ab46688ebb588db2876ee56d2c9413ed691, 0xdcee1a18e773c4e23c675382b23918d0771ae6ff0a7f2c22d3e729874433182522ad273e9b5cb707fadf826bf174c50a895a558924cc7ff0cca702bffbc6c4a20000000000000000000000000000000000000000000000000000000000000001, [0xdcee1a18e773c4e23c675382b23918d0771ae6ff0a7f2c22d3e7298744331825, 0x22ad273e9b5cb707fadf826bf174c50a895a558924cc7ff0cca702bffbc6c4a2]) [staticcall]
    │   │   │   └─ ← [Return] true
    │   │   ├─ emit Admitted(author: 0x48dacbce3fd7c9ac95afff5fd0afa396ad586efc33b7febdf55994386455ca80, scope: 0x98f15a281c3cdd9d4aabe4708ae98ab46688ebb588db2876ee56d2c9413ed691, recordId: 0x8a5c2dad2ae16fc84b82733f634dfb672bd79e90dce25bf0627089c548fe8531, admission: 3)
    │   │   ├─ [166303] IndexModule::onAdmission(1, [Effect({ kind: 1, admission: 1, author: 0x48dacbce3fd7c9ac95afff5fd0afa396ad586efc33b7febdf55994386455ca80, recordId: 0xdcee1a18e773c4e23c675382b23918d0771ae6ff0a7f2c22d3e7298744331825, typeId: 0x589d5624cb9167094eb8ee549683bdadc765c77ed4f894308dd376bbebc30019, scopeKey: 0x0000000000000000000000000000000000000000000000000000000000000000, bindingKey: 0x0000000000000000000000000000000000000000000000000000000000000000, bindingOrdinal: 0, target: 0x0000000000000000000000000000000000000000000000000000000000000000, oldTarget: 0x0000000000000000000000000000000000000000000000000000000000000000, freshBinding: false, oldLive: false }), Effect({ kind: 1, admission: 2, author: 0x48dacbce3fd7c9ac95afff5fd0afa396ad586efc33b7febdf55994386455ca80, recordId: 0x22ad273e9b5cb707fadf826bf174c50a895a558924cc7ff0cca702bffbc6c4a2, typeId: 0x589d5624cb9167094eb8ee549683bdadc765c77ed4f894308dd376bbebc30019, scopeKey: 0x0000000000000000000000000000000000000000000000000000000000000000, bindingKey: 0x0000000000000000000000000000000000000000000000000000000000000000, bindingOrdinal: 0, target: 0x0000000000000000000000000000000000000000000000000000000000000000, oldTarget: 0x0000000000000000000000000000000000000000000000000000000000000000, freshBinding: false, oldLive: false }), Effect({ kind: 1, admission: 3, author: 0x48dacbce3fd7c9ac95afff5fd0afa396ad586efc33b7febdf55994386455ca80, recordId: 0x8a5c2dad2ae16fc84b82733f634dfb672bd79e90dce25bf0627089c548fe8531, typeId: 0x98f15a281c3cdd9d4aabe4708ae98ab46688ebb588db2876ee56d2c9413ed691, scopeKey: 0x0000000000000000000000000000000000000000000000000000000000000000, bindingKey: 0x0000000000000000000000000000000000000000000000000000000000000000, bindingOrdinal: 0, target: 0x0000000000000000000000000000000000000000000000000000000000000000, oldTarget: 0x0000000000000000000000000000000000000000000000000000000000000000, freshBinding: false, oldLive: false })])
    │   │   │   └─ ← [Stop]
    │   │   ├─ emit Published(publication: 1, publicationId: 0x144e9c035109391c28999747345d055a5ca82255e50b27a89c5f9b2c697ff3d4, author: Actor: [0xa0Cb889707d426A7A386870A03bc70d1b0697598], proofKind: 1, firstAdmission: 1, leafCount: 3)
    │   │   └─ ← [Return] 1, 1
    │   └─ ← [Return] 1, 1
    ├─ [2635] Ledger::record(0x8a5c2dad2ae16fc84b82733f634dfb672bd79e90dce25bf0627089c548fe8531) [staticcall]
    │   └─ ← [Return] 0x98f15a281c3cdd9d4aabe4708ae98ab46688ebb588db2876ee56d2c9413ed691, 3, 1, 0xdcee1a18e773c4e23c675382b23918d0771ae6ff0a7f2c22d3e729874433182522ad273e9b5cb707fadf826bf174c50a895a558924cc7ff0cca702bffbc6c4a20000000000000000000000000000000000000000000000000000000000000001
    ├─ [3594] Ledger::principalOf(0xe05fcC23807536bEe418f142D19fa0d21BB0cfF7) [staticcall]
    │   └─ ← [Return] 0x000000000000000000000000e05fcc23807536bee418f142d19fa0d21bb0cff7
    ├─ [395] Ledger::realmId() [staticcall]
    │   └─ ← [Return] 0x684016e05741dc9d511ff3520a16e1da90a35be14b76f9e12ef0287b9beae39f
    ├─ [0] VM::addr(<pk>) [staticcall]
    │   └─ ← [Return] 0xe05fcC23807536bEe418f142D19fa0d21BB0cfF7
    ├─ [15765] Ledger::acceptanceProfileOf([Action({ kind: 5, typeId: 0x0000000000000000000000000000000000000000000000000000000000000000, bodyHashOrRecordId: 0x0000000000000000000000000000000000000000000000000000000000000000, purpose: 0x0000000000000000000000000000000000000000000000000000000000000000, subject: 0x0000000000000000000000000000000000000000000000000000000000000000, role: 0x0000000000000000000000000000000000000000000000000000000000000000, target: 0x0000000000000000000000000000000000000000000000000000000000000000, expectedRevision: 0, salt: 0x0000000000000000000000000000000000000000000000000000000000000001 }), Action({ kind: 1, typeId: 0x2db40fc5c9f87fff9029aba18f5e7a0bf1ffaee89f584eb521b7395c0d57ea21, bodyHashOrRecordId: 0x8d2f0b7b4cd24cd9347501f0b05605482e3b4712abaaee32c1287eef69eefc55, purpose: 0x0000000000000000000000000000000000000000000000000000000000000000, subject: 0x0000000000000000000000000000000000000000000000000000000000000000, role: 0x0000000000000000000000000000000000000000000000000000000000000000, target: 0x0000000000000000000000000000000000000000000000000000000000000000, expectedRevision: 0, salt: 0x0000000000000000000000000000000000000000000000000000000000000000 }), Action({ kind: 3, typeId: 0x0000000000000000000000000000000000000000000000000000000000000000, bodyHashOrRecordId: 0x0000000000000000000000000000000000000000000000000000000000000000, purpose: 0x07167a05890e9fcaccbdf11abbb65a3aa14bccfe41825ce441803003862ce5df, subject: 0xf38a5ee5db5fec548416dac4db004d588b5fc06503ad270978d9d8f08e9b64a5, role: 0x0000000000000000000000000000000000000000000000000000000000000000, target: 0x939cfd72923d10d615557ff0b6c7b19b5f259692e9a71fb6c5f9b5ce03046655, expectedRevision: 0, salt: 0x0000000000000000000000000000000000000000000000000000000000000000 }), Action({ kind: 3, typeId: 0x0000000000000000000000000000000000000000000000000000000000000000, bodyHashOrRecordId: 0x0000000000000000000000000000000000000000000000000000000000000000, purpose: 0x58de23804076d1b785b7479ab38fe6ada246e62164776702f51a1c48ef98cf99, subject: 0x6b8f0ae148ccfbd232f2f5088f5758ca8158d5a69aaabdc7fd072cbf75be2dc9, role: 0xc7c63b8bafc33aa5221fea52672881776f7b9d1aa8eebc29f8c758178230dd1a, target: 0xf38a5ee5db5fec548416dac4db004d588b5fc06503ad270978d9d8f08e9b64a5, expectedRevision: 0, salt: 0x0000000000000000000000000000000000000000000000000000000000000000 }), Action({ kind: 3, typeId: 0x0000000000000000000000000000000000000000000000000000000000000000, bodyHashOrRecordId: 0x0000000000000000000000000000000000000000000000000000000000000000, purpose: 0x073e0a1a729959d841354dbb760bf57802acc034630defb75862e5dda0f72c18, subject: 0xf38a5ee5db5fec548416dac4db004d588b5fc06503ad270978d9d8f08e9b64a5, role: 0x8b30951df380b6b10da747e1167dd8e40bf8604c88c75b245dc172767f3b7320, target: 0xf38a5ee5db5fec548416dac4db004d588b5fc06503ad270978d9d8f08e9b64a5, expectedRevision: 0, salt: 0x0000000000000000000000000000000000000000000000000000000000000000 })]) [staticcall]
    │   ├─ [441] TypeRegistry::epoch() [staticcall]
    │   │   └─ ← [Return] 8
    │   ├─ [9154] TypeRegistry::typeInfo(0x2db40fc5c9f87fff9029aba18f5e7a0bf1ffaee89f584eb521b7395c0d57ea21) [staticcall]
    │   │   └─ ← [Return] true, QuoteAcceptor: [0x212224D2F2d262cd093eE13240ca4873fcCBbA3C], 0xa7499e4b804d8895cefb1463a08dee2517de9717eaba15d470e841cd00367fff, 0x0000000000000000000000000000000000000000, 0x0000000000000000000000000000000000000000000000000000000000000000, 1, 1
    │   └─ ← [Return] 0x27c4b27f2a80612b8349140160135b1a3d706a892faa2070ed01fff483a91981
    ├─ [1272] Ledger::indexObligations() [staticcall]
    │   └─ ← [Return] 0x198a8c3d2513950024fade14c5735abfaafdd906f7f8f6e9cf84d9c790ea7789
    ├─ [2244] Ledger::intentDigest(Intent({ realmId: 0x684016e05741dc9d511ff3520a16e1da90a35be14b76f9e12ef0287b9beae39f, coreCodeCommitment: 0x8d8515f6c3bcfe36ad7422c67ece284c215a5b79e1ee2cc5afdd3f63d7cddcbe, author: 0xe05fcC23807536bEe418f142D19fa0d21BB0cfF7, nonce: 0, deadline: 1700003600 [1.7e9], acceptanceProfile: 0x27c4b27f2a80612b8349140160135b1a3d706a892faa2070ed01fff483a91981, indexObligations: 0x198a8c3d2513950024fade14c5735abfaafdd906f7f8f6e9cf84d9c790ea7789 }), 0x30c303461ab5b4048d0b87a7232e523cbbdab8e5926abe9e0f6d0adcab830dd9) [staticcall]
    │   └─ ← [Return] 0xc4bd32471d646315287d2486baa8555e443c4a21f011e453c04aa4a97d3e430e
    ├─ [0] VM::sign("<pk>", 0xc4bd32471d646315287d2486baa8555e443c4a21f011e453c04aa4a97d3e430e) [staticcall]
    │   └─ ← [Return] 27, 0xcb6d7e75ab60dbd3cae6faaef572cd4581c4900fc45a323641421a2ed57d151a, 0x53bbcf248f10670c094e8047888def3be26823fa55fed68c338f33a0dd08edca
    ├─ [1545944] Ledger::executeSigned(Intent({ realmId: 0x684016e05741dc9d511ff3520a16e1da90a35be14b76f9e12ef0287b9beae39f, coreCodeCommitment: 0x8d8515f6c3bcfe36ad7422c67ece284c215a5b79e1ee2cc5afdd3f63d7cddcbe, author: 0xe05fcC23807536bEe418f142D19fa0d21BB0cfF7, nonce: 0, deadline: 1700003600 [1.7e9], acceptanceProfile: 0x27c4b27f2a80612b8349140160135b1a3d706a892faa2070ed01fff483a91981, indexObligations: 0x198a8c3d2513950024fade14c5735abfaafdd906f7f8f6e9cf84d9c790ea7789 }), [Action({ kind: 5, typeId: 0x0000000000000000000000000000000000000000000000000000000000000000, bodyHashOrRecordId: 0x0000000000000000000000000000000000000000000000000000000000000000, purpose: 0x0000000000000000000000000000000000000000000000000000000000000000, subject: 0x0000000000000000000000000000000000000000000000000000000000000000, role: 0x0000000000000000000000000000000000000000000000000000000000000000, target: 0x0000000000000000000000000000000000000000000000000000000000000000, expectedRevision: 0, salt: 0x0000000000000000000000000000000000000000000000000000000000000001 }), Action({ kind: 1, typeId: 0x2db40fc5c9f87fff9029aba18f5e7a0bf1ffaee89f584eb521b7395c0d57ea21, bodyHashOrRecordId: 0x8d2f0b7b4cd24cd9347501f0b05605482e3b4712abaaee32c1287eef69eefc55, purpose: 0x0000000000000000000000000000000000000000000000000000000000000000, subject: 0x0000000000000000000000000000000000000000000000000000000000000000, role: 0x0000000000000000000000000000000000000000000000000000000000000000, target: 0x0000000000000000000000000000000000000000000000000000000000000000, expectedRevision: 0, salt: 0x0000000000000000000000000000000000000000000000000000000000000000 }), Action({ kind: 3, typeId: 0x0000000000000000000000000000000000000000000000000000000000000000, bodyHashOrRecordId: 0x0000000000000000000000000000000000000000000000000000000000000000, purpose: 0x07167a05890e9fcaccbdf11abbb65a3aa14bccfe41825ce441803003862ce5df, subject: 0xf38a5ee5db5fec548416dac4db004d588b5fc06503ad270978d9d8f08e9b64a5, role: 0x0000000000000000000000000000000000000000000000000000000000000000, target: 0x939cfd72923d10d615557ff0b6c7b19b5f259692e9a71fb6c5f9b5ce03046655, expectedRevision: 0, salt: 0x0000000000000000000000000000000000000000000000000000000000000000 }), Action({ kind: 3, typeId: 0x0000000000000000000000000000000000000000000000000000000000000000, bodyHashOrRecordId: 0x0000000000000000000000000000000000000000000000000000000000000000, purpose: 0x58de23804076d1b785b7479ab38fe6ada246e62164776702f51a1c48ef98cf99, subject: 0x6b8f0ae148ccfbd232f2f5088f5758ca8158d5a69aaabdc7fd072cbf75be2dc9, role: 0xc7c63b8bafc33aa5221fea52672881776f7b9d1aa8eebc29f8c758178230dd1a, target: 0xf38a5ee5db5fec548416dac4db004d588b5fc06503ad270978d9d8f08e9b64a5, expectedRevision: 0, salt: 0x0000000000000000000000000000000000000000000000000000000000000000 }), Action({ kind: 3, typeId: 0x0000000000000000000000000000000000000000000000000000000000000000, bodyHashOrRecordId: 0x0000000000000000000000000000000000000000000000000000000000000000, purpose: 0x073e0a1a729959d841354dbb760bf57802acc034630defb75862e5dda0f72c18, subject: 0xf38a5ee5db5fec548416dac4db004d588b5fc06503ad270978d9d8f08e9b64a5, role: 0x8b30951df380b6b10da747e1167dd8e40bf8604c88c75b245dc172767f3b7320, target: 0xf38a5ee5db5fec548416dac4db004d588b5fc06503ad270978d9d8f08e9b64a5, expectedRevision: 0, salt: 0x0000000000000000000000000000000000000000000000000000000000000000 })], [0x, 0x8a5c2dad2ae16fc84b82733f634dfb672bd79e90dce25bf0627089c548fe8531000000000000000000000000000000000000000000000000000000009502f9000000000000000000000000000000000000000000000000000000000000000006000000000000000000000000000000000000000000000000000000006b49d200ea51e8c38c6dcf2d50a91e3db4784be38aeaf3728d1ef153b525df484e652345, 0x, 0x, 0x], 0xcb6d7e75ab60dbd3cae6faaef572cd4581c4900fc45a323641421a2ed57d151a53bbcf248f10670c094e8047888def3be26823fa55fed68c338f33a0dd08edca1b)
    │   ├─ [441] TypeRegistry::epoch() [staticcall]
    │   │   └─ ← [Return] 8
    │   ├─ [1154] TypeRegistry::typeInfo(0x2db40fc5c9f87fff9029aba18f5e7a0bf1ffaee89f584eb521b7395c0d57ea21) [staticcall]
    │   │   └─ ← [Return] true, QuoteAcceptor: [0x212224D2F2d262cd093eE13240ca4873fcCBbA3C], 0xa7499e4b804d8895cefb1463a08dee2517de9717eaba15d470e841cd00367fff, 0x0000000000000000000000000000000000000000, 0x0000000000000000000000000000000000000000000000000000000000000000, 1, 1
    │   ├─ [3000] PRECOMPILES::ecrecover(0xc4bd32471d646315287d2486baa8555e443c4a21f011e453c04aa4a97d3e430e, 27, 92012967384865623632945752460569903409982503062909024531648367586760210584858, 37873796480642939085749953822188206190785572794190192727419073061771283066314) [staticcall]
    │   │   └─ ← [Return] 0xe05fcC23807536bEe418f142D19fa0d21BB0cfF7
    │   ├─ emit Admitted(author: 0x000000000000000000000000e05fcc23807536bee418f142d19fa0d21bb0cff7, scope: 0xf38a5ee5db5fec548416dac4db004d588b5fc06503ad270978d9d8f08e9b64a5, recordId: 0x0000000000000000000000000000000000000000000000000000000000000000, admission: 4)
    │   ├─ [1154] TypeRegistry::typeInfo(0x2db40fc5c9f87fff9029aba18f5e7a0bf1ffaee89f584eb521b7395c0d57ea21) [staticcall]
    │   │   └─ ← [Return] true, QuoteAcceptor: [0x212224D2F2d262cd093eE13240ca4873fcCBbA3C], 0xa7499e4b804d8895cefb1463a08dee2517de9717eaba15d470e841cd00367fff, 0x0000000000000000000000000000000000000000, 0x0000000000000000000000000000000000000000000000000000000000000000, 1, 1
    │   ├─ [5038] TypeRegistry::refTypes(0x2db40fc5c9f87fff9029aba18f5e7a0bf1ffaee89f584eb521b7395c0d57ea21) [staticcall]
    │   │   └─ ← [Return] [0x98f15a281c3cdd9d4aabe4708ae98ab46688ebb588db2876ee56d2c9413ed691]
    │   ├─ [998] QuoteAcceptor::accept(0x2db40fc5c9f87fff9029aba18f5e7a0bf1ffaee89f584eb521b7395c0d57ea21, 0x8a5c2dad2ae16fc84b82733f634dfb672bd79e90dce25bf0627089c548fe8531000000000000000000000000000000000000000000000000000000009502f9000000000000000000000000000000000000000000000000000000000000000006000000000000000000000000000000000000000000000000000000006b49d200ea51e8c38c6dcf2d50a91e3db4784be38aeaf3728d1ef153b525df484e652345, [0x8a5c2dad2ae16fc84b82733f634dfb672bd79e90dce25bf0627089c548fe8531]) [staticcall]
    │   │   └─ ← [Return] true
    │   ├─ emit Admitted(author: 0x000000000000000000000000e05fcc23807536bee418f142d19fa0d21bb0cff7, scope: 0x2db40fc5c9f87fff9029aba18f5e7a0bf1ffaee89f584eb521b7395c0d57ea21, recordId: 0x939cfd72923d10d615557ff0b6c7b19b5f259692e9a71fb6c5f9b5ce03046655, admission: 5)
    │   ├─ [2421] TypeRegistry::bindingRefType(0x07167a05890e9fcaccbdf11abbb65a3aa14bccfe41825ce441803003862ce5df, 0x0000000000000000000000000000000000000000000000000000000000000000) [staticcall]
    │   │   └─ ← [Return] 0x0000000000000000000000000000000000000000000000000000000000000000
    │   ├─ emit Admitted(author: 0x000000000000000000000000e05fcc23807536bee418f142d19fa0d21bb0cff7, scope: 0xd3ca2016fab275e3e54c75668977603dc0be5313a91cff6394ad3110dadc1054, recordId: 0x939cfd72923d10d615557ff0b6c7b19b5f259692e9a71fb6c5f9b5ce03046655, admission: 6)
    │   ├─ [2421] TypeRegistry::bindingRefType(0x58de23804076d1b785b7479ab38fe6ada246e62164776702f51a1c48ef98cf99, 0xc7c63b8bafc33aa5221fea52672881776f7b9d1aa8eebc29f8c758178230dd1a) [staticcall]
    │   │   └─ ← [Return] 0x0000000000000000000000000000000000000000000000000000000000000000
    │   ├─ emit Admitted(author: 0x000000000000000000000000e05fcc23807536bee418f142d19fa0d21bb0cff7, scope: 0xacdedd9616efb976bfcf2fa693c5d69d7b8be8854803dfd98ce51a3721bd8189, recordId: 0xf38a5ee5db5fec548416dac4db004d588b5fc06503ad270978d9d8f08e9b64a5, admission: 7)
    │   ├─ [2421] TypeRegistry::bindingRefType(0x073e0a1a729959d841354dbb760bf57802acc034630defb75862e5dda0f72c18, 0x8b30951df380b6b10da747e1167dd8e40bf8604c88c75b245dc172767f3b7320) [staticcall]
    │   │   └─ ← [Return] 0x0000000000000000000000000000000000000000000000000000000000000000
    │   ├─ emit Admitted(author: 0x000000000000000000000000e05fcc23807536bee418f142d19fa0d21bb0cff7, scope: 0xec70f47d0d57410e68dc860f66f319dfda74a14898c536db8a545c8775919a8f, recordId: 0xf38a5ee5db5fec548416dac4db004d588b5fc06503ad270978d9d8f08e9b64a5, admission: 8)
    │   ├─ [461775] IndexModule::onAdmission(2, [Effect({ kind: 5, admission: 4, author: 0x000000000000000000000000e05fcc23807536bee418f142d19fa0d21bb0cff7, recordId: 0xf38a5ee5db5fec548416dac4db004d588b5fc06503ad270978d9d8f08e9b64a5, typeId: 0x0000000000000000000000000000000000000000000000000000000000000000, scopeKey: 0x0000000000000000000000000000000000000000000000000000000000000000, bindingKey: 0x0000000000000000000000000000000000000000000000000000000000000000, bindingOrdinal: 0, target: 0x0000000000000000000000000000000000000000000000000000000000000000, oldTarget: 0x0000000000000000000000000000000000000000000000000000000000000000, freshBinding: false, oldLive: false }), Effect({ kind: 1, admission: 5, author: 0x000000000000000000000000e05fcc23807536bee418f142d19fa0d21bb0cff7, recordId: 0x939cfd72923d10d615557ff0b6c7b19b5f259692e9a71fb6c5f9b5ce03046655, typeId: 0x2db40fc5c9f87fff9029aba18f5e7a0bf1ffaee89f584eb521b7395c0d57ea21, scopeKey: 0x0000000000000000000000000000000000000000000000000000000000000000, bindingKey: 0x0000000000000000000000000000000000000000000000000000000000000000, bindingOrdinal: 0, target: 0x0000000000000000000000000000000000000000000000000000000000000000, oldTarget: 0x0000000000000000000000000000000000000000000000000000000000000000, freshBinding: false, oldLive: false }), Effect({ kind: 3, admission: 6, author: 0x000000000000000000000000e05fcc23807536bee418f142d19fa0d21bb0cff7, recordId: 0x939cfd72923d10d615557ff0b6c7b19b5f259692e9a71fb6c5f9b5ce03046655, typeId: 0x2db40fc5c9f87fff9029aba18f5e7a0bf1ffaee89f584eb521b7395c0d57ea21, scopeKey: 0xd3ca2016fab275e3e54c75668977603dc0be5313a91cff6394ad3110dadc1054, bindingKey: 0xe3b433d16bd73e36cfc64a9a8527d5263f36c648ccd5018f16a29e74790027ab, bindingOrdinal: 1, target: 0x939cfd72923d10d615557ff0b6c7b19b5f259692e9a71fb6c5f9b5ce03046655, oldTarget: 0x0000000000000000000000000000000000000000000000000000000000000000, freshBinding: true, oldLive: false }), Effect({ kind: 3, admission: 7, author: 0x000000000000000000000000e05fcc23807536bee418f142d19fa0d21bb0cff7, recordId: 0xf38a5ee5db5fec548416dac4db004d588b5fc06503ad270978d9d8f08e9b64a5, typeId: 0x0000000000000000000000000000000000000000000000000000000000000000, scopeKey: 0xacdedd9616efb976bfcf2fa693c5d69d7b8be8854803dfd98ce51a3721bd8189, bindingKey: 0x29508140ed11e00d75e205718444b4113acbf972f7a05504f874edbf99694dbe, bindingOrdinal: 2, target: 0xf38a5ee5db5fec548416dac4db004d588b5fc06503ad270978d9d8f08e9b64a5, oldTarget: 0x0000000000000000000000000000000000000000000000000000000000000000, freshBinding: true, oldLive: false }), Effect({ kind: 3, admission: 8, author: 0x000000000000000000000000e05fcc23807536bee418f142d19fa0d21bb0cff7, recordId: 0xf38a5ee5db5fec548416dac4db004d588b5fc06503ad270978d9d8f08e9b64a5, typeId: 0x0000000000000000000000000000000000000000000000000000000000000000, scopeKey: 0xec70f47d0d57410e68dc860f66f319dfda74a14898c536db8a545c8775919a8f, bindingKey: 0x5765e6449d8537404367461493bd3f00b858fdd9908ec83aeb08973f0198e8ea, bindingOrdinal: 3, target: 0xf38a5ee5db5fec548416dac4db004d588b5fc06503ad270978d9d8f08e9b64a5, oldTarget: 0x0000000000000000000000000000000000000000000000000000000000000000, freshBinding: true, oldLive: false })])
    │   │   └─ ← [Stop]
    │   ├─ emit Published(publication: 2, publicationId: 0x333b1376b2bed9c401e734be6afa80809fb8adfebe48893eea92d1e72a24faa6, author: 0xe05fcC23807536bEe418f142D19fa0d21BB0cfF7, proofKind: 2, firstAdmission: 4, leafCount: 5)
    │   └─ ← [Return] 2, 4
    ├─ [395] Ledger::realmId() [staticcall]
    │   └─ ← [Return] 0x684016e05741dc9d511ff3520a16e1da90a35be14b76f9e12ef0287b9beae39f
    ├─ [0] VM::addr(<pk>) [staticcall]
    │   └─ ← [Return] 0xe05fcC23807536bEe418f142D19fa0d21BB0cfF7
    ├─ [5608] Ledger::acceptanceProfileOf([Action({ kind: 1, typeId: 0x2db40fc5c9f87fff9029aba18f5e7a0bf1ffaee89f584eb521b7395c0d57ea21, bodyHashOrRecordId: 0xa66176d11ba275a73932a6b1884a1dfef19440c0fc76d37ba68a539e65bfa1ba, purpose: 0x0000000000000000000000000000000000000000000000000000000000000000, subject: 0x0000000000000000000000000000000000000000000000000000000000000000, role: 0x0000000000000000000000000000000000000000000000000000000000000000, target: 0x0000000000000000000000000000000000000000000000000000000000000000, expectedRevision: 0, salt: 0x0000000000000000000000000000000000000000000000000000000000000000 }), Action({ kind: 3, typeId: 0x0000000000000000000000000000000000000000000000000000000000000000, bodyHashOrRecordId: 0x0000000000000000000000000000000000000000000000000000000000000000, purpose: 0x07167a05890e9fcaccbdf11abbb65a3aa14bccfe41825ce441803003862ce5df, subject: 0xf38a5ee5db5fec548416dac4db004d588b5fc06503ad270978d9d8f08e9b64a5, role: 0x0000000000000000000000000000000000000000000000000000000000000000, target: 0x64d7f731269ba262ea51040deb55dda723657338fcd72279dfc3756e73f53375, expectedRevision: 1, salt: 0x0000000000000000000000000000000000000000000000000000000000000000 })]) [staticcall]
    │   ├─ [441] TypeRegistry::epoch() [staticcall]
    │   │   └─ ← [Return] 8
    │   ├─ [1154] TypeRegistry::typeInfo(0x2db40fc5c9f87fff9029aba18f5e7a0bf1ffaee89f584eb521b7395c0d57ea21) [staticcall]
    │   │   └─ ← [Return] true, QuoteAcceptor: [0x212224D2F2d262cd093eE13240ca4873fcCBbA3C], 0xa7499e4b804d8895cefb1463a08dee2517de9717eaba15d470e841cd00367fff, 0x0000000000000000000000000000000000000000, 0x0000000000000000000000000000000000000000000000000000000000000000, 1, 1
    │   └─ ← [Return] 0x27c4b27f2a80612b8349140160135b1a3d706a892faa2070ed01fff483a91981
    ├─ [1272] Ledger::indexObligations() [staticcall]
    │   └─ ← [Return] 0x198a8c3d2513950024fade14c5735abfaafdd906f7f8f6e9cf84d9c790ea7789
    ├─ [2244] Ledger::intentDigest(Intent({ realmId: 0x684016e05741dc9d511ff3520a16e1da90a35be14b76f9e12ef0287b9beae39f, coreCodeCommitment: 0x8d8515f6c3bcfe36ad7422c67ece284c215a5b79e1ee2cc5afdd3f63d7cddcbe, author: 0xe05fcC23807536bEe418f142D19fa0d21BB0cfF7, nonce: 1, deadline: 1700003600 [1.7e9], acceptanceProfile: 0x27c4b27f2a80612b8349140160135b1a3d706a892faa2070ed01fff483a91981, indexObligations: 0x198a8c3d2513950024fade14c5735abfaafdd906f7f8f6e9cf84d9c790ea7789 }), 0x0e7fc757fe2f23d26bc570d71b2b93aeff49dda67b92adc14736e10ef47ec0f3) [staticcall]
    │   └─ ← [Return] 0xd7315933bb28942cada9ccd3ec8ad3c999b6c0e95e9620cb711aa49710ac42aa
    ├─ [0] VM::sign("<pk>", 0xd7315933bb28942cada9ccd3ec8ad3c999b6c0e95e9620cb711aa49710ac42aa) [staticcall]
    │   └─ ← [Return] 27, 0x28f4db7c8c7882834a2f8edcfb723cf2beb8308d666913950a529c82aa6a1352, 0x45a8a4ccb4b136fd63c40707b3084ad295cc7fb062cca9a1e7f8b3bfb92ceb85
    ├─ [541677] Ledger::executeSigned(Intent({ realmId: 0x684016e05741dc9d511ff3520a16e1da90a35be14b76f9e12ef0287b9beae39f, coreCodeCommitment: 0x8d8515f6c3bcfe36ad7422c67ece284c215a5b79e1ee2cc5afdd3f63d7cddcbe, author: 0xe05fcC23807536bEe418f142D19fa0d21BB0cfF7, nonce: 1, deadline: 1700003600 [1.7e9], acceptanceProfile: 0x27c4b27f2a80612b8349140160135b1a3d706a892faa2070ed01fff483a91981, indexObligations: 0x198a8c3d2513950024fade14c5735abfaafdd906f7f8f6e9cf84d9c790ea7789 }), [Action({ kind: 1, typeId: 0x2db40fc5c9f87fff9029aba18f5e7a0bf1ffaee89f584eb521b7395c0d57ea21, bodyHashOrRecordId: 0xa66176d11ba275a73932a6b1884a1dfef19440c0fc76d37ba68a539e65bfa1ba, purpose: 0x0000000000000000000000000000000000000000000000000000000000000000, subject: 0x0000000000000000000000000000000000000000000000000000000000000000, role: 0x0000000000000000000000000000000000000000000000000000000000000000, target: 0x0000000000000000000000000000000000000000000000000000000000000000, expectedRevision: 0, salt: 0x0000000000000000000000000000000000000000000000000000000000000000 }), Action({ kind: 3, typeId: 0x0000000000000000000000000000000000000000000000000000000000000000, bodyHashOrRecordId: 0x0000000000000000000000000000000000000000000000000000000000000000, purpose: 0x07167a05890e9fcaccbdf11abbb65a3aa14bccfe41825ce441803003862ce5df, subject: 0xf38a5ee5db5fec548416dac4db004d588b5fc06503ad270978d9d8f08e9b64a5, role: 0x0000000000000000000000000000000000000000000000000000000000000000, target: 0x64d7f731269ba262ea51040deb55dda723657338fcd72279dfc3756e73f53375, expectedRevision: 1, salt: 0x0000000000000000000000000000000000000000000000000000000000000000 })], [0x8a5c2dad2ae16fc84b82733f634dfb672bd79e90dce25bf0627089c548fe85310000000000000000000000000000000000000000000000000000000095217d800000000000000000000000000000000000000000000000000000000000000006000000000000000000000000000000000000000000000000000000006b49d200ea51e8c38c6dcf2d50a91e3db4784be38aeaf3728d1ef153b525df484e652345, 0x], 0x28f4db7c8c7882834a2f8edcfb723cf2beb8308d666913950a529c82aa6a135245a8a4ccb4b136fd63c40707b3084ad295cc7fb062cca9a1e7f8b3bfb92ceb851b)
    │   ├─ [441] TypeRegistry::epoch() [staticcall]
    │   │   └─ ← [Return] 8
    │   ├─ [1154] TypeRegistry::typeInfo(0x2db40fc5c9f87fff9029aba18f5e7a0bf1ffaee89f584eb521b7395c0d57ea21) [staticcall]
    │   │   └─ ← [Return] true, QuoteAcceptor: [0x212224D2F2d262cd093eE13240ca4873fcCBbA3C], 0xa7499e4b804d8895cefb1463a08dee2517de9717eaba15d470e841cd00367fff, 0x0000000000000000000000000000000000000000, 0x0000000000000000000000000000000000000000000000000000000000000000, 1, 1
    │   ├─ [3000] PRECOMPILES::ecrecover(0xd7315933bb28942cada9ccd3ec8ad3c999b6c0e95e9620cb711aa49710ac42aa, 27, 18525139467413210867882826948906531348062280998234340856406121334043312788306, 31507554264387257558530153093946643964566592928269414207268672013515356957573) [staticcall]
    │   │   └─ ← [Return] 0xe05fcC23807536bEe418f142D19fa0d21BB0cfF7
    │   ├─ [1154] TypeRegistry::typeInfo(0x2db40fc5c9f87fff9029aba18f5e7a0bf1ffaee89f584eb521b7395c0d57ea21) [staticcall]
    │   │   └─ ← [Return] true, QuoteAcceptor: [0x212224D2F2d262cd093eE13240ca4873fcCBbA3C], 0xa7499e4b804d8895cefb1463a08dee2517de9717eaba15d470e841cd00367fff, 0x0000000000000000000000000000000000000000, 0x0000000000000000000000000000000000000000000000000000000000000000, 1, 1
    │   ├─ [1038] TypeRegistry::refTypes(0x2db40fc5c9f87fff9029aba18f5e7a0bf1ffaee89f584eb521b7395c0d57ea21) [staticcall]
    │   │   └─ ← [Return] [0x98f15a281c3cdd9d4aabe4708ae98ab46688ebb588db2876ee56d2c9413ed691]
    │   ├─ [998] QuoteAcceptor::accept(0x2db40fc5c9f87fff9029aba18f5e7a0bf1ffaee89f584eb521b7395c0d57ea21, 0x8a5c2dad2ae16fc84b82733f634dfb672bd79e90dce25bf0627089c548fe85310000000000000000000000000000000000000000000000000000000095217d800000000000000000000000000000000000000000000000000000000000000006000000000000000000000000000000000000000000000000000000006b49d200ea51e8c38c6dcf2d50a91e3db4784be38aeaf3728d1ef153b525df484e652345, [0x8a5c2dad2ae16fc84b82733f634dfb672bd79e90dce25bf0627089c548fe8531]) [staticcall]
    │   │   └─ ← [Return] true
    │   ├─ emit Admitted(author: 0x000000000000000000000000e05fcc23807536bee418f142d19fa0d21bb0cff7, scope: 0x2db40fc5c9f87fff9029aba18f5e7a0bf1ffaee89f584eb521b7395c0d57ea21, recordId: 0x64d7f731269ba262ea51040deb55dda723657338fcd72279dfc3756e73f53375, admission: 9)
    │   ├─ [421] TypeRegistry::bindingRefType(0x07167a05890e9fcaccbdf11abbb65a3aa14bccfe41825ce441803003862ce5df, 0x0000000000000000000000000000000000000000000000000000000000000000) [staticcall]
    │   │   └─ ← [Return] 0x0000000000000000000000000000000000000000000000000000000000000000
    │   ├─ emit Admitted(author: 0x000000000000000000000000e05fcc23807536bee418f142d19fa0d21bb0cff7, scope: 0xd3ca2016fab275e3e54c75668977603dc0be5313a91cff6394ad3110dadc1054, recordId: 0x64d7f731269ba262ea51040deb55dda723657338fcd72279dfc3756e73f53375, admission: 10)
    │   ├─ [54286] IndexModule::onAdmission(3, [Effect({ kind: 1, admission: 9, author: 0x000000000000000000000000e05fcc23807536bee418f142d19fa0d21bb0cff7, recordId: 0x64d7f731269ba262ea51040deb55dda723657338fcd72279dfc3756e73f53375, typeId: 0x2db40fc5c9f87fff9029aba18f5e7a0bf1ffaee89f584eb521b7395c0d57ea21, scopeKey: 0x0000000000000000000000000000000000000000000000000000000000000000, bindingKey: 0x0000000000000000000000000000000000000000000000000000000000000000, bindingOrdinal: 0, target: 0x0000000000000000000000000000000000000000000000000000000000000000, oldTarget: 0x0000000000000000000000000000000000000000000000000000000000000000, freshBinding: false, oldLive: false }), Effect({ kind: 3, admission: 10, author: 0x000000000000000000000000e05fcc23807536bee418f142d19fa0d21bb0cff7, recordId: 0x64d7f731269ba262ea51040deb55dda723657338fcd72279dfc3756e73f53375, typeId: 0x2db40fc5c9f87fff9029aba18f5e7a0bf1ffaee89f584eb521b7395c0d57ea21, scopeKey: 0xd3ca2016fab275e3e54c75668977603dc0be5313a91cff6394ad3110dadc1054, bindingKey: 0xe3b433d16bd73e36cfc64a9a8527d5263f36c648ccd5018f16a29e74790027ab, bindingOrdinal: 1, target: 0x64d7f731269ba262ea51040deb55dda723657338fcd72279dfc3756e73f53375, oldTarget: 0x939cfd72923d10d615557ff0b6c7b19b5f259692e9a71fb6c5f9b5ce03046655, freshBinding: false, oldLive: true })])
    │   │   └─ ← [Stop]
    │   ├─ emit Published(publication: 3, publicationId: 0xed15b5971ef197b95954ed2ae0d4762597eedc8ec41a8e0acd1746bd4d0cd293, author: 0xe05fcC23807536bEe418f142D19fa0d21BB0cfF7, proofKind: 2, firstAdmission: 9, leafCount: 2)
    │   └─ ← [Return] 3, 9
    ├─ [717406] Actor::execute([Action({ kind: 1, typeId: 0x2db40fc5c9f87fff9029aba18f5e7a0bf1ffaee89f584eb521b7395c0d57ea21, bodyHashOrRecordId: 0x3cf5180eb11d3397248839a0c9b5b64520d2c86f311c3897cb949296a7ada229, purpose: 0x0000000000000000000000000000000000000000000000000000000000000000, subject: 0x0000000000000000000000000000000000000000000000000000000000000000, role: 0x0000000000000000000000000000000000000000000000000000000000000000, target: 0x0000000000000000000000000000000000000000000000000000000000000000, expectedRevision: 0, salt: 0x0000000000000000000000000000000000000000000000000000000000000000 }), Action({ kind: 3, typeId: 0x0000000000000000000000000000000000000000000000000000000000000000, bodyHashOrRecordId: 0x0000000000000000000000000000000000000000000000000000000000000000, purpose: 0x07167a05890e9fcaccbdf11abbb65a3aa14bccfe41825ce441803003862ce5df, subject: 0xf38a5ee5db5fec548416dac4db004d588b5fc06503ad270978d9d8f08e9b64a5, role: 0x0000000000000000000000000000000000000000000000000000000000000000, target: 0xa42ac61d9cc4911c885f309fe75c6f6d4981bb1a32736a15733053bab021d08d, expectedRevision: 0, salt: 0x0000000000000000000000000000000000000000000000000000000000000000 })], [0x8a5c2dad2ae16fc84b82733f634dfb672bd79e90dce25bf0627089c548fe85310000000000000000000000000000000000000000000000000000000095123b400000000000000000000000000000000000000000000000000000000000000006000000000000000000000000000000000000000000000000000000006b49d200ea51e8c38c6dcf2d50a91e3db4784be38aeaf3728d1ef153b525df484e652345, 0x])
    │   ├─ [2886] Ledger::nonces(Actor: [0x1d1499e622D69689cdf9004d05Ec547d650Ff211]) [staticcall]
    │   │   └─ ← [Return] 0
    │   ├─ [710883] Ledger::execute([Action({ kind: 1, typeId: 0x2db40fc5c9f87fff9029aba18f5e7a0bf1ffaee89f584eb521b7395c0d57ea21, bodyHashOrRecordId: 0x3cf5180eb11d3397248839a0c9b5b64520d2c86f311c3897cb949296a7ada229, purpose: 0x0000000000000000000000000000000000000000000000000000000000000000, subject: 0x0000000000000000000000000000000000000000000000000000000000000000, role: 0x0000000000000000000000000000000000000000000000000000000000000000, target: 0x0000000000000000000000000000000000000000000000000000000000000000, expectedRevision: 0, salt: 0x0000000000000000000000000000000000000000000000000000000000000000 }), Action({ kind: 3, typeId: 0x0000000000000000000000000000000000000000000000000000000000000000, bodyHashOrRecordId: 0x0000000000000000000000000000000000000000000000000000000000000000, purpose: 0x07167a05890e9fcaccbdf11abbb65a3aa14bccfe41825ce441803003862ce5df, subject: 0xf38a5ee5db5fec548416dac4db004d588b5fc06503ad270978d9d8f08e9b64a5, role: 0x0000000000000000000000000000000000000000000000000000000000000000, target: 0xa42ac61d9cc4911c885f309fe75c6f6d4981bb1a32736a15733053bab021d08d, expectedRevision: 0, salt: 0x0000000000000000000000000000000000000000000000000000000000000000 })], [0x8a5c2dad2ae16fc84b82733f634dfb672bd79e90dce25bf0627089c548fe85310000000000000000000000000000000000000000000000000000000095123b400000000000000000000000000000000000000000000000000000000000000006000000000000000000000000000000000000000000000000000000006b49d200ea51e8c38c6dcf2d50a91e3db4784be38aeaf3728d1ef153b525df484e652345, 0x], 0)
    │   │   ├─ [441] TypeRegistry::epoch() [staticcall]
    │   │   │   └─ ← [Return] 8
    │   │   ├─ [1154] TypeRegistry::typeInfo(0x2db40fc5c9f87fff9029aba18f5e7a0bf1ffaee89f584eb521b7395c0d57ea21) [staticcall]
    │   │   │   └─ ← [Return] true, QuoteAcceptor: [0x212224D2F2d262cd093eE13240ca4873fcCBbA3C], 0xa7499e4b804d8895cefb1463a08dee2517de9717eaba15d470e841cd00367fff, 0x0000000000000000000000000000000000000000, 0x0000000000000000000000000000000000000000000000000000000000000000, 1, 1
    │   │   ├─ [1154] TypeRegistry::typeInfo(0x2db40fc5c9f87fff9029aba18f5e7a0bf1ffaee89f584eb521b7395c0d57ea21) [staticcall]
    │   │   │   └─ ← [Return] true, QuoteAcceptor: [0x212224D2F2d262cd093eE13240ca4873fcCBbA3C], 0xa7499e4b804d8895cefb1463a08dee2517de9717eaba15d470e841cd00367fff, 0x0000000000000000000000000000000000000000, 0x0000000000000000000000000000000000000000000000000000000000000000, 1, 1
    │   │   ├─ [1038] TypeRegistry::refTypes(0x2db40fc5c9f87fff9029aba18f5e7a0bf1ffaee89f584eb521b7395c0d57ea21) [staticcall]
    │   │   │   └─ ← [Return] [0x98f15a281c3cdd9d4aabe4708ae98ab46688ebb588db2876ee56d2c9413ed691]
    │   │   ├─ [998] QuoteAcceptor::accept(0x2db40fc5c9f87fff9029aba18f5e7a0bf1ffaee89f584eb521b7395c0d57ea21, 0x8a5c2dad2ae16fc84b82733f634dfb672bd79e90dce25bf0627089c548fe85310000000000000000000000000000000000000000000000000000000095123b400000000000000000000000000000000000000000000000000000000000000006000000000000000000000000000000000000000000000000000000006b49d200ea51e8c38c6dcf2d50a91e3db4784be38aeaf3728d1ef153b525df484e652345, [0x8a5c2dad2ae16fc84b82733f634dfb672bd79e90dce25bf0627089c548fe8531]) [staticcall]
    │   │   │   └─ ← [Return] true
    │   │   ├─ emit Admitted(author: 0x48aca65bfcfce75562a73057d5712a492c1fa8dd41e69d33d9ae10be3cd496e5, scope: 0x2db40fc5c9f87fff9029aba18f5e7a0bf1ffaee89f584eb521b7395c0d57ea21, recordId: 0xa42ac61d9cc4911c885f309fe75c6f6d4981bb1a32736a15733053bab021d08d, admission: 11)
    │   │   ├─ [421] TypeRegistry::bindingRefType(0x07167a05890e9fcaccbdf11abbb65a3aa14bccfe41825ce441803003862ce5df, 0x0000000000000000000000000000000000000000000000000000000000000000) [staticcall]
    │   │   │   └─ ← [Return] 0x0000000000000000000000000000000000000000000000000000000000000000
    │   │   ├─ emit Admitted(author: 0x48aca65bfcfce75562a73057d5712a492c1fa8dd41e69d33d9ae10be3cd496e5, scope: 0xeb5019b8684198e974a6d68a23a0f196722da09db54c6126068a6e2963c874fa, recordId: 0xa42ac61d9cc4911c885f309fe75c6f6d4981bb1a32736a15733053bab021d08d, admission: 12)
    │   │   ├─ [186563] IndexModule::onAdmission(4, [Effect({ kind: 1, admission: 11, author: 0x48aca65bfcfce75562a73057d5712a492c1fa8dd41e69d33d9ae10be3cd496e5, recordId: 0xa42ac61d9cc4911c885f309fe75c6f6d4981bb1a32736a15733053bab021d08d, typeId: 0x2db40fc5c9f87fff9029aba18f5e7a0bf1ffaee89f584eb521b7395c0d57ea21, scopeKey: 0x0000000000000000000000000000000000000000000000000000000000000000, bindingKey: 0x0000000000000000000000000000000000000000000000000000000000000000, bindingOrdinal: 0, target: 0x0000000000000000000000000000000000000000000000000000000000000000, oldTarget: 0x0000000000000000000000000000000000000000000000000000000000000000, freshBinding: false, oldLive: false }), Effect({ kind: 3, admission: 12, author: 0x48aca65bfcfce75562a73057d5712a492c1fa8dd41e69d33d9ae10be3cd496e5, recordId: 0xa42ac61d9cc4911c885f309fe75c6f6d4981bb1a32736a15733053bab021d08d, typeId: 0x2db40fc5c9f87fff9029aba18f5e7a0bf1ffaee89f584eb521b7395c0d57ea21, scopeKey: 0xeb5019b8684198e974a6d68a23a0f196722da09db54c6126068a6e2963c874fa, bindingKey: 0x568ceaf06d0e2e302dad114073defd1b892eca52432307e8f86397ab453e00f0, bindingOrdinal: 4, target: 0xa42ac61d9cc4911c885f309fe75c6f6d4981bb1a32736a15733053bab021d08d, oldTarget: 0x0000000000000000000000000000000000000000000000000000000000000000, freshBinding: true, oldLive: false })])
    │   │   │   └─ ← [Stop]
    │   │   ├─ emit Published(publication: 4, publicationId: 0x7b3d70109469d6bc4f803528349ac37e3fb3dc3cadf7555268bdb91103844eb2, author: Actor: [0x1d1499e622D69689cdf9004d05Ec547d650Ff211], proofKind: 1, firstAdmission: 11, leafCount: 2)
    │   │   └─ ← [Return] 4, 11
    │   └─ ← [Return] 4, 11
    ├─ [866] Ledger::counts() [staticcall]
    │   └─ ← [Return] 12, 6, 4, 4
    ├─ [5421] Ledger::evidence(4) [staticcall]
    │   └─ ← [Return] Actor: [0x1d1499e622D69689cdf9004d05Ec547d650Ff211], 1, 0, 2, 11, 0x0000000000000000000000000000000000000000000000000000000000000000, 0x0000000000000000000000000000000000000000000000000000000000000000, 0, 0, 1, 0x27c4b27f2a80612b8349140160135b1a3d706a892faa2070ed01fff483a91981, 0x198a8c3d2513950024fade14c5735abfaafdd906f7f8f6e9cf84d9c790ea7789, 0x3da89c6aa22f45a73922113422779ba013a1002c6b8df9117beec4f5eb23ac8b
    ├─ [1421] Ledger::evidence(3) [staticcall]
    │   └─ ← [Return] 0xe05fcC23807536bEe418f142D19fa0d21BB0cfF7, 2, 27, 2, 9, 0x28f4db7c8c7882834a2f8edcfb723cf2beb8308d666913950a529c82aa6a1352, 0x45a8a4ccb4b136fd63c40707b3084ad295cc7fb062cca9a1e7f8b3bfb92ceb85, 1, 1700003600 [1.7e9], 1, 0x27c4b27f2a80612b8349140160135b1a3d706a892faa2070ed01fff483a91981, 0x198a8c3d2513950024fade14c5735abfaafdd906f7f8f6e9cf84d9c790ea7789, 0x0e7fc757fe2f23d26bc570d71b2b93aeff49dda67b92adc14736e10ef47ec0f3
    ├─ [395] FaultyReads::WRONG_SELECTED_REVISION() [staticcall]
    │   └─ ← [Return] 7
    ├─ [25311] FaultyReads::fault(7, 0x0000000000000000000000000000000000000000000000000000000000000000)
    │   └─ ← [Return]
    ├─ [70477] JoinedConsumer::paidPoint([0xe05fcC23807536bEe418f142D19fa0d21BB0cfF7, 0x1d1499e622D69689cdf9004d05Ec547d650Ff211], Expect({ subject: 0xf38a5ee5db5fec548416dac4db004d588b5fc06503ad270978d9d8f08e9b64a5, expectedHead: 0x64d7f731269ba262ea51040deb55dda723657338fcd72279dfc3756e73f53375, selectedAuthor: 0xe05fcC23807536bEe418f142D19fa0d21BB0cfF7, selectedProofKind: 2, pairId: 0x8a5c2dad2ae16fc84b82733f634dfb672bd79e90dce25bf0627089c548fe8531, itemA: 0xdcee1a18e773c4e23c675382b23918d0771ae6ff0a7f2c22d3e7298744331825, itemB: 0x22ad273e9b5cb707fadf826bf174c50a895a558924cc7ff0cca702bffbc6c4a2, mantissa: 2502000000 [2.502e9], scale: 6, observedAt: 1800000000 [1.8e9], noteCommitment: 0xea51e8c38c6dcf2d50a91e3db4784be38aeaf3728d1ef153b525df484e652345, basisAdmission: 12 }))
    │   ├─ [2344] FaultyReads::counts() [staticcall]
    │   │   ├─ [866] Ledger::counts() [staticcall]
    │   │   │   └─ ← [Return] 12, 6, 4, 4
    │   │   └─ ← [Return] 12, 6, 4, 4
    │   ├─ [3559] FaultyReads::index() [staticcall]
    │   │   ├─ [256] LensReader::index() [staticcall]
    │   │   │   └─ ← [Return] IndexModule: [0x5991A2dF15A8F6A256D3Ec51E99254Cd3fb576A9]
    │   │   └─ ← [Return] IndexModule: [0x5991A2dF15A8F6A256D3Ec51E99254Cd3fb576A9]
    │   ├─ [345] IndexModule::generation() [staticcall]
    │   │   └─ ← [Return] 0
    │   ├─ [1549] FaultyReads::registry() [staticcall]
    │   │   ├─ [592] Ledger::registry() [staticcall]
    │   │   │   └─ ← [Return] TypeRegistry: [0x5615dEB798BB3E4dFa0139dFa1b3D433Cc23b72f]
    │   │   └─ ← [Return] TypeRegistry: [0x5615dEB798BB3E4dFa0139dFa1b3D433Cc23b72f]
    │   ├─ [441] TypeRegistry::epoch() [staticcall]
    │   │   └─ ← [Return] 8
    │   ├─ [6753] FaultyReads::resolve([0xe05fcC23807536bEe418f142D19fa0d21BB0cfF7, 0x1d1499e622D69689cdf9004d05Ec547d650Ff211], 0x07167a05890e9fcaccbdf11abbb65a3aa14bccfe41825ce441803003862ce5df, 0xf38a5ee5db5fec548416dac4db004d588b5fc06503ad270978d9d8f08e9b64a5, 0x0000000000000000000000000000000000000000000000000000000000000000) [staticcall]
    │   │   ├─ [4584] LensReader::resolve([0xe05fcC23807536bEe418f142D19fa0d21BB0cfF7, 0x1d1499e622D69689cdf9004d05Ec547d650Ff211], 0x07167a05890e9fcaccbdf11abbb65a3aa14bccfe41825ce441803003862ce5df, 0xf38a5ee5db5fec548416dac4db004d588b5fc06503ad270978d9d8f08e9b64a5, 0x0000000000000000000000000000000000000000000000000000000000000000) [staticcall]
    │   │   │   ├─ [1548] Ledger::head(0xe3b433d16bd73e36cfc64a9a8527d5263f36c648ccd5018f16a29e74790027ab) [staticcall]
    │   │   │   │   └─ ← [Return] 1, 2, 10, 6, 1, 0x64d7f731269ba262ea51040deb55dda723657338fcd72279dfc3756e73f53375
    │   │   │   └─ ← [Return] 1, 0x64d7f731269ba262ea51040deb55dda723657338fcd72279dfc3756e73f53375, 2, 0xe05fcC23807536bEe418f142D19fa0d21BB0cfF7, 10
    │   │   └─ ← [Return] 1, 0x64d7f731269ba262ea51040deb55dda723657338fcd72279dfc3756e73f53375, 3, 0xe05fcC23807536bEe418f142D19fa0d21BB0cfF7, 10
    │   ├─ [5212] FaultyReads::admission(10) [staticcall]
    │   │   ├─ [3265] Ledger::admission(10) [staticcall]
    │   │   │   └─ ← [Return] 3, 1, 3, 1, 1, false, 0x64d7f731269ba262ea51040deb55dda723657338fcd72279dfc3756e73f53375, 0x0000000000000000000000000000000000000000000000000000000000000000
    │   │   └─ ← [Return] 3, 1, 3, 1, 1, false, 0x64d7f731269ba262ea51040deb55dda723657338fcd72279dfc3756e73f53375, 0x0000000000000000000000000000000000000000000000000000000000000000
    │   ├─ [2438] FaultyReads::evidence(3) [staticcall]
    │   │   ├─ [1421] Ledger::evidence(3) [staticcall]
    │   │   │   └─ ← [Return] 0xe05fcC23807536bEe418f142D19fa0d21BB0cfF7, 2, 27, 2, 9, 0x28f4db7c8c7882834a2f8edcfb723cf2beb8308d666913950a529c82aa6a1352, 0x45a8a4ccb4b136fd63c40707b3084ad295cc7fb062cca9a1e7f8b3bfb92ceb85, 1, 1700003600 [1.7e9], 1, 0x27c4b27f2a80612b8349140160135b1a3d706a892faa2070ed01fff483a91981, 0x198a8c3d2513950024fade14c5735abfaafdd906f7f8f6e9cf84d9c790ea7789, 0x0e7fc757fe2f23d26bc570d71b2b93aeff49dda67b92adc14736e10ef47ec0f3
    │   │   └─ ← [Return] 0xe05fcC23807536bEe418f142D19fa0d21BB0cfF7, 2, 27, 2, 9, 0x28f4db7c8c7882834a2f8edcfb723cf2beb8308d666913950a529c82aa6a1352, 0x45a8a4ccb4b136fd63c40707b3084ad295cc7fb062cca9a1e7f8b3bfb92ceb85, 1, 1700003600 [1.7e9], 1, 0x27c4b27f2a80612b8349140160135b1a3d706a892faa2070ed01fff483a91981, 0x198a8c3d2513950024fade14c5735abfaafdd906f7f8f6e9cf84d9c790ea7789, 0x0e7fc757fe2f23d26bc570d71b2b93aeff49dda67b92adc14736e10ef47ec0f3
    │   ├─ [5481] FaultyReads::record(0x64d7f731269ba262ea51040deb55dda723657338fcd72279dfc3756e73f53375) [staticcall]
    │   │   ├─ [3245] Ledger::record(0x64d7f731269ba262ea51040deb55dda723657338fcd72279dfc3756e73f53375) [staticcall]
    │   │   │   └─ ← [Return] 0x2db40fc5c9f87fff9029aba18f5e7a0bf1ffaee89f584eb521b7395c0d57ea21, 9, 1, 0x8a5c2dad2ae16fc84b82733f634dfb672bd79e90dce25bf0627089c548fe85310000000000000000000000000000000000000000000000000000000095217d800000000000000000000000000000000000000000000000000000000000000006000000000000000000000000000000000000000000000000000000006b49d200ea51e8c38c6dcf2d50a91e3db4784be38aeaf3728d1ef153b525df484e652345
    │   │   └─ ← [Return] 0x2db40fc5c9f87fff9029aba18f5e7a0bf1ffaee89f584eb521b7395c0d57ea21, 9, 1, 0x8a5c2dad2ae16fc84b82733f634dfb672bd79e90dce25bf0627089c548fe85310000000000000000000000000000000000000000000000000000000095217d800000000000000000000000000000000000000000000000000000000000000006000000000000000000000000000000000000000000000000000000006b49d200ea51e8c38c6dcf2d50a91e3db4784be38aeaf3728d1ef153b525df484e652345
    │   ├─ [4835] FaultyReads::record(0x8a5c2dad2ae16fc84b82733f634dfb672bd79e90dce25bf0627089c548fe8531) [staticcall]
    │   │   ├─ [2635] Ledger::record(0x8a5c2dad2ae16fc84b82733f634dfb672bd79e90dce25bf0627089c548fe8531) [staticcall]
    │   │   │   └─ ← [Return] 0x98f15a281c3cdd9d4aabe4708ae98ab46688ebb588db2876ee56d2c9413ed691, 3, 1, 0xdcee1a18e773c4e23c675382b23918d0771ae6ff0a7f2c22d3e729874433182522ad273e9b5cb707fadf826bf174c50a895a558924cc7ff0cca702bffbc6c4a20000000000000000000000000000000000000000000000000000000000000001
    │   │   └─ ← [Return] 0x98f15a281c3cdd9d4aabe4708ae98ab46688ebb588db2876ee56d2c9413ed691, 3, 1, 0xdcee1a18e773c4e23c675382b23918d0771ae6ff0a7f2c22d3e729874433182522ad273e9b5cb707fadf826bf174c50a895a558924cc7ff0cca702bffbc6c4a20000000000000000000000000000000000000000000000000000000000000001
    │   ├─ [4188] FaultyReads::record(0xdcee1a18e773c4e23c675382b23918d0771ae6ff0a7f2c22d3e7298744331825) [staticcall]
    │   │   ├─ [2025] Ledger::record(0xdcee1a18e773c4e23c675382b23918d0771ae6ff0a7f2c22d3e7298744331825) [staticcall]
    │   │   │   └─ ← [Return] 0x589d5624cb9167094eb8ee549683bdadc765c77ed4f894308dd376bbebc30019, 1, 1, 0x0000000000000000000000000000000000000000000000000000000000000001
    │   │   └─ ← [Return] 0x589d5624cb9167094eb8ee549683bdadc765c77ed4f894308dd376bbebc30019, 1, 1, 0x0000000000000000000000000000000000000000000000000000000000000001
    │   ├─ [4188] FaultyReads::record(0x22ad273e9b5cb707fadf826bf174c50a895a558924cc7ff0cca702bffbc6c4a2) [staticcall]
    │   │   ├─ [2025] Ledger::record(0x22ad273e9b5cb707fadf826bf174c50a895a558924cc7ff0cca702bffbc6c4a2) [staticcall]
    │   │   │   └─ ← [Return] 0x589d5624cb9167094eb8ee549683bdadc765c77ed4f894308dd376bbebc30019, 2, 1, 0x0000000000000000000000000000000000000000000000000000000000000002
    │   │   └─ ← [Return] 0x589d5624cb9167094eb8ee549683bdadc765c77ed4f894308dd376bbebc30019, 2, 1, 0x0000000000000000000000000000000000000000000000000000000000000002
    │   ├─ emit PaidResult(kind: 0xda8023c667df6ab980fa02ef5b8cc50d0c48259a80691bc26c1bad20621fd2d1, commitment: 0x71e9cc49be127f46834a2f2244673328cf35d2c8ebd6c1cf3481aa1be599f416, selection: Selection({ basisAdmission: 12, indexGeneration: 0, rulesEpoch: 8, coreCodeCommitment: 0xc83aa86bb45ee30a8a370e9822039d90787b7ff737127a6ce91a89a72be25e9b, lensId: 0xef9da062af8ad41470d8063e9fb0d12e016db39f90029de6405d4971b8826dc6, subject: 0xf38a5ee5db5fec548416dac4db004d588b5fc06503ad270978d9d8f08e9b64a5, selectedHead: 0x64d7f731269ba262ea51040deb55dda723657338fcd72279dfc3756e73f53375, selectedRevision: 3, selectedAdmission: 10, selectedPublication: 3, selectedAuthor: 0xe05fcC23807536bEe418f142D19fa0d21BB0cfF7, selectedProofKind: 2, pairId: 0x8a5c2dad2ae16fc84b82733f634dfb672bd79e90dce25bf0627089c548fe8531, itemA: 0xdcee1a18e773c4e23c675382b23918d0771ae6ff0a7f2c22d3e7298744331825, itemB: 0x22ad273e9b5cb707fadf826bf174c50a895a558924cc7ff0cca702bffbc6c4a2, mantissa: 2502000000 [2.502e9], scale: 6, observedAt: 1800000000 [1.8e9], note: 0xea51e8c38c6dcf2d50a91e3db4784be38aeaf3728d1ef153b525df484e652345 }), placement: Placement({ position: 0x0000000000000000000000000000000000000000000000000000000000000000, actor: 0x0000000000000000000000000000000000000000, proofKind: 0, revision: 0, admission: 0, publication: 0, basisAdmission: 0, pageStatus: 0, rawTotal: 0, scanned: 0, hydrations: 0, selectedSoFar: 0, mutated: false, ended: false }))
    │   └─ ← [Return] 0x71e9cc49be127f46834a2f2244673328cf35d2c8ebd6c1cf3481aa1be599f416, Selection({ basisAdmission: 12, indexGeneration: 0, rulesEpoch: 8, coreCodeCommitment: 0xc83aa86bb45ee30a8a370e9822039d90787b7ff737127a6ce91a89a72be25e9b, lensId: 0xef9da062af8ad41470d8063e9fb0d12e016db39f90029de6405d4971b8826dc6, subject: 0xf38a5ee5db5fec548416dac4db004d588b5fc06503ad270978d9d8f08e9b64a5, selectedHead: 0x64d7f731269ba262ea51040deb55dda723657338fcd72279dfc3756e73f53375, selectedRevision: 3, selectedAdmission: 10, selectedPublication: 3, selectedAuthor: 0xe05fcC23807536bEe418f142D19fa0d21BB0cfF7, selectedProofKind: 2, pairId: 0x8a5c2dad2ae16fc84b82733f634dfb672bd79e90dce25bf0627089c548fe8531, itemA: 0xdcee1a18e773c4e23c675382b23918d0771ae6ff0a7f2c22d3e7298744331825, itemB: 0x22ad273e9b5cb707fadf826bf174c50a895a558924cc7ff0cca702bffbc6c4a2, mantissa: 2502000000 [2.502e9], scale: 6, observedAt: 1800000000 [1.8e9], note: 0xea51e8c38c6dcf2d50a91e3db4784be38aeaf3728d1ef153b525df484e652345 })
    └─ ← [Revert] the exact sealed A2 revision is required

Backtrace:
  at JoinedConsumerTest.test_faulty_actual_reply_wrong_selected_revision_is_refused

[FAIL: a zero record firstAdmission is refused] test_faulty_actual_reply_zero_or_future_record_first_admission_is_refused_for_quote_pair_and_both_items() (gas: 3943036)
Traces:
  [3943036] JoinedConsumerTest::test_faulty_actual_reply_zero_or_future_record_first_admission_is_refused_for_quote_pair_and_both_items()
    ├─ [891393] Actor::execute([Action({ kind: 1, typeId: 0x589d5624cb9167094eb8ee549683bdadc765c77ed4f894308dd376bbebc30019, bodyHashOrRecordId: 0xb10e2d527612073b26eecdfd717e6a320cf44b4afac2b0732d9fcbe2b7fa0cf6, purpose: 0x0000000000000000000000000000000000000000000000000000000000000000, subject: 0x0000000000000000000000000000000000000000000000000000000000000000, role: 0x0000000000000000000000000000000000000000000000000000000000000000, target: 0x0000000000000000000000000000000000000000000000000000000000000000, expectedRevision: 0, salt: 0x0000000000000000000000000000000000000000000000000000000000000000 }), Action({ kind: 1, typeId: 0x589d5624cb9167094eb8ee549683bdadc765c77ed4f894308dd376bbebc30019, bodyHashOrRecordId: 0x405787fa12a823e0f2b7631cc41b3ba8828b3321ca811111fa75cd3aa3bb5ace, purpose: 0x0000000000000000000000000000000000000000000000000000000000000000, subject: 0x0000000000000000000000000000000000000000000000000000000000000000, role: 0x0000000000000000000000000000000000000000000000000000000000000000, target: 0x0000000000000000000000000000000000000000000000000000000000000000, expectedRevision: 0, salt: 0x0000000000000000000000000000000000000000000000000000000000000000 }), Action({ kind: 1, typeId: 0x98f15a281c3cdd9d4aabe4708ae98ab46688ebb588db2876ee56d2c9413ed691, bodyHashOrRecordId: 0xf5ecf0b3e8bbcba6b1c397f7dc2d1eb477cfc0906bae2c0851b77d85666de50e, purpose: 0x0000000000000000000000000000000000000000000000000000000000000000, subject: 0x0000000000000000000000000000000000000000000000000000000000000000, role: 0x0000000000000000000000000000000000000000000000000000000000000000, target: 0x0000000000000000000000000000000000000000000000000000000000000000, expectedRevision: 0, salt: 0x0000000000000000000000000000000000000000000000000000000000000000 })], [0x0000000000000000000000000000000000000000000000000000000000000001, 0x0000000000000000000000000000000000000000000000000000000000000002, 0xdcee1a18e773c4e23c675382b23918d0771ae6ff0a7f2c22d3e729874433182522ad273e9b5cb707fadf826bf174c50a895a558924cc7ff0cca702bffbc6c4a20000000000000000000000000000000000000000000000000000000000000001])
    │   ├─ [2886] Ledger::nonces(Actor: [0xa0Cb889707d426A7A386870A03bc70d1b0697598]) [staticcall]
    │   │   └─ ← [Return] 0
    │   ├─ [881620] Ledger::execute([Action({ kind: 1, typeId: 0x589d5624cb9167094eb8ee549683bdadc765c77ed4f894308dd376bbebc30019, bodyHashOrRecordId: 0xb10e2d527612073b26eecdfd717e6a320cf44b4afac2b0732d9fcbe2b7fa0cf6, purpose: 0x0000000000000000000000000000000000000000000000000000000000000000, subject: 0x0000000000000000000000000000000000000000000000000000000000000000, role: 0x0000000000000000000000000000000000000000000000000000000000000000, target: 0x0000000000000000000000000000000000000000000000000000000000000000, expectedRevision: 0, salt: 0x0000000000000000000000000000000000000000000000000000000000000000 }), Action({ kind: 1, typeId: 0x589d5624cb9167094eb8ee549683bdadc765c77ed4f894308dd376bbebc30019, bodyHashOrRecordId: 0x405787fa12a823e0f2b7631cc41b3ba8828b3321ca811111fa75cd3aa3bb5ace, purpose: 0x0000000000000000000000000000000000000000000000000000000000000000, subject: 0x0000000000000000000000000000000000000000000000000000000000000000, role: 0x0000000000000000000000000000000000000000000000000000000000000000, target: 0x0000000000000000000000000000000000000000000000000000000000000000, expectedRevision: 0, salt: 0x0000000000000000000000000000000000000000000000000000000000000000 }), Action({ kind: 1, typeId: 0x98f15a281c3cdd9d4aabe4708ae98ab46688ebb588db2876ee56d2c9413ed691, bodyHashOrRecordId: 0xf5ecf0b3e8bbcba6b1c397f7dc2d1eb477cfc0906bae2c0851b77d85666de50e, purpose: 0x0000000000000000000000000000000000000000000000000000000000000000, subject: 0x0000000000000000000000000000000000000000000000000000000000000000, role: 0x0000000000000000000000000000000000000000000000000000000000000000, target: 0x0000000000000000000000000000000000000000000000000000000000000000, expectedRevision: 0, salt: 0x0000000000000000000000000000000000000000000000000000000000000000 })], [0x0000000000000000000000000000000000000000000000000000000000000001, 0x0000000000000000000000000000000000000000000000000000000000000002, 0xdcee1a18e773c4e23c675382b23918d0771ae6ff0a7f2c22d3e729874433182522ad273e9b5cb707fadf826bf174c50a895a558924cc7ff0cca702bffbc6c4a20000000000000000000000000000000000000000000000000000000000000001], 0)
    │   │   ├─ [2441] TypeRegistry::epoch() [staticcall]
    │   │   │   └─ ← [Return] 8
    │   │   ├─ [9154] TypeRegistry::typeInfo(0x589d5624cb9167094eb8ee549683bdadc765c77ed4f894308dd376bbebc30019) [staticcall]
    │   │   │   └─ ← [Return] true, 0x0000000000000000000000000000000000000000, 0x0000000000000000000000000000000000000000000000000000000000000000, 0x0000000000000000000000000000000000000000, 0x0000000000000000000000000000000000000000000000000000000000000000, 0, 1
    │   │   ├─ [1154] TypeRegistry::typeInfo(0x589d5624cb9167094eb8ee549683bdadc765c77ed4f894308dd376bbebc30019) [staticcall]
    │   │   │   └─ ← [Return] true, 0x0000000000000000000000000000000000000000, 0x0000000000000000000000000000000000000000000000000000000000000000, 0x0000000000000000000000000000000000000000, 0x0000000000000000000000000000000000000000000000000000000000000000, 0, 1
    │   │   ├─ [9154] TypeRegistry::typeInfo(0x98f15a281c3cdd9d4aabe4708ae98ab46688ebb588db2876ee56d2c9413ed691) [staticcall]
    │   │   │   └─ ← [Return] true, MinBodyAcceptor: [0x15cF58144EF33af1e14b5208015d11F9143E27b9], 0x0f203846922aa3cb964edd7f1e28983ba9cecc624f10670a5a98ad81676a6ad9, MockAcceptor: [0x2e234DAe75C793f67A35089C9d99245E1C58470b], 0x7c1553f35948b2fd1af8aa8aa406670eda53327a8c7142ec78bc1e1534402168, 2, 2
    │   │   ├─ [1154] TypeRegistry::typeInfo(0x589d5624cb9167094eb8ee549683bdadc765c77ed4f894308dd376bbebc30019) [staticcall]
    │   │   │   └─ ← [Return] true, 0x0000000000000000000000000000000000000000, 0x0000000000000000000000000000000000000000000000000000000000000000, 0x0000000000000000000000000000000000000000, 0x0000000000000000000000000000000000000000000000000000000000000000, 0, 1
    │   │   ├─ emit Admitted(author: 0x48dacbce3fd7c9ac95afff5fd0afa396ad586efc33b7febdf55994386455ca80, scope: 0x589d5624cb9167094eb8ee549683bdadc765c77ed4f894308dd376bbebc30019, recordId: 0xdcee1a18e773c4e23c675382b23918d0771ae6ff0a7f2c22d3e7298744331825, admission: 1)
    │   │   ├─ [1154] TypeRegistry::typeInfo(0x589d5624cb9167094eb8ee549683bdadc765c77ed4f894308dd376bbebc30019) [staticcall]
    │   │   │   └─ ← [Return] true, 0x0000000000000000000000000000000000000000, 0x0000000000000000000000000000000000000000000000000000000000000000, 0x0000000000000000000000000000000000000000, 0x0000000000000000000000000000000000000000000000000000000000000000, 0, 1
    │   │   ├─ emit Admitted(author: 0x48dacbce3fd7c9ac95afff5fd0afa396ad586efc33b7febdf55994386455ca80, scope: 0x589d5624cb9167094eb8ee549683bdadc765c77ed4f894308dd376bbebc30019, recordId: 0x22ad273e9b5cb707fadf826bf174c50a895a558924cc7ff0cca702bffbc6c4a2, admission: 2)
    │   │   ├─ [1154] TypeRegistry::typeInfo(0x98f15a281c3cdd9d4aabe4708ae98ab46688ebb588db2876ee56d2c9413ed691) [staticcall]
    │   │   │   └─ ← [Return] true, MinBodyAcceptor: [0x15cF58144EF33af1e14b5208015d11F9143E27b9], 0x0f203846922aa3cb964edd7f1e28983ba9cecc624f10670a5a98ad81676a6ad9, MockAcceptor: [0x2e234DAe75C793f67A35089C9d99245E1C58470b], 0x7c1553f35948b2fd1af8aa8aa406670eda53327a8c7142ec78bc1e1534402168, 2, 2
    │   │   ├─ [7301] TypeRegistry::refTypes(0x98f15a281c3cdd9d4aabe4708ae98ab46688ebb588db2876ee56d2c9413ed691) [staticcall]
    │   │   │   └─ ← [Return] [0x589d5624cb9167094eb8ee549683bdadc765c77ed4f894308dd376bbebc30019, 0x589d5624cb9167094eb8ee549683bdadc765c77ed4f894308dd376bbebc30019]
    │   │   ├─ [447] MinBodyAcceptor::accept(0x98f15a281c3cdd9d4aabe4708ae98ab46688ebb588db2876ee56d2c9413ed691, 0xdcee1a18e773c4e23c675382b23918d0771ae6ff0a7f2c22d3e729874433182522ad273e9b5cb707fadf826bf174c50a895a558924cc7ff0cca702bffbc6c4a20000000000000000000000000000000000000000000000000000000000000001, [0xdcee1a18e773c4e23c675382b23918d0771ae6ff0a7f2c22d3e7298744331825, 0x22ad273e9b5cb707fadf826bf174c50a895a558924cc7ff0cca702bffbc6c4a2]) [staticcall]
    │   │   │   └─ ← [Return] true
    │   │   ├─ [4806] MockAcceptor::accept(0x98f15a281c3cdd9d4aabe4708ae98ab46688ebb588db2876ee56d2c9413ed691, 0xdcee1a18e773c4e23c675382b23918d0771ae6ff0a7f2c22d3e729874433182522ad273e9b5cb707fadf826bf174c50a895a558924cc7ff0cca702bffbc6c4a20000000000000000000000000000000000000000000000000000000000000001, [0xdcee1a18e773c4e23c675382b23918d0771ae6ff0a7f2c22d3e7298744331825, 0x22ad273e9b5cb707fadf826bf174c50a895a558924cc7ff0cca702bffbc6c4a2]) [staticcall]
    │   │   │   └─ ← [Return] true
    │   │   ├─ emit Admitted(author: 0x48dacbce3fd7c9ac95afff5fd0afa396ad586efc33b7febdf55994386455ca80, scope: 0x98f15a281c3cdd9d4aabe4708ae98ab46688ebb588db2876ee56d2c9413ed691, recordId: 0x8a5c2dad2ae16fc84b82733f634dfb672bd79e90dce25bf0627089c548fe8531, admission: 3)
    │   │   ├─ [166303] IndexModule::onAdmission(1, [Effect({ kind: 1, admission: 1, author: 0x48dacbce3fd7c9ac95afff5fd0afa396ad586efc33b7febdf55994386455ca80, recordId: 0xdcee1a18e773c4e23c675382b23918d0771ae6ff0a7f2c22d3e7298744331825, typeId: 0x589d5624cb9167094eb8ee549683bdadc765c77ed4f894308dd376bbebc30019, scopeKey: 0x0000000000000000000000000000000000000000000000000000000000000000, bindingKey: 0x0000000000000000000000000000000000000000000000000000000000000000, bindingOrdinal: 0, target: 0x0000000000000000000000000000000000000000000000000000000000000000, oldTarget: 0x0000000000000000000000000000000000000000000000000000000000000000, freshBinding: false, oldLive: false }), Effect({ kind: 1, admission: 2, author: 0x48dacbce3fd7c9ac95afff5fd0afa396ad586efc33b7febdf55994386455ca80, recordId: 0x22ad273e9b5cb707fadf826bf174c50a895a558924cc7ff0cca702bffbc6c4a2, typeId: 0x589d5624cb9167094eb8ee549683bdadc765c77ed4f894308dd376bbebc30019, scopeKey: 0x0000000000000000000000000000000000000000000000000000000000000000, bindingKey: 0x0000000000000000000000000000000000000000000000000000000000000000, bindingOrdinal: 0, target: 0x0000000000000000000000000000000000000000000000000000000000000000, oldTarget: 0x0000000000000000000000000000000000000000000000000000000000000000, freshBinding: false, oldLive: false }), Effect({ kind: 1, admission: 3, author: 0x48dacbce3fd7c9ac95afff5fd0afa396ad586efc33b7febdf55994386455ca80, recordId: 0x8a5c2dad2ae16fc84b82733f634dfb672bd79e90dce25bf0627089c548fe8531, typeId: 0x98f15a281c3cdd9d4aabe4708ae98ab46688ebb588db2876ee56d2c9413ed691, scopeKey: 0x0000000000000000000000000000000000000000000000000000000000000000, bindingKey: 0x0000000000000000000000000000000000000000000000000000000000000000, bindingOrdinal: 0, target: 0x0000000000000000000000000000000000000000000000000000000000000000, oldTarget: 0x0000000000000000000000000000000000000000000000000000000000000000, freshBinding: false, oldLive: false })])
    │   │   │   └─ ← [Stop]
    │   │   ├─ emit Published(publication: 1, publicationId: 0x144e9c035109391c28999747345d055a5ca82255e50b27a89c5f9b2c697ff3d4, author: Actor: [0xa0Cb889707d426A7A386870A03bc70d1b0697598], proofKind: 1, firstAdmission: 1, leafCount: 3)
    │   │   └─ ← [Return] 1, 1
    │   └─ ← [Return] 1, 1
    ├─ [2635] Ledger::record(0x8a5c2dad2ae16fc84b82733f634dfb672bd79e90dce25bf0627089c548fe8531) [staticcall]
    │   └─ ← [Return] 0x98f15a281c3cdd9d4aabe4708ae98ab46688ebb588db2876ee56d2c9413ed691, 3, 1, 0xdcee1a18e773c4e23c675382b23918d0771ae6ff0a7f2c22d3e729874433182522ad273e9b5cb707fadf826bf174c50a895a558924cc7ff0cca702bffbc6c4a20000000000000000000000000000000000000000000000000000000000000001
    ├─ [3594] Ledger::principalOf(0xe05fcC23807536bEe418f142D19fa0d21BB0cfF7) [staticcall]
    │   └─ ← [Return] 0x000000000000000000000000e05fcc23807536bee418f142d19fa0d21bb0cff7
    ├─ [395] Ledger::realmId() [staticcall]
    │   └─ ← [Return] 0x684016e05741dc9d511ff3520a16e1da90a35be14b76f9e12ef0287b9beae39f
    ├─ [0] VM::addr(<pk>) [staticcall]
    │   └─ ← [Return] 0xe05fcC23807536bEe418f142D19fa0d21BB0cfF7
    ├─ [15765] Ledger::acceptanceProfileOf([Action({ kind: 5, typeId: 0x0000000000000000000000000000000000000000000000000000000000000000, bodyHashOrRecordId: 0x0000000000000000000000000000000000000000000000000000000000000000, purpose: 0x0000000000000000000000000000000000000000000000000000000000000000, subject: 0x0000000000000000000000000000000000000000000000000000000000000000, role: 0x0000000000000000000000000000000000000000000000000000000000000000, target: 0x0000000000000000000000000000000000000000000000000000000000000000, expectedRevision: 0, salt: 0x0000000000000000000000000000000000000000000000000000000000000001 }), Action({ kind: 1, typeId: 0x2db40fc5c9f87fff9029aba18f5e7a0bf1ffaee89f584eb521b7395c0d57ea21, bodyHashOrRecordId: 0x8d2f0b7b4cd24cd9347501f0b05605482e3b4712abaaee32c1287eef69eefc55, purpose: 0x0000000000000000000000000000000000000000000000000000000000000000, subject: 0x0000000000000000000000000000000000000000000000000000000000000000, role: 0x0000000000000000000000000000000000000000000000000000000000000000, target: 0x0000000000000000000000000000000000000000000000000000000000000000, expectedRevision: 0, salt: 0x0000000000000000000000000000000000000000000000000000000000000000 }), Action({ kind: 3, typeId: 0x0000000000000000000000000000000000000000000000000000000000000000, bodyHashOrRecordId: 0x0000000000000000000000000000000000000000000000000000000000000000, purpose: 0x07167a05890e9fcaccbdf11abbb65a3aa14bccfe41825ce441803003862ce5df, subject: 0xf38a5ee5db5fec548416dac4db004d588b5fc06503ad270978d9d8f08e9b64a5, role: 0x0000000000000000000000000000000000000000000000000000000000000000, target: 0x939cfd72923d10d615557ff0b6c7b19b5f259692e9a71fb6c5f9b5ce03046655, expectedRevision: 0, salt: 0x0000000000000000000000000000000000000000000000000000000000000000 }), Action({ kind: 3, typeId: 0x0000000000000000000000000000000000000000000000000000000000000000, bodyHashOrRecordId: 0x0000000000000000000000000000000000000000000000000000000000000000, purpose: 0x58de23804076d1b785b7479ab38fe6ada246e62164776702f51a1c48ef98cf99, subject: 0x6b8f0ae148ccfbd232f2f5088f5758ca8158d5a69aaabdc7fd072cbf75be2dc9, role: 0xc7c63b8bafc33aa5221fea52672881776f7b9d1aa8eebc29f8c758178230dd1a, target: 0xf38a5ee5db5fec548416dac4db004d588b5fc06503ad270978d9d8f08e9b64a5, expectedRevision: 0, salt: 0x0000000000000000000000000000000000000000000000000000000000000000 }), Action({ kind: 3, typeId: 0x0000000000000000000000000000000000000000000000000000000000000000, bodyHashOrRecordId: 0x0000000000000000000000000000000000000000000000000000000000000000, purpose: 0x073e0a1a729959d841354dbb760bf57802acc034630defb75862e5dda0f72c18, subject: 0xf38a5ee5db5fec548416dac4db004d588b5fc06503ad270978d9d8f08e9b64a5, role: 0x8b30951df380b6b10da747e1167dd8e40bf8604c88c75b245dc172767f3b7320, target: 0xf38a5ee5db5fec548416dac4db004d588b5fc06503ad270978d9d8f08e9b64a5, expectedRevision: 0, salt: 0x0000000000000000000000000000000000000000000000000000000000000000 })]) [staticcall]
    │   ├─ [441] TypeRegistry::epoch() [staticcall]
    │   │   └─ ← [Return] 8
    │   ├─ [9154] TypeRegistry::typeInfo(0x2db40fc5c9f87fff9029aba18f5e7a0bf1ffaee89f584eb521b7395c0d57ea21) [staticcall]
    │   │   └─ ← [Return] true, QuoteAcceptor: [0x212224D2F2d262cd093eE13240ca4873fcCBbA3C], 0xa7499e4b804d8895cefb1463a08dee2517de9717eaba15d470e841cd00367fff, 0x0000000000000000000000000000000000000000, 0x0000000000000000000000000000000000000000000000000000000000000000, 1, 1
    │   └─ ← [Return] 0x27c4b27f2a80612b8349140160135b1a3d706a892faa2070ed01fff483a91981
    ├─ [1272] Ledger::indexObligations() [staticcall]
    │   └─ ← [Return] 0x198a8c3d2513950024fade14c5735abfaafdd906f7f8f6e9cf84d9c790ea7789
    ├─ [2244] Ledger::intentDigest(Intent({ realmId: 0x684016e05741dc9d511ff3520a16e1da90a35be14b76f9e12ef0287b9beae39f, coreCodeCommitment: 0x8d8515f6c3bcfe36ad7422c67ece284c215a5b79e1ee2cc5afdd3f63d7cddcbe, author: 0xe05fcC23807536bEe418f142D19fa0d21BB0cfF7, nonce: 0, deadline: 1700003600 [1.7e9], acceptanceProfile: 0x27c4b27f2a80612b8349140160135b1a3d706a892faa2070ed01fff483a91981, indexObligations: 0x198a8c3d2513950024fade14c5735abfaafdd906f7f8f6e9cf84d9c790ea7789 }), 0x30c303461ab5b4048d0b87a7232e523cbbdab8e5926abe9e0f6d0adcab830dd9) [staticcall]
    │   └─ ← [Return] 0xc4bd32471d646315287d2486baa8555e443c4a21f011e453c04aa4a97d3e430e
    ├─ [0] VM::sign("<pk>", 0xc4bd32471d646315287d2486baa8555e443c4a21f011e453c04aa4a97d3e430e) [staticcall]
    │   └─ ← [Return] 27, 0xcb6d7e75ab60dbd3cae6faaef572cd4581c4900fc45a323641421a2ed57d151a, 0x53bbcf248f10670c094e8047888def3be26823fa55fed68c338f33a0dd08edca
    ├─ [1545944] Ledger::executeSigned(Intent({ realmId: 0x684016e05741dc9d511ff3520a16e1da90a35be14b76f9e12ef0287b9beae39f, coreCodeCommitment: 0x8d8515f6c3bcfe36ad7422c67ece284c215a5b79e1ee2cc5afdd3f63d7cddcbe, author: 0xe05fcC23807536bEe418f142D19fa0d21BB0cfF7, nonce: 0, deadline: 1700003600 [1.7e9], acceptanceProfile: 0x27c4b27f2a80612b8349140160135b1a3d706a892faa2070ed01fff483a91981, indexObligations: 0x198a8c3d2513950024fade14c5735abfaafdd906f7f8f6e9cf84d9c790ea7789 }), [Action({ kind: 5, typeId: 0x0000000000000000000000000000000000000000000000000000000000000000, bodyHashOrRecordId: 0x0000000000000000000000000000000000000000000000000000000000000000, purpose: 0x0000000000000000000000000000000000000000000000000000000000000000, subject: 0x0000000000000000000000000000000000000000000000000000000000000000, role: 0x0000000000000000000000000000000000000000000000000000000000000000, target: 0x0000000000000000000000000000000000000000000000000000000000000000, expectedRevision: 0, salt: 0x0000000000000000000000000000000000000000000000000000000000000001 }), Action({ kind: 1, typeId: 0x2db40fc5c9f87fff9029aba18f5e7a0bf1ffaee89f584eb521b7395c0d57ea21, bodyHashOrRecordId: 0x8d2f0b7b4cd24cd9347501f0b05605482e3b4712abaaee32c1287eef69eefc55, purpose: 0x0000000000000000000000000000000000000000000000000000000000000000, subject: 0x0000000000000000000000000000000000000000000000000000000000000000, role: 0x0000000000000000000000000000000000000000000000000000000000000000, target: 0x0000000000000000000000000000000000000000000000000000000000000000, expectedRevision: 0, salt: 0x0000000000000000000000000000000000000000000000000000000000000000 }), Action({ kind: 3, typeId: 0x0000000000000000000000000000000000000000000000000000000000000000, bodyHashOrRecordId: 0x0000000000000000000000000000000000000000000000000000000000000000, purpose: 0x07167a05890e9fcaccbdf11abbb65a3aa14bccfe41825ce441803003862ce5df, subject: 0xf38a5ee5db5fec548416dac4db004d588b5fc06503ad270978d9d8f08e9b64a5, role: 0x0000000000000000000000000000000000000000000000000000000000000000, target: 0x939cfd72923d10d615557ff0b6c7b19b5f259692e9a71fb6c5f9b5ce03046655, expectedRevision: 0, salt: 0x0000000000000000000000000000000000000000000000000000000000000000 }), Action({ kind: 3, typeId: 0x0000000000000000000000000000000000000000000000000000000000000000, bodyHashOrRecordId: 0x0000000000000000000000000000000000000000000000000000000000000000, purpose: 0x58de23804076d1b785b7479ab38fe6ada246e62164776702f51a1c48ef98cf99, subject: 0x6b8f0ae148ccfbd232f2f5088f5758ca8158d5a69aaabdc7fd072cbf75be2dc9, role: 0xc7c63b8bafc33aa5221fea52672881776f7b9d1aa8eebc29f8c758178230dd1a, target: 0xf38a5ee5db5fec548416dac4db004d588b5fc06503ad270978d9d8f08e9b64a5, expectedRevision: 0, salt: 0x0000000000000000000000000000000000000000000000000000000000000000 }), Action({ kind: 3, typeId: 0x0000000000000000000000000000000000000000000000000000000000000000, bodyHashOrRecordId: 0x0000000000000000000000000000000000000000000000000000000000000000, purpose: 0x073e0a1a729959d841354dbb760bf57802acc034630defb75862e5dda0f72c18, subject: 0xf38a5ee5db5fec548416dac4db004d588b5fc06503ad270978d9d8f08e9b64a5, role: 0x8b30951df380b6b10da747e1167dd8e40bf8604c88c75b245dc172767f3b7320, target: 0xf38a5ee5db5fec548416dac4db004d588b5fc06503ad270978d9d8f08e9b64a5, expectedRevision: 0, salt: 0x0000000000000000000000000000000000000000000000000000000000000000 })], [0x, 0x8a5c2dad2ae16fc84b82733f634dfb672bd79e90dce25bf0627089c548fe8531000000000000000000000000000000000000000000000000000000009502f9000000000000000000000000000000000000000000000000000000000000000006000000000000000000000000000000000000000000000000000000006b49d200ea51e8c38c6dcf2d50a91e3db4784be38aeaf3728d1ef153b525df484e652345, 0x, 0x, 0x], 0xcb6d7e75ab60dbd3cae6faaef572cd4581c4900fc45a323641421a2ed57d151a53bbcf248f10670c094e8047888def3be26823fa55fed68c338f33a0dd08edca1b)
    │   ├─ [441] TypeRegistry::epoch() [staticcall]
    │   │   └─ ← [Return] 8
    │   ├─ [1154] TypeRegistry::typeInfo(0x2db40fc5c9f87fff9029aba18f5e7a0bf1ffaee89f584eb521b7395c0d57ea21) [staticcall]
    │   │   └─ ← [Return] true, QuoteAcceptor: [0x212224D2F2d262cd093eE13240ca4873fcCBbA3C], 0xa7499e4b804d8895cefb1463a08dee2517de9717eaba15d470e841cd00367fff, 0x0000000000000000000000000000000000000000, 0x0000000000000000000000000000000000000000000000000000000000000000, 1, 1
    │   ├─ [3000] PRECOMPILES::ecrecover(0xc4bd32471d646315287d2486baa8555e443c4a21f011e453c04aa4a97d3e430e, 27, 92012967384865623632945752460569903409982503062909024531648367586760210584858, 37873796480642939085749953822188206190785572794190192727419073061771283066314) [staticcall]
    │   │   └─ ← [Return] 0xe05fcC23807536bEe418f142D19fa0d21BB0cfF7
    │   ├─ emit Admitted(author: 0x000000000000000000000000e05fcc23807536bee418f142d19fa0d21bb0cff7, scope: 0xf38a5ee5db5fec548416dac4db004d588b5fc06503ad270978d9d8f08e9b64a5, recordId: 0x0000000000000000000000000000000000000000000000000000000000000000, admission: 4)
    │   ├─ [1154] TypeRegistry::typeInfo(0x2db40fc5c9f87fff9029aba18f5e7a0bf1ffaee89f584eb521b7395c0d57ea21) [staticcall]
    │   │   └─ ← [Return] true, QuoteAcceptor: [0x212224D2F2d262cd093eE13240ca4873fcCBbA3C], 0xa7499e4b804d8895cefb1463a08dee2517de9717eaba15d470e841cd00367fff, 0x0000000000000000000000000000000000000000, 0x0000000000000000000000000000000000000000000000000000000000000000, 1, 1
    │   ├─ [5038] TypeRegistry::refTypes(0x2db40fc5c9f87fff9029aba18f5e7a0bf1ffaee89f584eb521b7395c0d57ea21) [staticcall]
    │   │   └─ ← [Return] [0x98f15a281c3cdd9d4aabe4708ae98ab46688ebb588db2876ee56d2c9413ed691]
    │   ├─ [998] QuoteAcceptor::accept(0x2db40fc5c9f87fff9029aba18f5e7a0bf1ffaee89f584eb521b7395c0d57ea21, 0x8a5c2dad2ae16fc84b82733f634dfb672bd79e90dce25bf0627089c548fe8531000000000000000000000000000000000000000000000000000000009502f9000000000000000000000000000000000000000000000000000000000000000006000000000000000000000000000000000000000000000000000000006b49d200ea51e8c38c6dcf2d50a91e3db4784be38aeaf3728d1ef153b525df484e652345, [0x8a5c2dad2ae16fc84b82733f634dfb672bd79e90dce25bf0627089c548fe8531]) [staticcall]
    │   │   └─ ← [Return] true
    │   ├─ emit Admitted(author: 0x000000000000000000000000e05fcc23807536bee418f142d19fa0d21bb0cff7, scope: 0x2db40fc5c9f87fff9029aba18f5e7a0bf1ffaee89f584eb521b7395c0d57ea21, recordId: 0x939cfd72923d10d615557ff0b6c7b19b5f259692e9a71fb6c5f9b5ce03046655, admission: 5)
    │   ├─ [2421] TypeRegistry::bindingRefType(0x07167a05890e9fcaccbdf11abbb65a3aa14bccfe41825ce441803003862ce5df, 0x0000000000000000000000000000000000000000000000000000000000000000) [staticcall]
    │   │   └─ ← [Return] 0x0000000000000000000000000000000000000000000000000000000000000000
    │   ├─ emit Admitted(author: 0x000000000000000000000000e05fcc23807536bee418f142d19fa0d21bb0cff7, scope: 0xd3ca2016fab275e3e54c75668977603dc0be5313a91cff6394ad3110dadc1054, recordId: 0x939cfd72923d10d615557ff0b6c7b19b5f259692e9a71fb6c5f9b5ce03046655, admission: 6)
    │   ├─ [2421] TypeRegistry::bindingRefType(0x58de23804076d1b785b7479ab38fe6ada246e62164776702f51a1c48ef98cf99, 0xc7c63b8bafc33aa5221fea52672881776f7b9d1aa8eebc29f8c758178230dd1a) [staticcall]
    │   │   └─ ← [Return] 0x0000000000000000000000000000000000000000000000000000000000000000
    │   ├─ emit Admitted(author: 0x000000000000000000000000e05fcc23807536bee418f142d19fa0d21bb0cff7, scope: 0xacdedd9616efb976bfcf2fa693c5d69d7b8be8854803dfd98ce51a3721bd8189, recordId: 0xf38a5ee5db5fec548416dac4db004d588b5fc06503ad270978d9d8f08e9b64a5, admission: 7)
    │   ├─ [2421] TypeRegistry::bindingRefType(0x073e0a1a729959d841354dbb760bf57802acc034630defb75862e5dda0f72c18, 0x8b30951df380b6b10da747e1167dd8e40bf8604c88c75b245dc172767f3b7320) [staticcall]
    │   │   └─ ← [Return] 0x0000000000000000000000000000000000000000000000000000000000000000
    │   ├─ emit Admitted(author: 0x000000000000000000000000e05fcc23807536bee418f142d19fa0d21bb0cff7, scope: 0xec70f47d0d57410e68dc860f66f319dfda74a14898c536db8a545c8775919a8f, recordId: 0xf38a5ee5db5fec548416dac4db004d588b5fc06503ad270978d9d8f08e9b64a5, admission: 8)
    │   ├─ [461775] IndexModule::onAdmission(2, [Effect({ kind: 5, admission: 4, author: 0x000000000000000000000000e05fcc23807536bee418f142d19fa0d21bb0cff7, recordId: 0xf38a5ee5db5fec548416dac4db004d588b5fc06503ad270978d9d8f08e9b64a5, typeId: 0x0000000000000000000000000000000000000000000000000000000000000000, scopeKey: 0x0000000000000000000000000000000000000000000000000000000000000000, bindingKey: 0x0000000000000000000000000000000000000000000000000000000000000000, bindingOrdinal: 0, target: 0x0000000000000000000000000000000000000000000000000000000000000000, oldTarget: 0x0000000000000000000000000000000000000000000000000000000000000000, freshBinding: false, oldLive: false }), Effect({ kind: 1, admission: 5, author: 0x000000000000000000000000e05fcc23807536bee418f142d19fa0d21bb0cff7, recordId: 0x939cfd72923d10d615557ff0b6c7b19b5f259692e9a71fb6c5f9b5ce03046655, typeId: 0x2db40fc5c9f87fff9029aba18f5e7a0bf1ffaee89f584eb521b7395c0d57ea21, scopeKey: 0x0000000000000000000000000000000000000000000000000000000000000000, bindingKey: 0x0000000000000000000000000000000000000000000000000000000000000000, bindingOrdinal: 0, target: 0x0000000000000000000000000000000000000000000000000000000000000000, oldTarget: 0x0000000000000000000000000000000000000000000000000000000000000000, freshBinding: false, oldLive: false }), Effect({ kind: 3, admission: 6, author: 0x000000000000000000000000e05fcc23807536bee418f142d19fa0d21bb0cff7, recordId: 0x939cfd72923d10d615557ff0b6c7b19b5f259692e9a71fb6c5f9b5ce03046655, typeId: 0x2db40fc5c9f87fff9029aba18f5e7a0bf1ffaee89f584eb521b7395c0d57ea21, scopeKey: 0xd3ca2016fab275e3e54c75668977603dc0be5313a91cff6394ad3110dadc1054, bindingKey: 0xe3b433d16bd73e36cfc64a9a8527d5263f36c648ccd5018f16a29e74790027ab, bindingOrdinal: 1, target: 0x939cfd72923d10d615557ff0b6c7b19b5f259692e9a71fb6c5f9b5ce03046655, oldTarget: 0x0000000000000000000000000000000000000000000000000000000000000000, freshBinding: true, oldLive: false }), Effect({ kind: 3, admission: 7, author: 0x000000000000000000000000e05fcc23807536bee418f142d19fa0d21bb0cff7, recordId: 0xf38a5ee5db5fec548416dac4db004d588b5fc06503ad270978d9d8f08e9b64a5, typeId: 0x0000000000000000000000000000000000000000000000000000000000000000, scopeKey: 0xacdedd9616efb976bfcf2fa693c5d69d7b8be8854803dfd98ce51a3721bd8189, bindingKey: 0x29508140ed11e00d75e205718444b4113acbf972f7a05504f874edbf99694dbe, bindingOrdinal: 2, target: 0xf38a5ee5db5fec548416dac4db004d588b5fc06503ad270978d9d8f08e9b64a5, oldTarget: 0x0000000000000000000000000000000000000000000000000000000000000000, freshBinding: true, oldLive: false }), Effect({ kind: 3, admission: 8, author: 0x000000000000000000000000e05fcc23807536bee418f142d19fa0d21bb0cff7, recordId: 0xf38a5ee5db5fec548416dac4db004d588b5fc06503ad270978d9d8f08e9b64a5, typeId: 0x0000000000000000000000000000000000000000000000000000000000000000, scopeKey: 0xec70f47d0d57410e68dc860f66f319dfda74a14898c536db8a545c8775919a8f, bindingKey: 0x5765e6449d8537404367461493bd3f00b858fdd9908ec83aeb08973f0198e8ea, bindingOrdinal: 3, target: 0xf38a5ee5db5fec548416dac4db004d588b5fc06503ad270978d9d8f08e9b64a5, oldTarget: 0x0000000000000000000000000000000000000000000000000000000000000000, freshBinding: true, oldLive: false })])
    │   │   └─ ← [Stop]
    │   ├─ emit Published(publication: 2, publicationId: 0x333b1376b2bed9c401e734be6afa80809fb8adfebe48893eea92d1e72a24faa6, author: 0xe05fcC23807536bEe418f142D19fa0d21BB0cfF7, proofKind: 2, firstAdmission: 4, leafCount: 5)
    │   └─ ← [Return] 2, 4
    ├─ [395] Ledger::realmId() [staticcall]
    │   └─ ← [Return] 0x684016e05741dc9d511ff3520a16e1da90a35be14b76f9e12ef0287b9beae39f
    ├─ [0] VM::addr(<pk>) [staticcall]
    │   └─ ← [Return] 0xe05fcC23807536bEe418f142D19fa0d21BB0cfF7
    ├─ [5608] Ledger::acceptanceProfileOf([Action({ kind: 1, typeId: 0x2db40fc5c9f87fff9029aba18f5e7a0bf1ffaee89f584eb521b7395c0d57ea21, bodyHashOrRecordId: 0xa66176d11ba275a73932a6b1884a1dfef19440c0fc76d37ba68a539e65bfa1ba, purpose: 0x0000000000000000000000000000000000000000000000000000000000000000, subject: 0x0000000000000000000000000000000000000000000000000000000000000000, role: 0x0000000000000000000000000000000000000000000000000000000000000000, target: 0x0000000000000000000000000000000000000000000000000000000000000000, expectedRevision: 0, salt: 0x0000000000000000000000000000000000000000000000000000000000000000 }), Action({ kind: 3, typeId: 0x0000000000000000000000000000000000000000000000000000000000000000, bodyHashOrRecordId: 0x0000000000000000000000000000000000000000000000000000000000000000, purpose: 0x07167a05890e9fcaccbdf11abbb65a3aa14bccfe41825ce441803003862ce5df, subject: 0xf38a5ee5db5fec548416dac4db004d588b5fc06503ad270978d9d8f08e9b64a5, role: 0x0000000000000000000000000000000000000000000000000000000000000000, target: 0x64d7f731269ba262ea51040deb55dda723657338fcd72279dfc3756e73f53375, expectedRevision: 1, salt: 0x0000000000000000000000000000000000000000000000000000000000000000 })]) [staticcall]
    │   ├─ [441] TypeRegistry::epoch() [staticcall]
    │   │   └─ ← [Return] 8
    │   ├─ [1154] TypeRegistry::typeInfo(0x2db40fc5c9f87fff9029aba18f5e7a0bf1ffaee89f584eb521b7395c0d57ea21) [staticcall]
    │   │   └─ ← [Return] true, QuoteAcceptor: [0x212224D2F2d262cd093eE13240ca4873fcCBbA3C], 0xa7499e4b804d8895cefb1463a08dee2517de9717eaba15d470e841cd00367fff, 0x0000000000000000000000000000000000000000, 0x0000000000000000000000000000000000000000000000000000000000000000, 1, 1
    │   └─ ← [Return] 0x27c4b27f2a80612b8349140160135b1a3d706a892faa2070ed01fff483a91981
    ├─ [1272] Ledger::indexObligations() [staticcall]
    │   └─ ← [Return] 0x198a8c3d2513950024fade14c5735abfaafdd906f7f8f6e9cf84d9c790ea7789
    ├─ [2244] Ledger::intentDigest(Intent({ realmId: 0x684016e05741dc9d511ff3520a16e1da90a35be14b76f9e12ef0287b9beae39f, coreCodeCommitment: 0x8d8515f6c3bcfe36ad7422c67ece284c215a5b79e1ee2cc5afdd3f63d7cddcbe, author: 0xe05fcC23807536bEe418f142D19fa0d21BB0cfF7, nonce: 1, deadline: 1700003600 [1.7e9], acceptanceProfile: 0x27c4b27f2a80612b8349140160135b1a3d706a892faa2070ed01fff483a91981, indexObligations: 0x198a8c3d2513950024fade14c5735abfaafdd906f7f8f6e9cf84d9c790ea7789 }), 0x0e7fc757fe2f23d26bc570d71b2b93aeff49dda67b92adc14736e10ef47ec0f3) [staticcall]
    │   └─ ← [Return] 0xd7315933bb28942cada9ccd3ec8ad3c999b6c0e95e9620cb711aa49710ac42aa
    ├─ [0] VM::sign("<pk>", 0xd7315933bb28942cada9ccd3ec8ad3c999b6c0e95e9620cb711aa49710ac42aa) [staticcall]
    │   └─ ← [Return] 27, 0x28f4db7c8c7882834a2f8edcfb723cf2beb8308d666913950a529c82aa6a1352, 0x45a8a4ccb4b136fd63c40707b3084ad295cc7fb062cca9a1e7f8b3bfb92ceb85
    ├─ [541677] Ledger::executeSigned(Intent({ realmId: 0x684016e05741dc9d511ff3520a16e1da90a35be14b76f9e12ef0287b9beae39f, coreCodeCommitment: 0x8d8515f6c3bcfe36ad7422c67ece284c215a5b79e1ee2cc5afdd3f63d7cddcbe, author: 0xe05fcC23807536bEe418f142D19fa0d21BB0cfF7, nonce: 1, deadline: 1700003600 [1.7e9], acceptanceProfile: 0x27c4b27f2a80612b8349140160135b1a3d706a892faa2070ed01fff483a91981, indexObligations: 0x198a8c3d2513950024fade14c5735abfaafdd906f7f8f6e9cf84d9c790ea7789 }), [Action({ kind: 1, typeId: 0x2db40fc5c9f87fff9029aba18f5e7a0bf1ffaee89f584eb521b7395c0d57ea21, bodyHashOrRecordId: 0xa66176d11ba275a73932a6b1884a1dfef19440c0fc76d37ba68a539e65bfa1ba, purpose: 0x0000000000000000000000000000000000000000000000000000000000000000, subject: 0x0000000000000000000000000000000000000000000000000000000000000000, role: 0x0000000000000000000000000000000000000000000000000000000000000000, target: 0x0000000000000000000000000000000000000000000000000000000000000000, expectedRevision: 0, salt: 0x0000000000000000000000000000000000000000000000000000000000000000 }), Action({ kind: 3, typeId: 0x0000000000000000000000000000000000000000000000000000000000000000, bodyHashOrRecordId: 0x0000000000000000000000000000000000000000000000000000000000000000, purpose: 0x07167a05890e9fcaccbdf11abbb65a3aa14bccfe41825ce441803003862ce5df, subject: 0xf38a5ee5db5fec548416dac4db004d588b5fc06503ad270978d9d8f08e9b64a5, role: 0x0000000000000000000000000000000000000000000000000000000000000000, target: 0x64d7f731269ba262ea51040deb55dda723657338fcd72279dfc3756e73f53375, expectedRevision: 1, salt: 0x0000000000000000000000000000000000000000000000000000000000000000 })], [0x8a5c2dad2ae16fc84b82733f634dfb672bd79e90dce25bf0627089c548fe85310000000000000000000000000000000000000000000000000000000095217d800000000000000000000000000000000000000000000000000000000000000006000000000000000000000000000000000000000000000000000000006b49d200ea51e8c38c6dcf2d50a91e3db4784be38aeaf3728d1ef153b525df484e652345, 0x], 0x28f4db7c8c7882834a2f8edcfb723cf2beb8308d666913950a529c82aa6a135245a8a4ccb4b136fd63c40707b3084ad295cc7fb062cca9a1e7f8b3bfb92ceb851b)
    │   ├─ [441] TypeRegistry::epoch() [staticcall]
    │   │   └─ ← [Return] 8
    │   ├─ [1154] TypeRegistry::typeInfo(0x2db40fc5c9f87fff9029aba18f5e7a0bf1ffaee89f584eb521b7395c0d57ea21) [staticcall]
    │   │   └─ ← [Return] true, QuoteAcceptor: [0x212224D2F2d262cd093eE13240ca4873fcCBbA3C], 0xa7499e4b804d8895cefb1463a08dee2517de9717eaba15d470e841cd00367fff, 0x0000000000000000000000000000000000000000, 0x0000000000000000000000000000000000000000000000000000000000000000, 1, 1
    │   ├─ [3000] PRECOMPILES::ecrecover(0xd7315933bb28942cada9ccd3ec8ad3c999b6c0e95e9620cb711aa49710ac42aa, 27, 18525139467413210867882826948906531348062280998234340856406121334043312788306, 31507554264387257558530153093946643964566592928269414207268672013515356957573) [staticcall]
    │   │   └─ ← [Return] 0xe05fcC23807536bEe418f142D19fa0d21BB0cfF7
    │   ├─ [1154] TypeRegistry::typeInfo(0x2db40fc5c9f87fff9029aba18f5e7a0bf1ffaee89f584eb521b7395c0d57ea21) [staticcall]
    │   │   └─ ← [Return] true, QuoteAcceptor: [0x212224D2F2d262cd093eE13240ca4873fcCBbA3C], 0xa7499e4b804d8895cefb1463a08dee2517de9717eaba15d470e841cd00367fff, 0x0000000000000000000000000000000000000000, 0x0000000000000000000000000000000000000000000000000000000000000000, 1, 1
    │   ├─ [1038] TypeRegistry::refTypes(0x2db40fc5c9f87fff9029aba18f5e7a0bf1ffaee89f584eb521b7395c0d57ea21) [staticcall]
    │   │   └─ ← [Return] [0x98f15a281c3cdd9d4aabe4708ae98ab46688ebb588db2876ee56d2c9413ed691]
    │   ├─ [998] QuoteAcceptor::accept(0x2db40fc5c9f87fff9029aba18f5e7a0bf1ffaee89f584eb521b7395c0d57ea21, 0x8a5c2dad2ae16fc84b82733f634dfb672bd79e90dce25bf0627089c548fe85310000000000000000000000000000000000000000000000000000000095217d800000000000000000000000000000000000000000000000000000000000000006000000000000000000000000000000000000000000000000000000006b49d200ea51e8c38c6dcf2d50a91e3db4784be38aeaf3728d1ef153b525df484e652345, [0x8a5c2dad2ae16fc84b82733f634dfb672bd79e90dce25bf0627089c548fe8531]) [staticcall]
    │   │   └─ ← [Return] true
    │   ├─ emit Admitted(author: 0x000000000000000000000000e05fcc23807536bee418f142d19fa0d21bb0cff7, scope: 0x2db40fc5c9f87fff9029aba18f5e7a0bf1ffaee89f584eb521b7395c0d57ea21, recordId: 0x64d7f731269ba262ea51040deb55dda723657338fcd72279dfc3756e73f53375, admission: 9)
    │   ├─ [421] TypeRegistry::bindingRefType(0x07167a05890e9fcaccbdf11abbb65a3aa14bccfe41825ce441803003862ce5df, 0x0000000000000000000000000000000000000000000000000000000000000000) [staticcall]
    │   │   └─ ← [Return] 0x0000000000000000000000000000000000000000000000000000000000000000
    │   ├─ emit Admitted(author: 0x000000000000000000000000e05fcc23807536bee418f142d19fa0d21bb0cff7, scope: 0xd3ca2016fab275e3e54c75668977603dc0be5313a91cff6394ad3110dadc1054, recordId: 0x64d7f731269ba262ea51040deb55dda723657338fcd72279dfc3756e73f53375, admission: 10)
    │   ├─ [54286] IndexModule::onAdmission(3, [Effect({ kind: 1, admission: 9, author: 0x000000000000000000000000e05fcc23807536bee418f142d19fa0d21bb0cff7, recordId: 0x64d7f731269ba262ea51040deb55dda723657338fcd72279dfc3756e73f53375, typeId: 0x2db40fc5c9f87fff9029aba18f5e7a0bf1ffaee89f584eb521b7395c0d57ea21, scopeKey: 0x0000000000000000000000000000000000000000000000000000000000000000, bindingKey: 0x0000000000000000000000000000000000000000000000000000000000000000, bindingOrdinal: 0, target: 0x0000000000000000000000000000000000000000000000000000000000000000, oldTarget: 0x0000000000000000000000000000000000000000000000000000000000000000, freshBinding: false, oldLive: false }), Effect({ kind: 3, admission: 10, author: 0x000000000000000000000000e05fcc23807536bee418f142d19fa0d21bb0cff7, recordId: 0x64d7f731269ba262ea51040deb55dda723657338fcd72279dfc3756e73f53375, typeId: 0x2db40fc5c9f87fff9029aba18f5e7a0bf1ffaee89f584eb521b7395c0d57ea21, scopeKey: 0xd3ca2016fab275e3e54c75668977603dc0be5313a91cff6394ad3110dadc1054, bindingKey: 0xe3b433d16bd73e36cfc64a9a8527d5263f36c648ccd5018f16a29e74790027ab, bindingOrdinal: 1, target: 0x64d7f731269ba262ea51040deb55dda723657338fcd72279dfc3756e73f53375, oldTarget: 0x939cfd72923d10d615557ff0b6c7b19b5f259692e9a71fb6c5f9b5ce03046655, freshBinding: false, oldLive: true })])
    │   │   └─ ← [Stop]
    │   ├─ emit Published(publication: 3, publicationId: 0xed15b5971ef197b95954ed2ae0d4762597eedc8ec41a8e0acd1746bd4d0cd293, author: 0xe05fcC23807536bEe418f142D19fa0d21BB0cfF7, proofKind: 2, firstAdmission: 9, leafCount: 2)
    │   └─ ← [Return] 3, 9
    ├─ [717406] Actor::execute([Action({ kind: 1, typeId: 0x2db40fc5c9f87fff9029aba18f5e7a0bf1ffaee89f584eb521b7395c0d57ea21, bodyHashOrRecordId: 0x3cf5180eb11d3397248839a0c9b5b64520d2c86f311c3897cb949296a7ada229, purpose: 0x0000000000000000000000000000000000000000000000000000000000000000, subject: 0x0000000000000000000000000000000000000000000000000000000000000000, role: 0x0000000000000000000000000000000000000000000000000000000000000000, target: 0x0000000000000000000000000000000000000000000000000000000000000000, expectedRevision: 0, salt: 0x0000000000000000000000000000000000000000000000000000000000000000 }), Action({ kind: 3, typeId: 0x0000000000000000000000000000000000000000000000000000000000000000, bodyHashOrRecordId: 0x0000000000000000000000000000000000000000000000000000000000000000, purpose: 0x07167a05890e9fcaccbdf11abbb65a3aa14bccfe41825ce441803003862ce5df, subject: 0xf38a5ee5db5fec548416dac4db004d588b5fc06503ad270978d9d8f08e9b64a5, role: 0x0000000000000000000000000000000000000000000000000000000000000000, target: 0xa42ac61d9cc4911c885f309fe75c6f6d4981bb1a32736a15733053bab021d08d, expectedRevision: 0, salt: 0x0000000000000000000000000000000000000000000000000000000000000000 })], [0x8a5c2dad2ae16fc84b82733f634dfb672bd79e90dce25bf0627089c548fe85310000000000000000000000000000000000000000000000000000000095123b400000000000000000000000000000000000000000000000000000000000000006000000000000000000000000000000000000000000000000000000006b49d200ea51e8c38c6dcf2d50a91e3db4784be38aeaf3728d1ef153b525df484e652345, 0x])
    │   ├─ [2886] Ledger::nonces(Actor: [0x1d1499e622D69689cdf9004d05Ec547d650Ff211]) [staticcall]
    │   │   └─ ← [Return] 0
    │   ├─ [710883] Ledger::execute([Action({ kind: 1, typeId: 0x2db40fc5c9f87fff9029aba18f5e7a0bf1ffaee89f584eb521b7395c0d57ea21, bodyHashOrRecordId: 0x3cf5180eb11d3397248839a0c9b5b64520d2c86f311c3897cb949296a7ada229, purpose: 0x0000000000000000000000000000000000000000000000000000000000000000, subject: 0x0000000000000000000000000000000000000000000000000000000000000000, role: 0x0000000000000000000000000000000000000000000000000000000000000000, target: 0x0000000000000000000000000000000000000000000000000000000000000000, expectedRevision: 0, salt: 0x0000000000000000000000000000000000000000000000000000000000000000 }), Action({ kind: 3, typeId: 0x0000000000000000000000000000000000000000000000000000000000000000, bodyHashOrRecordId: 0x0000000000000000000000000000000000000000000000000000000000000000, purpose: 0x07167a05890e9fcaccbdf11abbb65a3aa14bccfe41825ce441803003862ce5df, subject: 0xf38a5ee5db5fec548416dac4db004d588b5fc06503ad270978d9d8f08e9b64a5, role: 0x0000000000000000000000000000000000000000000000000000000000000000, target: 0xa42ac61d9cc4911c885f309fe75c6f6d4981bb1a32736a15733053bab021d08d, expectedRevision: 0, salt: 0x0000000000000000000000000000000000000000000000000000000000000000 })], [0x8a5c2dad2ae16fc84b82733f634dfb672bd79e90dce25bf0627089c548fe85310000000000000000000000000000000000000000000000000000000095123b400000000000000000000000000000000000000000000000000000000000000006000000000000000000000000000000000000000000000000000000006b49d200ea51e8c38c6dcf2d50a91e3db4784be38aeaf3728d1ef153b525df484e652345, 0x], 0)
    │   │   ├─ [441] TypeRegistry::epoch() [staticcall]
    │   │   │   └─ ← [Return] 8
    │   │   ├─ [1154] TypeRegistry::typeInfo(0x2db40fc5c9f87fff9029aba18f5e7a0bf1ffaee89f584eb521b7395c0d57ea21) [staticcall]
    │   │   │   └─ ← [Return] true, QuoteAcceptor: [0x212224D2F2d262cd093eE13240ca4873fcCBbA3C], 0xa7499e4b804d8895cefb1463a08dee2517de9717eaba15d470e841cd00367fff, 0x0000000000000000000000000000000000000000, 0x0000000000000000000000000000000000000000000000000000000000000000, 1, 1
    │   │   ├─ [1154] TypeRegistry::typeInfo(0x2db40fc5c9f87fff9029aba18f5e7a0bf1ffaee89f584eb521b7395c0d57ea21) [staticcall]
    │   │   │   └─ ← [Return] true, QuoteAcceptor: [0x212224D2F2d262cd093eE13240ca4873fcCBbA3C], 0xa7499e4b804d8895cefb1463a08dee2517de9717eaba15d470e841cd00367fff, 0x0000000000000000000000000000000000000000, 0x0000000000000000000000000000000000000000000000000000000000000000, 1, 1
    │   │   ├─ [1038] TypeRegistry::refTypes(0x2db40fc5c9f87fff9029aba18f5e7a0bf1ffaee89f584eb521b7395c0d57ea21) [staticcall]
    │   │   │   └─ ← [Return] [0x98f15a281c3cdd9d4aabe4708ae98ab46688ebb588db2876ee56d2c9413ed691]
    │   │   ├─ [998] QuoteAcceptor::accept(0x2db40fc5c9f87fff9029aba18f5e7a0bf1ffaee89f584eb521b7395c0d57ea21, 0x8a5c2dad2ae16fc84b82733f634dfb672bd79e90dce25bf0627089c548fe85310000000000000000000000000000000000000000000000000000000095123b400000000000000000000000000000000000000000000000000000000000000006000000000000000000000000000000000000000000000000000000006b49d200ea51e8c38c6dcf2d50a91e3db4784be38aeaf3728d1ef153b525df484e652345, [0x8a5c2dad2ae16fc84b82733f634dfb672bd79e90dce25bf0627089c548fe8531]) [staticcall]
    │   │   │   └─ ← [Return] true
    │   │   ├─ emit Admitted(author: 0x48aca65bfcfce75562a73057d5712a492c1fa8dd41e69d33d9ae10be3cd496e5, scope: 0x2db40fc5c9f87fff9029aba18f5e7a0bf1ffaee89f584eb521b7395c0d57ea21, recordId: 0xa42ac61d9cc4911c885f309fe75c6f6d4981bb1a32736a15733053bab021d08d, admission: 11)
    │   │   ├─ [421] TypeRegistry::bindingRefType(0x07167a05890e9fcaccbdf11abbb65a3aa14bccfe41825ce441803003862ce5df, 0x0000000000000000000000000000000000000000000000000000000000000000) [staticcall]
    │   │   │   └─ ← [Return] 0x0000000000000000000000000000000000000000000000000000000000000000
    │   │   ├─ emit Admitted(author: 0x48aca65bfcfce75562a73057d5712a492c1fa8dd41e69d33d9ae10be3cd496e5, scope: 0xeb5019b8684198e974a6d68a23a0f196722da09db54c6126068a6e2963c874fa, recordId: 0xa42ac61d9cc4911c885f309fe75c6f6d4981bb1a32736a15733053bab021d08d, admission: 12)
    │   │   ├─ [186563] IndexModule::onAdmission(4, [Effect({ kind: 1, admission: 11, author: 0x48aca65bfcfce75562a73057d5712a492c1fa8dd41e69d33d9ae10be3cd496e5, recordId: 0xa42ac61d9cc4911c885f309fe75c6f6d4981bb1a32736a15733053bab021d08d, typeId: 0x2db40fc5c9f87fff9029aba18f5e7a0bf1ffaee89f584eb521b7395c0d57ea21, scopeKey: 0x0000000000000000000000000000000000000000000000000000000000000000, bindingKey: 0x0000000000000000000000000000000000000000000000000000000000000000, bindingOrdinal: 0, target: 0x0000000000000000000000000000000000000000000000000000000000000000, oldTarget: 0x0000000000000000000000000000000000000000000000000000000000000000, freshBinding: false, oldLive: false }), Effect({ kind: 3, admission: 12, author: 0x48aca65bfcfce75562a73057d5712a492c1fa8dd41e69d33d9ae10be3cd496e5, recordId: 0xa42ac61d9cc4911c885f309fe75c6f6d4981bb1a32736a15733053bab021d08d, typeId: 0x2db40fc5c9f87fff9029aba18f5e7a0bf1ffaee89f584eb521b7395c0d57ea21, scopeKey: 0xeb5019b8684198e974a6d68a23a0f196722da09db54c6126068a6e2963c874fa, bindingKey: 0x568ceaf06d0e2e302dad114073defd1b892eca52432307e8f86397ab453e00f0, bindingOrdinal: 4, target: 0xa42ac61d9cc4911c885f309fe75c6f6d4981bb1a32736a15733053bab021d08d, oldTarget: 0x0000000000000000000000000000000000000000000000000000000000000000, freshBinding: true, oldLive: false })])
    │   │   │   └─ ← [Stop]
    │   │   ├─ emit Published(publication: 4, publicationId: 0x7b3d70109469d6bc4f803528349ac37e3fb3dc3cadf7555268bdb91103844eb2, author: Actor: [0x1d1499e622D69689cdf9004d05Ec547d650Ff211], proofKind: 1, firstAdmission: 11, leafCount: 2)
    │   │   └─ ← [Return] 4, 11
    │   └─ ← [Return] 4, 11
    ├─ [866] Ledger::counts() [staticcall]
    │   └─ ← [Return] 12, 6, 4, 4
    ├─ [5421] Ledger::evidence(4) [staticcall]
    │   └─ ← [Return] Actor: [0x1d1499e622D69689cdf9004d05Ec547d650Ff211], 1, 0, 2, 11, 0x0000000000000000000000000000000000000000000000000000000000000000, 0x0000000000000000000000000000000000000000000000000000000000000000, 0, 0, 1, 0x27c4b27f2a80612b8349140160135b1a3d706a892faa2070ed01fff483a91981, 0x198a8c3d2513950024fade14c5735abfaafdd906f7f8f6e9cf84d9c790ea7789, 0x3da89c6aa22f45a73922113422779ba013a1002c6b8df9117beec4f5eb23ac8b
    ├─ [1421] Ledger::evidence(3) [staticcall]
    │   └─ ← [Return] 0xe05fcC23807536bEe418f142D19fa0d21BB0cfF7, 2, 27, 2, 9, 0x28f4db7c8c7882834a2f8edcfb723cf2beb8308d666913950a529c82aa6a1352, 0x45a8a4ccb4b136fd63c40707b3084ad295cc7fb062cca9a1e7f8b3bfb92ceb85, 1, 1700003600 [1.7e9], 1, 0x27c4b27f2a80612b8349140160135b1a3d706a892faa2070ed01fff483a91981, 0x198a8c3d2513950024fade14c5735abfaafdd906f7f8f6e9cf84d9c790ea7789, 0x0e7fc757fe2f23d26bc570d71b2b93aeff49dda67b92adc14736e10ef47ec0f3
    ├─ [923] FaultyReads::ZERO_RECORD_FIRST_ADMISSION() [staticcall]
    │   └─ ← [Return] 8
    ├─ [45211] FaultyReads::fault(8, 0x64d7f731269ba262ea51040deb55dda723657338fcd72279dfc3756e73f53375)
    │   └─ ← [Return]
    ├─ [70602] JoinedConsumer::paidPoint([0xe05fcC23807536bEe418f142D19fa0d21BB0cfF7, 0x1d1499e622D69689cdf9004d05Ec547d650Ff211], Expect({ subject: 0xf38a5ee5db5fec548416dac4db004d588b5fc06503ad270978d9d8f08e9b64a5, expectedHead: 0x64d7f731269ba262ea51040deb55dda723657338fcd72279dfc3756e73f53375, selectedAuthor: 0xe05fcC23807536bEe418f142D19fa0d21BB0cfF7, selectedProofKind: 2, pairId: 0x8a5c2dad2ae16fc84b82733f634dfb672bd79e90dce25bf0627089c548fe8531, itemA: 0xdcee1a18e773c4e23c675382b23918d0771ae6ff0a7f2c22d3e7298744331825, itemB: 0x22ad273e9b5cb707fadf826bf174c50a895a558924cc7ff0cca702bffbc6c4a2, mantissa: 2502000000 [2.502e9], scale: 6, observedAt: 1800000000 [1.8e9], noteCommitment: 0xea51e8c38c6dcf2d50a91e3db4784be38aeaf3728d1ef153b525df484e652345, basisAdmission: 12 }))
    │   ├─ [2344] FaultyReads::counts() [staticcall]
    │   │   ├─ [866] Ledger::counts() [staticcall]
    │   │   │   └─ ← [Return] 12, 6, 4, 4
    │   │   └─ ← [Return] 12, 6, 4, 4
    │   ├─ [3559] FaultyReads::index() [staticcall]
    │   │   ├─ [256] LensReader::index() [staticcall]
    │   │   │   └─ ← [Return] IndexModule: [0x5991A2dF15A8F6A256D3Ec51E99254Cd3fb576A9]
    │   │   └─ ← [Return] IndexModule: [0x5991A2dF15A8F6A256D3Ec51E99254Cd3fb576A9]
    │   ├─ [345] IndexModule::generation() [staticcall]
    │   │   └─ ← [Return] 0
    │   ├─ [1549] FaultyReads::registry() [staticcall]
    │   │   ├─ [592] Ledger::registry() [staticcall]
    │   │   │   └─ ← [Return] TypeRegistry: [0x5615dEB798BB3E4dFa0139dFa1b3D433Cc23b72f]
    │   │   └─ ← [Return] TypeRegistry: [0x5615dEB798BB3E4dFa0139dFa1b3D433Cc23b72f]
    │   ├─ [441] TypeRegistry::epoch() [staticcall]
    │   │   └─ ← [Return] 8
    │   ├─ [6663] FaultyReads::resolve([0xe05fcC23807536bEe418f142D19fa0d21BB0cfF7, 0x1d1499e622D69689cdf9004d05Ec547d650Ff211], 0x07167a05890e9fcaccbdf11abbb65a3aa14bccfe41825ce441803003862ce5df, 0xf38a5ee5db5fec548416dac4db004d588b5fc06503ad270978d9d8f08e9b64a5, 0x0000000000000000000000000000000000000000000000000000000000000000) [staticcall]
    │   │   ├─ [4584] LensReader::resolve([0xe05fcC23807536bEe418f142D19fa0d21BB0cfF7, 0x1d1499e622D69689cdf9004d05Ec547d650Ff211], 0x07167a05890e9fcaccbdf11abbb65a3aa14bccfe41825ce441803003862ce5df, 0xf38a5ee5db5fec548416dac4db004d588b5fc06503ad270978d9d8f08e9b64a5, 0x0000000000000000000000000000000000000000000000000000000000000000) [staticcall]
    │   │   │   ├─ [1548] Ledger::head(0xe3b433d16bd73e36cfc64a9a8527d5263f36c648ccd5018f16a29e74790027ab) [staticcall]
    │   │   │   │   └─ ← [Return] 1, 2, 10, 6, 1, 0x64d7f731269ba262ea51040deb55dda723657338fcd72279dfc3756e73f53375
    │   │   │   └─ ← [Return] 1, 0x64d7f731269ba262ea51040deb55dda723657338fcd72279dfc3756e73f53375, 2, 0xe05fcC23807536bEe418f142D19fa0d21BB0cfF7, 10
    │   │   └─ ← [Return] 1, 0x64d7f731269ba262ea51040deb55dda723657338fcd72279dfc3756e73f53375, 2, 0xe05fcC23807536bEe418f142D19fa0d21BB0cfF7, 10
    │   ├─ [5212] FaultyReads::admission(10) [staticcall]
    │   │   ├─ [3265] Ledger::admission(10) [staticcall]
    │   │   │   └─ ← [Return] 3, 1, 3, 1, 1, false, 0x64d7f731269ba262ea51040deb55dda723657338fcd72279dfc3756e73f53375, 0x0000000000000000000000000000000000000000000000000000000000000000
    │   │   └─ ← [Return] 3, 1, 3, 1, 1, false, 0x64d7f731269ba262ea51040deb55dda723657338fcd72279dfc3756e73f53375, 0x0000000000000000000000000000000000000000000000000000000000000000
    │   ├─ [2438] FaultyReads::evidence(3) [staticcall]
    │   │   ├─ [1421] Ledger::evidence(3) [staticcall]
    │   │   │   └─ ← [Return] 0xe05fcC23807536bEe418f142D19fa0d21BB0cfF7, 2, 27, 2, 9, 0x28f4db7c8c7882834a2f8edcfb723cf2beb8308d666913950a529c82aa6a1352, 0x45a8a4ccb4b136fd63c40707b3084ad295cc7fb062cca9a1e7f8b3bfb92ceb85, 1, 1700003600 [1.7e9], 1, 0x27c4b27f2a80612b8349140160135b1a3d706a892faa2070ed01fff483a91981, 0x198a8c3d2513950024fade14c5735abfaafdd906f7f8f6e9cf84d9c790ea7789, 0x0e7fc757fe2f23d26bc570d71b2b93aeff49dda67b92adc14736e10ef47ec0f3
    │   │   └─ ← [Return] 0xe05fcC23807536bEe418f142D19fa0d21BB0cfF7, 2, 27, 2, 9, 0x28f4db7c8c7882834a2f8edcfb723cf2beb8308d666913950a529c82aa6a1352, 0x45a8a4ccb4b136fd63c40707b3084ad295cc7fb062cca9a1e7f8b3bfb92ceb85, 1, 1700003600 [1.7e9], 1, 0x27c4b27f2a80612b8349140160135b1a3d706a892faa2070ed01fff483a91981, 0x198a8c3d2513950024fade14c5735abfaafdd906f7f8f6e9cf84d9c790ea7789, 0x0e7fc757fe2f23d26bc570d71b2b93aeff49dda67b92adc14736e10ef47ec0f3
    │   ├─ [5696] FaultyReads::record(0x64d7f731269ba262ea51040deb55dda723657338fcd72279dfc3756e73f53375) [staticcall]
    │   │   ├─ [3245] Ledger::record(0x64d7f731269ba262ea51040deb55dda723657338fcd72279dfc3756e73f53375) [staticcall]
    │   │   │   └─ ← [Return] 0x2db40fc5c9f87fff9029aba18f5e7a0bf1ffaee89f584eb521b7395c0d57ea21, 9, 1, 0x8a5c2dad2ae16fc84b82733f634dfb672bd79e90dce25bf0627089c548fe85310000000000000000000000000000000000000000000000000000000095217d800000000000000000000000000000000000000000000000000000000000000006000000000000000000000000000000000000000000000000000000006b49d200ea51e8c38c6dcf2d50a91e3db4784be38aeaf3728d1ef153b525df484e652345
    │   │   └─ ← [Return] 0x2db40fc5c9f87fff9029aba18f5e7a0bf1ffaee89f584eb521b7395c0d57ea21, 0, 1, 0x8a5c2dad2ae16fc84b82733f634dfb672bd79e90dce25bf0627089c548fe85310000000000000000000000000000000000000000000000000000000095217d800000000000000000000000000000000000000000000000000000000000000006000000000000000000000000000000000000000000000000000000006b49d200ea51e8c38c6dcf2d50a91e3db4784be38aeaf3728d1ef153b525df484e652345
    │   ├─ [4835] FaultyReads::record(0x8a5c2dad2ae16fc84b82733f634dfb672bd79e90dce25bf0627089c548fe8531) [staticcall]
    │   │   ├─ [2635] Ledger::record(0x8a5c2dad2ae16fc84b82733f634dfb672bd79e90dce25bf0627089c548fe8531) [staticcall]
    │   │   │   └─ ← [Return] 0x98f15a281c3cdd9d4aabe4708ae98ab46688ebb588db2876ee56d2c9413ed691, 3, 1, 0xdcee1a18e773c4e23c675382b23918d0771ae6ff0a7f2c22d3e729874433182522ad273e9b5cb707fadf826bf174c50a895a558924cc7ff0cca702bffbc6c4a20000000000000000000000000000000000000000000000000000000000000001
    │   │   └─ ← [Return] 0x98f15a281c3cdd9d4aabe4708ae98ab46688ebb588db2876ee56d2c9413ed691, 3, 1, 0xdcee1a18e773c4e23c675382b23918d0771ae6ff0a7f2c22d3e729874433182522ad273e9b5cb707fadf826bf174c50a895a558924cc7ff0cca702bffbc6c4a20000000000000000000000000000000000000000000000000000000000000001
    │   ├─ [4188] FaultyReads::record(0xdcee1a18e773c4e23c675382b23918d0771ae6ff0a7f2c22d3e7298744331825) [staticcall]
    │   │   ├─ [2025] Ledger::record(0xdcee1a18e773c4e23c675382b23918d0771ae6ff0a7f2c22d3e7298744331825) [staticcall]
    │   │   │   └─ ← [Return] 0x589d5624cb9167094eb8ee549683bdadc765c77ed4f894308dd376bbebc30019, 1, 1, 0x0000000000000000000000000000000000000000000000000000000000000001
    │   │   └─ ← [Return] 0x589d5624cb9167094eb8ee549683bdadc765c77ed4f894308dd376bbebc30019, 1, 1, 0x0000000000000000000000000000000000000000000000000000000000000001
    │   ├─ [4188] FaultyReads::record(0x22ad273e9b5cb707fadf826bf174c50a895a558924cc7ff0cca702bffbc6c4a2) [staticcall]
    │   │   ├─ [2025] Ledger::record(0x22ad273e9b5cb707fadf826bf174c50a895a558924cc7ff0cca702bffbc6c4a2) [staticcall]
    │   │   │   └─ ← [Return] 0x589d5624cb9167094eb8ee549683bdadc765c77ed4f894308dd376bbebc30019, 2, 1, 0x0000000000000000000000000000000000000000000000000000000000000002
    │   │   └─ ← [Return] 0x589d5624cb9167094eb8ee549683bdadc765c77ed4f894308dd376bbebc30019, 2, 1, 0x0000000000000000000000000000000000000000000000000000000000000002
    │   ├─ emit PaidResult(kind: 0xda8023c667df6ab980fa02ef5b8cc50d0c48259a80691bc26c1bad20621fd2d1, commitment: 0x6cfb9452568f2056811657c4502389dd6583347da136edf03be272f01995ff9b, selection: Selection({ basisAdmission: 12, indexGeneration: 0, rulesEpoch: 8, coreCodeCommitment: 0xc83aa86bb45ee30a8a370e9822039d90787b7ff737127a6ce91a89a72be25e9b, lensId: 0xef9da062af8ad41470d8063e9fb0d12e016db39f90029de6405d4971b8826dc6, subject: 0xf38a5ee5db5fec548416dac4db004d588b5fc06503ad270978d9d8f08e9b64a5, selectedHead: 0x64d7f731269ba262ea51040deb55dda723657338fcd72279dfc3756e73f53375, selectedRevision: 2, selectedAdmission: 10, selectedPublication: 3, selectedAuthor: 0xe05fcC23807536bEe418f142D19fa0d21BB0cfF7, selectedProofKind: 2, pairId: 0x8a5c2dad2ae16fc84b82733f634dfb672bd79e90dce25bf0627089c548fe8531, itemA: 0xdcee1a18e773c4e23c675382b23918d0771ae6ff0a7f2c22d3e7298744331825, itemB: 0x22ad273e9b5cb707fadf826bf174c50a895a558924cc7ff0cca702bffbc6c4a2, mantissa: 2502000000 [2.502e9], scale: 6, observedAt: 1800000000 [1.8e9], note: 0xea51e8c38c6dcf2d50a91e3db4784be38aeaf3728d1ef153b525df484e652345 }), placement: Placement({ position: 0x0000000000000000000000000000000000000000000000000000000000000000, actor: 0x0000000000000000000000000000000000000000, proofKind: 0, revision: 0, admission: 0, publication: 0, basisAdmission: 0, pageStatus: 0, rawTotal: 0, scanned: 0, hydrations: 0, selectedSoFar: 0, mutated: false, ended: false }))
    │   └─ ← [Return] 0x6cfb9452568f2056811657c4502389dd6583347da136edf03be272f01995ff9b, Selection({ basisAdmission: 12, indexGeneration: 0, rulesEpoch: 8, coreCodeCommitment: 0xc83aa86bb45ee30a8a370e9822039d90787b7ff737127a6ce91a89a72be25e9b, lensId: 0xef9da062af8ad41470d8063e9fb0d12e016db39f90029de6405d4971b8826dc6, subject: 0xf38a5ee5db5fec548416dac4db004d588b5fc06503ad270978d9d8f08e9b64a5, selectedHead: 0x64d7f731269ba262ea51040deb55dda723657338fcd72279dfc3756e73f53375, selectedRevision: 2, selectedAdmission: 10, selectedPublication: 3, selectedAuthor: 0xe05fcC23807536bEe418f142D19fa0d21BB0cfF7, selectedProofKind: 2, pairId: 0x8a5c2dad2ae16fc84b82733f634dfb672bd79e90dce25bf0627089c548fe8531, itemA: 0xdcee1a18e773c4e23c675382b23918d0771ae6ff0a7f2c22d3e7298744331825, itemB: 0x22ad273e9b5cb707fadf826bf174c50a895a558924cc7ff0cca702bffbc6c4a2, mantissa: 2502000000 [2.502e9], scale: 6, observedAt: 1800000000 [1.8e9], note: 0xea51e8c38c6dcf2d50a91e3db4784be38aeaf3728d1ef153b525df484e652345 })
    └─ ← [Revert] a zero record firstAdmission is refused

Backtrace:
  at JoinedConsumerTest.test_faulty_actual_reply_zero_or_future_record_first_admission_is_refused_for_quote_pair_and_both_items

[FAIL: a zero selected admission is refused] test_faulty_actual_reply_zero_or_future_selected_and_placement_admissions_are_refused() (gas: 3882825)
Traces:
  [3882825] JoinedConsumerTest::test_faulty_actual_reply_zero_or_future_selected_and_placement_admissions_are_refused()
    ├─ [891393] Actor::execute([Action({ kind: 1, typeId: 0x589d5624cb9167094eb8ee549683bdadc765c77ed4f894308dd376bbebc30019, bodyHashOrRecordId: 0xb10e2d527612073b26eecdfd717e6a320cf44b4afac2b0732d9fcbe2b7fa0cf6, purpose: 0x0000000000000000000000000000000000000000000000000000000000000000, subject: 0x0000000000000000000000000000000000000000000000000000000000000000, role: 0x0000000000000000000000000000000000000000000000000000000000000000, target: 0x0000000000000000000000000000000000000000000000000000000000000000, expectedRevision: 0, salt: 0x0000000000000000000000000000000000000000000000000000000000000000 }), Action({ kind: 1, typeId: 0x589d5624cb9167094eb8ee549683bdadc765c77ed4f894308dd376bbebc30019, bodyHashOrRecordId: 0x405787fa12a823e0f2b7631cc41b3ba8828b3321ca811111fa75cd3aa3bb5ace, purpose: 0x0000000000000000000000000000000000000000000000000000000000000000, subject: 0x0000000000000000000000000000000000000000000000000000000000000000, role: 0x0000000000000000000000000000000000000000000000000000000000000000, target: 0x0000000000000000000000000000000000000000000000000000000000000000, expectedRevision: 0, salt: 0x0000000000000000000000000000000000000000000000000000000000000000 }), Action({ kind: 1, typeId: 0x98f15a281c3cdd9d4aabe4708ae98ab46688ebb588db2876ee56d2c9413ed691, bodyHashOrRecordId: 0xf5ecf0b3e8bbcba6b1c397f7dc2d1eb477cfc0906bae2c0851b77d85666de50e, purpose: 0x0000000000000000000000000000000000000000000000000000000000000000, subject: 0x0000000000000000000000000000000000000000000000000000000000000000, role: 0x0000000000000000000000000000000000000000000000000000000000000000, target: 0x0000000000000000000000000000000000000000000000000000000000000000, expectedRevision: 0, salt: 0x0000000000000000000000000000000000000000000000000000000000000000 })], [0x0000000000000000000000000000000000000000000000000000000000000001, 0x0000000000000000000000000000000000000000000000000000000000000002, 0xdcee1a18e773c4e23c675382b23918d0771ae6ff0a7f2c22d3e729874433182522ad273e9b5cb707fadf826bf174c50a895a558924cc7ff0cca702bffbc6c4a20000000000000000000000000000000000000000000000000000000000000001])
    │   ├─ [2886] Ledger::nonces(Actor: [0xa0Cb889707d426A7A386870A03bc70d1b0697598]) [staticcall]
    │   │   └─ ← [Return] 0
    │   ├─ [881620] Ledger::execute([Action({ kind: 1, typeId: 0x589d5624cb9167094eb8ee549683bdadc765c77ed4f894308dd376bbebc30019, bodyHashOrRecordId: 0xb10e2d527612073b26eecdfd717e6a320cf44b4afac2b0732d9fcbe2b7fa0cf6, purpose: 0x0000000000000000000000000000000000000000000000000000000000000000, subject: 0x0000000000000000000000000000000000000000000000000000000000000000, role: 0x0000000000000000000000000000000000000000000000000000000000000000, target: 0x0000000000000000000000000000000000000000000000000000000000000000, expectedRevision: 0, salt: 0x0000000000000000000000000000000000000000000000000000000000000000 }), Action({ kind: 1, typeId: 0x589d5624cb9167094eb8ee549683bdadc765c77ed4f894308dd376bbebc30019, bodyHashOrRecordId: 0x405787fa12a823e0f2b7631cc41b3ba8828b3321ca811111fa75cd3aa3bb5ace, purpose: 0x0000000000000000000000000000000000000000000000000000000000000000, subject: 0x0000000000000000000000000000000000000000000000000000000000000000, role: 0x0000000000000000000000000000000000000000000000000000000000000000, target: 0x0000000000000000000000000000000000000000000000000000000000000000, expectedRevision: 0, salt: 0x0000000000000000000000000000000000000000000000000000000000000000 }), Action({ kind: 1, typeId: 0x98f15a281c3cdd9d4aabe4708ae98ab46688ebb588db2876ee56d2c9413ed691, bodyHashOrRecordId: 0xf5ecf0b3e8bbcba6b1c397f7dc2d1eb477cfc0906bae2c0851b77d85666de50e, purpose: 0x0000000000000000000000000000000000000000000000000000000000000000, subject: 0x0000000000000000000000000000000000000000000000000000000000000000, role: 0x0000000000000000000000000000000000000000000000000000000000000000, target: 0x0000000000000000000000000000000000000000000000000000000000000000, expectedRevision: 0, salt: 0x0000000000000000000000000000000000000000000000000000000000000000 })], [0x0000000000000000000000000000000000000000000000000000000000000001, 0x0000000000000000000000000000000000000000000000000000000000000002, 0xdcee1a18e773c4e23c675382b23918d0771ae6ff0a7f2c22d3e729874433182522ad273e9b5cb707fadf826bf174c50a895a558924cc7ff0cca702bffbc6c4a20000000000000000000000000000000000000000000000000000000000000001], 0)
    │   │   ├─ [2441] TypeRegistry::epoch() [staticcall]
    │   │   │   └─ ← [Return] 8
    │   │   ├─ [9154] TypeRegistry::typeInfo(0x589d5624cb9167094eb8ee549683bdadc765c77ed4f894308dd376bbebc30019) [staticcall]
    │   │   │   └─ ← [Return] true, 0x0000000000000000000000000000000000000000, 0x0000000000000000000000000000000000000000000000000000000000000000, 0x0000000000000000000000000000000000000000, 0x0000000000000000000000000000000000000000000000000000000000000000, 0, 1
    │   │   ├─ [1154] TypeRegistry::typeInfo(0x589d5624cb9167094eb8ee549683bdadc765c77ed4f894308dd376bbebc30019) [staticcall]
    │   │   │   └─ ← [Return] true, 0x0000000000000000000000000000000000000000, 0x0000000000000000000000000000000000000000000000000000000000000000, 0x0000000000000000000000000000000000000000, 0x0000000000000000000000000000000000000000000000000000000000000000, 0, 1
    │   │   ├─ [9154] TypeRegistry::typeInfo(0x98f15a281c3cdd9d4aabe4708ae98ab46688ebb588db2876ee56d2c9413ed691) [staticcall]
    │   │   │   └─ ← [Return] true, MinBodyAcceptor: [0x15cF58144EF33af1e14b5208015d11F9143E27b9], 0x0f203846922aa3cb964edd7f1e28983ba9cecc624f10670a5a98ad81676a6ad9, MockAcceptor: [0x2e234DAe75C793f67A35089C9d99245E1C58470b], 0x7c1553f35948b2fd1af8aa8aa406670eda53327a8c7142ec78bc1e1534402168, 2, 2
    │   │   ├─ [1154] TypeRegistry::typeInfo(0x589d5624cb9167094eb8ee549683bdadc765c77ed4f894308dd376bbebc30019) [staticcall]
    │   │   │   └─ ← [Return] true, 0x0000000000000000000000000000000000000000, 0x0000000000000000000000000000000000000000000000000000000000000000, 0x0000000000000000000000000000000000000000, 0x0000000000000000000000000000000000000000000000000000000000000000, 0, 1
    │   │   ├─ emit Admitted(author: 0x48dacbce3fd7c9ac95afff5fd0afa396ad586efc33b7febdf55994386455ca80, scope: 0x589d5624cb9167094eb8ee549683bdadc765c77ed4f894308dd376bbebc30019, recordId: 0xdcee1a18e773c4e23c675382b23918d0771ae6ff0a7f2c22d3e7298744331825, admission: 1)
    │   │   ├─ [1154] TypeRegistry::typeInfo(0x589d5624cb9167094eb8ee549683bdadc765c77ed4f894308dd376bbebc30019) [staticcall]
    │   │   │   └─ ← [Return] true, 0x0000000000000000000000000000000000000000, 0x0000000000000000000000000000000000000000000000000000000000000000, 0x0000000000000000000000000000000000000000, 0x0000000000000000000000000000000000000000000000000000000000000000, 0, 1
    │   │   ├─ emit Admitted(author: 0x48dacbce3fd7c9ac95afff5fd0afa396ad586efc33b7febdf55994386455ca80, scope: 0x589d5624cb9167094eb8ee549683bdadc765c77ed4f894308dd376bbebc30019, recordId: 0x22ad273e9b5cb707fadf826bf174c50a895a558924cc7ff0cca702bffbc6c4a2, admission: 2)
    │   │   ├─ [1154] TypeRegistry::typeInfo(0x98f15a281c3cdd9d4aabe4708ae98ab46688ebb588db2876ee56d2c9413ed691) [staticcall]
    │   │   │   └─ ← [Return] true, MinBodyAcceptor: [0x15cF58144EF33af1e14b5208015d11F9143E27b9], 0x0f203846922aa3cb964edd7f1e28983ba9cecc624f10670a5a98ad81676a6ad9, MockAcceptor: [0x2e234DAe75C793f67A35089C9d99245E1C58470b], 0x7c1553f35948b2fd1af8aa8aa406670eda53327a8c7142ec78bc1e1534402168, 2, 2
    │   │   ├─ [7301] TypeRegistry::refTypes(0x98f15a281c3cdd9d4aabe4708ae98ab46688ebb588db2876ee56d2c9413ed691) [staticcall]
    │   │   │   └─ ← [Return] [0x589d5624cb9167094eb8ee549683bdadc765c77ed4f894308dd376bbebc30019, 0x589d5624cb9167094eb8ee549683bdadc765c77ed4f894308dd376bbebc30019]
    │   │   ├─ [447] MinBodyAcceptor::accept(0x98f15a281c3cdd9d4aabe4708ae98ab46688ebb588db2876ee56d2c9413ed691, 0xdcee1a18e773c4e23c675382b23918d0771ae6ff0a7f2c22d3e729874433182522ad273e9b5cb707fadf826bf174c50a895a558924cc7ff0cca702bffbc6c4a20000000000000000000000000000000000000000000000000000000000000001, [0xdcee1a18e773c4e23c675382b23918d0771ae6ff0a7f2c22d3e7298744331825, 0x22ad273e9b5cb707fadf826bf174c50a895a558924cc7ff0cca702bffbc6c4a2]) [staticcall]
    │   │   │   └─ ← [Return] true
    │   │   ├─ [4806] MockAcceptor::accept(0x98f15a281c3cdd9d4aabe4708ae98ab46688ebb588db2876ee56d2c9413ed691, 0xdcee1a18e773c4e23c675382b23918d0771ae6ff0a7f2c22d3e729874433182522ad273e9b5cb707fadf826bf174c50a895a558924cc7ff0cca702bffbc6c4a20000000000000000000000000000000000000000000000000000000000000001, [0xdcee1a18e773c4e23c675382b23918d0771ae6ff0a7f2c22d3e7298744331825, 0x22ad273e9b5cb707fadf826bf174c50a895a558924cc7ff0cca702bffbc6c4a2]) [staticcall]
    │   │   │   └─ ← [Return] true
    │   │   ├─ emit Admitted(author: 0x48dacbce3fd7c9ac95afff5fd0afa396ad586efc33b7febdf55994386455ca80, scope: 0x98f15a281c3cdd9d4aabe4708ae98ab46688ebb588db2876ee56d2c9413ed691, recordId: 0x8a5c2dad2ae16fc84b82733f634dfb672bd79e90dce25bf0627089c548fe8531, admission: 3)
    │   │   ├─ [166303] IndexModule::onAdmission(1, [Effect({ kind: 1, admission: 1, author: 0x48dacbce3fd7c9ac95afff5fd0afa396ad586efc33b7febdf55994386455ca80, recordId: 0xdcee1a18e773c4e23c675382b23918d0771ae6ff0a7f2c22d3e7298744331825, typeId: 0x589d5624cb9167094eb8ee549683bdadc765c77ed4f894308dd376bbebc30019, scopeKey: 0x0000000000000000000000000000000000000000000000000000000000000000, bindingKey: 0x0000000000000000000000000000000000000000000000000000000000000000, bindingOrdinal: 0, target: 0x0000000000000000000000000000000000000000000000000000000000000000, oldTarget: 0x0000000000000000000000000000000000000000000000000000000000000000, freshBinding: false, oldLive: false }), Effect({ kind: 1, admission: 2, author: 0x48dacbce3fd7c9ac95afff5fd0afa396ad586efc33b7febdf55994386455ca80, recordId: 0x22ad273e9b5cb707fadf826bf174c50a895a558924cc7ff0cca702bffbc6c4a2, typeId: 0x589d5624cb9167094eb8ee549683bdadc765c77ed4f894308dd376bbebc30019, scopeKey: 0x0000000000000000000000000000000000000000000000000000000000000000, bindingKey: 0x0000000000000000000000000000000000000000000000000000000000000000, bindingOrdinal: 0, target: 0x0000000000000000000000000000000000000000000000000000000000000000, oldTarget: 0x0000000000000000000000000000000000000000000000000000000000000000, freshBinding: false, oldLive: false }), Effect({ kind: 1, admission: 3, author: 0x48dacbce3fd7c9ac95afff5fd0afa396ad586efc33b7febdf55994386455ca80, recordId: 0x8a5c2dad2ae16fc84b82733f634dfb672bd79e90dce25bf0627089c548fe8531, typeId: 0x98f15a281c3cdd9d4aabe4708ae98ab46688ebb588db2876ee56d2c9413ed691, scopeKey: 0x0000000000000000000000000000000000000000000000000000000000000000, bindingKey: 0x0000000000000000000000000000000000000000000000000000000000000000, bindingOrdinal: 0, target: 0x0000000000000000000000000000000000000000000000000000000000000000, oldTarget: 0x0000000000000000000000000000000000000000000000000000000000000000, freshBinding: false, oldLive: false })])
    │   │   │   └─ ← [Stop]
    │   │   ├─ emit Published(publication: 1, publicationId: 0x144e9c035109391c28999747345d055a5ca82255e50b27a89c5f9b2c697ff3d4, author: Actor: [0xa0Cb889707d426A7A386870A03bc70d1b0697598], proofKind: 1, firstAdmission: 1, leafCount: 3)
    │   │   └─ ← [Return] 1, 1
    │   └─ ← [Return] 1, 1
    ├─ [2635] Ledger::record(0x8a5c2dad2ae16fc84b82733f634dfb672bd79e90dce25bf0627089c548fe8531) [staticcall]
    │   └─ ← [Return] 0x98f15a281c3cdd9d4aabe4708ae98ab46688ebb588db2876ee56d2c9413ed691, 3, 1, 0xdcee1a18e773c4e23c675382b23918d0771ae6ff0a7f2c22d3e729874433182522ad273e9b5cb707fadf826bf174c50a895a558924cc7ff0cca702bffbc6c4a20000000000000000000000000000000000000000000000000000000000000001
    ├─ [3594] Ledger::principalOf(0xe05fcC23807536bEe418f142D19fa0d21BB0cfF7) [staticcall]
    │   └─ ← [Return] 0x000000000000000000000000e05fcc23807536bee418f142d19fa0d21bb0cff7
    ├─ [395] Ledger::realmId() [staticcall]
    │   └─ ← [Return] 0x684016e05741dc9d511ff3520a16e1da90a35be14b76f9e12ef0287b9beae39f
    ├─ [0] VM::addr(<pk>) [staticcall]
    │   └─ ← [Return] 0xe05fcC23807536bEe418f142D19fa0d21BB0cfF7
    ├─ [15765] Ledger::acceptanceProfileOf([Action({ kind: 5, typeId: 0x0000000000000000000000000000000000000000000000000000000000000000, bodyHashOrRecordId: 0x0000000000000000000000000000000000000000000000000000000000000000, purpose: 0x0000000000000000000000000000000000000000000000000000000000000000, subject: 0x0000000000000000000000000000000000000000000000000000000000000000, role: 0x0000000000000000000000000000000000000000000000000000000000000000, target: 0x0000000000000000000000000000000000000000000000000000000000000000, expectedRevision: 0, salt: 0x0000000000000000000000000000000000000000000000000000000000000001 }), Action({ kind: 1, typeId: 0x2db40fc5c9f87fff9029aba18f5e7a0bf1ffaee89f584eb521b7395c0d57ea21, bodyHashOrRecordId: 0x8d2f0b7b4cd24cd9347501f0b05605482e3b4712abaaee32c1287eef69eefc55, purpose: 0x0000000000000000000000000000000000000000000000000000000000000000, subject: 0x0000000000000000000000000000000000000000000000000000000000000000, role: 0x0000000000000000000000000000000000000000000000000000000000000000, target: 0x0000000000000000000000000000000000000000000000000000000000000000, expectedRevision: 0, salt: 0x0000000000000000000000000000000000000000000000000000000000000000 }), Action({ kind: 3, typeId: 0x0000000000000000000000000000000000000000000000000000000000000000, bodyHashOrRecordId: 0x0000000000000000000000000000000000000000000000000000000000000000, purpose: 0x07167a05890e9fcaccbdf11abbb65a3aa14bccfe41825ce441803003862ce5df, subject: 0xf38a5ee5db5fec548416dac4db004d588b5fc06503ad270978d9d8f08e9b64a5, role: 0x0000000000000000000000000000000000000000000000000000000000000000, target: 0x939cfd72923d10d615557ff0b6c7b19b5f259692e9a71fb6c5f9b5ce03046655, expectedRevision: 0, salt: 0x0000000000000000000000000000000000000000000000000000000000000000 }), Action({ kind: 3, typeId: 0x0000000000000000000000000000000000000000000000000000000000000000, bodyHashOrRecordId: 0x0000000000000000000000000000000000000000000000000000000000000000, purpose: 0x58de23804076d1b785b7479ab38fe6ada246e62164776702f51a1c48ef98cf99, subject: 0x6b8f0ae148ccfbd232f2f5088f5758ca8158d5a69aaabdc7fd072cbf75be2dc9, role: 0xc7c63b8bafc33aa5221fea52672881776f7b9d1aa8eebc29f8c758178230dd1a, target: 0xf38a5ee5db5fec548416dac4db004d588b5fc06503ad270978d9d8f08e9b64a5, expectedRevision: 0, salt: 0x0000000000000000000000000000000000000000000000000000000000000000 }), Action({ kind: 3, typeId: 0x0000000000000000000000000000000000000000000000000000000000000000, bodyHashOrRecordId: 0x0000000000000000000000000000000000000000000000000000000000000000, purpose: 0x073e0a1a729959d841354dbb760bf57802acc034630defb75862e5dda0f72c18, subject: 0xf38a5ee5db5fec548416dac4db004d588b5fc06503ad270978d9d8f08e9b64a5, role: 0x8b30951df380b6b10da747e1167dd8e40bf8604c88c75b245dc172767f3b7320, target: 0xf38a5ee5db5fec548416dac4db004d588b5fc06503ad270978d9d8f08e9b64a5, expectedRevision: 0, salt: 0x0000000000000000000000000000000000000000000000000000000000000000 })]) [staticcall]
    │   ├─ [441] TypeRegistry::epoch() [staticcall]
    │   │   └─ ← [Return] 8
    │   ├─ [9154] TypeRegistry::typeInfo(0x2db40fc5c9f87fff9029aba18f5e7a0bf1ffaee89f584eb521b7395c0d57ea21) [staticcall]
    │   │   └─ ← [Return] true, QuoteAcceptor: [0x212224D2F2d262cd093eE13240ca4873fcCBbA3C], 0xa7499e4b804d8895cefb1463a08dee2517de9717eaba15d470e841cd00367fff, 0x0000000000000000000000000000000000000000, 0x0000000000000000000000000000000000000000000000000000000000000000, 1, 1
    │   └─ ← [Return] 0x27c4b27f2a80612b8349140160135b1a3d706a892faa2070ed01fff483a91981
    ├─ [1272] Ledger::indexObligations() [staticcall]
    │   └─ ← [Return] 0x198a8c3d2513950024fade14c5735abfaafdd906f7f8f6e9cf84d9c790ea7789
    ├─ [2244] Ledger::intentDigest(Intent({ realmId: 0x684016e05741dc9d511ff3520a16e1da90a35be14b76f9e12ef0287b9beae39f, coreCodeCommitment: 0x8d8515f6c3bcfe36ad7422c67ece284c215a5b79e1ee2cc5afdd3f63d7cddcbe, author: 0xe05fcC23807536bEe418f142D19fa0d21BB0cfF7, nonce: 0, deadline: 1700003600 [1.7e9], acceptanceProfile: 0x27c4b27f2a80612b8349140160135b1a3d706a892faa2070ed01fff483a91981, indexObligations: 0x198a8c3d2513950024fade14c5735abfaafdd906f7f8f6e9cf84d9c790ea7789 }), 0x30c303461ab5b4048d0b87a7232e523cbbdab8e5926abe9e0f6d0adcab830dd9) [staticcall]
    │   └─ ← [Return] 0xc4bd32471d646315287d2486baa8555e443c4a21f011e453c04aa4a97d3e430e
    ├─ [0] VM::sign("<pk>", 0xc4bd32471d646315287d2486baa8555e443c4a21f011e453c04aa4a97d3e430e) [staticcall]
    │   └─ ← [Return] 27, 0xcb6d7e75ab60dbd3cae6faaef572cd4581c4900fc45a323641421a2ed57d151a, 0x53bbcf248f10670c094e8047888def3be26823fa55fed68c338f33a0dd08edca
    ├─ [1545944] Ledger::executeSigned(Intent({ realmId: 0x684016e05741dc9d511ff3520a16e1da90a35be14b76f9e12ef0287b9beae39f, coreCodeCommitment: 0x8d8515f6c3bcfe36ad7422c67ece284c215a5b79e1ee2cc5afdd3f63d7cddcbe, author: 0xe05fcC23807536bEe418f142D19fa0d21BB0cfF7, nonce: 0, deadline: 1700003600 [1.7e9], acceptanceProfile: 0x27c4b27f2a80612b8349140160135b1a3d706a892faa2070ed01fff483a91981, indexObligations: 0x198a8c3d2513950024fade14c5735abfaafdd906f7f8f6e9cf84d9c790ea7789 }), [Action({ kind: 5, typeId: 0x0000000000000000000000000000000000000000000000000000000000000000, bodyHashOrRecordId: 0x0000000000000000000000000000000000000000000000000000000000000000, purpose: 0x0000000000000000000000000000000000000000000000000000000000000000, subject: 0x0000000000000000000000000000000000000000000000000000000000000000, role: 0x0000000000000000000000000000000000000000000000000000000000000000, target: 0x0000000000000000000000000000000000000000000000000000000000000000, expectedRevision: 0, salt: 0x0000000000000000000000000000000000000000000000000000000000000001 }), Action({ kind: 1, typeId: 0x2db40fc5c9f87fff9029aba18f5e7a0bf1ffaee89f584eb521b7395c0d57ea21, bodyHashOrRecordId: 0x8d2f0b7b4cd24cd9347501f0b05605482e3b4712abaaee32c1287eef69eefc55, purpose: 0x0000000000000000000000000000000000000000000000000000000000000000, subject: 0x0000000000000000000000000000000000000000000000000000000000000000, role: 0x0000000000000000000000000000000000000000000000000000000000000000, target: 0x0000000000000000000000000000000000000000000000000000000000000000, expectedRevision: 0, salt: 0x0000000000000000000000000000000000000000000000000000000000000000 }), Action({ kind: 3, typeId: 0x0000000000000000000000000000000000000000000000000000000000000000, bodyHashOrRecordId: 0x0000000000000000000000000000000000000000000000000000000000000000, purpose: 0x07167a05890e9fcaccbdf11abbb65a3aa14bccfe41825ce441803003862ce5df, subject: 0xf38a5ee5db5fec548416dac4db004d588b5fc06503ad270978d9d8f08e9b64a5, role: 0x0000000000000000000000000000000000000000000000000000000000000000, target: 0x939cfd72923d10d615557ff0b6c7b19b5f259692e9a71fb6c5f9b5ce03046655, expectedRevision: 0, salt: 0x0000000000000000000000000000000000000000000000000000000000000000 }), Action({ kind: 3, typeId: 0x0000000000000000000000000000000000000000000000000000000000000000, bodyHashOrRecordId: 0x0000000000000000000000000000000000000000000000000000000000000000, purpose: 0x58de23804076d1b785b7479ab38fe6ada246e62164776702f51a1c48ef98cf99, subject: 0x6b8f0ae148ccfbd232f2f5088f5758ca8158d5a69aaabdc7fd072cbf75be2dc9, role: 0xc7c63b8bafc33aa5221fea52672881776f7b9d1aa8eebc29f8c758178230dd1a, target: 0xf38a5ee5db5fec548416dac4db004d588b5fc06503ad270978d9d8f08e9b64a5, expectedRevision: 0, salt: 0x0000000000000000000000000000000000000000000000000000000000000000 }), Action({ kind: 3, typeId: 0x0000000000000000000000000000000000000000000000000000000000000000, bodyHashOrRecordId: 0x0000000000000000000000000000000000000000000000000000000000000000, purpose: 0x073e0a1a729959d841354dbb760bf57802acc034630defb75862e5dda0f72c18, subject: 0xf38a5ee5db5fec548416dac4db004d588b5fc06503ad270978d9d8f08e9b64a5, role: 0x8b30951df380b6b10da747e1167dd8e40bf8604c88c75b245dc172767f3b7320, target: 0xf38a5ee5db5fec548416dac4db004d588b5fc06503ad270978d9d8f08e9b64a5, expectedRevision: 0, salt: 0x0000000000000000000000000000000000000000000000000000000000000000 })], [0x, 0x8a5c2dad2ae16fc84b82733f634dfb672bd79e90dce25bf0627089c548fe8531000000000000000000000000000000000000000000000000000000009502f9000000000000000000000000000000000000000000000000000000000000000006000000000000000000000000000000000000000000000000000000006b49d200ea51e8c38c6dcf2d50a91e3db4784be38aeaf3728d1ef153b525df484e652345, 0x, 0x, 0x], 0xcb6d7e75ab60dbd3cae6faaef572cd4581c4900fc45a323641421a2ed57d151a53bbcf248f10670c094e8047888def3be26823fa55fed68c338f33a0dd08edca1b)
    │   ├─ [441] TypeRegistry::epoch() [staticcall]
    │   │   └─ ← [Return] 8
    │   ├─ [1154] TypeRegistry::typeInfo(0x2db40fc5c9f87fff9029aba18f5e7a0bf1ffaee89f584eb521b7395c0d57ea21) [staticcall]
    │   │   └─ ← [Return] true, QuoteAcceptor: [0x212224D2F2d262cd093eE13240ca4873fcCBbA3C], 0xa7499e4b804d8895cefb1463a08dee2517de9717eaba15d470e841cd00367fff, 0x0000000000000000000000000000000000000000, 0x0000000000000000000000000000000000000000000000000000000000000000, 1, 1
    │   ├─ [3000] PRECOMPILES::ecrecover(0xc4bd32471d646315287d2486baa8555e443c4a21f011e453c04aa4a97d3e430e, 27, 92012967384865623632945752460569903409982503062909024531648367586760210584858, 37873796480642939085749953822188206190785572794190192727419073061771283066314) [staticcall]
    │   │   └─ ← [Return] 0xe05fcC23807536bEe418f142D19fa0d21BB0cfF7
    │   ├─ emit Admitted(author: 0x000000000000000000000000e05fcc23807536bee418f142d19fa0d21bb0cff7, scope: 0xf38a5ee5db5fec548416dac4db004d588b5fc06503ad270978d9d8f08e9b64a5, recordId: 0x0000000000000000000000000000000000000000000000000000000000000000, admission: 4)
    │   ├─ [1154] TypeRegistry::typeInfo(0x2db40fc5c9f87fff9029aba18f5e7a0bf1ffaee89f584eb521b7395c0d57ea21) [staticcall]
    │   │   └─ ← [Return] true, QuoteAcceptor: [0x212224D2F2d262cd093eE13240ca4873fcCBbA3C], 0xa7499e4b804d8895cefb1463a08dee2517de9717eaba15d470e841cd00367fff, 0x0000000000000000000000000000000000000000, 0x0000000000000000000000000000000000000000000000000000000000000000, 1, 1
    │   ├─ [5038] TypeRegistry::refTypes(0x2db40fc5c9f87fff9029aba18f5e7a0bf1ffaee89f584eb521b7395c0d57ea21) [staticcall]
    │   │   └─ ← [Return] [0x98f15a281c3cdd9d4aabe4708ae98ab46688ebb588db2876ee56d2c9413ed691]
    │   ├─ [998] QuoteAcceptor::accept(0x2db40fc5c9f87fff9029aba18f5e7a0bf1ffaee89f584eb521b7395c0d57ea21, 0x8a5c2dad2ae16fc84b82733f634dfb672bd79e90dce25bf0627089c548fe8531000000000000000000000000000000000000000000000000000000009502f9000000000000000000000000000000000000000000000000000000000000000006000000000000000000000000000000000000000000000000000000006b49d200ea51e8c38c6dcf2d50a91e3db4784be38aeaf3728d1ef153b525df484e652345, [0x8a5c2dad2ae16fc84b82733f634dfb672bd79e90dce25bf0627089c548fe8531]) [staticcall]
    │   │   └─ ← [Return] true
    │   ├─ emit Admitted(author: 0x000000000000000000000000e05fcc23807536bee418f142d19fa0d21bb0cff7, scope: 0x2db40fc5c9f87fff9029aba18f5e7a0bf1ffaee89f584eb521b7395c0d57ea21, recordId: 0x939cfd72923d10d615557ff0b6c7b19b5f259692e9a71fb6c5f9b5ce03046655, admission: 5)
    │   ├─ [2421] TypeRegistry::bindingRefType(0x07167a05890e9fcaccbdf11abbb65a3aa14bccfe41825ce441803003862ce5df, 0x0000000000000000000000000000000000000000000000000000000000000000) [staticcall]
    │   │   └─ ← [Return] 0x0000000000000000000000000000000000000000000000000000000000000000
    │   ├─ emit Admitted(author: 0x000000000000000000000000e05fcc23807536bee418f142d19fa0d21bb0cff7, scope: 0xd3ca2016fab275e3e54c75668977603dc0be5313a91cff6394ad3110dadc1054, recordId: 0x939cfd72923d10d615557ff0b6c7b19b5f259692e9a71fb6c5f9b5ce03046655, admission: 6)
    │   ├─ [2421] TypeRegistry::bindingRefType(0x58de23804076d1b785b7479ab38fe6ada246e62164776702f51a1c48ef98cf99, 0xc7c63b8bafc33aa5221fea52672881776f7b9d1aa8eebc29f8c758178230dd1a) [staticcall]
    │   │   └─ ← [Return] 0x0000000000000000000000000000000000000000000000000000000000000000
    │   ├─ emit Admitted(author: 0x000000000000000000000000e05fcc23807536bee418f142d19fa0d21bb0cff7, scope: 0xacdedd9616efb976bfcf2fa693c5d69d7b8be8854803dfd98ce51a3721bd8189, recordId: 0xf38a5ee5db5fec548416dac4db004d588b5fc06503ad270978d9d8f08e9b64a5, admission: 7)
    │   ├─ [2421] TypeRegistry::bindingRefType(0x073e0a1a729959d841354dbb760bf57802acc034630defb75862e5dda0f72c18, 0x8b30951df380b6b10da747e1167dd8e40bf8604c88c75b245dc172767f3b7320) [staticcall]
    │   │   └─ ← [Return] 0x0000000000000000000000000000000000000000000000000000000000000000
    │   ├─ emit Admitted(author: 0x000000000000000000000000e05fcc23807536bee418f142d19fa0d21bb0cff7, scope: 0xec70f47d0d57410e68dc860f66f319dfda74a14898c536db8a545c8775919a8f, recordId: 0xf38a5ee5db5fec548416dac4db004d588b5fc06503ad270978d9d8f08e9b64a5, admission: 8)
    │   ├─ [461775] IndexModule::onAdmission(2, [Effect({ kind: 5, admission: 4, author: 0x000000000000000000000000e05fcc23807536bee418f142d19fa0d21bb0cff7, recordId: 0xf38a5ee5db5fec548416dac4db004d588b5fc06503ad270978d9d8f08e9b64a5, typeId: 0x0000000000000000000000000000000000000000000000000000000000000000, scopeKey: 0x0000000000000000000000000000000000000000000000000000000000000000, bindingKey: 0x0000000000000000000000000000000000000000000000000000000000000000, bindingOrdinal: 0, target: 0x0000000000000000000000000000000000000000000000000000000000000000, oldTarget: 0x0000000000000000000000000000000000000000000000000000000000000000, freshBinding: false, oldLive: false }), Effect({ kind: 1, admission: 5, author: 0x000000000000000000000000e05fcc23807536bee418f142d19fa0d21bb0cff7, recordId: 0x939cfd72923d10d615557ff0b6c7b19b5f259692e9a71fb6c5f9b5ce03046655, typeId: 0x2db40fc5c9f87fff9029aba18f5e7a0bf1ffaee89f584eb521b7395c0d57ea21, scopeKey: 0x0000000000000000000000000000000000000000000000000000000000000000, bindingKey: 0x0000000000000000000000000000000000000000000000000000000000000000, bindingOrdinal: 0, target: 0x0000000000000000000000000000000000000000000000000000000000000000, oldTarget: 0x0000000000000000000000000000000000000000000000000000000000000000, freshBinding: false, oldLive: false }), Effect({ kind: 3, admission: 6, author: 0x000000000000000000000000e05fcc23807536bee418f142d19fa0d21bb0cff7, recordId: 0x939cfd72923d10d615557ff0b6c7b19b5f259692e9a71fb6c5f9b5ce03046655, typeId: 0x2db40fc5c9f87fff9029aba18f5e7a0bf1ffaee89f584eb521b7395c0d57ea21, scopeKey: 0xd3ca2016fab275e3e54c75668977603dc0be5313a91cff6394ad3110dadc1054, bindingKey: 0xe3b433d16bd73e36cfc64a9a8527d5263f36c648ccd5018f16a29e74790027ab, bindingOrdinal: 1, target: 0x939cfd72923d10d615557ff0b6c7b19b5f259692e9a71fb6c5f9b5ce03046655, oldTarget: 0x0000000000000000000000000000000000000000000000000000000000000000, freshBinding: true, oldLive: false }), Effect({ kind: 3, admission: 7, author: 0x000000000000000000000000e05fcc23807536bee418f142d19fa0d21bb0cff7, recordId: 0xf38a5ee5db5fec548416dac4db004d588b5fc06503ad270978d9d8f08e9b64a5, typeId: 0x0000000000000000000000000000000000000000000000000000000000000000, scopeKey: 0xacdedd9616efb976bfcf2fa693c5d69d7b8be8854803dfd98ce51a3721bd8189, bindingKey: 0x29508140ed11e00d75e205718444b4113acbf972f7a05504f874edbf99694dbe, bindingOrdinal: 2, target: 0xf38a5ee5db5fec548416dac4db004d588b5fc06503ad270978d9d8f08e9b64a5, oldTarget: 0x0000000000000000000000000000000000000000000000000000000000000000, freshBinding: true, oldLive: false }), Effect({ kind: 3, admission: 8, author: 0x000000000000000000000000e05fcc23807536bee418f142d19fa0d21bb0cff7, recordId: 0xf38a5ee5db5fec548416dac4db004d588b5fc06503ad270978d9d8f08e9b64a5, typeId: 0x0000000000000000000000000000000000000000000000000000000000000000, scopeKey: 0xec70f47d0d57410e68dc860f66f319dfda74a14898c536db8a545c8775919a8f, bindingKey: 0x5765e6449d8537404367461493bd3f00b858fdd9908ec83aeb08973f0198e8ea, bindingOrdinal: 3, target: 0xf38a5ee5db5fec548416dac4db004d588b5fc06503ad270978d9d8f08e9b64a5, oldTarget: 0x0000000000000000000000000000000000000000000000000000000000000000, freshBinding: true, oldLive: false })])
    │   │   └─ ← [Stop]
    │   ├─ emit Published(publication: 2, publicationId: 0x333b1376b2bed9c401e734be6afa80809fb8adfebe48893eea92d1e72a24faa6, author: 0xe05fcC23807536bEe418f142D19fa0d21BB0cfF7, proofKind: 2, firstAdmission: 4, leafCount: 5)
    │   └─ ← [Return] 2, 4
    ├─ [395] Ledger::realmId() [staticcall]
    │   └─ ← [Return] 0x684016e05741dc9d511ff3520a16e1da90a35be14b76f9e12ef0287b9beae39f
    ├─ [0] VM::addr(<pk>) [staticcall]
    │   └─ ← [Return] 0xe05fcC23807536bEe418f142D19fa0d21BB0cfF7
    ├─ [5608] Ledger::acceptanceProfileOf([Action({ kind: 1, typeId: 0x2db40fc5c9f87fff9029aba18f5e7a0bf1ffaee89f584eb521b7395c0d57ea21, bodyHashOrRecordId: 0xa66176d11ba275a73932a6b1884a1dfef19440c0fc76d37ba68a539e65bfa1ba, purpose: 0x0000000000000000000000000000000000000000000000000000000000000000, subject: 0x0000000000000000000000000000000000000000000000000000000000000000, role: 0x0000000000000000000000000000000000000000000000000000000000000000, target: 0x0000000000000000000000000000000000000000000000000000000000000000, expectedRevision: 0, salt: 0x0000000000000000000000000000000000000000000000000000000000000000 }), Action({ kind: 3, typeId: 0x0000000000000000000000000000000000000000000000000000000000000000, bodyHashOrRecordId: 0x0000000000000000000000000000000000000000000000000000000000000000, purpose: 0x07167a05890e9fcaccbdf11abbb65a3aa14bccfe41825ce441803003862ce5df, subject: 0xf38a5ee5db5fec548416dac4db004d588b5fc06503ad270978d9d8f08e9b64a5, role: 0x0000000000000000000000000000000000000000000000000000000000000000, target: 0x64d7f731269ba262ea51040deb55dda723657338fcd72279dfc3756e73f53375, expectedRevision: 1, salt: 0x0000000000000000000000000000000000000000000000000000000000000000 })]) [staticcall]
    │   ├─ [441] TypeRegistry::epoch() [staticcall]
    │   │   └─ ← [Return] 8
    │   ├─ [1154] TypeRegistry::typeInfo(0x2db40fc5c9f87fff9029aba18f5e7a0bf1ffaee89f584eb521b7395c0d57ea21) [staticcall]
    │   │   └─ ← [Return] true, QuoteAcceptor: [0x212224D2F2d262cd093eE13240ca4873fcCBbA3C], 0xa7499e4b804d8895cefb1463a08dee2517de9717eaba15d470e841cd00367fff, 0x0000000000000000000000000000000000000000, 0x0000000000000000000000000000000000000000000000000000000000000000, 1, 1
    │   └─ ← [Return] 0x27c4b27f2a80612b8349140160135b1a3d706a892faa2070ed01fff483a91981
    ├─ [1272] Ledger::indexObligations() [staticcall]
    │   └─ ← [Return] 0x198a8c3d2513950024fade14c5735abfaafdd906f7f8f6e9cf84d9c790ea7789
    ├─ [2244] Ledger::intentDigest(Intent({ realmId: 0x684016e05741dc9d511ff3520a16e1da90a35be14b76f9e12ef0287b9beae39f, coreCodeCommitment: 0x8d8515f6c3bcfe36ad7422c67ece284c215a5b79e1ee2cc5afdd3f63d7cddcbe, author: 0xe05fcC23807536bEe418f142D19fa0d21BB0cfF7, nonce: 1, deadline: 1700003600 [1.7e9], acceptanceProfile: 0x27c4b27f2a80612b8349140160135b1a3d706a892faa2070ed01fff483a91981, indexObligations: 0x198a8c3d2513950024fade14c5735abfaafdd906f7f8f6e9cf84d9c790ea7789 }), 0x0e7fc757fe2f23d26bc570d71b2b93aeff49dda67b92adc14736e10ef47ec0f3) [staticcall]
    │   └─ ← [Return] 0xd7315933bb28942cada9ccd3ec8ad3c999b6c0e95e9620cb711aa49710ac42aa
    ├─ [0] VM::sign("<pk>", 0xd7315933bb28942cada9ccd3ec8ad3c999b6c0e95e9620cb711aa49710ac42aa) [staticcall]
    │   └─ ← [Return] 27, 0x28f4db7c8c7882834a2f8edcfb723cf2beb8308d666913950a529c82aa6a1352, 0x45a8a4ccb4b136fd63c40707b3084ad295cc7fb062cca9a1e7f8b3bfb92ceb85
    ├─ [541677] Ledger::executeSigned(Intent({ realmId: 0x684016e05741dc9d511ff3520a16e1da90a35be14b76f9e12ef0287b9beae39f, coreCodeCommitment: 0x8d8515f6c3bcfe36ad7422c67ece284c215a5b79e1ee2cc5afdd3f63d7cddcbe, author: 0xe05fcC23807536bEe418f142D19fa0d21BB0cfF7, nonce: 1, deadline: 1700003600 [1.7e9], acceptanceProfile: 0x27c4b27f2a80612b8349140160135b1a3d706a892faa2070ed01fff483a91981, indexObligations: 0x198a8c3d2513950024fade14c5735abfaafdd906f7f8f6e9cf84d9c790ea7789 }), [Action({ kind: 1, typeId: 0x2db40fc5c9f87fff9029aba18f5e7a0bf1ffaee89f584eb521b7395c0d57ea21, bodyHashOrRecordId: 0xa66176d11ba275a73932a6b1884a1dfef19440c0fc76d37ba68a539e65bfa1ba, purpose: 0x0000000000000000000000000000000000000000000000000000000000000000, subject: 0x0000000000000000000000000000000000000000000000000000000000000000, role: 0x0000000000000000000000000000000000000000000000000000000000000000, target: 0x0000000000000000000000000000000000000000000000000000000000000000, expectedRevision: 0, salt: 0x0000000000000000000000000000000000000000000000000000000000000000 }), Action({ kind: 3, typeId: 0x0000000000000000000000000000000000000000000000000000000000000000, bodyHashOrRecordId: 0x0000000000000000000000000000000000000000000000000000000000000000, purpose: 0x07167a05890e9fcaccbdf11abbb65a3aa14bccfe41825ce441803003862ce5df, subject: 0xf38a5ee5db5fec548416dac4db004d588b5fc06503ad270978d9d8f08e9b64a5, role: 0x0000000000000000000000000000000000000000000000000000000000000000, target: 0x64d7f731269ba262ea51040deb55dda723657338fcd72279dfc3756e73f53375, expectedRevision: 1, salt: 0x0000000000000000000000000000000000000000000000000000000000000000 })], [0x8a5c2dad2ae16fc84b82733f634dfb672bd79e90dce25bf0627089c548fe85310000000000000000000000000000000000000000000000000000000095217d800000000000000000000000000000000000000000000000000000000000000006000000000000000000000000000000000000000000000000000000006b49d200ea51e8c38c6dcf2d50a91e3db4784be38aeaf3728d1ef153b525df484e652345, 0x], 0x28f4db7c8c7882834a2f8edcfb723cf2beb8308d666913950a529c82aa6a135245a8a4ccb4b136fd63c40707b3084ad295cc7fb062cca9a1e7f8b3bfb92ceb851b)
    │   ├─ [441] TypeRegistry::epoch() [staticcall]
    │   │   └─ ← [Return] 8
    │   ├─ [1154] TypeRegistry::typeInfo(0x2db40fc5c9f87fff9029aba18f5e7a0bf1ffaee89f584eb521b7395c0d57ea21) [staticcall]
    │   │   └─ ← [Return] true, QuoteAcceptor: [0x212224D2F2d262cd093eE13240ca4873fcCBbA3C], 0xa7499e4b804d8895cefb1463a08dee2517de9717eaba15d470e841cd00367fff, 0x0000000000000000000000000000000000000000, 0x0000000000000000000000000000000000000000000000000000000000000000, 1, 1
    │   ├─ [3000] PRECOMPILES::ecrecover(0xd7315933bb28942cada9ccd3ec8ad3c999b6c0e95e9620cb711aa49710ac42aa, 27, 18525139467413210867882826948906531348062280998234340856406121334043312788306, 31507554264387257558530153093946643964566592928269414207268672013515356957573) [staticcall]
    │   │   └─ ← [Return] 0xe05fcC23807536bEe418f142D19fa0d21BB0cfF7
    │   ├─ [1154] TypeRegistry::typeInfo(0x2db40fc5c9f87fff9029aba18f5e7a0bf1ffaee89f584eb521b7395c0d57ea21) [staticcall]
    │   │   └─ ← [Return] true, QuoteAcceptor: [0x212224D2F2d262cd093eE13240ca4873fcCBbA3C], 0xa7499e4b804d8895cefb1463a08dee2517de9717eaba15d470e841cd00367fff, 0x0000000000000000000000000000000000000000, 0x0000000000000000000000000000000000000000000000000000000000000000, 1, 1
    │   ├─ [1038] TypeRegistry::refTypes(0x2db40fc5c9f87fff9029aba18f5e7a0bf1ffaee89f584eb521b7395c0d57ea21) [staticcall]
    │   │   └─ ← [Return] [0x98f15a281c3cdd9d4aabe4708ae98ab46688ebb588db2876ee56d2c9413ed691]
    │   ├─ [998] QuoteAcceptor::accept(0x2db40fc5c9f87fff9029aba18f5e7a0bf1ffaee89f584eb521b7395c0d57ea21, 0x8a5c2dad2ae16fc84b82733f634dfb672bd79e90dce25bf0627089c548fe85310000000000000000000000000000000000000000000000000000000095217d800000000000000000000000000000000000000000000000000000000000000006000000000000000000000000000000000000000000000000000000006b49d200ea51e8c38c6dcf2d50a91e3db4784be38aeaf3728d1ef153b525df484e652345, [0x8a5c2dad2ae16fc84b82733f634dfb672bd79e90dce25bf0627089c548fe8531]) [staticcall]
    │   │   └─ ← [Return] true
    │   ├─ emit Admitted(author: 0x000000000000000000000000e05fcc23807536bee418f142d19fa0d21bb0cff7, scope: 0x2db40fc5c9f87fff9029aba18f5e7a0bf1ffaee89f584eb521b7395c0d57ea21, recordId: 0x64d7f731269ba262ea51040deb55dda723657338fcd72279dfc3756e73f53375, admission: 9)
    │   ├─ [421] TypeRegistry::bindingRefType(0x07167a05890e9fcaccbdf11abbb65a3aa14bccfe41825ce441803003862ce5df, 0x0000000000000000000000000000000000000000000000000000000000000000) [staticcall]
    │   │   └─ ← [Return] 0x0000000000000000000000000000000000000000000000000000000000000000
    │   ├─ emit Admitted(author: 0x000000000000000000000000e05fcc23807536bee418f142d19fa0d21bb0cff7, scope: 0xd3ca2016fab275e3e54c75668977603dc0be5313a91cff6394ad3110dadc1054, recordId: 0x64d7f731269ba262ea51040deb55dda723657338fcd72279dfc3756e73f53375, admission: 10)
    │   ├─ [54286] IndexModule::onAdmission(3, [Effect({ kind: 1, admission: 9, author: 0x000000000000000000000000e05fcc23807536bee418f142d19fa0d21bb0cff7, recordId: 0x64d7f731269ba262ea51040deb55dda723657338fcd72279dfc3756e73f53375, typeId: 0x2db40fc5c9f87fff9029aba18f5e7a0bf1ffaee89f584eb521b7395c0d57ea21, scopeKey: 0x0000000000000000000000000000000000000000000000000000000000000000, bindingKey: 0x0000000000000000000000000000000000000000000000000000000000000000, bindingOrdinal: 0, target: 0x0000000000000000000000000000000000000000000000000000000000000000, oldTarget: 0x0000000000000000000000000000000000000000000000000000000000000000, freshBinding: false, oldLive: false }), Effect({ kind: 3, admission: 10, author: 0x000000000000000000000000e05fcc23807536bee418f142d19fa0d21bb0cff7, recordId: 0x64d7f731269ba262ea51040deb55dda723657338fcd72279dfc3756e73f53375, typeId: 0x2db40fc5c9f87fff9029aba18f5e7a0bf1ffaee89f584eb521b7395c0d57ea21, scopeKey: 0xd3ca2016fab275e3e54c75668977603dc0be5313a91cff6394ad3110dadc1054, bindingKey: 0xe3b433d16bd73e36cfc64a9a8527d5263f36c648ccd5018f16a29e74790027ab, bindingOrdinal: 1, target: 0x64d7f731269ba262ea51040deb55dda723657338fcd72279dfc3756e73f53375, oldTarget: 0x939cfd72923d10d615557ff0b6c7b19b5f259692e9a71fb6c5f9b5ce03046655, freshBinding: false, oldLive: true })])
    │   │   └─ ← [Stop]
    │   ├─ emit Published(publication: 3, publicationId: 0xed15b5971ef197b95954ed2ae0d4762597eedc8ec41a8e0acd1746bd4d0cd293, author: 0xe05fcC23807536bEe418f142D19fa0d21BB0cfF7, proofKind: 2, firstAdmission: 9, leafCount: 2)
    │   └─ ← [Return] 3, 9
    ├─ [717406] Actor::execute([Action({ kind: 1, typeId: 0x2db40fc5c9f87fff9029aba18f5e7a0bf1ffaee89f584eb521b7395c0d57ea21, bodyHashOrRecordId: 0x3cf5180eb11d3397248839a0c9b5b64520d2c86f311c3897cb949296a7ada229, purpose: 0x0000000000000000000000000000000000000000000000000000000000000000, subject: 0x0000000000000000000000000000000000000000000000000000000000000000, role: 0x0000000000000000000000000000000000000000000000000000000000000000, target: 0x0000000000000000000000000000000000000000000000000000000000000000, expectedRevision: 0, salt: 0x0000000000000000000000000000000000000000000000000000000000000000 }), Action({ kind: 3, typeId: 0x0000000000000000000000000000000000000000000000000000000000000000, bodyHashOrRecordId: 0x0000000000000000000000000000000000000000000000000000000000000000, purpose: 0x07167a05890e9fcaccbdf11abbb65a3aa14bccfe41825ce441803003862ce5df, subject: 0xf38a5ee5db5fec548416dac4db004d588b5fc06503ad270978d9d8f08e9b64a5, role: 0x0000000000000000000000000000000000000000000000000000000000000000, target: 0xa42ac61d9cc4911c885f309fe75c6f6d4981bb1a32736a15733053bab021d08d, expectedRevision: 0, salt: 0x0000000000000000000000000000000000000000000000000000000000000000 })], [0x8a5c2dad2ae16fc84b82733f634dfb672bd79e90dce25bf0627089c548fe85310000000000000000000000000000000000000000000000000000000095123b400000000000000000000000000000000000000000000000000000000000000006000000000000000000000000000000000000000000000000000000006b49d200ea51e8c38c6dcf2d50a91e3db4784be38aeaf3728d1ef153b525df484e652345, 0x])
    │   ├─ [2886] Ledger::nonces(Actor: [0x1d1499e622D69689cdf9004d05Ec547d650Ff211]) [staticcall]
    │   │   └─ ← [Return] 0
    │   ├─ [710883] Ledger::execute([Action({ kind: 1, typeId: 0x2db40fc5c9f87fff9029aba18f5e7a0bf1ffaee89f584eb521b7395c0d57ea21, bodyHashOrRecordId: 0x3cf5180eb11d3397248839a0c9b5b64520d2c86f311c3897cb949296a7ada229, purpose: 0x0000000000000000000000000000000000000000000000000000000000000000, subject: 0x0000000000000000000000000000000000000000000000000000000000000000, role: 0x0000000000000000000000000000000000000000000000000000000000000000, target: 0x0000000000000000000000000000000000000000000000000000000000000000, expectedRevision: 0, salt: 0x0000000000000000000000000000000000000000000000000000000000000000 }), Action({ kind: 3, typeId: 0x0000000000000000000000000000000000000000000000000000000000000000, bodyHashOrRecordId: 0x0000000000000000000000000000000000000000000000000000000000000000, purpose: 0x07167a05890e9fcaccbdf11abbb65a3aa14bccfe41825ce441803003862ce5df, subject: 0xf38a5ee5db5fec548416dac4db004d588b5fc06503ad270978d9d8f08e9b64a5, role: 0x0000000000000000000000000000000000000000000000000000000000000000, target: 0xa42ac61d9cc4911c885f309fe75c6f6d4981bb1a32736a15733053bab021d08d, expectedRevision: 0, salt: 0x0000000000000000000000000000000000000000000000000000000000000000 })], [0x8a5c2dad2ae16fc84b82733f634dfb672bd79e90dce25bf0627089c548fe85310000000000000000000000000000000000000000000000000000000095123b400000000000000000000000000000000000000000000000000000000000000006000000000000000000000000000000000000000000000000000000006b49d200ea51e8c38c6dcf2d50a91e3db4784be38aeaf3728d1ef153b525df484e652345, 0x], 0)
    │   │   ├─ [441] TypeRegistry::epoch() [staticcall]
    │   │   │   └─ ← [Return] 8
    │   │   ├─ [1154] TypeRegistry::typeInfo(0x2db40fc5c9f87fff9029aba18f5e7a0bf1ffaee89f584eb521b7395c0d57ea21) [staticcall]
    │   │   │   └─ ← [Return] true, QuoteAcceptor: [0x212224D2F2d262cd093eE13240ca4873fcCBbA3C], 0xa7499e4b804d8895cefb1463a08dee2517de9717eaba15d470e841cd00367fff, 0x0000000000000000000000000000000000000000, 0x0000000000000000000000000000000000000000000000000000000000000000, 1, 1
    │   │   ├─ [1154] TypeRegistry::typeInfo(0x2db40fc5c9f87fff9029aba18f5e7a0bf1ffaee89f584eb521b7395c0d57ea21) [staticcall]
    │   │   │   └─ ← [Return] true, QuoteAcceptor: [0x212224D2F2d262cd093eE13240ca4873fcCBbA3C], 0xa7499e4b804d8895cefb1463a08dee2517de9717eaba15d470e841cd00367fff, 0x0000000000000000000000000000000000000000, 0x0000000000000000000000000000000000000000000000000000000000000000, 1, 1
    │   │   ├─ [1038] TypeRegistry::refTypes(0x2db40fc5c9f87fff9029aba18f5e7a0bf1ffaee89f584eb521b7395c0d57ea21) [staticcall]
    │   │   │   └─ ← [Return] [0x98f15a281c3cdd9d4aabe4708ae98ab46688ebb588db2876ee56d2c9413ed691]
    │   │   ├─ [998] QuoteAcceptor::accept(0x2db40fc5c9f87fff9029aba18f5e7a0bf1ffaee89f584eb521b7395c0d57ea21, 0x8a5c2dad2ae16fc84b82733f634dfb672bd79e90dce25bf0627089c548fe85310000000000000000000000000000000000000000000000000000000095123b400000000000000000000000000000000000000000000000000000000000000006000000000000000000000000000000000000000000000000000000006b49d200ea51e8c38c6dcf2d50a91e3db4784be38aeaf3728d1ef153b525df484e652345, [0x8a5c2dad2ae16fc84b82733f634dfb672bd79e90dce25bf0627089c548fe8531]) [staticcall]
    │   │   │   └─ ← [Return] true
    │   │   ├─ emit Admitted(author: 0x48aca65bfcfce75562a73057d5712a492c1fa8dd41e69d33d9ae10be3cd496e5, scope: 0x2db40fc5c9f87fff9029aba18f5e7a0bf1ffaee89f584eb521b7395c0d57ea21, recordId: 0xa42ac61d9cc4911c885f309fe75c6f6d4981bb1a32736a15733053bab021d08d, admission: 11)
    │   │   ├─ [421] TypeRegistry::bindingRefType(0x07167a05890e9fcaccbdf11abbb65a3aa14bccfe41825ce441803003862ce5df, 0x0000000000000000000000000000000000000000000000000000000000000000) [staticcall]
    │   │   │   └─ ← [Return] 0x0000000000000000000000000000000000000000000000000000000000000000
    │   │   ├─ emit Admitted(author: 0x48aca65bfcfce75562a73057d5712a492c1fa8dd41e69d33d9ae10be3cd496e5, scope: 0xeb5019b8684198e974a6d68a23a0f196722da09db54c6126068a6e2963c874fa, recordId: 0xa42ac61d9cc4911c885f309fe75c6f6d4981bb1a32736a15733053bab021d08d, admission: 12)
    │   │   ├─ [186563] IndexModule::onAdmission(4, [Effect({ kind: 1, admission: 11, author: 0x48aca65bfcfce75562a73057d5712a492c1fa8dd41e69d33d9ae10be3cd496e5, recordId: 0xa42ac61d9cc4911c885f309fe75c6f6d4981bb1a32736a15733053bab021d08d, typeId: 0x2db40fc5c9f87fff9029aba18f5e7a0bf1ffaee89f584eb521b7395c0d57ea21, scopeKey: 0x0000000000000000000000000000000000000000000000000000000000000000, bindingKey: 0x0000000000000000000000000000000000000000000000000000000000000000, bindingOrdinal: 0, target: 0x0000000000000000000000000000000000000000000000000000000000000000, oldTarget: 0x0000000000000000000000000000000000000000000000000000000000000000, freshBinding: false, oldLive: false }), Effect({ kind: 3, admission: 12, author: 0x48aca65bfcfce75562a73057d5712a492c1fa8dd41e69d33d9ae10be3cd496e5, recordId: 0xa42ac61d9cc4911c885f309fe75c6f6d4981bb1a32736a15733053bab021d08d, typeId: 0x2db40fc5c9f87fff9029aba18f5e7a0bf1ffaee89f584eb521b7395c0d57ea21, scopeKey: 0xeb5019b8684198e974a6d68a23a0f196722da09db54c6126068a6e2963c874fa, bindingKey: 0x568ceaf06d0e2e302dad114073defd1b892eca52432307e8f86397ab453e00f0, bindingOrdinal: 4, target: 0xa42ac61d9cc4911c885f309fe75c6f6d4981bb1a32736a15733053bab021d08d, oldTarget: 0x0000000000000000000000000000000000000000000000000000000000000000, freshBinding: true, oldLive: false })])
    │   │   │   └─ ← [Stop]
    │   │   ├─ emit Published(publication: 4, publicationId: 0x7b3d70109469d6bc4f803528349ac37e3fb3dc3cadf7555268bdb91103844eb2, author: Actor: [0x1d1499e622D69689cdf9004d05Ec547d650Ff211], proofKind: 1, firstAdmission: 11, leafCount: 2)
    │   │   └─ ← [Return] 4, 11
    │   └─ ← [Return] 4, 11
    ├─ [866] Ledger::counts() [staticcall]
    │   └─ ← [Return] 12, 6, 4, 4
    ├─ [5421] Ledger::evidence(4) [staticcall]
    │   └─ ← [Return] Actor: [0x1d1499e622D69689cdf9004d05Ec547d650Ff211], 1, 0, 2, 11, 0x0000000000000000000000000000000000000000000000000000000000000000, 0x0000000000000000000000000000000000000000000000000000000000000000, 0, 0, 1, 0x27c4b27f2a80612b8349140160135b1a3d706a892faa2070ed01fff483a91981, 0x198a8c3d2513950024fade14c5735abfaafdd906f7f8f6e9cf84d9c790ea7789, 0x3da89c6aa22f45a73922113422779ba013a1002c6b8df9117beec4f5eb23ac8b
    ├─ [1421] Ledger::evidence(3) [staticcall]
    │   └─ ← [Return] 0xe05fcC23807536bEe418f142D19fa0d21BB0cfF7, 2, 27, 2, 9, 0x28f4db7c8c7882834a2f8edcfb723cf2beb8308d666913950a529c82aa6a1352, 0x45a8a4ccb4b136fd63c40707b3084ad295cc7fb062cca9a1e7f8b3bfb92ceb85, 1, 1700003600 [1.7e9], 1, 0x27c4b27f2a80612b8349140160135b1a3d706a892faa2070ed01fff483a91981, 0x198a8c3d2513950024fade14c5735abfaafdd906f7f8f6e9cf84d9c790ea7789, 0x0e7fc757fe2f23d26bc570d71b2b93aeff49dda67b92adc14736e10ef47ec0f3
    ├─ [307] FaultyReads::ZERO_SELECTED_ADMISSION() [staticcall]
    │   └─ ← [Return] 10
    ├─ [25311] FaultyReads::fault(10, 0x0000000000000000000000000000000000000000000000000000000000000000)
    │   └─ ← [Return]
    ├─ [32366] JoinedConsumer::paidPoint([0xe05fcC23807536bEe418f142D19fa0d21BB0cfF7, 0x1d1499e622D69689cdf9004d05Ec547d650Ff211], Expect({ subject: 0xf38a5ee5db5fec548416dac4db004d588b5fc06503ad270978d9d8f08e9b64a5, expectedHead: 0x64d7f731269ba262ea51040deb55dda723657338fcd72279dfc3756e73f53375, selectedAuthor: 0xe05fcC23807536bEe418f142D19fa0d21BB0cfF7, selectedProofKind: 2, pairId: 0x8a5c2dad2ae16fc84b82733f634dfb672bd79e90dce25bf0627089c548fe8531, itemA: 0xdcee1a18e773c4e23c675382b23918d0771ae6ff0a7f2c22d3e7298744331825, itemB: 0x22ad273e9b5cb707fadf826bf174c50a895a558924cc7ff0cca702bffbc6c4a2, mantissa: 2502000000 [2.502e9], scale: 6, observedAt: 1800000000 [1.8e9], noteCommitment: 0xea51e8c38c6dcf2d50a91e3db4784be38aeaf3728d1ef153b525df484e652345, basisAdmission: 12 }))
    │   ├─ [2344] FaultyReads::counts() [staticcall]
    │   │   ├─ [866] Ledger::counts() [staticcall]
    │   │   │   └─ ← [Return] 12, 6, 4, 4
    │   │   └─ ← [Return] 12, 6, 4, 4
    │   ├─ [3559] FaultyReads::index() [staticcall]
    │   │   ├─ [256] LensReader::index() [staticcall]
    │   │   │   └─ ← [Return] IndexModule: [0x5991A2dF15A8F6A256D3Ec51E99254Cd3fb576A9]
    │   │   └─ ← [Return] IndexModule: [0x5991A2dF15A8F6A256D3Ec51E99254Cd3fb576A9]
    │   ├─ [345] IndexModule::generation() [staticcall]
    │   │   └─ ← [Return] 0
    │   ├─ [1549] FaultyReads::registry() [staticcall]
    │   │   ├─ [592] Ledger::registry() [staticcall]
    │   │   │   └─ ← [Return] TypeRegistry: [0x5615dEB798BB3E4dFa0139dFa1b3D433Cc23b72f]
    │   │   └─ ← [Return] TypeRegistry: [0x5615dEB798BB3E4dFa0139dFa1b3D433Cc23b72f]
    │   ├─ [441] TypeRegistry::epoch() [staticcall]
    │   │   └─ ← [Return] 8
    │   ├─ [6682] FaultyReads::resolve([0xe05fcC23807536bEe418f142D19fa0d21BB0cfF7, 0x1d1499e622D69689cdf9004d05Ec547d650Ff211], 0x07167a05890e9fcaccbdf11abbb65a3aa14bccfe41825ce441803003862ce5df, 0xf38a5ee5db5fec548416dac4db004d588b5fc06503ad270978d9d8f08e9b64a5, 0x0000000000000000000000000000000000000000000000000000000000000000) [staticcall]
    │   │   ├─ [4584] LensReader::resolve([0xe05fcC23807536bEe418f142D19fa0d21BB0cfF7, 0x1d1499e622D69689cdf9004d05Ec547d650Ff211], 0x07167a05890e9fcaccbdf11abbb65a3aa14bccfe41825ce441803003862ce5df, 0xf38a5ee5db5fec548416dac4db004d588b5fc06503ad270978d9d8f08e9b64a5, 0x0000000000000000000000000000000000000000000000000000000000000000) [staticcall]
    │   │   │   ├─ [1548] Ledger::head(0xe3b433d16bd73e36cfc64a9a8527d5263f36c648ccd5018f16a29e74790027ab) [staticcall]
    │   │   │   │   └─ ← [Return] 1, 2, 10, 6, 1, 0x64d7f731269ba262ea51040deb55dda723657338fcd72279dfc3756e73f53375
    │   │   │   └─ ← [Return] 1, 0x64d7f731269ba262ea51040deb55dda723657338fcd72279dfc3756e73f53375, 2, 0xe05fcC23807536bEe418f142D19fa0d21BB0cfF7, 10
    │   │   └─ ← [Return] 1, 0x64d7f731269ba262ea51040deb55dda723657338fcd72279dfc3756e73f53375, 2, 0xe05fcC23807536bEe418f142D19fa0d21BB0cfF7, 0
    │   ├─ [9212] FaultyReads::admission(0) [staticcall]
    │   │   ├─ [7265] Ledger::admission(0) [staticcall]
    │   │   │   └─ ← [Return] 0, 0, 0, 0, 0, false, 0x0000000000000000000000000000000000000000000000000000000000000000, 0x0000000000000000000000000000000000000000000000000000000000000000
    │   │   └─ ← [Return] 0, 0, 0, 0, 0, false, 0x0000000000000000000000000000000000000000000000000000000000000000, 0x0000000000000000000000000000000000000000000000000000000000000000
    │   └─ ← [Revert] AdmissionShape(0, 0, false, 0x0000000000000000000000000000000000000000000000000000000000000000)
    └─ ← [Revert] a zero selected admission is refused

Backtrace:
  at JoinedConsumer.paidPoint
  at JoinedConsumerTest.test_faulty_actual_reply_zero_or_future_selected_and_placement_admissions_are_refused

Suite result: FAILED. 0 passed; 7 failed; 0 skipped; finished in 15.83ms (14.47ms CPU time)

Ran 1 test suite in 40.80ms (15.83ms CPU time): 0 tests passed, 7 failed, 0 skipped (7 total tests)

Failing tests:
Encountered 7 failing tests in test/JoinedConsumer.t.sol:JoinedConsumerTest
[FAIL: list cursor context mismatch is refused] test_faulty_actual_reply_cursor_generation_epoch_core_scope_and_packed_lens_context_are_refused() (gas: 3993925)
[FAIL: A-first signed fixture evidence must be non-imported] test_faulty_actual_reply_imported_signed_and_native_publications_are_refused_as_local_fixture_evidence() (gas: 3922857)
[FAIL: selected admission CAS revision must precede the selected revision] test_faulty_actual_reply_mismatched_or_wrapping_admission_revision_is_refused() (gas: 3922326)
[FAIL: selected evidence at the FOLDER coordinate cannot prove the HEAD coordinate] test_faulty_actual_reply_same_author_and_target_at_wrong_head_or_folder_coordinate_is_refused() (gas: 3942398)
[FAIL: the exact sealed A2 revision is required] test_faulty_actual_reply_wrong_selected_revision_is_refused() (gas: 3922105)
[FAIL: a zero record firstAdmission is refused] test_faulty_actual_reply_zero_or_future_record_first_admission_is_refused_for_quote_pair_and_both_items() (gas: 3943036)
[FAIL: a zero selected admission is refused] test_faulty_actual_reply_zero_or_future_selected_and_placement_admissions_are_refused() (gas: 3882825)

Encountered a total of 7 failing tests, 0 tests succeeded

Tip: Run `forge test --rerun` to retry only the 7 failed tests
