corpus	number	canonical	canonical_url	title	status	type	category	created	requires	words	sha256	tags	file
EIP	1	yes	https://eips.ethereum.org/EIPS/eip-1	EIP Purpose and Guidelines	Living	Meta		2015-10-27		4472	c29f9c2c5685c16e9709c64583dcb56d6f76c077995860f708b6e12c6afa0a7f	account-wallet,uri-web-content,read-proof-history,app-package-runtime,privacy,cross-chain,token-payment,security-supply-chain	eip-1.md
EIP	2	yes	https://eips.ethereum.org/EIPS/eip-2	Homestead Hard-fork Changes	Final	Standards Track	Core	2015-11-15		881	283af272148eb597d931cb58bd3a64e8573c781f90448ff38a7eeea4ef2c9a26	account-wallet,uri-web-content,read-proof-history,app-package-runtime,token-payment,security-supply-chain	eip-2.md
EIP	3	yes	https://eips.ethereum.org/EIPS/eip-3	Addition of CALLDEPTH opcode	Withdrawn	Standards Track	Core	2015-11-19		392	6c5fa2dd2a5a204109beb8f65b5d55234047dc71ee4c3de1c73aefdaa78196e8	uri-web-content,identity-principal,security-supply-chain	eip-3.md
EIP	4	yes	https://eips.ethereum.org/EIPS/eip-4	EIP Classification	Final	Meta		2015-11-17		448	ba269118af7d91fa85ef81c155614a067a93fcfaad0292ff61383de1f3031025	uri-web-content,read-proof-history,app-package-runtime,cross-chain	eip-4.md
EIP	5	yes	https://eips.ethereum.org/EIPS/eip-5	Gas Usage for `RETURN` and `CALL*`	Final	Standards Track	Core	2015-11-22		985	82174f6bbc86adf630bbb7174086df69c6108ace135563b94b945e7942b6e856	uri-web-content,app-package-runtime,offline-storage	eip-5.md
EIP	6	yes	https://eips.ethereum.org/EIPS/eip-6	Renaming SUICIDE opcode	Final	Standards Track	Interface	2015-11-22		265	4b415d03226756c99a8808d6d23982459cbbc6c96b8eb79b0323634f79bbb963	uri-web-content,read-proof-history,identity-principal,security-supply-chain	eip-6.md
EIP	7	yes	https://eips.ethereum.org/EIPS/eip-7	DELEGATECALL	Final	Standards Track	Core	2015-11-15		452	39de6a4c1ab7726d5095c9dd53841e607089e83cd24054388cd0d5aaa9be889f		eip-7.md
EIP	8	yes	https://eips.ethereum.org/EIPS/eip-8	devp2p Forward Compatibility Requirements for Homestead	Final	Standards Track	Networking	2015-12-18		1632	162f265343eca0a4a965b541504ecdd61a59558bd7fe7cffd08e45895a3b1227	account-wallet,uri-web-content,read-proof-history,app-package-runtime,identity-principal,privacy,token-payment	eip-8.md
EIP	20	no-moved-stub	https://eips.ethereum.org/EIPS/eip-20		Moved		ERC			14	f1f3a493a9d704d10ddc3f780669addd8ac68d6ebd191ee705b7d34789243d1f	uri-web-content,read-proof-history	eip-20.md
EIP	55	no-moved-stub	https://eips.ethereum.org/EIPS/eip-55		Moved		ERC			14	6db2c6b09ba2ceaca7665eb681ac99c9b8c30e060a9e04c6ec63983bb9756178	uri-web-content,read-proof-history	eip-55.md
EIP	67	no-moved-stub	https://eips.ethereum.org/EIPS/eip-67		Moved		ERC			14	8d4122dca8b658e6077684b64c302e999d22627afdc2da46e35c3458ae941d75	uri-web-content,read-proof-history	eip-67.md
EIP	86	yes	https://eips.ethereum.org/EIPS/eip-86	Abstraction of transaction origin and signature	Stagnant	Standards Track	Core	2017-02-10		1271	dd4f5777c3cc02596e02dc196e5e78b15474f33cc671def3dd2cfc4b5bc8421b	account-wallet,app-package-runtime,privacy,token-payment,security-supply-chain,offline-storage	eip-86.md
EIP	100	yes	https://eips.ethereum.org/EIPS/eip-100	Change difficulty adjustment to target mean block time including uncles	Final	Standards Track	Core	2016-04-28		307	304cec4fa8f7ca1c44ea285626363f581cb50444f44fc061afd43d91edc7e3c9	uri-web-content	eip-100.md
EIP	101	yes	https://eips.ethereum.org/EIPS/eip-101	Serenity Currency and Crypto Abstraction	Stagnant	Standards Track	Core	2015-11-15		862	992af43df86e9f58d0ef3c690c5f27ffaa72351569223be36e402f3fd6c669a6	account-wallet,uri-web-content,read-proof-history,token-payment,offline-storage	eip-101.md
EIP	107	yes	https://eips.ethereum.org/EIPS/eip-107	safe "eth_sendTransaction" authorization via html popup	Stagnant	Standards Track	Interface	2016-06-05		2710	0d635da4c8f17aa9284489bdaa2745d08332caa5426f66a794e11ebe15fad38c	account-wallet,uri-web-content,read-proof-history,app-package-runtime,identity-principal,token-payment,security-supply-chain,human-interface	eip-107.md
EIP	137	no-moved-stub	https://eips.ethereum.org/EIPS/eip-137		Moved		ERC			14	85afc6d0ae621fd607f38ed9231c6611a64dbb2b83d2778046e4d9904f12b349	uri-web-content,read-proof-history	eip-137.md
EIP	140	yes	https://eips.ethereum.org/EIPS/eip-140	REVERT instruction	Final	Standards Track	Core	2017-02-06		503	8d8259af8d26b91ae9aca1e5156f30b3d3f09a6f215c758ee23f883a1203cc87	offline-storage	eip-140.md
EIP	141	yes	https://eips.ethereum.org/EIPS/eip-141	Designated invalid EVM instruction	Final	Standards Track	Core	2017-02-09		97	f30c1c0b351ba8831ff743ed88ae86685a499893b12dd6a0ebb09158e45ecdb5		eip-141.md
EIP	145	yes	https://eips.ethereum.org/EIPS/eip-145	Bitwise shifting instructions in EVM	Final	Standards Track	Core	2017-02-13		930	0f0e109dbaaaaec10198d8e4f76a2d885e7b9c53f2ff96d4f1477c772c219da8	account-wallet,uri-web-content,app-package-runtime	eip-145.md
EIP	150	yes	https://eips.ethereum.org/EIPS/eip-150	Gas cost changes for IO-heavy operations	Final	Standards Track	Core	2016-09-24		769	1c7919b2035588c11842e8322cb4febcf3e9c5ddf1a2621eea589ba18a5cc39c	uri-web-content,read-proof-history,security-supply-chain,offline-storage	eip-150.md
EIP	152	yes	https://eips.ethereum.org/EIPS/eip-152	Add BLAKE2 compression function `F` precompile	Final	Standards Track	Core	2016-10-04		1690	5ef0b093f024a65ea850c2f0b431a6c636a5b391d24b9183755e17a8eaeea913	uri-web-content,app-package-runtime,privacy,cross-chain	eip-152.md
EIP	155	yes	https://eips.ethereum.org/EIPS/eip-155	Simple replay attack protection	Final	Standards Track	Core	2016-10-14		436	3c208813585d8fca67a92d908ece47402f87a18a14f1b20ee5ebcb3e702dcc9c	account-wallet,uri-web-content,identity-principal,privacy,cross-chain,security-supply-chain	eip-155.md
EIP	158	yes	https://eips.ethereum.org/EIPS/eip-158	State clearing	Final	Standards Track	Core	2016-10-16		659	8f8daaf58f17bcd79ef95a825be0620c998caefba96ed110de09008ced40e84e	account-wallet,uri-web-content,app-package-runtime,offline-storage	eip-158.md
EIP	160	yes	https://eips.ethereum.org/EIPS/eip-160	EXP cost increase	Final	Standards Track	Core	2016-10-20		87	83f3698effce7fe81153ae46e2cf93ca92bc46beb5683d57195ff2bc83519fe5	uri-web-content	eip-160.md
EIP	161	yes	https://eips.ethereum.org/EIPS/eip-161	State trie clearing (invariant-preserving alternative)	Final	Standards Track	Core	2016-10-24		649	45f6beabbf885e3f95199a7ec763a9483d6de61ad689e00fd8e6121c136e991f	account-wallet,uri-web-content,read-proof-history,app-package-runtime,identity-principal,token-payment,security-supply-chain,offline-storage	eip-161.md
EIP	162	no-moved-stub	https://eips.ethereum.org/EIPS/eip-162		Moved		ERC			14	a5e14aa159e8f840175dabba51275cda6a5011135a5759a98ec681cc2a423ef5	uri-web-content,read-proof-history	eip-162.md
EIP	165	no-moved-stub	https://eips.ethereum.org/EIPS/eip-165		Moved		ERC			14	18c402c35b618a4d5064256a08d0018f8970c3955c44e0cc305d5d1773bbff2a	uri-web-content,read-proof-history	eip-165.md
EIP	170	yes	https://eips.ethereum.org/EIPS/eip-170	Contract code size limit	Final	Standards Track	Core	2016-11-04		244	f766ba8a29903b73b2d1c747be9674487977e0173ef24cd259169708d3558242	uri-web-content,read-proof-history	eip-170.md
EIP	173	no-moved-stub	https://eips.ethereum.org/EIPS/eip-173		Moved		ERC			14	7ba739edb9bb8dc1761e98f6181feb00a85c99f6f4c22c453821ba70d4906447	uri-web-content,read-proof-history	eip-173.md
EIP	181	no-moved-stub	https://eips.ethereum.org/EIPS/eip-181		Moved		ERC			14	c042f07fe3ad6fca18b236275f7b468e91320ec8cac1118a602af59955327163	uri-web-content,read-proof-history	eip-181.md
EIP	190	no-moved-stub	https://eips.ethereum.org/EIPS/eip-190		Moved		ERC			14	bfad0eaf10770c26e2ec9376ecc612e4eccd29acba6be59736cae4c5c1ebe845	uri-web-content,read-proof-history	eip-190.md
EIP	191	no-moved-stub	https://eips.ethereum.org/EIPS/eip-191		Moved		ERC			14	c5f837961e2cf879534cbbdd4d9cb1aa29eae7ad5f5199ced47a20a29706a9ba	uri-web-content,read-proof-history	eip-191.md
EIP	196	yes	https://eips.ethereum.org/EIPS/eip-196	Precompiled contracts for addition and scalar multiplication on the elliptic curve alt_bn128	Final	Standards Track	Core	2017-02-02		851	e9ad74874f464972427337230930acb506689e2cafddba5d037a800974ef0612	uri-web-content,read-proof-history,identity-principal,privacy	eip-196.md
EIP	197	yes	https://eips.ethereum.org/EIPS/eip-197	Precompiled contracts for optimal ate pairing check on the elliptic curve alt_bn128	Final	Standards Track	Core	2017-02-06		1336	96355ab680ea8fae76e05c69009e30bd0ec87f352bec9312515b1cbabc6fe89d	uri-web-content,read-proof-history,identity-principal,privacy	eip-197.md
EIP	198	yes	https://eips.ethereum.org/EIPS/eip-198	Big integer modular exponentiation	Final	Standards Track	Core	2017-01-30		742	7f38172445a27c0f77d820d00be954f54ac76710ba522adfdfb8982cfb233418	read-proof-history	eip-198.md
EIP	205	no-moved-stub	https://eips.ethereum.org/EIPS/eip-205		Moved		ERC			14	49a726cc4ba7fca1b54f098cf920343142f32e224e53e1ec0604a3bfbf9d6251	uri-web-content,read-proof-history	eip-205.md
EIP	210	yes	https://eips.ethereum.org/EIPS/eip-210	Blockhash refactoring	Stagnant	Standards Track	Core	2017-02-10		436	f0a59d5440099021d39d7a23784a0d4d2baa33704359edcd78da0efa0abdaf27	read-proof-history,app-package-runtime	eip-210.md
EIP	211	yes	https://eips.ethereum.org/EIPS/eip-211	New opcodes: RETURNDATASIZE and RETURNDATACOPY	Final	Standards Track	Core	2017-02-13		971	dccef031ad1fb0588fa3a4bf8def2b527d733216f464598accf6ff5f2dc756d1	uri-web-content,token-payment	eip-211.md
EIP	214	yes	https://eips.ethereum.org/EIPS/eip-214	New opcode STATICCALL	Final	Standards Track	Core	2017-02-13		496	9a5f743f3d670ea90561ee413e2536b5c85664761a64a27a638650a3b52a3dca	security-supply-chain	eip-214.md
EIP	223	no-moved-stub	https://eips.ethereum.org/EIPS/eip-223		Moved		ERC			14	b34c32fa52c56787541345abeaacb4da2df33c0697c9077baec06339e20a6feb	uri-web-content,read-proof-history	eip-223.md
EIP	225	yes	https://eips.ethereum.org/EIPS/eip-225	Clique proof-of-authority consensus protocol	Final	Standards Track	Core	2017-03-06		4116	d1a84d90ba4ee0e7a50ca4440d07425c8cc005f85a3a8d56da01a1629077a3d3	account-wallet,uri-web-content,read-proof-history,app-package-runtime,token-payment,security-supply-chain,offline-storage	eip-225.md
EIP	233	yes	https://eips.ethereum.org/EIPS/eip-233	Formal process of hard forks	Stagnant	Meta		2017-03-23		588	6af199c4755fc9af5e08a6fbdcafbb3b053d52103aca878c9cadb3384702b846	uri-web-content,app-package-runtime,security-supply-chain	eip-233.md
EIP	234	yes	https://eips.ethereum.org/EIPS/eip-234	Add `blockHash` to JSON-RPC filter options.	Final	Standards Track	Interface	2017-03-24	1474	979	1d2deacdb137cc418b779b1e5434fe118a01771647230cba9f22e7c27b56fe9c	uri-web-content,read-proof-history,app-package-runtime,offline-storage	eip-234.md
EIP	600	no-moved-stub	https://eips.ethereum.org/EIPS/eip-600		Moved		ERC			14	3899b832addfe279ca852bdbe43845fa54c95c6e401a2b7c40a2c39867b95144	uri-web-content,read-proof-history	eip-600.md
EIP	601	no-moved-stub	https://eips.ethereum.org/EIPS/eip-601		Moved		ERC			14	2aaa6a43a0ddb2884aa85b0594af721602ff32f33a7b5efc624abca707069346	uri-web-content,read-proof-history	eip-601.md
EIP	606	yes	https://eips.ethereum.org/EIPS/eip-606	Hardfork Meta: Homestead	Final	Meta		2017-04-23	2, 7, 8	95	874a036156fc641035d86ad0802a72d33316a811d1fae5b3bdd0578736e6b2ba	uri-web-content	eip-606.md
EIP	607	yes	https://eips.ethereum.org/EIPS/eip-607	Hardfork Meta: Spurious Dragon	Final	Meta		2017-04-23	155, 160, 161, 170, 608	100	b3a8ab89786b2d83003d1080631c082dcd70ba94c912edb7325e0e601f47fa5e	uri-web-content,read-proof-history,security-supply-chain	eip-607.md
EIP	608	yes	https://eips.ethereum.org/EIPS/eip-608	Hardfork Meta: Tangerine Whistle	Final	Meta		2017-04-23	150, 779	83	f142e0eb98d0d3ec9613e4546a308411a4393bee93d09d17c0c4a4bb496bccd2	uri-web-content	eip-608.md
EIP	609	yes	https://eips.ethereum.org/EIPS/eip-609	Hardfork Meta: Byzantium	Final	Meta		2017-04-23	100, 140, 196, 197, 198, 211, 214, 607, 649, 658	170	d10b88cae8925842952b1e8a319a327c725fe9fc9cb7f8f9e37bfa5a4c0dac2f	uri-web-content	eip-609.md
EIP	615	yes	https://eips.ethereum.org/EIPS/eip-615	Subroutines and Static Jumps for the EVM	Stagnant	Standards Track	Core	2016-12-10		4152	cd00a6703f6c2b387e380a4409ae9f2a5ad67b96af0a403f054e3cd5ab6668ab	uri-web-content,read-proof-history,app-package-runtime,security-supply-chain,human-interface	eip-615.md
EIP	616	yes	https://eips.ethereum.org/EIPS/eip-616	SIMD Operations for the EVM	Stagnant	Standards Track	Core	2017-04-25		1481	ef0aed471dba36a4a8668c1ada083dcb651cc912ff41c8763574f23e4c94954b	uri-web-content,read-proof-history,app-package-runtime,privacy	eip-616.md
EIP	627	yes	https://eips.ethereum.org/EIPS/eip-627	Whisper Specification	Final	Standards Track	Networking	2017-05-05		1440	8962dddd3a6dd4c32541b9067a1f41b04a633b4240bb5bad72500a7a5cd65efb	account-wallet,uri-web-content,app-package-runtime,identity-principal,privacy	eip-627.md
EIP	634	no-moved-stub	https://eips.ethereum.org/EIPS/eip-634		Moved		ERC			14	ba523b458451d0a9d0fdce9d14d03fa177427d131065bf0adc9b6b9d591203b3	uri-web-content,read-proof-history	eip-634.md
EIP	649	yes	https://eips.ethereum.org/EIPS/eip-649	Metropolis Difficulty Bomb Delay and Block Reward Reduction	Final	Standards Track	Core	2017-06-21		648	09dec893f29bcaf7c0108c32ccd307734f95d0ee22c7f0d431eb50ed31fc9e8d	uri-web-content,read-proof-history,app-package-runtime	eip-649.md
EIP	658	yes	https://eips.ethereum.org/EIPS/eip-658	Embedding transaction status code in receipts	Final	Standards Track	Core	2017-06-30	140	265	dc2ae297aa9f49680d76e2589b173a7af6caf9c422dce1d198d6381c4561fe3f		eip-658.md
EIP	663	yes	https://eips.ethereum.org/EIPS/eip-663	SWAPN, DUPN and EXCHANGE instructions	Stagnant	Standards Track	Core	2017-07-03	3540, 5450	1059	92e2b0d9f9f3298520d3ece3726d1399270f4f792853460a9ecc1bd331ed1360	uri-web-content,app-package-runtime,security-supply-chain	eip-663.md
EIP	665	yes	https://eips.ethereum.org/EIPS/eip-665	Add precompiled contract for Ed25519 signature verification	Stagnant	Standards Track	Core	2018-03-25		1034	f368d6cec938979c2eeae1d5e131fb9f0472c75584d4ecdd00c06a683478867e	account-wallet,uri-web-content,read-proof-history,app-package-runtime,privacy,security-supply-chain	eip-665.md
EIP	681	no-moved-stub	https://eips.ethereum.org/EIPS/eip-681		Moved		ERC			14	d33cf6ea490626b2a8910c4f61e4c4b379c6600757dabd41a6cec4ca5021edc3	uri-web-content,read-proof-history	eip-681.md
EIP	684	yes	https://eips.ethereum.org/EIPS/eip-684	Revert creation in case of collision	Final	Standards Track	Core	2023-03-20		318	9bae89bea18d2cd0da0b94bf2bd725a9c8c4deb6bc846186fcb513a8a89128d8	account-wallet,uri-web-content,app-package-runtime,security-supply-chain	eip-684.md
EIP	689	yes	https://eips.ethereum.org/EIPS/eip-689	Address Collision of Contract Address Causes Exceptional Halt	Stagnant	Standards Track	Core	2017-08-15		325	eec70eb7ac9fcc48ba105d2f2eeafba3493ce9a4c56aeb635ea4acfe8e636a54	account-wallet,read-proof-history,app-package-runtime	eip-689.md
EIP	695	yes	https://eips.ethereum.org/EIPS/eip-695	Create `eth_chainId` method for JSON-RPC	Final	Standards Track	Interface	2017-08-21	155	399	90271d07bc41511c787a4c21094c35618088acbf41d4bfc6bf20f747188a7fca	account-wallet,uri-web-content,app-package-runtime,cross-chain,security-supply-chain	eip-695.md
EIP	698	yes	https://eips.ethereum.org/EIPS/eip-698	OPCODE 0x46 BLOCKREWARD	Stagnant	Standards Track	Core	2017-08-28		499	18d627e86107fc58059c1c9954306b7fb204fa5ed2a030d3c1ad7f3fb14b680c	uri-web-content	eip-698.md
EIP	706	yes	https://eips.ethereum.org/EIPS/eip-706	DEVp2p snappy compression	Final	Standards Track	Networking	2017-09-07		1247	4600f830fbf2ec0d7f459d87298c7657cef56cfa208f3ca4c42cfc6aa93365a7	uri-web-content,read-proof-history,app-package-runtime,privacy,cross-chain,offline-storage	eip-706.md
EIP	712	yes	https://eips.ethereum.org/EIPS/eip-712	Typed structured data hashing and signing	Final	Standards Track	Interface	2017-09-12	155, 191	3060	459086f5a0b2d6a0ac4e404faebf3660a49aa4b1712711521093380689f02304	account-wallet,uri-web-content,read-proof-history,app-package-runtime,privacy,agent-automation,cross-chain,token-payment,security-supply-chain	eip-712.md
EIP	721	no-moved-stub	https://eips.ethereum.org/EIPS/eip-721		Moved		ERC			14	eb24ae5a1e0c1081562135c9e7973b797ed4bc961a0f8cf8092d78931428ad9a	uri-web-content,read-proof-history	eip-721.md
EIP	725	no-moved-stub	https://eips.ethereum.org/EIPS/eip-725		Moved		ERC			14	1b2d9a8f38bbc2e5bfa3dbca26eadf8755b171532b5fd5849eaaebf8c88eb27c	uri-web-content,read-proof-history	eip-725.md
EIP	747	yes	https://eips.ethereum.org/EIPS/eip-747	wallet_watchAsset RPC Method	Final	Standards Track	Interface	2018-08-13	20, 1046, 1193	1178	00bda050b74021eb2bb31d8ceca0257a03394cc6cbea988578d91ccfb44165b9	account-wallet,uri-web-content,read-proof-history,app-package-runtime,cross-chain,token-payment,security-supply-chain,human-interface	eip-747.md
EIP	758	yes	https://eips.ethereum.org/EIPS/eip-758	Subscriptions and filters for completed transactions	Stagnant	Standards Track	Interface	2017-11-09	1474	1068	88923ffbc2a937db0cdf44a0455d90295ed9cea851cbb5f4367deb13f4857fbc	uri-web-content,read-proof-history,app-package-runtime,token-payment	eip-758.md
EIP	777	no-moved-stub	https://eips.ethereum.org/EIPS/eip-777		Moved		ERC			14	2182888fe447f86301da605ec5eb62bdf2780ee9df6d35716fdba09cf13db3ac	uri-web-content,read-proof-history	eip-777.md
EIP	778	yes	https://eips.ethereum.org/EIPS/eip-778	Ethereum Node Records (ENR)	Final	Standards Track	Networking	2017-11-23		939	770932cc2102d495e7b76f92bd53d535d69fc81ae7780dda2c303690bf8ea0fd	account-wallet,uri-web-content,identity-principal,privacy,offline-storage	eip-778.md
EIP	779	yes	https://eips.ethereum.org/EIPS/eip-779	Hardfork Meta: DAO Fork	Final	Meta		2017-11-26	606	449	7f3ee0310b538d10b07c35ad90031e0d4fad2bd4fc80a95bed291cc1d47658d2	uri-web-content,app-package-runtime,identity-principal	eip-779.md
EIP	801	no-moved-stub	https://eips.ethereum.org/EIPS/eip-801		Moved		ERC			14	4e3c2fb33f1691bcddacac1cb6b97b3247accc83588079ecab83d32ef080edb3	uri-web-content,read-proof-history	eip-801.md
EIP	820	no-moved-stub	https://eips.ethereum.org/EIPS/eip-820		Moved		ERC			14	ecf9588599e538e62095d29bc4a282e4acb996ecf9ff64eb0eb31ad89b40fd43	uri-web-content,read-proof-history	eip-820.md
EIP	823	no-moved-stub	https://eips.ethereum.org/EIPS/eip-823		Moved		ERC			14	781c94bafe60ef801dee2ae429d9f6557ad546d6cba24da433b85c92f49cafd9	uri-web-content,read-proof-history	eip-823.md
EIP	831	no-moved-stub	https://eips.ethereum.org/EIPS/eip-831		Moved		ERC			14	85e57a0ddeda8d3b99ef8b852fa96fff714487616b2e87d7dde6d2123d79c7a3	uri-web-content,read-proof-history	eip-831.md
EIP	858	yes	https://eips.ethereum.org/EIPS/eip-858	Reduce block reward and delay difficulty bomb	Stagnant	Standards Track	Core	2018-01-29		473	1b9c50e40ab54a704cd78eb32c2b5abb8db30ec1ebefe9d8302ac8216f161756	uri-web-content,read-proof-history,security-supply-chain	eip-858.md
EIP	867	yes	https://eips.ethereum.org/EIPS/eip-867	Standardized Ethereum Recovery Proposals	Stagnant	Meta		2018-02-02		2320	e36de1f10d2fb3c62774c05928042cadbc6b786d05a9de4e01e415b9798fa0f5	account-wallet,uri-web-content,app-package-runtime,identity-principal,privacy,offline-storage	eip-867.md
EIP	868	yes	https://eips.ethereum.org/EIPS/eip-868	Node Discovery v4 ENR Extension	Final	Standards Track	Networking	2018-02-02	8, 778	390	6c8193f7316b4d865f4d16f2a5f9144e11b1c3ffeb0a0b4f251e0e7fc2794914	uri-web-content,identity-principal,cross-chain	eip-868.md
EIP	875	no-moved-stub	https://eips.ethereum.org/EIPS/eip-875		Moved		ERC			14	d6bcfd3c191f81f5e5201fcf18989405fd862a21f54a5fd7169d66508140b236	uri-web-content,read-proof-history	eip-875.md
EIP	884	no-moved-stub	https://eips.ethereum.org/EIPS/eip-884		Moved		ERC			14	4243c7f29b94d1a1c5f3ddc8d7351bf11cb35fed447f4bc42e4c15fe15aab060	uri-web-content,read-proof-history	eip-884.md
EIP	897	no-moved-stub	https://eips.ethereum.org/EIPS/eip-897		Moved		ERC			14	117b9913cf43bc3c90016231e949dfa15147a55ab12968d4a743e1c60d1967b3	uri-web-content,read-proof-history	eip-897.md
EIP	900	no-moved-stub	https://eips.ethereum.org/EIPS/eip-900		Moved		ERC			14	4eb76fc071d53fc446145c2eff3a8eb548738234c3408251a3eae1d1229bd249	uri-web-content,read-proof-history	eip-900.md
EIP	902	no-moved-stub	https://eips.ethereum.org/EIPS/eip-902		Moved		ERC			14	98162b326ae8d3070d3c4cca71fc3d17a19cf17cd0b9c1c6ea49131400eb0a65	uri-web-content,read-proof-history	eip-902.md
EIP	908	yes	https://eips.ethereum.org/EIPS/eip-908	Reward clients for a sustainable network	Withdrawn	Standards Track	Core	2018-03-01		3527	b4967ab05650f0479be1d883e8bd67e47c82febca41941f0eaa1ad836b5ccbf0	account-wallet,uri-web-content,read-proof-history,app-package-runtime,agent-automation,security-supply-chain,offline-storage	eip-908.md
EIP	918	no-moved-stub	https://eips.ethereum.org/EIPS/eip-918		Moved		ERC			14	3d45d2b0d51f6f72b587bf7e3c0dc56d348d3c7f46b3fb16e6344cfc1b893ec1	uri-web-content,read-proof-history	eip-918.md
EIP	926	no-moved-stub	https://eips.ethereum.org/EIPS/eip-926		Moved		ERC			14	4d332db0d98bbb4367787ffda916ee05b43909923e1f1de9bbe63c9cbda6405c	uri-web-content,read-proof-history	eip-926.md
EIP	927	no-moved-stub	https://eips.ethereum.org/EIPS/eip-927		Moved		ERC			14	37fe7f3579744bbb9503b4dd929190226b4d661f501ff203d43b121497c5e5e4	uri-web-content,read-proof-history	eip-927.md
EIP	969	yes	https://eips.ethereum.org/EIPS/eip-969	Modifications to ethash to invalidate existing dedicated hardware implementations	Stagnant	Standards Track	Core	2018-04-03		1270	7a6c6412f3eef312d39abcf9ae64d558d3027212d4cf1393b2b0dab684074e48	uri-web-content,read-proof-history,agent-automation,security-supply-chain,human-interface	eip-969.md
EIP	998	no-moved-stub	https://eips.ethereum.org/EIPS/eip-998		Moved		ERC			14	6ef8929aa1bb59cd59fc72dcc8045a45f3daee5a91e32253f540178ed16de7c9	uri-web-content,read-proof-history	eip-998.md
EIP	999	yes	https://eips.ethereum.org/EIPS/eip-999	Restore Contract Code at 0x863DF6BFa4469f3ead0bE8f9F2AAE51c91A907b4	Withdrawn	Standards Track	Core	2018-04-04		7167	0550b6646840ba5ff2deac378a2bc950819cdbe171adc299acc69b33cfe43a84	account-wallet,uri-web-content,read-proof-history,app-package-runtime,token-payment,offline-storage	eip-999.md
EIP	1010	yes	https://eips.ethereum.org/EIPS/eip-1010	Uniformity Between 0xAb5801a7D398351b8bE11C439e05C5B3259aeC9B and 0x15E55EF43efA8348dDaeAa455F16C43B64917e3c	Stagnant	Standards Track	Core	2018-04-18		411	6c0e56e9103cc27a61f70d96706b7ea9ad0adaaf7d7a756ca3c2d752c5f06575	account-wallet,uri-web-content,token-payment	eip-1010.md
EIP	1011	yes	https://eips.ethereum.org/EIPS/eip-1011	Hybrid Casper FFG	Stagnant	Standards Track	Core	2018-04-20		4130	84a9fcbe70aa19cb3223a741ccee01031e7e70be9dd705c140074e572b93b1b5	account-wallet,uri-web-content,read-proof-history,app-package-runtime,token-payment,security-supply-chain,offline-storage	eip-1011.md
EIP	1013	yes	https://eips.ethereum.org/EIPS/eip-1013	Hardfork Meta: Constantinople	Final	Meta		2018-04-20	145, 609, 1014, 1052, 1234, 1283	158	254e83b6df9bb1fa2acc809663cf7b828da7ca3f6cda05844d22d54c4e592a63	uri-web-content,app-package-runtime	eip-1013.md
EIP	1014	yes	https://eips.ethereum.org/EIPS/eip-1014	Skinny CREATE2	Final	Standards Track	Core	2018-04-20		685	c6b6b95eecf9979593921ee2fdf1986eb1671e43b9a312111072ad040f7290ac	account-wallet,uri-web-content,app-package-runtime	eip-1014.md
EIP	1015	yes	https://eips.ethereum.org/EIPS/eip-1015	Configurable On Chain Issuance	Stagnant	Standards Track	Core	2018-04-20		1716	d5e15a82cf3032bc4c4b7d265ce408e996d577c266a5a614a3cb536820211e0f	uri-web-content,app-package-runtime,privacy,token-payment,security-supply-chain,offline-storage	eip-1015.md
EIP	1046	no-moved-stub	https://eips.ethereum.org/EIPS/eip-1046		Moved		ERC			14	71a69b55bb677bb3b92ec18d23db9a1f8873fe7edd24062c4c17ba2b056d768e	uri-web-content,read-proof-history	eip-1046.md
EIP	1051	yes	https://eips.ethereum.org/EIPS/eip-1051	Overflow checking for the EVM	Stagnant	Standards Track	Core	2018-05-02		534	3ef71f8298820c36cfa7b9d44cfa7d831abc463d4cff2eaa4206bc7ff48dff29	uri-web-content,token-payment	eip-1051.md
EIP	1052	yes	https://eips.ethereum.org/EIPS/eip-1052	EXTCODEHASH opcode	Final	Standards Track	Core	2018-05-02	161	518	9cf87c650190580d5402ade6122bf14293e02799894e05ce914eb7fb3978778f	uri-web-content,read-proof-history,app-package-runtime	eip-1052.md
EIP	1056	no-moved-stub	https://eips.ethereum.org/EIPS/eip-1056		Moved		ERC			14	ee9213dd986cf8e25b3589b41cb04e79ecdec0b8c109f269700713a6ecebd5d9	uri-web-content,read-proof-history	eip-1056.md
EIP	1057	yes	https://eips.ethereum.org/EIPS/eip-1057	ProgPoW, a Programmatic Proof-of-Work	Stagnant	Standards Track	Core	2018-05-02		4878	42dd6e0a7d8842914bdd6d2fea456288296881cce4a9fa3ec738a927e2fd70f7	account-wallet,uri-web-content,read-proof-history,app-package-runtime,token-payment,security-supply-chain,offline-storage	eip-1057.md
EIP	1062	no-moved-stub	https://eips.ethereum.org/EIPS/eip-1062		Moved		ERC			14	7b8c915d4c9982e14ae9e28fa95c3d9c655ad94d1834e0ac47f8fd4c84b2cd8b	uri-web-content,read-proof-history	eip-1062.md
EIP	1066	no-moved-stub	https://eips.ethereum.org/EIPS/eip-1066		Moved		ERC			14	c9046dab59ccee87fb0d6082bc8014f8dad92fb5bf867a474fedc35cab0b40b5	uri-web-content,read-proof-history	eip-1066.md
EIP	1077	no-moved-stub	https://eips.ethereum.org/EIPS/eip-1077		Moved		ERC			14	54a789fbb7336ef78f2027049e3bca74788c380ca82de0dac85dfb5ef1004c04	uri-web-content,read-proof-history	eip-1077.md
EIP	1078	no-moved-stub	https://eips.ethereum.org/EIPS/eip-1078		Moved		ERC			14	e1d0ab6c9da246e7c2c0c00cbbb6f25256993fea395036a1e312d83e4e8d4ff2	uri-web-content,read-proof-history	eip-1078.md
EIP	1080	no-moved-stub	https://eips.ethereum.org/EIPS/eip-1080		Moved		ERC			14	71a05b2a55f253b88e1e2113d2f2850dad290e53464980a066693eeebae8a120	uri-web-content,read-proof-history	eip-1080.md
EIP	1081	no-moved-stub	https://eips.ethereum.org/EIPS/eip-1081		Moved		ERC			14	2005da7838eb39663a7bf87c0236e7a0fd3c025feacececdd8b6493edf05d630	uri-web-content,read-proof-history	eip-1081.md
EIP	1087	yes	https://eips.ethereum.org/EIPS/eip-1087	Net gas metering for SSTORE operations	Stagnant	Standards Track	Core	2018-05-17		1205	b1034f7b6f46a77c69b8233ee8aceac67c443f879c9446b052a1b593f7da58e6	uri-web-content,token-payment,security-supply-chain,offline-storage	eip-1087.md
EIP	1102	yes	https://eips.ethereum.org/EIPS/eip-1102	Opt-in account exposure	Stagnant	Standards Track	Interface	2018-05-04	1474	838	abb48068347755469ee21368046b5844f97f4276c4e82c4b339654c37a6d4088	account-wallet,uri-web-content,privacy,human-interface	eip-1102.md
EIP	1108	yes	https://eips.ethereum.org/EIPS/eip-1108	Reduce alt_bn128 precompile gas costs	Final	Standards Track	Core	2018-05-21	196, 197	1353	2102dbff8439cd56641914f5dd55fc076d11d6959e364454129b259c21ec595e	uri-web-content,read-proof-history,app-package-runtime,identity-principal,privacy,security-supply-chain,offline-storage	eip-1108.md
EIP	1109	yes	https://eips.ethereum.org/EIPS/eip-1109	PRECOMPILEDCALL opcode (Remove CALL costs for precompiled contracts)	Stagnant	Standards Track	Core	2018-05-22		616	4e34600396cc747d86601b5ab33400de2d61148b327b2a663eb50bd08a58dd4d	uri-web-content	eip-1109.md
EIP	1123	no-moved-stub	https://eips.ethereum.org/EIPS/eip-1123		Moved		ERC			14	1862c8bd8d0f2da491b31ce447cf904b6fba99bce7b89e534e9f65747c8c76b8	uri-web-content,read-proof-history	eip-1123.md
EIP	1129	no-moved-stub	https://eips.ethereum.org/EIPS/eip-1129		Moved		ERC			14	36f39fbc614dbcc55eb6d4c7ff1ca447f5fa4a5e9bb195e9fe187a7ca7d5a89b	uri-web-content,read-proof-history	eip-1129.md
EIP	1132	no-moved-stub	https://eips.ethereum.org/EIPS/eip-1132		Moved		ERC			14	23a65d3bd74f5a44f81df69de53346fc7f6bf64e5a4d313fcaede2b533715b8a	uri-web-content,read-proof-history	eip-1132.md
EIP	1153	yes	https://eips.ethereum.org/EIPS/eip-1153	Transient storage opcodes	Final	Standards Track	Core	2018-06-15	2200, 3529	2596	c0e7a2e793f3fa44f048b772a3fb4779199d29b6d240c97e3723ace1e46e1c40	uri-web-content,read-proof-history,app-package-runtime,identity-principal,privacy,token-payment,security-supply-chain,offline-storage	eip-1153.md
EIP	1154	no-moved-stub	https://eips.ethereum.org/EIPS/eip-1154		Moved		ERC			14	8ddc03ba7f1b66f79e8dcaea545a928bf9fc2d0b30d7c68bbc1d32c8812829d7	uri-web-content,read-proof-history	eip-1154.md
EIP	1155	no-moved-stub	https://eips.ethereum.org/EIPS/eip-1155		Moved		ERC			14	565b6f0b8b9d6ebe0797d92434cb11a3c7d4ff5e9afcadbda4a9245b9ea6e2d1	uri-web-content,read-proof-history	eip-1155.md
EIP	1167	no-moved-stub	https://eips.ethereum.org/EIPS/eip-1167		Moved		ERC			14	200395b92c0f9397fa99125c383508a345a531134ca1382c11342dc6f44a1605	uri-web-content,read-proof-history	eip-1167.md
EIP	1175	no-moved-stub	https://eips.ethereum.org/EIPS/eip-1175		Moved		ERC			14	809d53484a26b6a90c148fe1e2e28841b1d548064117abbe5d8d839911097281	uri-web-content,read-proof-history	eip-1175.md
EIP	1178	no-moved-stub	https://eips.ethereum.org/EIPS/eip-1178		Moved		ERC			14	6c786e780d0592d91b40d175ca0554e81b40bdda7b8811e987019c5bc2b3c11b	uri-web-content,read-proof-history	eip-1178.md
EIP	1185	no-moved-stub	https://eips.ethereum.org/EIPS/eip-1185		Moved		ERC			14	90117243840f395d62227f9dda1b170fdc57c01993582245dc181488b20e7446	uri-web-content,read-proof-history	eip-1185.md
EIP	1186	yes	https://eips.ethereum.org/EIPS/eip-1186	RPC-Method to get Merkle Proofs - eth_getProof	Stagnant	Standards Track	Interface	2018-06-24	1474	927	e299a806b26c2502ccf00830695989977ee88570ae034c474ac157c11810005e	account-wallet,uri-web-content,read-proof-history,app-package-runtime,offline-storage	eip-1186.md
EIP	1191	no-moved-stub	https://eips.ethereum.org/EIPS/eip-1191		Moved		ERC			14	481bfc3ee3bdc4dcd03559ce559a5bc52ed32d42c515a28bc70bcdbdbf322105	uri-web-content,read-proof-history	eip-1191.md
EIP	1193	yes	https://eips.ethereum.org/EIPS/eip-1193	Ethereum Provider JavaScript API	Final	Standards Track	Interface	2018-06-30	155, 695	2969	a3b5bca210b6818321c95279b9a47622343cb0eb51db058f1326b5e25ee4040d	account-wallet,uri-web-content,read-proof-history,app-package-runtime,privacy,cross-chain,security-supply-chain	eip-1193.md
EIP	1202	no-moved-stub	https://eips.ethereum.org/EIPS/eip-1202		Moved		ERC			14	d79bf9cc875004403ffffff2d6a2580b0e4a56d3e15b8e9468163b44ca7574ff	uri-web-content,read-proof-history	eip-1202.md
EIP	1203	no-moved-stub	https://eips.ethereum.org/EIPS/eip-1203		Moved		ERC			14	a27a7526a62941eaf638ddc4faa1ec6f51659e5dcb140de2a77ab10a4e3354a8	uri-web-content,read-proof-history	eip-1203.md
EIP	1207	no-moved-stub	https://eips.ethereum.org/EIPS/eip-1207		Moved		ERC			14	2f3b78e845110950ba5c730384571a0637c267e823128315a4b647c2db5081a0	uri-web-content,read-proof-history	eip-1207.md
EIP	1227	yes	https://eips.ethereum.org/EIPS/eip-1227	Defuse Difficulty Bomb and Reset Block Reward	Stagnant	Standards Track	Core	2018-07-18	649	693	b5ae18ad0509d6ce16614f132b70792f094560fd43feb3a5becbf973eaed7a22	uri-web-content,app-package-runtime	eip-1227.md
EIP	1234	yes	https://eips.ethereum.org/EIPS/eip-1234	Constantinople Difficulty Bomb Delay and Block Reward Adjustment	Final	Standards Track	Core	2018-07-19		585	bf3973a857083aead49fc0f04c2cddfb385de65245ecdaa01e0474736d4d2bd9	uri-web-content,read-proof-history,app-package-runtime	eip-1234.md
EIP	1240	yes	https://eips.ethereum.org/EIPS/eip-1240	Remove Difficulty Bomb	Withdrawn	Standards Track	Core	2018-07-21		428	a72725d0474446fd9fd43ba9e141146817366451a880fb27793d1cdfae05b5f7	uri-web-content,app-package-runtime	eip-1240.md
EIP	1261	no-moved-stub	https://eips.ethereum.org/EIPS/eip-1261		Moved		ERC			14	b1bc83719423b2959f2f961257ea011408aa3eef761405995cfa40113fc30ebe	uri-web-content,read-proof-history	eip-1261.md
EIP	1271	no-moved-stub	https://eips.ethereum.org/EIPS/eip-1271		Moved		ERC			14	f8a93e46654cc1ac851678cac337c54ce05bffd0e1d42aa0618c9611cef0ffc5	uri-web-content,read-proof-history	eip-1271.md
EIP	1276	yes	https://eips.ethereum.org/EIPS/eip-1276	Eliminate Difficulty Bomb and Adjust Block Reward on Constantinople Shift	Stagnant	Standards Track	Core	2018-07-31		682	e897dde9ca5c6f7b3d97055e92115931aa038c37a805f1a022e823f757538302	uri-web-content,read-proof-history,app-package-runtime,agent-automation,security-supply-chain	eip-1276.md
EIP	1283	yes	https://eips.ethereum.org/EIPS/eip-1283	Net gas metering for SSTORE without dirty maps	Final	Standards Track	Core	2018-08-01		2603	f6bfab7edd5d4538d7ebece5d8b916daf1fd25c2d64ab4cffffd1cc8b56709db	uri-web-content,read-proof-history,app-package-runtime,token-payment,offline-storage	eip-1283.md
EIP	1285	yes	https://eips.ethereum.org/EIPS/eip-1285	Increase Gcallstipend gas in the CALL opcode	Stagnant	Standards Track	Core	2018-08-01		497	fc8449b5e17262eb92b64cb0429ced9853975132e6e03e289db522c5d78849dc	uri-web-content,read-proof-history,app-package-runtime,security-supply-chain,offline-storage	eip-1285.md
EIP	1295	yes	https://eips.ethereum.org/EIPS/eip-1295	Modify Ethereum PoW Incentive Structure and Delay Difficulty Bomb	Stagnant	Standards Track	Core	2018-08-05		1194	528a22ab1f28b599634a14ed361a6b01e0cec7016ba83ce5331fd837d0ba4d9e	uri-web-content,read-proof-history,app-package-runtime,security-supply-chain	eip-1295.md
EIP	1319	no-moved-stub	https://eips.ethereum.org/EIPS/eip-1319		Moved		ERC			14	752e6ab42bc287ee0a18dd0bfe7ddb18885497181885ce98f312c300832c99e2	uri-web-content,read-proof-history	eip-1319.md
EIP	1328	no-moved-stub	https://eips.ethereum.org/EIPS/eip-1328		Moved		ERC			14	6e022f5f7bdb983005f7c74800186a1275ea1bce49948b3a8fc15fe352120d89	uri-web-content,read-proof-history	eip-1328.md
EIP	1337	no-moved-stub	https://eips.ethereum.org/EIPS/eip-1337		Moved		ERC			14	02b38e3159f3d8dfe158ad348df9652971bf060adf692a19ba65f99935716a15	uri-web-content,read-proof-history	eip-1337.md
EIP	1344	yes	https://eips.ethereum.org/EIPS/eip-1344	ChainID opcode	Final	Standards Track	Core	2018-08-22	155	824	387dbfab6056f34fac5455d19605884da29a8b2a5e10c4d2a0190b5c60c61122	account-wallet,uri-web-content,read-proof-history,app-package-runtime,cross-chain	eip-1344.md
EIP	1352	yes	https://eips.ethereum.org/EIPS/eip-1352	Specify restricted address range for precompiles/system contracts	Stagnant	Standards Track	Core	2018-07-27		183	d9999ec32eb88738276e8b78e1df008817e841c4d0d34dbfa42e8de0e207e9aa	account-wallet,uri-web-content	eip-1352.md
EIP	1355	yes	https://eips.ethereum.org/EIPS/eip-1355	Ethash 1a	Withdrawn	Standards Track	Core	2018-08-26		321	a891dfb31cc0a37a0592f092d889d11609ad372dd4e97accf960c84dc7b0efaf	uri-web-content,read-proof-history,security-supply-chain	eip-1355.md
EIP	1363	no-moved-stub	https://eips.ethereum.org/EIPS/eip-1363		Moved		ERC			14	a8fa21afa66d392cbde1d958925a114f39697bb078c781cf832582303c356acf	uri-web-content,read-proof-history	eip-1363.md
EIP	1380	yes	https://eips.ethereum.org/EIPS/eip-1380	Reduced gas cost for call to self	Stagnant	Standards Track	Core	2018-08-31	150	523	3cf77257df534b73371183b02cbacdde293bc10a4b976f9cef08be6b0c6e5409	uri-web-content	eip-1380.md
EIP	1386	no-moved-stub	https://eips.ethereum.org/EIPS/eip-1386		Moved		ERC			14	83da51c72812e3bc09e49282d487226484ca750af6fda015d99b684f98aadd74	uri-web-content,read-proof-history	eip-1386.md
EIP	1387	no-moved-stub	https://eips.ethereum.org/EIPS/eip-1387		Moved		ERC			14	3a1fec180b4b84c63658cb8fc7375a05bc951e78941308b7b4eb9c6cf98beb86	uri-web-content,read-proof-history	eip-1387.md
EIP	1388	no-moved-stub	https://eips.ethereum.org/EIPS/eip-1388		Moved		ERC			14	84e16109a509078ae3b3fcbd91a5b5dab7845da96ebcd5c32e75241e9a3ea66e	uri-web-content,read-proof-history	eip-1388.md
EIP	1417	no-moved-stub	https://eips.ethereum.org/EIPS/eip-1417		Moved		ERC			14	815cc7ae1ccb91e54680ff1abfdf06d1a92aa1b16ff550c0ebd6c3e7b6e9ba35	uri-web-content,read-proof-history	eip-1417.md
EIP	1418	yes	https://eips.ethereum.org/EIPS/eip-1418	Blockchain Storage Rent Payment	Stagnant	Standards Track	Core	2018-09-16	1559	1494	bfd464e593d9e8aeffe9778e7cf751c93f3c41b38b3618878831e330921e296e	uri-web-content,read-proof-history,app-package-runtime,token-payment,security-supply-chain,offline-storage	eip-1418.md
EIP	1438	no-moved-stub	https://eips.ethereum.org/EIPS/eip-1438		Moved		ERC			14	745685ad012dcdde2792d153d2b53f92dc50b718301f15ea354b55641260a252	uri-web-content,read-proof-history	eip-1438.md
EIP	1444	no-moved-stub	https://eips.ethereum.org/EIPS/eip-1444		Moved		ERC			14	95b9ce77acfbaa13956f9ab83c30818c832daddbcc13980e2937b848f02fc614	uri-web-content,read-proof-history	eip-1444.md
EIP	1450	no-moved-stub	https://eips.ethereum.org/EIPS/eip-1450		Moved		ERC			14	23fa4e2cc08d3dff6feb5f19f0ac4adfa3a972f10d0e54405f3de65b82638fee	uri-web-content,read-proof-history	eip-1450.md
EIP	1459	yes	https://eips.ethereum.org/EIPS/eip-1459	Node Discovery via DNS	Stagnant	Standards Track	Networking	2018-09-26	778	1173	e403a16f9f8067c0fc46aa3241f93400ea753ecaae883e85c39fe49bdb4658f7	account-wallet,uri-web-content,read-proof-history,app-package-runtime,privacy,security-supply-chain,offline-storage	eip-1459.md
EIP	1462	no-moved-stub	https://eips.ethereum.org/EIPS/eip-1462		Moved		ERC			14	e6e3a19abaf2038f8da2d69b667af8245baabfca49352305bdd862d5a5e1abde	uri-web-content,read-proof-history	eip-1462.md
EIP	1470	yes	https://eips.ethereum.org/EIPS/eip-1470	Smart Contract Weakness Classification (SWC)	Stagnant	Informational		2018-09-18		1089	093fafe3179efcccaaef1be7ccd02ab477c3e98bcee692142f2d98d7bcaae39d	uri-web-content,read-proof-history,app-package-runtime,token-payment,security-supply-chain	eip-1470.md
EIP	1474	yes	https://eips.ethereum.org/EIPS/eip-1474	Remote procedure call specification	Stagnant	Standards Track	Interface	2018-10-02		6950	c7070c73e4399666dbdfc19dff89f3e61c142ffe44fa6798af135312918c59e6	account-wallet,uri-web-content,read-proof-history,app-package-runtime,identity-principal,cross-chain,offline-storage	eip-1474.md
EIP	1482	yes	https://eips.ethereum.org/EIPS/eip-1482	Define a maximum block timestamp drift	Stagnant	Standards Track	Core	2018-10-09		328	029a7414af66400a3704fef77750137b627e198ca469a11bd92cd647594d420b	uri-web-content,read-proof-history	eip-1482.md
EIP	1484	no-moved-stub	https://eips.ethereum.org/EIPS/eip-1484		Moved		ERC			14	83feeda4f85b483675c3837b1dca0ac7c7db6990bb98f74bd251a4107e6d62b2	uri-web-content,read-proof-history	eip-1484.md
EIP	1485	yes	https://eips.ethereum.org/EIPS/eip-1485	TEthashV1	Stagnant	Standards Track	Core	2018-11-01		1259	24a18ca1f0a6376c5d19a50639c35b2c48f62b4e08f6b5bd4761e7599087ec71	account-wallet,uri-web-content,read-proof-history	eip-1485.md
EIP	1491	no-moved-stub	https://eips.ethereum.org/EIPS/eip-1491		Moved		ERC			14	317ba4a9a29d9a48b4527c9e018566a2e05c9ac146388d28a164bf5d8a3bf8c3	uri-web-content,read-proof-history	eip-1491.md
EIP	1504	no-moved-stub	https://eips.ethereum.org/EIPS/eip-1504		Moved		ERC			14	777e2eb3e88ac30ebebe3e776e904965cffb89cd5a62a5cf96f99fa785430ca6	uri-web-content,read-proof-history	eip-1504.md
EIP	1523	no-moved-stub	https://eips.ethereum.org/EIPS/eip-1523		Moved		ERC			14	8b0dcf3a648faffcaa406241ff337e174b0d7195e508f221c9a03daf9717a233	uri-web-content,read-proof-history	eip-1523.md
EIP	1538	no-moved-stub	https://eips.ethereum.org/EIPS/eip-1538		Moved		ERC			14	1afa409d005fda06802b184a5dbb678a13c04df326b725be609db9cc800fd450	uri-web-content,read-proof-history	eip-1538.md
EIP	1559	yes	https://eips.ethereum.org/EIPS/eip-1559	Fee market change for ETH 1.0 chain	Final	Standards Track	Core	2019-04-13	2718, 2930	2848	4460ad966a22d8501e12d75165c2c784c61748d8128229f115ebac1bfccac59f	account-wallet,uri-web-content,app-package-runtime,cross-chain,security-supply-chain,offline-storage	eip-1559.md
EIP	1571	yes	https://eips.ethereum.org/EIPS/eip-1571	EthereumStratum/2.0.0	Stagnant	Standards Track	Interface	2018-11-09		6257	c46149ee2f179af720ad876162e5507f1d1b7e1e4dc1305638fc66c8d3a6fa18	account-wallet,uri-web-content,read-proof-history,app-package-runtime,identity-principal,privacy,agent-automation,token-payment,offline-storage,human-interface	eip-1571.md
EIP	1577	no-moved-stub	https://eips.ethereum.org/EIPS/eip-1577		Moved		ERC			14	8d0e7319ebf64f1f628c875139b5e777b60c3561256bbfa3c2a446ede5cfe3ad	uri-web-content,read-proof-history	eip-1577.md
EIP	1581	no-moved-stub	https://eips.ethereum.org/EIPS/eip-1581		Moved		ERC			14	04807c7052bf64d232b50a87839b66c83fb5214d3044d98174ccb004dc98e4e7	uri-web-content,read-proof-history	eip-1581.md
EIP	1588	yes	https://eips.ethereum.org/EIPS/eip-1588	Hardfork Meta: Ethereum ProgPoW	Stagnant	Meta		2018-11-16	1057	74	b2b70e3de0f1d6d7f1f1f048ac8ccaa1c3de93cb82f81b40174aa555537e7dcb	read-proof-history	eip-1588.md
EIP	1592	no-moved-stub	https://eips.ethereum.org/EIPS/eip-1592		Moved		ERC			14	47d35ed224b02031594b66e89d6acafaa64317b86c920de1075ad7cc4e67783d	uri-web-content,read-proof-history	eip-1592.md
EIP	1613	no-moved-stub	https://eips.ethereum.org/EIPS/eip-1613		Moved		ERC			14	d1fc038f1d2f2d759867d31d46e70e288471dc7f17bc3ee859fd3d450286cf6c	uri-web-content,read-proof-history	eip-1613.md
EIP	1616	no-moved-stub	https://eips.ethereum.org/EIPS/eip-1616		Moved		ERC			14	3f4fb19e1908e4295b64bf3125d9dc73d2e805899d0f81413c018ece3c575a66	uri-web-content,read-proof-history	eip-1616.md
EIP	1620	no-moved-stub	https://eips.ethereum.org/EIPS/eip-1620		Moved		ERC			14	72a21c1b68624f6559bb9287dbf3a63ff7a7fe0aa22b0186ee0cb79a6af3353b	uri-web-content,read-proof-history	eip-1620.md
EIP	1633	no-moved-stub	https://eips.ethereum.org/EIPS/eip-1633		Moved		ERC			14	3b3c72f5374e7c012c1f66cba5a79395ed9b15d85924fd6dcb5441c647d4d441	uri-web-content,read-proof-history	eip-1633.md
EIP	1679	yes	https://eips.ethereum.org/EIPS/eip-1679	Hardfork Meta: Istanbul	Final	Meta		2019-01-04	152, 1108, 1344, 1716, 1884, 2028, 2200	165	5e1b84b187275d3c75d363f4790599eb3fc39e1bf1e5f92e20dd06fb837edd61	uri-web-content,read-proof-history,cross-chain	eip-1679.md
EIP	1681	yes	https://eips.ethereum.org/EIPS/eip-1681	Temporal Replay Protection	Stagnant	Standards Track	Core	2019-01-08		789	ea7fd200c7deef571e245e14fa320b4cb871eb707773c5ec4a9327c46aba2375	account-wallet,uri-web-content,privacy,security-supply-chain,offline-storage	eip-1681.md
EIP	1682	yes	https://eips.ethereum.org/EIPS/eip-1682	Storage Rent	Withdrawn	Standards Track	Core	2018-11-10		1414	6f83ff89e2fa801d233921580dee9d8073fd7e5266d46589be29f86850b11941	account-wallet,uri-web-content,read-proof-history,token-payment,offline-storage	eip-1682.md
EIP	1702	yes	https://eips.ethereum.org/EIPS/eip-1702	Generalized Account Versioning Scheme	Stagnant	Standards Track	Core	2017-12-30		1453	3d08d2a22f1e7d59d3a7f3f3a11559ba7c90bd5d07197625672ae55ed6edb6d2	account-wallet,uri-web-content,read-proof-history,app-package-runtime,security-supply-chain	eip-1702.md
EIP	1706	yes	https://eips.ethereum.org/EIPS/eip-1706	Disable SSTORE with gasleft lower than call stipend	Withdrawn	Standards Track	Core	2019-01-15	1283	471	9616f2f52305b34ffdc138a4983ad7fea4e116acd4077eb2ea3acd9ae87832db	uri-web-content,read-proof-history,app-package-runtime,token-payment,security-supply-chain,offline-storage	eip-1706.md
EIP	1710	no-moved-stub	https://eips.ethereum.org/EIPS/eip-1710		Moved		ERC			14	8c57037072dcfd50b6fcc26cccdda7c5878b878a7f5c3992d8b12eee14b42e94	uri-web-content,read-proof-history	eip-1710.md
EIP	1716	yes	https://eips.ethereum.org/EIPS/eip-1716	Hardfork Meta: Petersburg	Final	Meta		2019-01-21	1013, 1283	210	82d078321cac2bc4dab8a86cb27d702504b5c5cc9648bf69d8e84229853a10ec	uri-web-content,app-package-runtime,security-supply-chain	eip-1716.md
EIP	1753	no-moved-stub	https://eips.ethereum.org/EIPS/eip-1753		Moved		ERC			14	67f1918bb99df48c13c0044f92e16823e57f43b7e02e3b7e75f014df5220e84c	uri-web-content,read-proof-history	eip-1753.md
EIP	1761	no-moved-stub	https://eips.ethereum.org/EIPS/eip-1761		Moved		ERC			14	6d15f5798be7f22265428f4653402466d090731539f17682d9a4e9f563a5dd11	uri-web-content,read-proof-history	eip-1761.md
EIP	1767	yes	https://eips.ethereum.org/EIPS/eip-1767	GraphQL interface to Ethereum node data	Stagnant	Standards Track	Interface	2019-02-14		3434	c0d984cc244deead94f0cfe5164e5d672d16677210877bdfea6624729d765528	account-wallet,uri-web-content,read-proof-history,app-package-runtime,offline-storage	eip-1767.md
EIP	1775	no-moved-stub	https://eips.ethereum.org/EIPS/eip-1775		Moved		ERC			14	85ea177f5d4d4a268f95737f8eb37f65c8b29acce32a9e7d4d1d36a74a8dcafe	uri-web-content,read-proof-history	eip-1775.md
EIP	1803	yes	https://eips.ethereum.org/EIPS/eip-1803	Rename opcodes for clarity	Stagnant	Standards Track	Interface	2017-07-28	141	167	fb4f870d081cf5fc04075ee95224b5d6a2b1edd781cd421ffdd0600db78f2ccf	uri-web-content	eip-1803.md
EIP	1812	no-moved-stub	https://eips.ethereum.org/EIPS/eip-1812		Moved		ERC			14	5f6047eaa326b1554aec07fd19e8ef5ac27e5dc088f03e96eb3e5607777d96a6	uri-web-content,read-proof-history	eip-1812.md
EIP	1820	no-moved-stub	https://eips.ethereum.org/EIPS/eip-1820		Moved		ERC			14	6b30b5f869e4248c0eaa22a08415b4817d81690757a6446f707762666ae6bd61	uri-web-content,read-proof-history	eip-1820.md
EIP	1822	no-moved-stub	https://eips.ethereum.org/EIPS/eip-1822		Moved		ERC			14	f58fdcb8229ef468ec0291016492e2ba5ce1fd26e16d06cbf1cb8483f0b18178	uri-web-content,read-proof-history	eip-1822.md
EIP	1829	yes	https://eips.ethereum.org/EIPS/eip-1829	Precompile for Elliptic Curve Linear Combinations	Stagnant	Standards Track	Core	2019-03-06		958	ec3dc4b062d042f13adcce79d410b061129c1b2b6f31991cd88fd07cefd967a9	account-wallet,uri-web-content,app-package-runtime,identity-principal,privacy,offline-storage	eip-1829.md
EIP	1844	no-moved-stub	https://eips.ethereum.org/EIPS/eip-1844		Moved		ERC			14	2754fee895bbcfb50a7f818955c3e9795109115439637810fcc50816ef7f0e0a	uri-web-content,read-proof-history	eip-1844.md
EIP	1872	yes	https://eips.ethereum.org/EIPS/eip-1872	Ethereum Network Upgrade Windows	Stagnant	Meta		2018-03-25		1599	763ed8fc4ec239d7147fe9f43bd9d13ab0b57b6510ed590d46839d13fcf69748	uri-web-content,read-proof-history,app-package-runtime,security-supply-chain	eip-1872.md
EIP	1884	yes	https://eips.ethereum.org/EIPS/eip-1884	Repricing for trie-size-dependent opcodes	Final	Standards Track	Core	2019-03-28	150, 1052	1191	ea2933ccfa3f7df96b1b796b0bad7f36178329762bbe6845b741b5a8c8a7bc96	uri-web-content,read-proof-history,app-package-runtime,identity-principal,security-supply-chain,offline-storage	eip-1884.md
EIP	1890	yes	https://eips.ethereum.org/EIPS/eip-1890	Commitment to Sustainable Ecosystem Funding	Withdrawn	Standards Track	Core	2019-03-31		448	f93f891d69c433093aada54949429aca86eac2e23cccec28bd855ce560677f08	uri-web-content,read-proof-history	eip-1890.md
EIP	1895	yes	https://eips.ethereum.org/EIPS/eip-1895	Support for an Elliptic Curve Cycle	Stagnant	Standards Track	Core	2018-03-31		927	3b09ef0e489540198c90b279cb55346f9a4a8a1b8afbeabec7017994c72742ed	uri-web-content,app-package-runtime,privacy,security-supply-chain	eip-1895.md
EIP	1898	yes	https://eips.ethereum.org/EIPS/eip-1898	Add `blockHash` to defaultBlock methods	Final	Standards Track	Interface	2019-04-01	234	1113	86aec72aca38fa23c5433deeae71b3bec318290df960c419272d42034027d5ac	account-wallet,uri-web-content,read-proof-history,app-package-runtime,identity-principal,token-payment,security-supply-chain,offline-storage,human-interface	eip-1898.md
EIP	1900	no-moved-stub	https://eips.ethereum.org/EIPS/eip-1900		Moved		ERC			14	c967400d4fa61cfb3126e7c04c74d925f318bae0e705401db849534ad328de41	uri-web-content,read-proof-history	eip-1900.md
EIP	1901	yes	https://eips.ethereum.org/EIPS/eip-1901	Add OpenRPC Service Discovery To JSON-RPC Services	Stagnant	Standards Track	Interface	2019-02-25		671	dbcfd9ad62b763afec9f6a9179f8901080ddcaca6450f1c25f16d22526942520	uri-web-content,read-proof-history,app-package-runtime,agent-automation,offline-storage,human-interface	eip-1901.md
EIP	1921	no-moved-stub	https://eips.ethereum.org/EIPS/eip-1921		Moved		ERC			14	577e5ae27fc1fdb182b72e94c371fe8759970d2315e6d061acb641132a540bb3	uri-web-content,read-proof-history	eip-1921.md
EIP	1922	no-moved-stub	https://eips.ethereum.org/EIPS/eip-1922		Moved		ERC			14	70909bb9322cabeb95cdde762102e2da3dc011d7882c558de8a33958f44eb317	uri-web-content,read-proof-history	eip-1922.md
EIP	1923	no-moved-stub	https://eips.ethereum.org/EIPS/eip-1923		Moved		ERC			14	523a90e3929bea071dd4ee9af276fc17a8483bc951303614633550319e8f3994	uri-web-content,read-proof-history	eip-1923.md
EIP	1930	yes	https://eips.ethereum.org/EIPS/eip-1930	CALLs with strict gas semantic. Revert if not enough gas available.	Stagnant	Standards Track	Core	2019-04-10		1665	5b4404ce4cf6267a50202d695db22a0e63ed215fd0555c8f6ab26a7cbb2db2e3	account-wallet,uri-web-content,read-proof-history,identity-principal	eip-1930.md
EIP	1948	no-moved-stub	https://eips.ethereum.org/EIPS/eip-1948		Moved		ERC			14	953742166308b4354b8bf87515813f56524606eaed77f1ffb4191c86ff6870db	uri-web-content,read-proof-history	eip-1948.md
EIP	1959	yes	https://eips.ethereum.org/EIPS/eip-1959	New Opcode to check if a chainID is part of the history of chainIDs	Stagnant	Standards Track	Core	2019-04-20	155	1305	abd14fcf3099280fb732ac457b1c6129ad671054330f82405b1f683d60181b49	account-wallet,uri-web-content,read-proof-history,cross-chain,security-supply-chain,offline-storage	eip-1959.md
EIP	1962	yes	https://eips.ethereum.org/EIPS/eip-1962	EC arithmetic and pairings with runtime definitions	Stagnant	Standards Track	Core	2019-04-22	1109	1342	8272007cc10cb854ca1e423e654ef8dce532fd9fc2c1c5a5debfaaa8b6fb64fb	uri-web-content,app-package-runtime,privacy,security-supply-chain	eip-1962.md
EIP	1965	yes	https://eips.ethereum.org/EIPS/eip-1965	Method to check if a chainID is valid at a specific block Number	Stagnant	Standards Track	Core	2019-04-20	155	1031	82da54d4f7221f28b1779bb0b514d0a6b236f6a936fa0d252b7b2c7535e38d3e	account-wallet,uri-web-content,read-proof-history,app-package-runtime,cross-chain,offline-storage	eip-1965.md
EIP	1967	no-moved-stub	https://eips.ethereum.org/EIPS/eip-1967		Moved		ERC			14	4f9b03caa268afa58a7db11f0b97aa7a4a9f0d0112caa5414a63dbbe31f46de0	uri-web-content,read-proof-history	eip-1967.md
EIP	1973	no-moved-stub	https://eips.ethereum.org/EIPS/eip-1973		Moved		ERC			14	07fdd0591911e42fc5b126f3c96270d841f05335556bde5b92b557f5567c4f47	uri-web-content,read-proof-history	eip-1973.md
EIP	1985	yes	https://eips.ethereum.org/EIPS/eip-1985	Sane limits for certain EVM parameters	Stagnant	Standards Track	Core	2018-08-01		775	e1a3c056154b06ec57fcb59ee78581099d88905fc539b80cb0d6c8aad647f04f	uri-web-content,read-proof-history,app-package-runtime	eip-1985.md
EIP	1996	no-moved-stub	https://eips.ethereum.org/EIPS/eip-1996		Moved		ERC			14	9a42dfbee803e3040a3015db2c0122a299da93cff6b0caf1b5323183322c0acf	uri-web-content,read-proof-history	eip-1996.md
EIP	2003	yes	https://eips.ethereum.org/EIPS/eip-2003	EVMC modules for implementations of precompiled contracts	Stagnant	Standards Track	Interface	2019-05-09	1352	548	a80b7afc05eb8f960a2a6947753e411f40620a9a86c9d3e9d95d7bc63228cc25	uri-web-content,read-proof-history,app-package-runtime	eip-2003.md
EIP	2009	no-moved-stub	https://eips.ethereum.org/EIPS/eip-2009		Moved		ERC			14	e527ded1c53d154879b63351263e2553b64e842fa5cfa5393af4e017e532e11c	uri-web-content,read-proof-history	eip-2009.md
EIP	2014	yes	https://eips.ethereum.org/EIPS/eip-2014	Extended State Oracle	Stagnant	Standards Track	Core	2019-05-10	140	505	f2f4265d87430c90fd5e6bacc736a0429979019d2814a97cb5cfe9c07d950127	uri-web-content,read-proof-history,app-package-runtime	eip-2014.md
EIP	2015	yes	https://eips.ethereum.org/EIPS/eip-2015	wallet_updateEthereumChain RPC Method	Stagnant	Standards Track	Interface	2019-05-12	155	590	fc7a31961a943ee82ccfcdbb15688294316f8c8c74e514aefa50b75da520c834	account-wallet,uri-web-content,cross-chain,security-supply-chain,human-interface	eip-2015.md
EIP	2018	no-moved-stub	https://eips.ethereum.org/EIPS/eip-2018		Moved		ERC			14	ae078ef96ebfb8acf19c97778603e81651c6cfbe82e5651142b351a61cff4dc9	uri-web-content,read-proof-history	eip-2018.md
EIP	2019	no-moved-stub	https://eips.ethereum.org/EIPS/eip-2019		Moved		ERC			14	85fcf2088bb7139d6895aac674c7d86dc019612f114af8956859981ab2f7df90	uri-web-content,read-proof-history	eip-2019.md
EIP	2020	no-moved-stub	https://eips.ethereum.org/EIPS/eip-2020		Moved		ERC			14	399f61fc944be1e58d0950fad3bcef7aa93e582009282e0699f29e6f880b2d9b	uri-web-content,read-proof-history	eip-2020.md
EIP	2021	no-moved-stub	https://eips.ethereum.org/EIPS/eip-2021		Moved		ERC			14	3041255a4aa2634089a176b42705d9e9df43c0441ffafd33bd37208a73ed21f8	uri-web-content,read-proof-history	eip-2021.md
EIP	2025	yes	https://eips.ethereum.org/EIPS/eip-2025	Block Rewards Proposal for funding Eth1.x	Withdrawn	Standards Track	Core	2019-04-20	1890	2532	0688a91cebbc348072d24649fbc83d8e79640ec0c08d9a0f70f5f6a3b9f02f81	uri-web-content,app-package-runtime,identity-principal,agent-automation,token-payment,security-supply-chain,offline-storage	eip-2025.md
EIP	2026	yes	https://eips.ethereum.org/EIPS/eip-2026	State Rent H - Fixed Prepayment for accounts	Stagnant	Standards Track	Core	2019-05-14		879	fac975c3e74c721c7335b2ade434107b5a914df69deea06ca82a378563c395cb	uri-web-content,read-proof-history,privacy,human-interface	eip-2026.md
EIP	2027	yes	https://eips.ethereum.org/EIPS/eip-2027	State Rent C - Net contract size accounting	Stagnant	Standards Track	Core	2019-05-14		687	c3e40681fb97777e2c89b3b3c3cd421d5d343e6f77e32c7ca1d7c688f705c81f	uri-web-content,read-proof-history,offline-storage	eip-2027.md
EIP	2028	yes	https://eips.ethereum.org/EIPS/eip-2028	Transaction data gas cost reduction	Final	Standards Track	Core	2019-05-03		1148	765afb0a066eb847eccaa02726cefa2995f1b6a0e13564936219eed1a8123e88	uri-web-content,read-proof-history,app-package-runtime,security-supply-chain,offline-storage	eip-2028.md
EIP	2029	yes	https://eips.ethereum.org/EIPS/eip-2029	State Rent A - State counters contract	Stagnant	Standards Track	Core	2019-05-15		481	f571a966a6cc95e0b66466fbf27017bbd6984561890be88356098a8d2d2b890e	account-wallet,uri-web-content,read-proof-history,offline-storage	eip-2029.md
EIP	2031	yes	https://eips.ethereum.org/EIPS/eip-2031	State Rent B - Net transaction counter	Stagnant	Standards Track	Core	2019-05-15	2029	487	2023f0ee600e9e1a4f4a453f3201e69d0ecb87980013362ec4cc1a6032f73921	account-wallet,uri-web-content,read-proof-history,privacy,offline-storage	eip-2031.md
EIP	2035	yes	https://eips.ethereum.org/EIPS/eip-2035	Stateless Clients - Repricing SLOAD and SSTORE to pay for block proofs	Stagnant	Standards Track	Core	2019-05-16		823	af7c29f0de83618e4fddd06b7c9440ede082c19689b526cd7ea62792164bd9a1	uri-web-content,read-proof-history,app-package-runtime,offline-storage	eip-2035.md
EIP	2045	yes	https://eips.ethereum.org/EIPS/eip-2045	Particle gas costs for EVM opcodes	Stagnant	Standards Track	Core	2019-05-17		1018	57ecf5a2875c894d088692437cc4ff49a310241178d07a6edd1a22028bdd6194	uri-web-content,read-proof-history,app-package-runtime,offline-storage	eip-2045.md
EIP	2046	yes	https://eips.ethereum.org/EIPS/eip-2046	Reduced gas cost for static calls made to precompiles	Stagnant	Standards Track	Core	2019-05-17	214, 1352	369	017b157a5fc103a14509047854175ca130196dc1493779209e0ce838dfb8fd05	uri-web-content,app-package-runtime	eip-2046.md
EIP	2069	yes	https://eips.ethereum.org/EIPS/eip-2069	Recommendation for using YAML ABI in ERCs/EIPs	Stagnant	Informational		2017-02-11		426	5777f38ec0ad5c509415dec87b24b85259ec4e9ae632b20baf83548108cd57c9	uri-web-content,identity-principal,token-payment	eip-2069.md
EIP	2070	yes	https://eips.ethereum.org/EIPS/eip-2070	Hardfork Meta: Berlin	Withdrawn	Meta		2019-05-20	1679	76	2a49fa7a489bf8a9640af918c2907220e201e39536bb85c31c283bf7fb03fa30	uri-web-content,read-proof-history	eip-2070.md
EIP	2098	no-moved-stub	https://eips.ethereum.org/EIPS/eip-2098		Moved		ERC			14	9b604bbed11620d16ad4a2a051254208beb28e8242a44ac1dc482be3bc7651bb	uri-web-content,read-proof-history	eip-2098.md
EIP	2124	yes	https://eips.ethereum.org/EIPS/eip-2124	Fork identifier for chain compatibility checks	Final	Standards Track	Networking	2019-05-03		2953	9d97750212fc6bbf366aacdfc3c3a1df6879da9693dfb7ad53472399beea8e32	uri-web-content,identity-principal,privacy,token-payment,offline-storage	eip-2124.md
EIP	2135	no-moved-stub	https://eips.ethereum.org/EIPS/eip-2135		Moved		ERC			14	fd9b00c9945a54ea4bb4c4f88288a07e001f92265747d97f64031bb6652549f1	uri-web-content,read-proof-history	eip-2135.md
EIP	2157	no-moved-stub	https://eips.ethereum.org/EIPS/eip-2157		Moved		ERC			14	ddf91db8ca8b26d0ae4ec2a68d83bbdfa068da74f129150cdbeadafe20fc45e2	uri-web-content,read-proof-history	eip-2157.md
EIP	2159	yes	https://eips.ethereum.org/EIPS/eip-2159	Common Prometheus Metrics Names for Clients	Final	Standards Track	Interface	2019-07-01		502	79278631ae344b2baecda91e5bdefcbbde9a625bf448a3083d58b5fb7c095a31	uri-web-content,read-proof-history,app-package-runtime	eip-2159.md
EIP	2193	no-moved-stub	https://eips.ethereum.org/EIPS/eip-2193		Moved		ERC			14	f051e93a98c0222fa982405b3e34701ea07fb74a1e2f80af0f5c44951a29e182	uri-web-content,read-proof-history	eip-2193.md
EIP	2200	yes	https://eips.ethereum.org/EIPS/eip-2200	Structured Definitions for Net Gas Metering	Final	Standards Track	Core	2019-07-18		2417	ae8cb7fd68026b17cda1ecb22178bdaff91424939c1198dfc5a9f421df5db19a	uri-web-content,read-proof-history,app-package-runtime,token-payment,security-supply-chain,offline-storage	eip-2200.md
EIP	2228	yes	https://eips.ethereum.org/EIPS/eip-2228	Canonicalize the name of network ID 1 and chain ID 1	Final	Informational		2019-08-04		751	5b06d342dee7999da504f3a7ee2c0d00009a454fd77ff5f7258980d2d947c7ef	account-wallet,uri-web-content,app-package-runtime,cross-chain,human-interface	eip-2228.md
EIP	2242	yes	https://eips.ethereum.org/EIPS/eip-2242	Transaction Postdata	Stagnant	Standards Track	Core	2019-08-16		497	63b167b58d1fe3abade23236ddebd77fe56a13bbb68f853fae8c52ba52f34cb5	account-wallet,uri-web-content,read-proof-history,app-package-runtime,token-payment	eip-2242.md
EIP	2255	yes	https://eips.ethereum.org/EIPS/eip-2255	Wallet Permissions System	Final	Standards Track	Interface	2019-08-22	1193	929	60c62b425f8b54e4caac421fc289c40d9e159cdb65b6806e5b2de3f41a52c7ce	account-wallet,uri-web-content,read-proof-history,app-package-runtime,privacy,token-payment,security-supply-chain,human-interface	eip-2255.md
EIP	2256	yes	https://eips.ethereum.org/EIPS/eip-2256	wallet_getOwnedAssets JSON-RPC Method	Stagnant	Standards Track	Interface	2019-08-29	55, 155, 1474	1084	45aef73494df4a9f36ee47a4c5e3e7ec30aeaa6b5bf680d1bce5a4591aaf149a	account-wallet,uri-web-content,cross-chain,token-payment,human-interface	eip-2256.md
EIP	2266	no-moved-stub	https://eips.ethereum.org/EIPS/eip-2266		Moved		ERC			14	92004d26e547dd31fdc11e6395b4646116837621f3e30e324e4c07a583e2a427	uri-web-content,read-proof-history	eip-2266.md
EIP	2294	yes	https://eips.ethereum.org/EIPS/eip-2294	Explicit bound to Chain ID size	Stagnant	Informational		2019-09-19	155	670	6f93afcd9f94ddefe364c3edca16c4fdbfea0573959ffe21bfafb03084363725	account-wallet,uri-web-content,app-package-runtime,cross-chain,security-supply-chain	eip-2294.md
EIP	2304	no-moved-stub	https://eips.ethereum.org/EIPS/eip-2304		Moved		ERC			14	d653b436b181cb8c3320026b6e46dca0d49f9111b50cba2f6e4b879d52ba3411	uri-web-content,read-proof-history	eip-2304.md
EIP	2309	no-moved-stub	https://eips.ethereum.org/EIPS/eip-2309		Moved		ERC			14	265c86e43b372fb001dbe173514e683cb54faf146ab77f5bc8ebcd5b6297694e	uri-web-content,read-proof-history	eip-2309.md
EIP	2315	yes	https://eips.ethereum.org/EIPS/eip-2315	Simple Subroutines for the EVM	Withdrawn	Standards Track	Core	2019-10-17	3540, 3670, 4200	3327	93163cf7d1538da83aec4e696dcdd69059aa42c438d2ac848741101cd655a9dc	uri-web-content,read-proof-history,app-package-runtime,security-supply-chain,offline-storage	eip-2315.md
EIP	2327	yes	https://eips.ethereum.org/EIPS/eip-2327	BEGINDATA opcode	Stagnant	Standards Track	Core	2019-10-28		585	7ea0605f35e518cac2d1f204d3e80ba36d02a4b42f1877cfa7eaf35ca8c29646	uri-web-content,app-package-runtime,human-interface	eip-2327.md
EIP	2330	yes	https://eips.ethereum.org/EIPS/eip-2330	EXTSLOAD opcode	Stagnant	Standards Track	Core	2019-10-29	2929	820	b40b44136f6b823cb19663b19f44b62b05d2c7551e8c51550ddef0fdba5e4a2a	uri-web-content,read-proof-history,app-package-runtime,privacy,security-supply-chain,offline-storage	eip-2330.md
EIP	2333	no-moved-stub	https://eips.ethereum.org/EIPS/eip-2333		Moved		ERC			14	046c1525079ae314d13eec253284f25c55bad8eb10c74da01a0cb6719005889f	uri-web-content,read-proof-history	eip-2333.md
EIP	2334	no-moved-stub	https://eips.ethereum.org/EIPS/eip-2334		Moved		ERC			14	3658f4fae8a0103edcb3d6fc333d350a8b04cd694aab3edd1bec1595f86b3b28	uri-web-content,read-proof-history	eip-2334.md
EIP	2335	no-moved-stub	https://eips.ethereum.org/EIPS/eip-2335		Moved		ERC			14	20cfd267901c9fe04c2ae8dd4f6ae8316cca5fde8a5054f265f34f983d1c1e9f	uri-web-content,read-proof-history	eip-2335.md
EIP	2364	yes	https://eips.ethereum.org/EIPS/eip-2364	eth/64: forkid-extended protocol handshake	Final	Standards Track	Networking	2019-11-08	2124	825	69768336a540ee5ec24e0efbe878cde25eaf03d2ba1bd369c419c77b2dc976eb	uri-web-content,read-proof-history,app-package-runtime,identity-principal,token-payment,security-supply-chain	eip-2364.md
EIP	2378	yes	https://eips.ethereum.org/EIPS/eip-2378	EIPs Eligible for Inclusion	Stagnant	Meta		2019-11-13		560	044e61af8bfdbf24f04f6158e60841efdc63a754f22b5f15dc72a815fc142ada	uri-web-content,read-proof-history,app-package-runtime	eip-2378.md
EIP	2384	yes	https://eips.ethereum.org/EIPS/eip-2384	Muir Glacier Difficulty Bomb Delay	Final	Standards Track	Core	2019-11-20		416	480b17bf76ea606fd8935c7720377d3178fc4a55805a38f95abc07c541921c3d	uri-web-content,app-package-runtime	eip-2384.md
EIP	2386	no-moved-stub	https://eips.ethereum.org/EIPS/eip-2386		Moved		ERC			14	ebedc048eccf38aa44fe683e520515bb39f3af00136adab725bb86d482d67355	uri-web-content,read-proof-history	eip-2386.md
EIP	2387	yes	https://eips.ethereum.org/EIPS/eip-2387	Hardfork Meta: Muir Glacier	Final	Meta		2019-11-22	1679, 2384	821	5cdd8b8bf0b71ba0d84abb12988971aa5fd6e7c4dd77db5273a7d011389a7836	uri-web-content,app-package-runtime	eip-2387.md
EIP	2390	no-moved-stub	https://eips.ethereum.org/EIPS/eip-2390		Moved		ERC			14	caf8984d6341124d5f221934004ccadb678f9d80f870ff8ecaa534135f4f314b	uri-web-content,read-proof-history	eip-2390.md
EIP	2400	no-moved-stub	https://eips.ethereum.org/EIPS/eip-2400		Moved		ERC			14	8005c8b0356cd8a9a72ce74324a460908ec7118af494325043b13c0ccd85c6ca	uri-web-content,read-proof-history	eip-2400.md
EIP	2458	yes	https://eips.ethereum.org/EIPS/eip-2458	Updates and Updated-by Header	Withdrawn	Informational		2020-01-06		549	b541b69ef6f8f88fac83aa5da206142767a16cd26e2f7292ddadc859c4e2a4cb	uri-web-content,read-proof-history,security-supply-chain	eip-2458.md
EIP	2464	yes	https://eips.ethereum.org/EIPS/eip-2464	eth/65: transaction announcements and retrievals	Final	Standards Track	Networking	2020-01-13	2364	1388	510cf045b1994562ffd8838bdcdbdf999e3f981bebed7019e774cf020b19f3c7	account-wallet,uri-web-content,app-package-runtime,identity-principal,token-payment,security-supply-chain,offline-storage	eip-2464.md
EIP	2470	no-moved-stub	https://eips.ethereum.org/EIPS/eip-2470		Moved		ERC			14	90c308af543e903a0cb603468bd528e27760843fea71e5c4a459feae3858dc1d	uri-web-content,read-proof-history	eip-2470.md
EIP	2474	yes	https://eips.ethereum.org/EIPS/eip-2474	Coinbase calls	Stagnant	Standards Track	Core	2020-01-19		345	e01c484d5faf90d9a7a0268497c4df9e53a7fddbcf5c805f6633e4a31454f460	account-wallet,uri-web-content,read-proof-history,security-supply-chain	eip-2474.md
EIP	2477	no-moved-stub	https://eips.ethereum.org/EIPS/eip-2477		Moved		ERC			14	7df22a499ea3447a8db47e67f172a0f90fe2da1b16b6a13a4033c327a979661b	uri-web-content,read-proof-history	eip-2477.md
EIP	2481	yes	https://eips.ethereum.org/EIPS/eip-2481	eth/66 request identifier	Final	Standards Track	Networking	2020-01-17	2464	1541	3454883b8640595802380d71fcab43f9511f78d144346e7fc5b4fa3a67aa3dcc	account-wallet,uri-web-content,read-proof-history,app-package-runtime,identity-principal,security-supply-chain	eip-2481.md
EIP	2488	yes	https://eips.ethereum.org/EIPS/eip-2488	Deprecate the CALLCODE opcode	Stagnant	Standards Track	Core	2019-12-20	7	228	e606d541a486a736c43cc9fbb2849bdcc1cab911bba54e0b891b3ccfb9d6ecd0	uri-web-content,app-package-runtime,security-supply-chain,offline-storage	eip-2488.md
EIP	2494	no-moved-stub	https://eips.ethereum.org/EIPS/eip-2494		Moved		ERC			14	84ccc5ed58c505eef11bafff1feedde4c3332ab6acf6daa728525dbe28bcb5fe	uri-web-content,read-proof-history	eip-2494.md
EIP	2515	yes	https://eips.ethereum.org/EIPS/eip-2515	Implement Difficulty Freeze	Stagnant	Standards Track	Core	2020-02-10		805	85270100dede7c7a051e8c776893eeedd54306511d48fb2e0b681399036e792e	uri-web-content,app-package-runtime,identity-principal,security-supply-chain,offline-storage	eip-2515.md
EIP	2520	no-moved-stub	https://eips.ethereum.org/EIPS/eip-2520		Moved		ERC			14	24fdce269a72fcfb24471bcfb492de619e8dbd74d0266d1e3d1fdd652576e3fc	uri-web-content,read-proof-history	eip-2520.md
EIP	2525	no-moved-stub	https://eips.ethereum.org/EIPS/eip-2525		Moved		ERC			14	543289fbf493ec57c6dd88ca436b8baeeb1833f17c90690e1a3b02216f2f740d	uri-web-content,read-proof-history	eip-2525.md
EIP	2535	no-moved-stub	https://eips.ethereum.org/EIPS/eip-2535		Moved		ERC			14	c5cd92ee79cb9500231fcdae0420897dcf5829d1350f3b852b6b17d69bb99772	uri-web-content,read-proof-history	eip-2535.md
EIP	2537	yes	https://eips.ethereum.org/EIPS/eip-2537	Precompile for BLS12-381 curve operations	Final	Standards Track	Core	2020-02-21		3650	7071929b494198ebe39125c190f3442edb3c55192135b62ed2795072b87e9e53	account-wallet,uri-web-content,identity-principal,security-supply-chain	eip-2537.md
EIP	2539	yes	https://eips.ethereum.org/EIPS/eip-2539	BLS12-377 curve operations	Stagnant	Standards Track	Core	2020-02-26	1109, 2046	2554	d88f5da1b6da3fc35d87e68468e1a13bc2195a04ac69d6f60a22e2774b8df98f	account-wallet,uri-web-content,read-proof-history,identity-principal,security-supply-chain	eip-2539.md
EIP	2542	yes	https://eips.ethereum.org/EIPS/eip-2542	New opcodes TXGASLIMIT and CALLGASLIMIT	Withdrawn	Standards Track	Core	2020-02-29		945	873b64b03534466d5a6faa304907ced5c05f96735f70a0bda304003426c7eb2b	account-wallet,uri-web-content,app-package-runtime,identity-principal,cross-chain,security-supply-chain	eip-2542.md
EIP	2544	no-moved-stub	https://eips.ethereum.org/EIPS/eip-2544		Moved		ERC			14	4f73d8d7d1db48be1edf321fd53eae412bde92cdaaf751c65a6c8b0b8dba975f	uri-web-content,read-proof-history	eip-2544.md
EIP	2565	yes	https://eips.ethereum.org/EIPS/eip-2565	ModExp Gas Cost	Final	Standards Track	Core	2020-03-20	198	795	a3a75622403e775d4e6fa0b298545d0e93fe5f7d92ffcebe8404ee9570651d7d	uri-web-content,app-package-runtime,security-supply-chain	eip-2565.md
EIP	2566	yes	https://eips.ethereum.org/EIPS/eip-2566	Human Readable Parameters for Contract Function Execution	Stagnant	Standards Track	Interface	2020-03-23		1360	f13494cbdb776d94d4541d82c0acb77755d1060f27ac5a2690ef8c03f938a152	account-wallet,uri-web-content,read-proof-history,identity-principal,token-payment,security-supply-chain,human-interface	eip-2566.md
EIP	2569	no-moved-stub	https://eips.ethereum.org/EIPS/eip-2569		Moved		ERC			14	1cae390ae5f59dfb68ab7589e77d66b3330b5186ae6cb6ce7f2e5070572b021b	uri-web-content,read-proof-history	eip-2569.md
EIP	2583	yes	https://eips.ethereum.org/EIPS/eip-2583	Penalty for account trie misses	Stagnant	Standards Track	Core	2020-02-21		2473	bc8ef9e625da4d81fc9c0f4f0d503981e20486931e296412a1afcb57c28bb70f	uri-web-content,read-proof-history,app-package-runtime,identity-principal,token-payment,security-supply-chain,offline-storage	eip-2583.md
EIP	2584	yes	https://eips.ethereum.org/EIPS/eip-2584	Trie format transition with overlay trees	Stagnant	Standards Track	Core	2020-04-03		1342	c88304b2f3455f35add7b04ffa85e0efcfa5f519ef5eed4c2e7decdb052f5645	uri-web-content,read-proof-history,identity-principal,security-supply-chain,offline-storage	eip-2584.md
EIP	2593	yes	https://eips.ethereum.org/EIPS/eip-2593	Escalator fee market change for ETH 1.0 chain	Stagnant	Standards Track	Core	2020-03-13		1889	fcb676ccb515c7874cc812362c400f49cd5e6959c049985fe5f0d9fccd4b0f76	account-wallet,uri-web-content,read-proof-history,app-package-runtime,identity-principal,token-payment,security-supply-chain	eip-2593.md
EIP	2612	no-moved-stub	https://eips.ethereum.org/EIPS/eip-2612		Moved		ERC			14	4325e01041432359ca40a2dce98a865ca7a41dc0df1415a1b9293623f99bacaa	uri-web-content,read-proof-history	eip-2612.md
EIP	2615	no-moved-stub	https://eips.ethereum.org/EIPS/eip-2615		Moved		ERC			14	a82860f14e18c9d0d21e4dd1b9c570d6de482e044f682eb58b60b0545ef655f5	uri-web-content,read-proof-history	eip-2615.md
EIP	2645	no-moved-stub	https://eips.ethereum.org/EIPS/eip-2645		Moved		ERC			14	30c7ae6ee20b8e860f4fa22174deed2f525e4b87bbeff25d1e4302d72215e10e	uri-web-content,read-proof-history	eip-2645.md
EIP	2657	yes	https://eips.ethereum.org/EIPS/eip-2657	Ephemeral Testnet Yolo	Stagnant	Meta		2020-04-19		320	fe630044295d89485b8303d606cec8b643e5ebd688cc0fb95476433a89ce2d1a	uri-web-content,app-package-runtime,offline-storage	eip-2657.md
EIP	2666	yes	https://eips.ethereum.org/EIPS/eip-2666	Repricing of precompiles and Keccak256 function	Stagnant	Standards Track	Core	2020-05-22	1352, 2046, 2565	1044	cc23cad80c3e57874dd407c24649b0084f310174b6e184aead192633a5f95f1e	uri-web-content,read-proof-history,app-package-runtime,security-supply-chain	eip-2666.md
EIP	2677	yes	https://eips.ethereum.org/EIPS/eip-2677	Limit size of `initcode`	Withdrawn	Standards Track	Core	2020-05-18		432	1c7c1541f39fb1e27ecb47f6bd1191ee420f11a9974e52689078e1c9ffad51c3	uri-web-content,app-package-runtime,security-supply-chain	eip-2677.md
EIP	2678	no-moved-stub	https://eips.ethereum.org/EIPS/eip-2678		Moved		ERC			14	4d0e332f2067b7d861d3fe80fcd24ac6cc7989a2ae53957789c721a5c5ecb238	uri-web-content,read-proof-history	eip-2678.md
EIP	2680	no-moved-stub	https://eips.ethereum.org/EIPS/eip-2680		Moved		ERC			14	f83e011ab7a1e5726c5e9f12976e43f2e55136853398f8e21490a5ee9bf309b6	uri-web-content,read-proof-history	eip-2680.md
EIP	2681	yes	https://eips.ethereum.org/EIPS/eip-2681	Limit account nonce to 2^64-1	Final	Standards Track	Core	2020-04-25		372	460625e6bd904312a649352f7a8a476cfc3550f130eef78060c93e9116eb3eee	account-wallet,uri-web-content,security-supply-chain	eip-2681.md
EIP	2696	yes	https://eips.ethereum.org/EIPS/eip-2696	JavaScript `request` method RPC transport	Final	Standards Track	Interface	2020-06-04		877	002354f49e14cc8593a16c06dbfa13d051fbc6d42fef8c287bf06d18e758f803	account-wallet,uri-web-content,app-package-runtime,security-supply-chain	eip-2696.md
EIP	2700	yes	https://eips.ethereum.org/EIPS/eip-2700	JavaScript Provider Event Emitter	Final	Standards Track	Interface	2020-06-05		533	4addce3ae4e9c9984db9334c4efd8d9e514930a8e42b4068d89025838b7f5a60	account-wallet,uri-web-content,read-proof-history,app-package-runtime,security-supply-chain	eip-2700.md
EIP	2711	yes	https://eips.ethereum.org/EIPS/eip-2711	Sponsored, expiring and batch transactions.	Withdrawn	Standards Track	Core	2020-06-11	2718	1921	da6681098a42b6a0f338b159e3280356ad2d41d05622b5e2d72eeb3ac802f3e6	account-wallet,uri-web-content,app-package-runtime,identity-principal,privacy,cross-chain,token-payment,security-supply-chain,offline-storage	eip-2711.md
EIP	2718	yes	https://eips.ethereum.org/EIPS/eip-2718	Typed Transaction Envelope	Final	Standards Track	Core	2020-06-13		1037	876de14066ad67c9a1c0a87dc3bd18695325dcfc7d4b8326734de0bc174e4bf4	account-wallet,uri-web-content,read-proof-history,security-supply-chain	eip-2718.md
EIP	2733	yes	https://eips.ethereum.org/EIPS/eip-2733	Transaction Package	Withdrawn	Standards Track	Core	2020-06-16	2718	1509	75fe54c3bccfbd89b672df8e78c0f2c6e6499dc07d99f7601a154a4a8a440de4	account-wallet,uri-web-content,app-package-runtime,token-payment,security-supply-chain,offline-storage	eip-2733.md
EIP	2746	no-moved-stub	https://eips.ethereum.org/EIPS/eip-2746		Moved		ERC			14	0f9e2d1654832769e870f7f271b0d90fea942766fd3eb4e3a286b8975b7c0a11	uri-web-content,read-proof-history	eip-2746.md
EIP	2767	no-moved-stub	https://eips.ethereum.org/EIPS/eip-2767		Moved		ERC			14	7300b8e18f893d02cfa5d199ee776ca7eb82f95ee434ea1b1dfe0baf30ffd847	uri-web-content,read-proof-history	eip-2767.md
EIP	2770	no-moved-stub	https://eips.ethereum.org/EIPS/eip-2770		Moved		ERC			14	e657bdb491400000a182ed60624c56b3b2cd9f260e7dfb053c580f08ce2e3e7d	uri-web-content,read-proof-history	eip-2770.md
EIP	2771	no-moved-stub	https://eips.ethereum.org/EIPS/eip-2771		Moved		ERC			14	3301f54c6beb92cf95a56ab1b5201ae470e833118a4130c2b00f3a5de9ff5f2a	uri-web-content,read-proof-history	eip-2771.md
EIP	2780	yes	https://eips.ethereum.org/EIPS/eip-2780	Resource-based intrinsic transaction gas	Review	Standards Track	Core	2020-07-11	2718, 2929, 2930, 6780, 7623, 7702, 7708, 7928, 8037, 8038	4143	8940849b00b8b6a7e25b56e66e7686e50390b22c56c9028ba347ad9d49661a29	account-wallet,uri-web-content,read-proof-history,app-package-runtime,identity-principal,token-payment,security-supply-chain,offline-storage	eip-2780.md
EIP	2786	yes	https://eips.ethereum.org/EIPS/eip-2786	Ethereum Provider Connect/Disconnect Events	Withdrawn	Standards Track	Interface	2020-07-15	2700	418	f8dc61c0d10586f433ea767f5016d4f2e6a8db8788101fc072bfccea0ffd43a7	account-wallet,uri-web-content,read-proof-history,app-package-runtime,cross-chain,security-supply-chain	eip-2786.md
EIP	2803	yes	https://eips.ethereum.org/EIPS/eip-2803	Rich Transactions	Stagnant	Standards Track	Core	2020-07-18		676	66885796301ef75153feb0a4c3f9cf0085b152545a45fa0d555a69833d673438	account-wallet,uri-web-content,app-package-runtime,agent-automation,token-payment,offline-storage	eip-2803.md
EIP	2831	yes	https://eips.ethereum.org/EIPS/eip-2831	Transaction Replacement Message Type	Stagnant	Standards Track	Interface	2020-07-26	1193	1025	21eeb62ce442e04f22821504f911c68c43922057622cfcde6a6efc700b7c42de	account-wallet,uri-web-content,read-proof-history,app-package-runtime,privacy,security-supply-chain	eip-2831.md
EIP	2844	yes	https://eips.ethereum.org/EIPS/eip-2844	Add DID related methods to the JSON-RPC	Stagnant	Standards Track	Interface	2020-08-01		1203	b0f99e7edef76367f535724756407444128ca4afb265fd360fb64a12829da233	account-wallet,uri-web-content,identity-principal,privacy,cross-chain,security-supply-chain	eip-2844.md
EIP	2848	no-moved-stub	https://eips.ethereum.org/EIPS/eip-2848		Moved		ERC			14	2c23ceac1ec00187d0586bca3c0118099caab1c430e420c46327967deb71b7bf	uri-web-content,read-proof-history	eip-2848.md
EIP	2876	no-moved-stub	https://eips.ethereum.org/EIPS/eip-2876		Moved		ERC			14	8f341cb3e3f8ed446c8fb2e9abf0003e0f88626ea4abeea8325d6b3b7934bb44	uri-web-content,read-proof-history	eip-2876.md
EIP	2917	no-moved-stub	https://eips.ethereum.org/EIPS/eip-2917		Moved		ERC			14	b9f2e66961b92c34f87385cb8cfcd6fce5398610a0a9ac54ff644fcebfa7ccb3	uri-web-content,read-proof-history	eip-2917.md
EIP	2926	yes	https://eips.ethereum.org/EIPS/eip-2926	Chunk-Based Code Merkleization	Draft	Standards Track	Core	2020-08-25	161, 170	1412	c4b84a7af5e9f27f36ecce8deb9b80e19e49c72ebdcc769798dc3a79e8d71db3	account-wallet,uri-web-content,read-proof-history,app-package-runtime,identity-principal,security-supply-chain	eip-2926.md
EIP	2929	yes	https://eips.ethereum.org/EIPS/eip-2929	Gas cost increases for state access opcodes	Final	Standards Track	Core	2020-09-01		2616	177b2040bf0376b1182eb5571c7fda7a41b6f594083fa816506d65cfcf2acc4a	account-wallet,uri-web-content,read-proof-history,app-package-runtime,identity-principal,security-supply-chain,offline-storage	eip-2929.md
EIP	2930	yes	https://eips.ethereum.org/EIPS/eip-2930	Optional access lists	Final	Standards Track	Core	2020-08-29	2718, 2929	1146	691f06ecd80a1f5ec71f169553b808c837f68e06860ffac68dd44649e93b804b	account-wallet,uri-web-content,identity-principal,cross-chain,security-supply-chain,offline-storage	eip-2930.md
EIP	2935	yes	https://eips.ethereum.org/EIPS/eip-2935	Serve historical block hashes from state	Final	Standards Track	Core	2020-09-03		1539	7ce661498b5e2626d7dd41a1ad23cfb6f0d4a53abc9d36b383ee1630369b05e3	account-wallet,uri-web-content,read-proof-history,app-package-runtime,security-supply-chain,offline-storage	eip-2935.md
EIP	2936	yes	https://eips.ethereum.org/EIPS/eip-2936	EXTCLEAR Opcode For SELFDESTRUCTed contracts	Stagnant	Standards Track	Core	2020-09-03		442	6725520ff327f1eb636cdc099030639fe0aaf4e6748d33335e3dec4c78f9b1bf	uri-web-content,app-package-runtime,security-supply-chain,offline-storage	eip-2936.md
EIP	2937	yes	https://eips.ethereum.org/EIPS/eip-2937	SET_INDESTRUCTIBLE opcode	Stagnant	Standards Track	Core	2020-09-04		290	c63dd07f2d74eeb424e5a0427a0a1d6fbf2b14451f9768753108bc20733bf710	account-wallet,uri-web-content,security-supply-chain	eip-2937.md
EIP	2938	yes	https://eips.ethereum.org/EIPS/eip-2938	Account Abstraction	Withdrawn	Standards Track	Core	2020-09-04	2718	4232	f2ea2e3b1e623b0a9dedc35d824b60bd502da421a66076d3fe011b9f8aee15ed	account-wallet,uri-web-content,read-proof-history,app-package-runtime,identity-principal,privacy,cross-chain,token-payment,security-supply-chain,offline-storage	eip-2938.md
EIP	2942	no-moved-stub	https://eips.ethereum.org/EIPS/eip-2942		Moved		ERC			14	dc022600d0acc539b74ad5617947621b4ee50f24141abfb3d3131663fa4e6fd1	uri-web-content,read-proof-history	eip-2942.md
EIP	2970	yes	https://eips.ethereum.org/EIPS/eip-2970	IS_STATIC opcode	Stagnant	Standards Track	Core	2020-09-13		276	8977f7902a9404462424887f4610b1e890995e6c36a854e648b7fec470b60115	account-wallet,uri-web-content,read-proof-history,security-supply-chain	eip-2970.md
EIP	2972	yes	https://eips.ethereum.org/EIPS/eip-2972	Wrapped Legacy Transactions	Withdrawn	Standards Track	Core	2020-09-12	155, 2718	1212	43383c568ae18054a2cc6ed4caac87c17149041b03c779def09a39d5eaf95045	account-wallet,uri-web-content,read-proof-history,app-package-runtime,cross-chain,security-supply-chain	eip-2972.md
EIP	2976	yes	https://eips.ethereum.org/EIPS/eip-2976	Typed Transactions over Gossip	Final	Standards Track	Networking	2020-09-13	2718	779	1da7579cb5bc80bb96334481a94155401417981edbe03d97e898ba4379a89e5b	account-wallet,uri-web-content,app-package-runtime,security-supply-chain	eip-2976.md
EIP	2980	no-moved-stub	https://eips.ethereum.org/EIPS/eip-2980		Moved		ERC			14	6d290e600f70b0b181353e0117dd0d637cfe596613bd1b798fe57aff67dea45e	uri-web-content,read-proof-history	eip-2980.md
EIP	2981	no-moved-stub	https://eips.ethereum.org/EIPS/eip-2981		Moved		ERC			14	1f71aa7531efaa60711f34e18957679a6b0db31687ec7584a6fdfa2b434c3272	uri-web-content,read-proof-history	eip-2981.md
EIP	2982	yes	https://eips.ethereum.org/EIPS/eip-2982	Serenity Phase 0	Final	Informational		2020-09-15		7917	d0f93a1890b179ed8be896e7c3e982db8b3177c394ea82443eaf7baa13fedb44	account-wallet,uri-web-content,read-proof-history,app-package-runtime,identity-principal,privacy,token-payment,security-supply-chain,offline-storage	eip-2982.md
EIP	2997	yes	https://eips.ethereum.org/EIPS/eip-2997	IMPERSONATECALL Opcode	Stagnant	Standards Track	Core	2020-09-24		803	c4e2e9cee5eab2ab15483dfa8cdf11f1a355875e2fa285b6747872e4968e13ff	account-wallet,uri-web-content,app-package-runtime,token-payment,security-supply-chain	eip-2997.md
EIP	3000	no-moved-stub	https://eips.ethereum.org/EIPS/eip-3000		Moved		ERC			14	5254ff0ee26c4ed25d2e52a1f96c79ec73038a5dd2d2b4516027c177f13602ea	uri-web-content,read-proof-history	eip-3000.md
EIP	3005	no-moved-stub	https://eips.ethereum.org/EIPS/eip-3005		Moved		ERC			14	ce25e9256d92034aeb6093ab34fe93c154fc972442dd4c470280da474d407ece	uri-web-content,read-proof-history	eip-3005.md
EIP	3009	no-moved-stub	https://eips.ethereum.org/EIPS/eip-3009		Moved		ERC			14	35e8e7ef4b7bdf0be53f0e827699a00c1492191858cf68e76cba29853fea3316	uri-web-content,read-proof-history	eip-3009.md
EIP	3014	yes	https://eips.ethereum.org/EIPS/eip-3014	eth_symbol JSON-RPC method	Stagnant	Standards Track	Interface	2020-09-30		317	a56d81b234441328e072592a54ad687503b1d280759c2741d67d52009275cfbd	account-wallet,uri-web-content,cross-chain,security-supply-chain	eip-3014.md
EIP	3026	yes	https://eips.ethereum.org/EIPS/eip-3026	BW6-761 curve operations	Stagnant	Standards Track	Core	2020-10-05	2539	2370	7b258994d9ab2d561fc50831c96e0d9da6cc8e52407f828960c05d3131835622	uri-web-content,read-proof-history,identity-principal,privacy,security-supply-chain	eip-3026.md
EIP	3030	yes	https://eips.ethereum.org/EIPS/eip-3030	BLS Remote Signer HTTP API	Stagnant	Standards Track	Interface	2020-09-30		2153	e96ef584d5a1666b3b89bce5a2a91eb937f716a92e1517bd337da7e12af8761b	account-wallet,uri-web-content,read-proof-history,app-package-runtime,identity-principal,privacy,agent-automation,token-payment,security-supply-chain,offline-storage	eip-3030.md
EIP	3041	yes	https://eips.ethereum.org/EIPS/eip-3041	Adds `baseFee` to `eth_getBlockByHash`	Stagnant	Standards Track	Interface	2020-10-13	1474, 1559	379	5433edcea68a204f9ed4cde3a5a0f93621cc3dda0b38c95cf22d251a4106ff4f	account-wallet,uri-web-content,security-supply-chain	eip-3041.md
EIP	3044	yes	https://eips.ethereum.org/EIPS/eip-3044	Adds `baseFee` to `eth_getBlockByNumber`	Stagnant	Standards Track	Interface	2020-10-14	1474, 1559	379	81c79432e8d4d49a16727e7fe994bee03ca9d46d66e8e95d0c5032618ad90d26	account-wallet,uri-web-content,security-supply-chain	eip-3044.md
EIP	3045	yes	https://eips.ethereum.org/EIPS/eip-3045	Adds `baseFee` to `eth_getUncleByBlockHashAndIndex`	Stagnant	Standards Track	Interface	2020-10-14	1474, 1559	384	0a94eaaa887405d261d480fd079cfaf9cf1d98435c49f76ed89c2b8a3d5eadaa	account-wallet,uri-web-content,read-proof-history,security-supply-chain	eip-3045.md
EIP	3046	yes	https://eips.ethereum.org/EIPS/eip-3046	Adds `baseFee` to `eth_getUncleByBlockNumberAndIndex`	Stagnant	Standards Track	Interface	2020-10-14	1474, 1559	384	781c6a434f40b592fdc4f8b61750003be84ac344288a119f8f19f361fc44f67f	account-wallet,uri-web-content,read-proof-history,security-supply-chain	eip-3046.md
EIP	3068	yes	https://eips.ethereum.org/EIPS/eip-3068	Precompile for BN256 HashToCurve Algorithms	Stagnant	Standards Track	Core	2020-10-23	198, 1108	1428	61ac97a9ba7db777e244ec99729221ad7c65cc9146b1be11f200a45d92490ae5	account-wallet,uri-web-content,read-proof-history,security-supply-chain,offline-storage	eip-3068.md
EIP	3074	yes	https://eips.ethereum.org/EIPS/eip-3074	AUTH and AUTHCALL opcodes	Withdrawn	Standards Track	Core	2020-10-15	155	4307	9e77e050b0863826e597d9c020ead6155852bda0bb92d9ffb4e041cc3092c544	account-wallet,uri-web-content,read-proof-history,app-package-runtime,identity-principal,privacy,cross-chain,token-payment,security-supply-chain,offline-storage	eip-3074.md
EIP	3076	yes	https://eips.ethereum.org/EIPS/eip-3076	Slashing Protection Interchange Format	Last Call	Standards Track	Interface	2020-10-27		1886	59778ec2e103cc99d4a0da159b64a6137634bc6d10d20e016e31c8ee1444ace6	account-wallet,uri-web-content,read-proof-history,app-package-runtime,identity-principal,token-payment,security-supply-chain	eip-3076.md
EIP	3085	yes	https://eips.ethereum.org/EIPS/eip-3085	wallet_addEthereumChain RPC Method	Stagnant	Standards Track	Interface	2020-11-01	155	1483	22e3e7f29d7c5e0f0f8c8f5d167628f2ade0983f3135605ad7a0aa9715f238c4	account-wallet,uri-web-content,privacy,cross-chain,security-supply-chain,human-interface	eip-3085.md
EIP	3091	yes	https://eips.ethereum.org/EIPS/eip-3091	Block Explorer API Routes	Stagnant	Standards Track	Interface	2020-11-02		191	1e41737a0fcb4a343f4d82c57976a2e737578d22ecd8dd8fb1a56490aa0a4b7e	uri-web-content,cross-chain,token-payment,security-supply-chain	eip-3091.md
EIP	3102	yes	https://eips.ethereum.org/EIPS/eip-3102	Binary trie structure	Stagnant	Standards Track	Core	2020-09-01		1819	e50a9dd41a5afa6af92100bb9d8eebb985d376b467a713d9ce7cbb110b54a4b9	account-wallet,uri-web-content,read-proof-history,app-package-runtime,privacy,security-supply-chain,offline-storage	eip-3102.md
EIP	3135	no-moved-stub	https://eips.ethereum.org/EIPS/eip-3135		Moved		ERC			14	1c72c26694f9239c7d5994edd0d8009aa5266a839a8db255a0f95c2761244f79	uri-web-content,read-proof-history	eip-3135.md
EIP	3143	yes	https://eips.ethereum.org/EIPS/eip-3143	Increase block rewards to 5 ETH	Stagnant	Standards Track	Core	2020-12-01		596	1a2d0cf0ff3520a7b018023499c2b0c9685c62b3cf5dc3c3665b5963411d00e6	uri-web-content,read-proof-history,security-supply-chain	eip-3143.md
EIP	3155	yes	https://eips.ethereum.org/EIPS/eip-3155	EVM trace specification	Last Call	Standards Track	Interface	2020-12-07		1029	c970d3bf6285ed43c0a2f28f4a36d6a485311371debd3c6036d3cf42fe5b7ba3	uri-web-content,read-proof-history,app-package-runtime,security-supply-chain,offline-storage	eip-3155.md
EIP	3156	no-moved-stub	https://eips.ethereum.org/EIPS/eip-3156		Moved		ERC			14	bbe19bf01803759ebdd6e50cdf283035774ff207373ad74c80e4ed623511a36a	uri-web-content,read-proof-history	eip-3156.md
EIP	3198	yes	https://eips.ethereum.org/EIPS/eip-3198	BASEFEE opcode	Final	Standards Track	Core	2021-01-13	1559	394	7cb24d49e35a2c2fd7a8cc1fae9df390cf6ff62dbe7410a044c9db34568524cc	uri-web-content,read-proof-history,app-package-runtime,security-supply-chain	eip-3198.md
EIP	3220	yes	https://eips.ethereum.org/EIPS/eip-3220	Crosschain Identifier Specification	Stagnant	Standards Track	Core	2020-10-21		1089	36fd15e484ef61cd4b61961042d24d1c365666c4a83c443f170cff0095124511	account-wallet,uri-web-content,app-package-runtime,identity-principal,privacy,cross-chain,token-payment,security-supply-chain	eip-3220.md
EIP	3224	no-moved-stub	https://eips.ethereum.org/EIPS/eip-3224		Moved		ERC			14	6b848c48dfc300e13744a81c06875cd4563a6f86be80f80c0615427f9e949fec	uri-web-content,read-proof-history	eip-3224.md
EIP	3234	no-moved-stub	https://eips.ethereum.org/EIPS/eip-3234		Moved		ERC			14	b9449e4e0c117317fdd8e8d81fc1963e75d61c0241c3ce4479ebc4bcde1ad91a	uri-web-content,read-proof-history	eip-3234.md
EIP	3238	yes	https://eips.ethereum.org/EIPS/eip-3238	Difficulty Bomb Delay to Q2/2022	Stagnant	Standards Track	Core	2021-01-25		338	3be68447df28a5aea67e38f11d557ca58cbabcec03c0664bdf4356d68b5c9276	uri-web-content,read-proof-history,app-package-runtime,security-supply-chain	eip-3238.md
EIP	3267	yes	https://eips.ethereum.org/EIPS/eip-3267	Giving Ethereum fees to Future Salaries	Stagnant	Standards Track	Core	2021-02-13		664	8775d564318de61e40a5ecc28f3e8d318ac6374fbab2ea92e6238f3092ec0a44	uri-web-content,token-payment,security-supply-chain	eip-3267.md
EIP	3298	yes	https://eips.ethereum.org/EIPS/eip-3298	Remove storage-clear refund and refund cap	Draft	Standards Track	Core	2021-02-26	2780, 3529, 7778, 8037, 8038	1233	4ea20f9dd745a8d3d8bb26c20a973b1ccad5cf0302e0d6bbfdff9840270392f1	account-wallet,uri-web-content,read-proof-history,app-package-runtime,token-payment,security-supply-chain,offline-storage	eip-3298.md
EIP	3300	yes	https://eips.ethereum.org/EIPS/eip-3300	Phase out refunds	Stagnant	Standards Track	Core	2020-02-26		522	051dbf9ec2204373c709ecaab5a38e938af2a2df3252484f8f59cfad27276793	uri-web-content	eip-3300.md
EIP	3322	yes	https://eips.ethereum.org/EIPS/eip-3322	Account gas storage opcodes	Stagnant	Standards Track	Core	2020-03-04		429	06442705074c0de7f8fb04e036da243d939ab4a561f209a7947ef4d3ddebd096	uri-web-content,token-payment,security-supply-chain,offline-storage	eip-3322.md
EIP	3326	yes	https://eips.ethereum.org/EIPS/eip-3326	Wallet Switch Ethereum Chain RPC Method (`wallet_switchEthereumChain`)	Stagnant	Standards Track	Interface	2021-03-04	155, 695	712	377658cd2a5a0dd2bca7de98acc46aa6aeecad336d4bc7c17c715c3c2683680a	account-wallet,uri-web-content,app-package-runtime,privacy,cross-chain,security-supply-chain,human-interface	eip-3326.md
EIP	3332	yes	https://eips.ethereum.org/EIPS/eip-3332	MEDGASPRICE Opcode	Withdrawn	Standards Track	Core	2021-03-05		853	021a95f890213b8db2115e43fe47605b06be9fc1dc78c84a2468b6265b08d4c3	uri-web-content,read-proof-history,app-package-runtime,security-supply-chain	eip-3332.md
EIP	3336	yes	https://eips.ethereum.org/EIPS/eip-3336	Paged memory allocation for the EVM	Stagnant	Standards Track	Core	2021-03-06		1000	2aa7c2ba3db7ff1e37bd549bdbd674212b2890aaf46eeb83c8aca21ba04c544f	uri-web-content,token-payment,security-supply-chain	eip-3336.md
EIP	3337	yes	https://eips.ethereum.org/EIPS/eip-3337	Frame pointer support for memory load and store operations	Stagnant	Standards Track	Core	2021-03-06	3336	1038	c93fbcb42751b528430af45ca749e2602dcfa14d7a4f3501fd9b7fac77e72da1	uri-web-content,app-package-runtime,token-payment,security-supply-chain,offline-storage	eip-3337.md
EIP	3338	yes	https://eips.ethereum.org/EIPS/eip-3338	Limit account nonce to 2^52	Withdrawn	Standards Track	Core	2021-03-07		361	57ef17b7244ffeaef605c6f23cbb9fb8617d77a7c1dd902162c6e53c7002c35b	account-wallet,uri-web-content,security-supply-chain	eip-3338.md
EIP	3368	yes	https://eips.ethereum.org/EIPS/eip-3368	Increase block rewards to 3 ETH, with 2 Year Decay to 1 ETH Scheduled	Stagnant	Standards Track	Core	2021-03-12		609	74210b58d4ecce1e590e19a2e0221fd62ea3b996de42c29f07903be2f3d20c0c	uri-web-content,read-proof-history,security-supply-chain	eip-3368.md
EIP	3372	yes	https://eips.ethereum.org/EIPS/eip-3372	5 FNV primes for ethash	Stagnant	Standards Track	Core	2021-03-13		1586	f5a38dee2c5c99683514bcfcdc25702d2c1348d552a0ecdeaa0ffc48e3c08914	account-wallet,uri-web-content,read-proof-history,privacy,security-supply-chain	eip-3372.md
EIP	3374	yes	https://eips.ethereum.org/EIPS/eip-3374	Predictable Proof-of-Work (POW) Sunsetting	Withdrawn	Standards Track	Core	2021-03-13		389	13ed3450140acd0244a69c95d69329a754ac62f54cf30296a4904a1d591ccd3e	uri-web-content,read-proof-history,security-supply-chain	eip-3374.md
EIP	3382	yes	https://eips.ethereum.org/EIPS/eip-3382	Hardcoded Block Gas Limit	Withdrawn	Standards Track	Core	2021-03-13		391	c79a1831ef06d25dd1288cb07a7ca950d176a2f52083a4ad7a3a8dd9830b3afa	uri-web-content,read-proof-history,agent-automation,security-supply-chain	eip-3382.md
EIP	3386	no-moved-stub	https://eips.ethereum.org/EIPS/eip-3386		Moved		ERC			14	c78c62b19927acf52c54e42254a242a1aa14f59ae1ac6f7f1b8869f2336e333a	uri-web-content,read-proof-history	eip-3386.md
EIP	3403	yes	https://eips.ethereum.org/EIPS/eip-3403	Partial removal of refunds	Stagnant	Standards Track	Core	2021-03-16		1564	6b92d3bb760423d8e659a6d9066c54c502837c5a064161065dbc68046ce00679	uri-web-content,read-proof-history,app-package-runtime,token-payment,security-supply-chain,offline-storage	eip-3403.md
EIP	3416	yes	https://eips.ethereum.org/EIPS/eip-3416	Median Gas Premium	Stagnant	Standards Track	Core	2021-03-18		1985	5d8a5fbbbb8d49d7c5a9b333edf34ea5108b5c56df585ae3b5a9fca2575d63e9	account-wallet,uri-web-content,security-supply-chain	eip-3416.md
EIP	3436	yes	https://eips.ethereum.org/EIPS/eip-3436	Expanded Clique Block Choice Rule	Stagnant	Standards Track	Core	2021-03-25	225	1057	0150c5d92e85f4602cf11e7ff3f0c9ae6011ce15a0fddb8bcb3163ae25e1a346	uri-web-content,read-proof-history,app-package-runtime,security-supply-chain,offline-storage	eip-3436.md
EIP	3440	no-moved-stub	https://eips.ethereum.org/EIPS/eip-3440		Moved		ERC			14	e3bf86dec0c9bb0ba3107061ff27a6d8d427c68ddc9429a620b0c4041360348d	uri-web-content,read-proof-history	eip-3440.md
EIP	3448	no-moved-stub	https://eips.ethereum.org/EIPS/eip-3448		Moved		ERC			14	354a8ff30e1a96aadbad1adba5ed7101e37234b990579250a216974128e2c7e0	uri-web-content,read-proof-history	eip-3448.md
EIP	3450	no-moved-stub	https://eips.ethereum.org/EIPS/eip-3450		Moved		ERC			14	f6f3dd96fe0542004db7b85db28d5aea192b93b85bcdeb46b672af4f83be02f6	uri-web-content,read-proof-history	eip-3450.md
EIP	3455	yes	https://eips.ethereum.org/EIPS/eip-3455	SUDO Opcode	Stagnant	Standards Track	Core	2021-04-01		517	20c3b9ea06d0f02f5cccaed5bd83b3f05db767784eea10d3bfbd732898e0f46c	uri-web-content,identity-principal,privacy,token-payment,security-supply-chain	eip-3455.md
EIP	3475	no-moved-stub	https://eips.ethereum.org/EIPS/eip-3475		Moved		ERC			14	023d59edcecc0ccbc09a2599e25281bcca1cf17ba5fb1516bac07ce170b3591f	uri-web-content,read-proof-history	eip-3475.md
EIP	3508	yes	https://eips.ethereum.org/EIPS/eip-3508	Transaction Data Opcodes	Stagnant	Standards Track	Core	2021-04-16		1167	5784aa84f7ee540abdb32cfd338a0c588e58b67ec1eac1fc0a05679315aa8525	account-wallet,uri-web-content,read-proof-history,app-package-runtime,cross-chain,security-supply-chain,offline-storage	eip-3508.md
EIP	3520	yes	https://eips.ethereum.org/EIPS/eip-3520	Transaction Destination Opcode	Stagnant	Standards Track	Core	2021-04-16	3508	805	557ac0c9f043de5f40581584cb5bf3378c9e72707e9219cabe7622771a3b32dd	account-wallet,uri-web-content,app-package-runtime,identity-principal,security-supply-chain	eip-3520.md
EIP	3521	yes	https://eips.ethereum.org/EIPS/eip-3521	Reduce access list cost	Stagnant	Standards Track	Core	2021-04-15	2028, 2930	391	0d4977083d2b68254de521550a65d63023f71e9aaa059e2b8e18bae4b03715b1	uri-web-content,security-supply-chain,offline-storage	eip-3521.md
EIP	3525	no-moved-stub	https://eips.ethereum.org/EIPS/eip-3525		Moved		ERC			14	cbb717e04231fda61478cccc0ebc9dd89bc9ba4a531f20ac6e5702dba213549a	uri-web-content,read-proof-history	eip-3525.md
EIP	3529	yes	https://eips.ethereum.org/EIPS/eip-3529	Reduction in refunds	Final	Standards Track	Core	2021-04-22	2200, 2929, 2930	2180	0446476577d3ebfd307e4524b565d0868b7aa2f078911908e5383ebff1ad6f3b	uri-web-content,read-proof-history,app-package-runtime,token-payment,security-supply-chain,offline-storage	eip-3529.md
EIP	3534	yes	https://eips.ethereum.org/EIPS/eip-3534	Restricted Chain Context Type Transactions	Stagnant	Standards Track	Core	2021-04-20	2718, 2930	2911	71cd294c49f7b390d23144bd712ee22d60ff65b870c4ed9b0af57de7163d4cc7	account-wallet,uri-web-content,read-proof-history,app-package-runtime,cross-chain,token-payment,security-supply-chain,offline-storage,human-interface	eip-3534.md
EIP	3540	yes	https://eips.ethereum.org/EIPS/eip-3540	EOF - EVM Object Format v1	Stagnant	Standards Track	Core	2021-03-16	3541, 3860	2699	7ead123c877f210baa791db3fb4894f5c0cb7b6d921c1203c48547f77201e748	account-wallet,uri-web-content,app-package-runtime,identity-principal,security-supply-chain,offline-storage	eip-3540.md
EIP	3541	yes	https://eips.ethereum.org/EIPS/eip-3541	Reject new contract code starting with the 0xEF byte	Final	Standards Track	Core	2021-03-16		726	dff418f1ed441352ee656eb5ba1d96c12acdefc788251e4d63149cfb442fba07	uri-web-content,app-package-runtime,security-supply-chain	eip-3541.md
EIP	3554	yes	https://eips.ethereum.org/EIPS/eip-3554	Difficulty Bomb Delay to December 2021	Final	Standards Track	Core	2021-05-06		363	43e009658d0158580ea1aafc9b336271449cd51a761dda1624017cbbfd43afac	uri-web-content,app-package-runtime,security-supply-chain	eip-3554.md
EIP	3561	no-moved-stub	https://eips.ethereum.org/EIPS/eip-3561		Moved		ERC			14	db77f5e26310cd8235ece566c163d80233fe98760a3fc362158b4538f7299ecf	uri-web-content,read-proof-history	eip-3561.md
EIP	3569	no-moved-stub	https://eips.ethereum.org/EIPS/eip-3569		Moved		ERC			14	f1789e526516e576bc6402572869d042de772b1c5a2c570b61e5dea5eca3fba6	uri-web-content,read-proof-history	eip-3569.md
EIP	3584	yes	https://eips.ethereum.org/EIPS/eip-3584	Block Access List	Stagnant	Standards Track	Core	2021-05-22	2929, 2930	982	f2e34b752b13150132197757bbfe35f3d04b958772ec5a36eb9dac9cbc6c3cf2	account-wallet,uri-web-content,read-proof-history,app-package-runtime,cross-chain,security-supply-chain,offline-storage	eip-3584.md
EIP	3589	no-moved-stub	https://eips.ethereum.org/EIPS/eip-3589		Moved		ERC			14	e0b7bb24b1ca6be2d85f2a20d3fc2d99892d74588a9cb5c38792fbf9bf5c81d3	uri-web-content,read-proof-history	eip-3589.md
EIP	3607	yes	https://eips.ethereum.org/EIPS/eip-3607	Reject transactions from senders with deployed code	Final	Standards Track	Core	2021-06-10		1056	2c3789bcbb7fd59f03db7d2f179e185f3debcf8c58180ac0db62cb77af738fc7	account-wallet,uri-web-content,app-package-runtime,privacy,token-payment,security-supply-chain,offline-storage	eip-3607.md
EIP	3643	no-moved-stub	https://eips.ethereum.org/EIPS/eip-3643		Moved		ERC			14	b7d2c7c7a98a84296fba68a7cb690a9cdc38cec4d837561933267593f9f7278f	uri-web-content,read-proof-history	eip-3643.md
EIP	3651	yes	https://eips.ethereum.org/EIPS/eip-3651	Warm COINBASE	Final	Standards Track	Core	2021-07-12	2929	248	dfb73b4e9122cb490dde61309a995defbe7428209f5cae20db1ef05d6ee759f4	uri-web-content,security-supply-chain	eip-3651.md
EIP	3668	no-moved-stub	https://eips.ethereum.org/EIPS/eip-3668		Moved		ERC			14	9b0d5d92bf907faaa1ce338ad720370241a2016362819cd1fce576170e4637c6	uri-web-content,read-proof-history	eip-3668.md
EIP	3670	yes	https://eips.ethereum.org/EIPS/eip-3670	EOF - Code Validation	Stagnant	Standards Track	Core	2021-06-23	3540	831	99a5ff158db7d9ca1ecc6c9155178c55a5a34c89b303c1f1e6bbcc782c15b9d4	uri-web-content,app-package-runtime,security-supply-chain	eip-3670.md
EIP	3675	yes	https://eips.ethereum.org/EIPS/eip-3675	Upgrade consensus to Proof-of-Stake	Final	Standards Track	Core	2021-07-22	2124	3309	7345c394b8726383a667b3e5114fa0916410c95de3c1a031663a8e07cbe40e03	account-wallet,uri-web-content,read-proof-history,app-package-runtime,security-supply-chain,offline-storage	eip-3675.md
EIP	3690	yes	https://eips.ethereum.org/EIPS/eip-3690	EOF - JUMPDEST Table	Stagnant	Standards Track	Core	2021-06-23	3540, 3670	2106	8825f9dab4186ad486810a7e0364b98bd02ddedd7acb54cc49cfca274f6d0c45	uri-web-content,app-package-runtime,security-supply-chain,offline-storage	eip-3690.md
EIP	3709	yes	https://eips.ethereum.org/EIPS/eip-3709	Remove Support for Type 1 Transactions	Stagnant	Standards Track	Interface	2021-08-07	1559	337	c0c75d40a5fcbc652569b85ce8ae3dccd9325604606239f2865c235736311668	account-wallet,uri-web-content,app-package-runtime,security-supply-chain	eip-3709.md
EIP	3722	no-moved-stub	https://eips.ethereum.org/EIPS/eip-3722		Moved		ERC			14	a73d2c0438ca2388821167c120100f518558f409f9fb8771f046f2d0db12b10b	uri-web-content,read-proof-history	eip-3722.md
EIP	3754	no-moved-stub	https://eips.ethereum.org/EIPS/eip-3754		Moved		ERC			14	fbbf46310704640d874af21864a244de0ee9065113c533f01bf79886fa4cc174	uri-web-content,read-proof-history	eip-3754.md
EIP	3756	yes	https://eips.ethereum.org/EIPS/eip-3756	Gas Limit Cap	Stagnant	Standards Track	Core	2021-08-21		233	9067dc780ad5d646f037ee81ac98467339eeb9b0c3818e49a12b53f284206e1d	uri-web-content,read-proof-history,security-supply-chain	eip-3756.md
EIP	3770	no-moved-stub	https://eips.ethereum.org/EIPS/eip-3770		Moved		ERC			14	13097406809d66b933f0f56d6e8436bd546347b7492249a760e8f55fcefc094b	uri-web-content,read-proof-history	eip-3770.md
EIP	3772	no-moved-stub	https://eips.ethereum.org/EIPS/eip-3772		Moved		ERC			14	c6ddae995efc4791c10b93f7ff9efd40f6ce510609c2472517a76764a1a44229	uri-web-content,read-proof-history	eip-3772.md
EIP	3779	yes	https://eips.ethereum.org/EIPS/eip-3779	Safer Control Flow for the EVM	Withdrawn	Standards Track	Core	2021-08-30		2368	532106f330ddf62974ed036d579490f9bf0fe971737c60096b796a32ba07b211	uri-web-content,app-package-runtime,security-supply-chain	eip-3779.md
EIP	3788	yes	https://eips.ethereum.org/EIPS/eip-3788	Strict enforcement of chainId	Stagnant	Standards Track	Core	2021-09-02	155	369	a56f068efaf2b0f13882b91808d9988719c49e70f774249b98bfebf491a6adad	account-wallet,uri-web-content,cross-chain,security-supply-chain	eip-3788.md
EIP	3855	yes	https://eips.ethereum.org/EIPS/eip-3855	PUSH0 instruction	Final	Standards Track	Core	2021-02-19		546	07d51ed796b48c67e4b431125404de4fcc55dd5ec62b91ac70f4e46644e25055	uri-web-content,app-package-runtime,identity-principal,security-supply-chain	eip-3855.md
EIP	3860	yes	https://eips.ethereum.org/EIPS/eip-3860	Limit and meter initcode	Final	Standards Track	Core	2021-07-16	170	1293	c28b1da260cde50902ea7dcff35fb15b394131d2fa76ff35beaa797f487b44fc	uri-web-content,app-package-runtime,security-supply-chain	eip-3860.md
EIP	3978	yes	https://eips.ethereum.org/EIPS/eip-3978	Gas refunds on reverts	Stagnant	Standards Track	Core	2021-09-16	2929	389	1bc3433e4517965842eb28f7adb3984a07e0df88320e49dde01b08256d7a4354	uri-web-content,app-package-runtime,token-payment,security-supply-chain,offline-storage	eip-3978.md
EIP	4200	yes	https://eips.ethereum.org/EIPS/eip-4200	EOF - Static relative jumps	Stagnant	Standards Track	Core	2021-07-16	3540, 3670	1577	6729cb2e3d711424037acbc42424a26faa2875e167268f4b8b87101e82585ef4	uri-web-content,read-proof-history,app-package-runtime,security-supply-chain	eip-4200.md
EIP	4337	no-moved-stub	https://eips.ethereum.org/EIPS/eip-4337		Moved		ERC			14	f9dc9cffbb8bb48739be9d33a001ebda4699dbaf3a570dea5f9ea6a19627be2a	uri-web-content,read-proof-history	eip-4337.md
EIP	4341	no-moved-stub	https://eips.ethereum.org/EIPS/eip-4341		Moved		ERC			14	e36bec2841bda780c95981cb7447a8118b74beab105625dd3e2077c6abd5c00e	uri-web-content,read-proof-history	eip-4341.md
EIP	4345	yes	https://eips.ethereum.org/EIPS/eip-4345	Difficulty Bomb Delay to June 2022	Final	Standards Track	Core	2021-10-05		412	5ff3a75a0a1391b7dba37bf3dca8442a6108a4d40d7f7c245e1fd75954376bd5	uri-web-content,app-package-runtime,security-supply-chain	eip-4345.md
EIP	4353	no-moved-stub	https://eips.ethereum.org/EIPS/eip-4353		Moved		ERC			14	ad1a53a8d780ea7531ec87ba456e5cfb22e9f1242f2ce855db79cefe6180f823	uri-web-content,read-proof-history	eip-4353.md
EIP	4361	no-moved-stub	https://eips.ethereum.org/EIPS/eip-4361		Moved		ERC			14	4590e53445de049eb553e31f89c8f841f377866ed1d2f48bdc0dc1d8d6454b2f	uri-web-content,read-proof-history	eip-4361.md
EIP	4393	no-moved-stub	https://eips.ethereum.org/EIPS/eip-4393		Moved		ERC			14	3907f8807429ad5070fabce54225aea11c1c049b67a6d00eb8e1f05bb6a48e0d	uri-web-content,read-proof-history	eip-4393.md
EIP	4396	yes	https://eips.ethereum.org/EIPS/eip-4396	Time-Aware Base Fee Calculation	Stagnant	Standards Track	Core	2021-10-28		1625	d1d25357676b461d8d64e6acddad747ad01a3b23b83f3306b8744f9426b043bf	uri-web-content,read-proof-history,security-supply-chain,offline-storage	eip-4396.md
EIP	4399	yes	https://eips.ethereum.org/EIPS/eip-4399	Supplant DIFFICULTY opcode with PREVRANDAO	Final	Standards Track	Core	2021-10-30	3675	1895	3cabb6092e244042e56e28b9ce3a2920d8244cf65299c5a99ed7c8e20aeccf60	uri-web-content,read-proof-history,app-package-runtime,security-supply-chain	eip-4399.md
EIP	4400	no-moved-stub	https://eips.ethereum.org/EIPS/eip-4400		Moved		ERC			14	2f0d2e48f705c8c91839ef644952d1330a1cdf46d39ea3ed49c996c9ff52ee73	uri-web-content,read-proof-history	eip-4400.md
EIP	4430	no-moved-stub	https://eips.ethereum.org/EIPS/eip-4430		Moved		ERC			14	fac0f0cea70c076ae635d5f8d5aa0c1bb6c0c3c7db7a4083224af00bd335814b	uri-web-content,read-proof-history	eip-4430.md
EIP	4444	yes	https://eips.ethereum.org/EIPS/eip-4444	Bound Historical Data in Execution Clients	Stagnant	Standards Track	Networking	2021-11-02		1050	a6fd896b9cec7f9b30efb2a6bb664158f7f89e768defd8d8343b0979f641c0e3	uri-web-content,read-proof-history,app-package-runtime,security-supply-chain,offline-storage,human-interface	eip-4444.md
EIP	4488	yes	https://eips.ethereum.org/EIPS/eip-4488	Transaction calldata gas cost reduction with total calldata limit	Stagnant	Standards Track	Core	2021-11-23		1000	c6a08cc1bbdf0660b5889ce5dc85ad3dab340594c83e83023679fa27b4a5e9d5	uri-web-content,read-proof-history,app-package-runtime,privacy,security-supply-chain,offline-storage	eip-4488.md
EIP	4494	no-moved-stub	https://eips.ethereum.org/EIPS/eip-4494		Moved		ERC			14	d0cf1fdbd2ea9b7e6f31eb6b80e44957d02ca0bfe6ce9dc3c9a077550e6020bd	uri-web-content,read-proof-history	eip-4494.md
EIP	4519	no-moved-stub	https://eips.ethereum.org/EIPS/eip-4519		Moved		ERC			14	13d147483d7a2938028119cc520bbbffa39cebf0b81381f9d34143b75be2edea	uri-web-content,read-proof-history	eip-4519.md
EIP	4520	yes	https://eips.ethereum.org/EIPS/eip-4520	Multi-byte opcodes prefixed by EB and EC.	Stagnant	Standards Track	Core	2021-12-01		372	d7d7cf3cb8cee2fd94a1d01bcea0f9d21aac4fe853090eb05f985632eb7d028e	uri-web-content,security-supply-chain	eip-4520.md
EIP	4521	no-moved-stub	https://eips.ethereum.org/EIPS/eip-4521		Moved		ERC			14	f7e46cf504bb0ea45ceb62d5692e53b4f7721df463e1cfae466f469b3291226e	uri-web-content,read-proof-history	eip-4521.md
EIP	4524	no-moved-stub	https://eips.ethereum.org/EIPS/eip-4524		Moved		ERC			14	b787a23b70d3e540d0247dafc64d662b073de2391dae4251f40d06f3e5725027	uri-web-content,read-proof-history	eip-4524.md
EIP	4527	no-moved-stub	https://eips.ethereum.org/EIPS/eip-4527		Moved		ERC			14	8ef1d6eadd6c82d1517b74218475a2e7f7b9802e20f6fd8a66a04aad91464a71	uri-web-content,read-proof-history	eip-4527.md
EIP	4546	no-moved-stub	https://eips.ethereum.org/EIPS/eip-4546		Moved		ERC			14	a31c77576a969d2aad838df59dda269dbaf7d49361a9c111ce573666880bffd7	uri-web-content,read-proof-history	eip-4546.md
EIP	4573	yes	https://eips.ethereum.org/EIPS/eip-4573	Procedures for the EVM	Stagnant	Standards Track	Core	2021-12-16	2315, 3540, 3670, 3779, 4200	1244	61d0b7b6e967c98047929894ea136914f499c2595839c717d1d2ffaa76391a58	uri-web-content,app-package-runtime,token-payment,security-supply-chain	eip-4573.md
EIP	4626	no-moved-stub	https://eips.ethereum.org/EIPS/eip-4626		Moved		ERC			14	64804cc8145565dfa5bbc2617eb7a5c9a0e4223c5576028367ef5afe92c48672	uri-web-content,read-proof-history	eip-4626.md
EIP	4671	no-moved-stub	https://eips.ethereum.org/EIPS/eip-4671		Moved		ERC			14	e814e176fa13aa891ce74ec237570a75e9adb78e9c8f3beb868a13dd9a109551	uri-web-content,read-proof-history	eip-4671.md
EIP	4675	no-moved-stub	https://eips.ethereum.org/EIPS/eip-4675		Moved		ERC			14	9c288b2c035437f2edca1623e33599fdf3dbdbd628d3918fedc069f4b3c94423	uri-web-content,read-proof-history	eip-4675.md
EIP	4736	yes	https://eips.ethereum.org/EIPS/eip-4736	Consensus Layer Withdrawal Protection	Final	Standards Track	Interface	2022-01-30		2539	cc4f700c3e1a835ea72df401f6cdd57def284d280ab83e4bdc376e7844df4a2c	account-wallet,uri-web-content,read-proof-history,app-package-runtime,identity-principal,privacy,token-payment,security-supply-chain	eip-4736.md
EIP	4747	yes	https://eips.ethereum.org/EIPS/eip-4747	Simplify EIP-161	Stagnant	Standards Track	Core	2022-02-02	161	1127	f29a046ad6da1a61f4fb13688a0c87fcd6815ca786546063214b5df32484e859	account-wallet,uri-web-content,read-proof-history,app-package-runtime,identity-principal,security-supply-chain,offline-storage	eip-4747.md
EIP	4750	yes	https://eips.ethereum.org/EIPS/eip-4750	EOF - Functions	Stagnant	Standards Track	Core	2022-01-10	3540, 3670, 5450	1710	0821da5e000788e52ea8668f7668a9b7f8b1a32d83ede9b0324fad32fe784a48	uri-web-content,read-proof-history,app-package-runtime,security-supply-chain	eip-4750.md
EIP	4758	yes	https://eips.ethereum.org/EIPS/eip-4758	Deactivate SELFDESTRUCT	Stagnant	Standards Track	Core	2022-02-03		440	8e4973a1ea21de41953a6ff56ba17f2e45067559963e8f9ab5aeb3b624ea5def	account-wallet,uri-web-content,token-payment,security-supply-chain,offline-storage	eip-4758.md
EIP	4760	yes	https://eips.ethereum.org/EIPS/eip-4760	SELFDESTRUCT bomb	Stagnant	Standards Track	Core	2022-02-03		706	56c17969c021020cdbc5d3154d3dc0b903290269a70af2af392390efd73cb7da	account-wallet,uri-web-content,app-package-runtime,token-payment,security-supply-chain,offline-storage	eip-4760.md
EIP	4762	yes	https://eips.ethereum.org/EIPS/eip-4762	Statelessness gas cost changes	Draft	Standards Track	Core	2022-02-03		2132	667d54203f68be7cf66709e2179642f0e8938ea2d4a8080b95438890354b74f3	account-wallet,uri-web-content,read-proof-history,app-package-runtime,identity-principal,security-supply-chain,offline-storage	eip-4762.md
EIP	4788	yes	https://eips.ethereum.org/EIPS/eip-4788	Beacon block root in the EVM	Final	Standards Track	Core	2022-02-10	1559	1472	491e6afa5695e0f9a5df1e0a2009cc928a5bd938aab8b39e6187b8127c7810d2	account-wallet,uri-web-content,read-proof-history,app-package-runtime,security-supply-chain,offline-storage	eip-4788.md
EIP	4799	no-moved-stub	https://eips.ethereum.org/EIPS/eip-4799		Moved		ERC			14	ba05697bdb840cffd86a4a35d9eb1bcee87dbcd4f9242ff5c554fd8749323757	uri-web-content,read-proof-history	eip-4799.md
EIP	4803	yes	https://eips.ethereum.org/EIPS/eip-4803	Limit transaction gas to a maximum of 2^63-1	Stagnant	Standards Track	Core	2022-02-02		312	ace31a888543fed9d3337d2fe8eaa9f9fefd94fdecd96757bb18cd308704a20f	uri-web-content,read-proof-history,app-package-runtime,security-supply-chain	eip-4803.md
EIP	4804	no-moved-stub	https://eips.ethereum.org/EIPS/eip-4804		Moved		ERC			14	7d8114b388ea50c657078cd7cb6e6730be2cd4879ef5a3e29cfcfeffef62c6e0	uri-web-content,read-proof-history	eip-4804.md
EIP	4824	no-moved-stub	https://eips.ethereum.org/EIPS/eip-4824		Moved		ERC			14	64f4094e93ab2f15932eafef73a62ac08c147ea529a5ce8592e6d7ff448c9177	uri-web-content,read-proof-history	eip-4824.md
EIP	4834	no-moved-stub	https://eips.ethereum.org/EIPS/eip-4834		Moved		ERC			14	f55db61296ede13101affe8d6b1cabe223638b217266cf99355dae26bf2e3379	uri-web-content,read-proof-history	eip-4834.md
EIP	4844	yes	https://eips.ethereum.org/EIPS/eip-4844	Shard Blob Transactions	Final	Standards Track	Core	2022-02-25	1559, 2718, 2930, 4895	3312	2772bdb675d90d89ebb4bf74269e48c8ea46745e78161c8574ffa78328b31885	account-wallet,uri-web-content,read-proof-history,app-package-runtime,identity-principal,privacy,security-supply-chain,offline-storage,human-interface	eip-4844.md
EIP	4863	yes	https://eips.ethereum.org/EIPS/eip-4863	Beacon chain push withdrawals	Stagnant	Standards Track	Core	2022-02-28		750	a53ecf1c4acb065bf702241e9bc31b1649751e024338c9377963eb7e92fb5153	uri-web-content,read-proof-history,app-package-runtime,token-payment,security-supply-chain	eip-4863.md
EIP	4881	yes	https://eips.ethereum.org/EIPS/eip-4881	Deposit Contract Snapshot Interface	Final	Standards Track	Interface	2021-01-29		1996	36a5f5d36fd745056e4df5014bfb286014570fe0202b7a21a5583445a3270808	uri-web-content,read-proof-history,app-package-runtime,security-supply-chain,offline-storage	eip-4881.md
EIP	4883	no-moved-stub	https://eips.ethereum.org/EIPS/eip-4883		Moved		ERC			14	bca543a9e0807801bb73d9d598b9c025b09b264220db95862e2c6b202135ce05	uri-web-content,read-proof-history	eip-4883.md
EIP	4885	no-moved-stub	https://eips.ethereum.org/EIPS/eip-4885		Moved		ERC			14	b6a37c34fa31ae3176a9aeebddb6c8fd7d9fb8b8507a2dc2f66be6695ba0f4c0	uri-web-content,read-proof-history	eip-4885.md
EIP	4886	no-moved-stub	https://eips.ethereum.org/EIPS/eip-4886		Moved		ERC			14	9ffed5a112716de83dd7cb62d601d7ef8df0d7ab5bf64c08bbacb679fb8a978d	uri-web-content,read-proof-history	eip-4886.md
EIP	4895	yes	https://eips.ethereum.org/EIPS/eip-4895	Beacon chain push withdrawals as operations	Final	Standards Track	Core	2022-03-10		1057	f7766f0bd9bb14f76479c01e77388fd1a8823cb17c2919a317d51038a9e1be69	account-wallet,uri-web-content,read-proof-history,app-package-runtime,identity-principal,token-payment,security-supply-chain,offline-storage	eip-4895.md
EIP	4906	no-moved-stub	https://eips.ethereum.org/EIPS/eip-4906		Moved		ERC			14	d1892371723373410f90e1cac8395719ced2e2b2ffca25bc58964a980d1ace1e	uri-web-content,read-proof-history	eip-4906.md
EIP	4907	no-moved-stub	https://eips.ethereum.org/EIPS/eip-4907		Moved		ERC			14	65fcde3147df800a8c82c3913e11497a3e5351673c298d2e3877d2c2d6b89fe7	uri-web-content,read-proof-history	eip-4907.md
EIP	4910	no-moved-stub	https://eips.ethereum.org/EIPS/eip-4910		Moved		ERC			14	8c18fd983e76f91d11db8f7ebe310538744ddb0d510db259937ff58cb393ee09	uri-web-content,read-proof-history	eip-4910.md
EIP	4931	no-moved-stub	https://eips.ethereum.org/EIPS/eip-4931		Moved		ERC			14	3f43b44f7f4f4579f4db8955fc7e8bf26be249f59220386704e1d919811ab481	uri-web-content,read-proof-history	eip-4931.md
EIP	4938	yes	https://eips.ethereum.org/EIPS/eip-4938	eth/67 - Removal of GetNodeData	Final	Standards Track	Networking	2022-03-23	2464, 2481	375	28527dbb665e9897e98103fa9275e46a4c7632297a6c01f01d612a0ae833d30b	uri-web-content,read-proof-history,app-package-runtime,security-supply-chain,offline-storage	eip-4938.md
EIP	4944	no-moved-stub	https://eips.ethereum.org/EIPS/eip-4944		Moved		ERC			14	45d11941b2e2394471be38c3ed4370d9a7e68eed6ed907c6471a1c2f78f4f867	uri-web-content,read-proof-history	eip-4944.md
EIP	4950	no-moved-stub	https://eips.ethereum.org/EIPS/eip-4950		Moved		ERC			14	ddf7b0202402cfc83626b6f277f0a2123e5a0f65eb1b86d496d62fefadfa0267	uri-web-content,read-proof-history	eip-4950.md
EIP	4955	no-moved-stub	https://eips.ethereum.org/EIPS/eip-4955		Moved		ERC			14	c904c291860999c01d7196f8a9b3b0f1b6044d5a174d94ec6ef4bd87f623efb6	uri-web-content,read-proof-history	eip-4955.md
EIP	4972	no-moved-stub	https://eips.ethereum.org/EIPS/eip-4972		Moved		ERC			14	4998f15e3933f0edf42b74efbd27161d4f6a3da3412b2795511009f52cae6af4	uri-web-content,read-proof-history	eip-4972.md
EIP	4973	no-moved-stub	https://eips.ethereum.org/EIPS/eip-4973		Moved		ERC			14	9b5f563d972bff3d6435181988122fa3523c04fb741a35a1b9677f37a0b05d65	uri-web-content,read-proof-history	eip-4973.md
EIP	4974	no-moved-stub	https://eips.ethereum.org/EIPS/eip-4974		Moved		ERC			14	3ac9c1f191884466f1c6b0ebc9243c96a947db98659b1a4e00d852a6f5a607e2	uri-web-content,read-proof-history	eip-4974.md
EIP	4987	no-moved-stub	https://eips.ethereum.org/EIPS/eip-4987		Moved		ERC			14	5fe9bda7e2691d3619212945a892e730c04aad328d02e6bd7fab621f2fcf4366	uri-web-content,read-proof-history	eip-4987.md
EIP	5000	yes	https://eips.ethereum.org/EIPS/eip-5000	MULDIV instruction	Stagnant	Standards Track	Core	2022-03-14		559	36ff994fbb326797b8d54216e19796177935519ea9c317a0f8486b50c1994dd2	uri-web-content,security-supply-chain	eip-5000.md
EIP	5003	yes	https://eips.ethereum.org/EIPS/eip-5003	Insert Code into EOAs with AUTHUSURP	Withdrawn	Standards Track	Core	2022-03-26	3074, 3607	991	074cc7ca714e8a6b7d09ae251b95a4615480be1b2d44f9f1514e1f34c196caf1	account-wallet,uri-web-content,privacy,token-payment,security-supply-chain,offline-storage	eip-5003.md
EIP	5005	no-moved-stub	https://eips.ethereum.org/EIPS/eip-5005		Moved		ERC			14	69956ca3f09a93d84038a2a7b7f7ef68497ee5db0a92e0324202bc55af0b8c6e	uri-web-content,read-proof-history	eip-5005.md
EIP	5006	no-moved-stub	https://eips.ethereum.org/EIPS/eip-5006		Moved		ERC			14	d60dcb2696f408077085702bb9b4f1c3e49821d6ded3cdf8d8d193379e616f74	uri-web-content,read-proof-history	eip-5006.md
EIP	5007	no-moved-stub	https://eips.ethereum.org/EIPS/eip-5007		Moved		ERC			14	182521e8b934ed1c795e6fda5ddf5572c715f43cb3b6e9069bb7b1b5e69e73b0	uri-web-content,read-proof-history	eip-5007.md
EIP	5008	no-moved-stub	https://eips.ethereum.org/EIPS/eip-5008		Moved		ERC			14	2910952a4d541be353caa0449e39950b3e14268c8b961b23c7b079e7e82d18ab	uri-web-content,read-proof-history	eip-5008.md
EIP	5018	no-moved-stub	https://eips.ethereum.org/EIPS/eip-5018		Moved		ERC			14	2922aa7de9b7991359ace4c1bef671a57f257dedfb52566ce1d4e6fe9ef6bc09	uri-web-content,read-proof-history	eip-5018.md
EIP	5022	yes	https://eips.ethereum.org/EIPS/eip-5022	Increase price of SSTORE from zero to non-zero to 40k gas	Stagnant	Standards Track	Core	2022-04-20		521	a81d4e1bdc65eaf9956a539cdf2362582783a9dccb0b04fe313b2830b0d5b75d	uri-web-content,identity-principal,security-supply-chain,offline-storage	eip-5022.md
EIP	5023	no-moved-stub	https://eips.ethereum.org/EIPS/eip-5023		Moved		ERC			14	1db912eddcf60f8c0390d7fd25fcca08ed6b35eb1778cc475448f22ba706cff2	uri-web-content,read-proof-history	eip-5023.md
EIP	5027	yes	https://eips.ethereum.org/EIPS/eip-5027	Remove the limit on contract code size	Stagnant	Standards Track	Core	2022-04-21	170, 2929, 2930	630	332d4fb34ab7005ed5ea9dd8c05366d46702729b06a4d0ddf34f8ad79ea0cd07	uri-web-content,app-package-runtime,security-supply-chain	eip-5027.md
EIP	5050	no-moved-stub	https://eips.ethereum.org/EIPS/eip-5050		Moved		ERC			14	a7eea422d764125131c15dd62700965a0015a1dab5cc45fbcd9c7326f668b8bd	uri-web-content,read-proof-history	eip-5050.md
EIP	5058	no-moved-stub	https://eips.ethereum.org/EIPS/eip-5058		Moved		ERC			14	3af62d64cb1881be03f8cac36b782748cd3ac1dca90c4fcdf9f18f8013fde055	uri-web-content,read-proof-history	eip-5058.md
EIP	5065	yes	https://eips.ethereum.org/EIPS/eip-5065	Instruction for transferring ether	Stagnant	Standards Track	Core	2022-04-30	2929	473	330b2a39735fd0d8a58934982a8c46f178e52c8cd4d5aa6f94375e73c9ff3a18	account-wallet,uri-web-content,token-payment,security-supply-chain	eip-5065.md
EIP	5069	yes	https://eips.ethereum.org/EIPS/eip-5069	EIP Editor Handbook	Living	Meta		2022-05-02	1	1087	93120914a9bfb4c9ab3f437266794da483214b4e7aee4fbc15de09ae8b3842d2	uri-web-content,read-proof-history,app-package-runtime,offline-storage	eip-5069.md
EIP	5081	yes	https://eips.ethereum.org/EIPS/eip-5081	Expirable Transaction	Stagnant	Standards Track	Core	2022-05-06	155, 1559, 2718, 2929, 2930	756	96909013910dd0db9754a39008bf7276d2f16afbfe9f32e7c28d715b561bd398	account-wallet,uri-web-content,read-proof-history,app-package-runtime,token-payment,security-supply-chain,offline-storage	eip-5081.md
EIP	5094	no-moved-stub	https://eips.ethereum.org/EIPS/eip-5094		Moved		ERC			14	a39af67759faff1c356d13db0437b299ac6b8704fab0e61832d9f843e912e4ad	uri-web-content,read-proof-history	eip-5094.md
EIP	5095	no-moved-stub	https://eips.ethereum.org/EIPS/eip-5095		Moved		ERC			14	8a49ee40358c89b8fb477a12d0298a6cb297918880fe9374948d3703fb911837	uri-web-content,read-proof-history	eip-5095.md
EIP	5114	no-moved-stub	https://eips.ethereum.org/EIPS/eip-5114		Moved		ERC			14	48fa9bb7b19e14e5f1feffc3b10527998e3466465d56dccbc349ffaddd788972	uri-web-content,read-proof-history	eip-5114.md
EIP	5115	no-moved-stub	https://eips.ethereum.org/EIPS/eip-5115		Moved		ERC			14	a9568723e2cadbc9dd98a05df479826be3d11f840be6cd23c168cf503519ea7c	uri-web-content,read-proof-history	eip-5115.md
EIP	5131	no-moved-stub	https://eips.ethereum.org/EIPS/eip-5131		Moved		ERC			14	8ba1617d49039dfc3679d8bafdc3a5d0e616725e41c4f3aeb204a61c2dd24694	uri-web-content,read-proof-history	eip-5131.md
EIP	5133	yes	https://eips.ethereum.org/EIPS/eip-5133	Delaying Difficulty Bomb to mid-September 2022	Final	Standards Track	Core	2022-06-01		418	91abfeb43b0fbff7f59ac42b52a42ec876e660216f73fd8a2db8fe9d8610eb72	uri-web-content,app-package-runtime,security-supply-chain	eip-5133.md
EIP	5139	no-moved-stub	https://eips.ethereum.org/EIPS/eip-5139		Moved		ERC			14	102f7af8995167e85b7b2273ea5d27d5acd5653cd4777f09bb1198b02981aedb	uri-web-content,read-proof-history	eip-5139.md
EIP	5143	no-moved-stub	https://eips.ethereum.org/EIPS/eip-5143		Moved		ERC			14	4824e2208debb2af8cd08d5305237140423109272f719ce3674e1de3e9fe7809	uri-web-content,read-proof-history	eip-5143.md
EIP	5164	no-moved-stub	https://eips.ethereum.org/EIPS/eip-5164		Moved		ERC			14	1578cbae1b7cff7d53e7737dde42fcc30dfea4bd0a8eb0af6b847ac443376618	uri-web-content,read-proof-history	eip-5164.md
EIP	5169	no-moved-stub	https://eips.ethereum.org/EIPS/eip-5169		Moved		ERC			14	c9bb1b34163b4b72f25fdbaf0919d1355070280bd7287f88ca26e2aa39ca617b	uri-web-content,read-proof-history	eip-5169.md
EIP	5173	no-moved-stub	https://eips.ethereum.org/EIPS/eip-5173		Moved		ERC			14	9ffcf7494d35bc0f034234dc6e969dfaff2543e49d11a417a5193ba08ac76db3	uri-web-content,read-proof-history	eip-5173.md
EIP	5185	no-moved-stub	https://eips.ethereum.org/EIPS/eip-5185		Moved		ERC			14	a1ace57f741cf76ca8658441833dbe858cfd1d471f351a89b713898d22134c26	uri-web-content,read-proof-history	eip-5185.md
EIP	5187	no-moved-stub	https://eips.ethereum.org/EIPS/eip-5187		Moved		ERC			14	38550cae87ca9f6f7b8b625ea2544657d588e10c6420082fe475f693cd20043b	uri-web-content,read-proof-history	eip-5187.md
EIP	5189	no-moved-stub	https://eips.ethereum.org/EIPS/eip-5189		Moved		ERC			14	b52160800e6e897ff92b0f42760f42c5361b913ebcb6f8af5056e7d78d12f312	uri-web-content,read-proof-history	eip-5189.md
EIP	5192	no-moved-stub	https://eips.ethereum.org/EIPS/eip-5192		Moved		ERC			14	6eeeea1221de23843c80252b34aa487fa1779a7b0336421e2e14b1c9feabf7f5	uri-web-content,read-proof-history	eip-5192.md
EIP	5202	no-moved-stub	https://eips.ethereum.org/EIPS/eip-5202		Moved		ERC			14	daa9f292f98d3ae8a06a55fa354e0a80f6c0cf7bfd6573ad345b2160fb11d01e	uri-web-content,read-proof-history	eip-5202.md
EIP	5216	no-moved-stub	https://eips.ethereum.org/EIPS/eip-5216		Moved		ERC			14	2f2f5f929b12ca63b958255f4f65f397fb02f1c1dd741b7220fe886f01613bf4	uri-web-content,read-proof-history	eip-5216.md
EIP	5218	no-moved-stub	https://eips.ethereum.org/EIPS/eip-5218		Moved		ERC			14	dd14a63bb177b02de85fa593ab7340f67003bd687564a0edbcb6a86c25ed79af	uri-web-content,read-proof-history	eip-5218.md
EIP	5219	no-moved-stub	https://eips.ethereum.org/EIPS/eip-5219		Moved		ERC			14	5480f8ce0f005a1d9115bd45a6fa0b22eaebceb18fdaa734f6d6dd30acffab63	uri-web-content,read-proof-history	eip-5219.md
EIP	5247	no-moved-stub	https://eips.ethereum.org/EIPS/eip-5247		Moved		ERC			14	bc3f1f4c511cbd6490e9502cd6f40ada79994ba4b4adc956998ddb718228c973	uri-web-content,read-proof-history	eip-5247.md
EIP	5252	no-moved-stub	https://eips.ethereum.org/EIPS/eip-5252		Moved		ERC			14	5bc4098aa5be827a497ae291ed9a8eb34f4f5a1416f925c5003578fef12648ef	uri-web-content,read-proof-history	eip-5252.md
EIP	5267	no-moved-stub	https://eips.ethereum.org/EIPS/eip-5267		Moved		ERC			14	a49768e7eb59d57a11d954b23975366a11eeb21c7ebf084654fb0a961a70a9d8	uri-web-content,read-proof-history	eip-5267.md
EIP	5269	no-moved-stub	https://eips.ethereum.org/EIPS/eip-5269		Moved		ERC			14	ebadb88ac25937abe6dd892d1c26bb7dfe060ee145ff0b92e527227f2546defc	uri-web-content,read-proof-history	eip-5269.md
EIP	5283	yes	https://eips.ethereum.org/EIPS/eip-5283	Semaphore for Reentrancy Protection	Stagnant	Standards Track	Core	2022-07-17	20, 1283, 1352	1037	0a9e934c3589c2ad3a20221ce39ec2a46135170e68148267804c6477c2296b25	uri-web-content,privacy,security-supply-chain,offline-storage	eip-5283.md
EIP	5289	no-moved-stub	https://eips.ethereum.org/EIPS/eip-5289		Moved		ERC			14	fd8bffe5ca9e69eb3f995c48e573c967a31e5988a28d1b43a916f621a3f1f72d	uri-web-content,read-proof-history	eip-5289.md
EIP	5298	no-moved-stub	https://eips.ethereum.org/EIPS/eip-5298		Moved		ERC			14	d55c833baca20c7c0dcf55febede498195d5d716783743a481f045293daf9cf6	uri-web-content,read-proof-history	eip-5298.md
EIP	5313	no-moved-stub	https://eips.ethereum.org/EIPS/eip-5313		Moved		ERC			14	07396b60eb0c9037602850f1b8e99d707c7aa7eee4c483faa0906673f4157ca4	uri-web-content,read-proof-history	eip-5313.md
EIP	5334	no-moved-stub	https://eips.ethereum.org/EIPS/eip-5334		Moved		ERC			14	e4b7cf3aabdfbbe83663c6bdd7a7ec62af706e926ac35068c5f0d0bbb94fef4f	uri-web-content,read-proof-history	eip-5334.md
EIP	5345	yes	https://eips.ethereum.org/EIPS/eip-5345	Silent Signing Extension for JSON-RPC	Stagnant	Standards Track	Interface	2022-07-26		1141	224b3a0dc455bd9b380d7982d94f15fe42ca76016c73c4e84f8912036358e9cf	account-wallet,uri-web-content,app-package-runtime,cross-chain,security-supply-chain	eip-5345.md
EIP	5375	no-moved-stub	https://eips.ethereum.org/EIPS/eip-5375		Moved		ERC			14	ae19608948a9365c918cf1b5f0eb82b36d821102dc23114cb503fc3ec70560aa	uri-web-content,read-proof-history	eip-5375.md
EIP	5380	no-moved-stub	https://eips.ethereum.org/EIPS/eip-5380		Moved		ERC			14	6f460bb35dffff892fec03cadcdd5bf37acf882055a5d56514e0c70d91f3772b	uri-web-content,read-proof-history	eip-5380.md
EIP	5409	no-moved-stub	https://eips.ethereum.org/EIPS/eip-5409		Moved		ERC			14	6d13dcae8b5165f0a0f2b9d914efa9f165c9246029e4ab7d21c40b390899e2b1	uri-web-content,read-proof-history	eip-5409.md
EIP	5437	no-moved-stub	https://eips.ethereum.org/EIPS/eip-5437		Moved		ERC			14	a0aee4a9b358971b3a836ebfa4b58a5008dd1f83c9d770b8d49b8a22a64e76f0	uri-web-content,read-proof-history	eip-5437.md
EIP	5450	yes	https://eips.ethereum.org/EIPS/eip-5450	EOF - Stack Validation	Stagnant	Standards Track	Core	2022-08-12	3540, 3670, 4200, 4750	2121	f6e37efcbd8e4d3e1c705b7ad23ecddb89598bd13907868c7bf627ca811d0444	uri-web-content,read-proof-history,app-package-runtime,security-supply-chain,offline-storage	eip-5450.md
EIP	5453	no-moved-stub	https://eips.ethereum.org/EIPS/eip-5453		Moved		ERC			14	665cea023c5f532a41aafd74e55d714b2d7c3ef2be86b0ff913791a7a850451f	uri-web-content,read-proof-history	eip-5453.md
EIP	5478	yes	https://eips.ethereum.org/EIPS/eip-5478	CREATE2COPY Opcode	Stagnant	Standards Track	Core	2022-08-17	1014, 2929	345	388b07ec9cf271b00e5250bca35ed811b90f0835730d1cd21f540aa7a3969091	account-wallet,uri-web-content,security-supply-chain,offline-storage	eip-5478.md
EIP	5484	no-moved-stub	https://eips.ethereum.org/EIPS/eip-5484		Moved		ERC			14	fffc69d8a400d4d97f8a4663c0b653e6963ef5bb8749317923e2bf4a22dc6b84	uri-web-content,read-proof-history	eip-5484.md
EIP	5485	no-moved-stub	https://eips.ethereum.org/EIPS/eip-5485		Moved		ERC			14	3ce11d02cc4d84c2e8b2df21f22143bf4a441972fd6868db0d841b0cb48b7e15	uri-web-content,read-proof-history	eip-5485.md
EIP	5489	no-moved-stub	https://eips.ethereum.org/EIPS/eip-5489		Moved		ERC			14	5e4071a6cc1dfc7bf9ecaad32c25ed6a0d5ef31b61c6765854dbdbae9aa9c712	uri-web-content,read-proof-history	eip-5489.md
EIP	5496	no-moved-stub	https://eips.ethereum.org/EIPS/eip-5496		Moved		ERC			14	33943e799427d188e024c809e2aef4c43891e0a099cf01071e7a161971a328ca	uri-web-content,read-proof-history	eip-5496.md
EIP	5501	no-moved-stub	https://eips.ethereum.org/EIPS/eip-5501		Moved		ERC			14	ca9e925ff50565a3423c87433142a3d2bc4d696b714cfcf19e9113d708878659	uri-web-content,read-proof-history	eip-5501.md
EIP	5505	no-moved-stub	https://eips.ethereum.org/EIPS/eip-5505		Moved		ERC			14	beac348f1f20c167569f248c3aa329df51a455c56838b759b4e389c3bef7abdb	uri-web-content,read-proof-history	eip-5505.md
EIP	5507	no-moved-stub	https://eips.ethereum.org/EIPS/eip-5507		Moved		ERC			14	d414d6d8a72b2e4355edc95840810f43e239612935cfd36c658714507a30f03e	uri-web-content,read-proof-history	eip-5507.md
EIP	5516	no-moved-stub	https://eips.ethereum.org/EIPS/eip-5516		Moved		ERC			14	f87de3cee21aa4dd5342f2a5284be1e0467ada99a4cd4dbd39c2d9385a120702	uri-web-content,read-proof-history	eip-5516.md
EIP	5521	no-moved-stub	https://eips.ethereum.org/EIPS/eip-5521		Moved		ERC			14	38933c629dcf27497dd94dabcbfad807064cc8ec272dc8fc1b7985f7c27b7f46	uri-web-content,read-proof-history	eip-5521.md
EIP	5528	no-moved-stub	https://eips.ethereum.org/EIPS/eip-5528		Moved		ERC			14	e6f1d21893f8e9d1c95088f98901f483df2421b9623bc0bdfed6194ce2396efc	uri-web-content,read-proof-history	eip-5528.md
EIP	5539	no-moved-stub	https://eips.ethereum.org/EIPS/eip-5539		Moved		ERC			14	7925d477f39df4b62c7e64ad048242260084c401486197585622aaec86851252	uri-web-content,read-proof-history	eip-5539.md
EIP	5553	no-moved-stub	https://eips.ethereum.org/EIPS/eip-5553		Moved		ERC			14	f97a9d39403a37da7acde79697df7d37965d5348e66339739b2db4bb1627c342	uri-web-content,read-proof-history	eip-5553.md
EIP	5554	no-moved-stub	https://eips.ethereum.org/EIPS/eip-5554		Moved		ERC			14	8be22bde511327d9b1f8643856d020d12dea325923fa0a83476c58b27048b4da	uri-web-content,read-proof-history	eip-5554.md
EIP	5559	no-moved-stub	https://eips.ethereum.org/EIPS/eip-5559		Moved		ERC			14	0cb7fb0f6238b0123a605f055fb1c0706d07edb2a738b193ebf6bc76af1af2d5	uri-web-content,read-proof-history	eip-5559.md
EIP	5560	no-moved-stub	https://eips.ethereum.org/EIPS/eip-5560		Moved		ERC			14	0ea437744da09edc8b9c86ffef1cec23c99b4061dc222685e7d4cbc48c1542d2	uri-web-content,read-proof-history	eip-5560.md
EIP	5564	no-moved-stub	https://eips.ethereum.org/EIPS/eip-5564		Moved		ERC			14	1ef5ae26899d8270ef07117c83cc478292f710f0be68542ef3a1285ab2c3d8f3	uri-web-content,read-proof-history	eip-5564.md
EIP	5568	no-moved-stub	https://eips.ethereum.org/EIPS/eip-5568		Moved		ERC			14	d233dcb7f5d7a1c092be72f915216171d5a47be766f33c26ffe10a2836f75199	uri-web-content,read-proof-history	eip-5568.md
EIP	5570	no-moved-stub	https://eips.ethereum.org/EIPS/eip-5570		Moved		ERC			14	598404cc302cc0c306f7366a8d84b96e62306294dbaf8f79c34bf3baabaad0b4	uri-web-content,read-proof-history	eip-5570.md
EIP	5573	no-moved-stub	https://eips.ethereum.org/EIPS/eip-5573		Moved		ERC			14	40fe770009861180210012bbe975a9ddc5150b171193d04df5943f6d2989fe20	uri-web-content,read-proof-history	eip-5573.md
EIP	5585	no-moved-stub	https://eips.ethereum.org/EIPS/eip-5585		Moved		ERC			14	a5181d44fb81dd7ef5ec54f63875aac2abc720e1c2a10eb7f3fe2cd121e9fd43	uri-web-content,read-proof-history	eip-5585.md
EIP	5593	yes	https://eips.ethereum.org/EIPS/eip-5593	Restrict Ethereum Provider API Injection	Stagnant	Standards Track	Interface	2022-09-05	1193	1406	ae396e06d6a6980ce5586ac9741fe7ba5a50d28ff4fb3d9b93c30918408136da	account-wallet,uri-web-content,read-proof-history,identity-principal,privacy,agent-automation,security-supply-chain	eip-5593.md
EIP	5604	no-moved-stub	https://eips.ethereum.org/EIPS/eip-5604		Moved		ERC			14	84ff8f6c5e7f4e4e56dba7f1ae8fd60b6e27015718010c33367c86c69c55f1e7	uri-web-content,read-proof-history	eip-5604.md
EIP	5606	no-moved-stub	https://eips.ethereum.org/EIPS/eip-5606		Moved		ERC			14	60a63cde4704bcae46b693f8ce8cc306b54ba943d34e82a28a48cc12105cd261	uri-web-content,read-proof-history	eip-5606.md
EIP	5615	no-moved-stub	https://eips.ethereum.org/EIPS/eip-5615		Moved		ERC			14	5d0e4a4d7908bd9b941ca9f8ec02079751783cfed9484cc617166b52790a353f	uri-web-content,read-proof-history	eip-5615.md
EIP	5625	no-moved-stub	https://eips.ethereum.org/EIPS/eip-5625		Moved		ERC			14	7518dd875f20ed866e9efd50d78957ee709bc0f4a9a9daf8c57b56eae26ce370	uri-web-content,read-proof-history	eip-5625.md
EIP	5630	no-moved-stub	https://eips.ethereum.org/EIPS/eip-5630		Moved		ERC			14	5d2eb4c025f8a152cda948bed94ddd260118a35db57d5d47550efb311492e71b	uri-web-content,read-proof-history	eip-5630.md
EIP	5633	no-moved-stub	https://eips.ethereum.org/EIPS/eip-5633		Moved		ERC			14	9eed2842507fa32b22fa64cc32d92f19604e3b6f68374b5857a2afb14a8d0756	uri-web-content,read-proof-history	eip-5633.md
EIP	5635	no-moved-stub	https://eips.ethereum.org/EIPS/eip-5635		Moved		ERC			14	1eb64f178ab7b8c90a0e72ca576247e0ffa690138ec48055358cbda0a695f6df	uri-web-content,read-proof-history	eip-5635.md
EIP	5639	no-moved-stub	https://eips.ethereum.org/EIPS/eip-5639		Moved		ERC			14	fd913d0ae25114b087d885b460a27e91a6974d33bf68f99c805d2b9a2ace6240	uri-web-content,read-proof-history	eip-5639.md
EIP	5643	no-moved-stub	https://eips.ethereum.org/EIPS/eip-5643		Moved		ERC			14	881a44f8b0e76476a92bfb1bc4b6ed91acca0b4c31b6460ea981b00c61d3fd3d	uri-web-content,read-proof-history	eip-5643.md
EIP	5646	no-moved-stub	https://eips.ethereum.org/EIPS/eip-5646		Moved		ERC			14	666b83d0beedc1ee3c94bc0b12a39be0d33a93c25fc9b16ed1641475e75078bb	uri-web-content,read-proof-history	eip-5646.md
EIP	5656	yes	https://eips.ethereum.org/EIPS/eip-5656	MCOPY - Memory copying instruction	Final	Standards Track	Core	2021-02-01		1032	c4d74510c645c13d8f3daace25f3bfa061e5f906bd088d14faf735327b6a4a0b	uri-web-content,read-proof-history,app-package-runtime,identity-principal,security-supply-chain	eip-5656.md
EIP	5679	no-moved-stub	https://eips.ethereum.org/EIPS/eip-5679		Moved		ERC			14	da349f80817a3793e5eeaeaa60182e323a8881b93bdacbba80a0b654d891b690	uri-web-content,read-proof-history	eip-5679.md
EIP	5700	no-moved-stub	https://eips.ethereum.org/EIPS/eip-5700		Moved		ERC			14	89365b4e2c529f7a1f98816e8caedc6540db6762b39337161289f743c4f0c840	uri-web-content,read-proof-history	eip-5700.md
EIP	5719	no-moved-stub	https://eips.ethereum.org/EIPS/eip-5719		Moved		ERC			14	0ab5844188aae2027be36934762c4815f435dacace61d44afdcb726d550d6e81	uri-web-content,read-proof-history	eip-5719.md
EIP	5725	no-moved-stub	https://eips.ethereum.org/EIPS/eip-5725		Moved		ERC			14	25064dbdc8e847b94ff9aede14b9e29bc12412cf2c7d8a838f4b6ba0b86be174	uri-web-content,read-proof-history	eip-5725.md
EIP	5727	no-moved-stub	https://eips.ethereum.org/EIPS/eip-5727		Moved		ERC			14	c8fed010aae61256c2b63b5fddff2c99c4ea2aa470c835d1e82afefbc9a824eb	uri-web-content,read-proof-history	eip-5727.md
EIP	5732	no-moved-stub	https://eips.ethereum.org/EIPS/eip-5732		Moved		ERC			14	82a5749c0067d149281c40389681477a2cc76c7326f28ecc385dac3764551a80	uri-web-content,read-proof-history	eip-5732.md
EIP	5744	no-moved-stub	https://eips.ethereum.org/EIPS/eip-5744		Moved		ERC			14	c1adebb9cd0ca5e2738165478773f05fbe7489558d1192f0f56adfdcdbebb339	uri-web-content,read-proof-history	eip-5744.md
EIP	5749	yes	https://eips.ethereum.org/EIPS/eip-5749	The 'window.evmproviders' object	Final	Standards Track	Interface	2022-10-04	1193	854	d00d25d80871e13063fc270f58c136232fb92e88857192212ac6756be2d232a8	account-wallet,uri-web-content,read-proof-history,app-package-runtime,cross-chain,security-supply-chain,human-interface	eip-5749.md
EIP	5750	no-moved-stub	https://eips.ethereum.org/EIPS/eip-5750		Moved		ERC			14	cbb5f7f12ef669caa3b0753b03fbf75ac3bf14cca74f5bda85d5ad0d83f74ab4	uri-web-content,read-proof-history	eip-5750.md
EIP	5753	no-moved-stub	https://eips.ethereum.org/EIPS/eip-5753		Moved		ERC			14	48188ff4b79385f68b6acb07af223f05074b0170576b3f8bcbec7ad0bfb4f0c4	uri-web-content,read-proof-history	eip-5753.md
EIP	5757	yes	https://eips.ethereum.org/EIPS/eip-5757	Process for Approving External Resources	Final	Meta		2022-09-30	1	469	6aaac55b683c3b27f208a59072cbe5274d866939f9e55447758f2458b0d4b3a4	uri-web-content,read-proof-history	eip-5757.md
EIP	5773	no-moved-stub	https://eips.ethereum.org/EIPS/eip-5773		Moved		ERC			14	6f5fab8039aa18a3885690cb76c5651a016ef275eff9b9e8ae07004e4c4ee082	uri-web-content,read-proof-history	eip-5773.md
EIP	5791	no-moved-stub	https://eips.ethereum.org/EIPS/eip-5791		Moved		ERC			14	4605b6b2b2c73639ea67ba7b4b25518d6ad398beeb7bf6e068262347ce95f36d	uri-web-content,read-proof-history	eip-5791.md
EIP	5792	yes	https://eips.ethereum.org/EIPS/eip-5792	Wallet Call API	Final	Standards Track	Interface	2022-10-17	1193	3497	07670d1b60f4830bdfa0f6a4bdbfde379b7647c85df1dd81b6c02d873349d843	account-wallet,uri-web-content,read-proof-history,app-package-runtime,privacy,agent-automation,cross-chain,security-supply-chain,offline-storage	eip-5792.md
EIP	5793	yes	https://eips.ethereum.org/EIPS/eip-5793	eth/68 - Add tx type to tx announcement	Final	Standards Track	Networking	2022-10-18	2464, 2481, 4938	464	1dcf6c3fffa50c5fdd35d9b6570f24d957cec84192c6f197d71505775e199cbb	uri-web-content,read-proof-history,security-supply-chain	eip-5793.md
EIP	5805	no-moved-stub	https://eips.ethereum.org/EIPS/eip-5805		Moved		ERC			14	9d0ef4f693709bc84b530675931b92f06d7457e3c4a1eef488e9761fec030833	uri-web-content,read-proof-history	eip-5805.md
EIP	5806	yes	https://eips.ethereum.org/EIPS/eip-5806	Delegate transaction	Stagnant	Standards Track	Core	2022-10-20	2718, 2930	1113	6aada185d06b7f767a48f9f49b6300277a293f1892e5eaf7100eeeed7f4b73d1	account-wallet,uri-web-content,read-proof-history,token-payment,security-supply-chain,offline-storage	eip-5806.md
EIP	5827	no-moved-stub	https://eips.ethereum.org/EIPS/eip-5827		Moved		ERC			14	8a846434d00fc46d07be161cfbcdbab8a8c5b1bcd4a925186d0f4396273fa84c	uri-web-content,read-proof-history	eip-5827.md
EIP	5850	no-moved-stub	https://eips.ethereum.org/EIPS/eip-5850		Moved		ERC			14	90e6d2a41762cf36622202d777a1de7bbe810b8fb63a3f4193eab2a3ef5fa432	uri-web-content,read-proof-history	eip-5850.md
EIP	5851	no-moved-stub	https://eips.ethereum.org/EIPS/eip-5851		Moved		ERC			14	40ce0176e9d2826aa0c8ab4e3d2569b414bd08ea492ae415833d41a8cf06bc5b	uri-web-content,read-proof-history	eip-5851.md
EIP	5883	no-moved-stub	https://eips.ethereum.org/EIPS/eip-5883		Moved		ERC			14	9b52c6089562fcf9371d9c8f4c9e933560e43864e46a564a5d9a861a478ee163	uri-web-content,read-proof-history	eip-5883.md
EIP	5902	no-moved-stub	https://eips.ethereum.org/EIPS/eip-5902		Moved		ERC			14	a6e7f11b1ef0c598be600da40780e823a437012d5727c7583b07f23cf28d136e	uri-web-content,read-proof-history	eip-5902.md
EIP	5920	yes	https://eips.ethereum.org/EIPS/eip-5920	PAY opcode	Draft	Standards Track	Core	2022-03-14	214, 2929, 7523	894	f9b6d29381744114128f035d4a2a989a3d6ae08f838506fff96cd3c76e26ff11	uri-web-content,read-proof-history,identity-principal,security-supply-chain,offline-storage	eip-5920.md
EIP	5982	no-moved-stub	https://eips.ethereum.org/EIPS/eip-5982		Moved		ERC			14	c0ecfb2488631a650a2ed843502ed4679162c796d0069ba8a32cc2f006f9a542	uri-web-content,read-proof-history	eip-5982.md
EIP	5988	yes	https://eips.ethereum.org/EIPS/eip-5988	Add Poseidon hash function precompile	Stagnant	Standards Track	Core	2022-11-15		1281	d929165d5454ce031e4e606960168bf32c33d064ebdc239f24553a34aa1e7599	uri-web-content,read-proof-history,privacy,cross-chain,security-supply-chain	eip-5988.md
EIP	6046	yes	https://eips.ethereum.org/EIPS/eip-6046	Replace SELFDESTRUCT with DEACTIVATE	Stagnant	Standards Track	Core	2022-11-25	2681, 2929, 3529	556	cf23c5802556ed3c7c5a9023734728b1790c404cab9b922b25ea3fd356e14af5	account-wallet,uri-web-content,app-package-runtime,token-payment,security-supply-chain,offline-storage	eip-6046.md
EIP	6047	no-moved-stub	https://eips.ethereum.org/EIPS/eip-6047		Moved		ERC			14	ac102b5476f015945d575c52328e255df4a9ba8d0bff0298b20c674937b99d32	uri-web-content,read-proof-history	eip-6047.md
EIP	6049	yes	https://eips.ethereum.org/EIPS/eip-6049	Deprecate SELFDESTRUCT	Final	Meta		2022-11-27		176	9f1c2e73c859be2379002276386f14b0099204cce79ab0396948c8e8ac726971	uri-web-content,security-supply-chain	eip-6049.md
EIP	6051	yes	https://eips.ethereum.org/EIPS/eip-6051	Private Key Encapsulation	Stagnant	Standards Track	Interface	2022-11-21		3240	2f271a52f52c20a9b76753e48de5864e0647a1b1d84d90b3a840ed0a93827076	account-wallet,uri-web-content,read-proof-history,app-package-runtime,identity-principal,privacy,cross-chain,security-supply-chain	eip-6051.md
EIP	6059	no-moved-stub	https://eips.ethereum.org/EIPS/eip-6059		Moved		ERC			14	826c1ddcc52f310ec08dd56d17cbcc3c620cc54cdaea11ddfb9ecd206f2130c9	uri-web-content,read-proof-history	eip-6059.md
EIP	6065	no-moved-stub	https://eips.ethereum.org/EIPS/eip-6065		Moved		ERC			14	f1890ca5a5a71dc7c5d49ad8dcdaa2fbcd184447fb7fb90956601c7e146c7d5f	uri-web-content,read-proof-history	eip-6065.md
EIP	6066	no-moved-stub	https://eips.ethereum.org/EIPS/eip-6066		Moved		ERC			14	87bbe08ad4beeef33adddc3ba5f9d5629ca15747dbe0cd1727eb61be24dd9c09	uri-web-content,read-proof-history	eip-6066.md
EIP	6093	no-moved-stub	https://eips.ethereum.org/EIPS/eip-6093		Moved		ERC			14	7b0f2c4482575d7bf9ebf50490fd74aa125b366ca868089a6680ca5bd29e0235	uri-web-content,read-proof-history	eip-6093.md
EIP	6105	no-moved-stub	https://eips.ethereum.org/EIPS/eip-6105		Moved		ERC			14	d6a7347fa172fe9138027959c6035d04c8bd46dda667d5db6a745743f8a272fd	uri-web-content,read-proof-history	eip-6105.md
EIP	6110	yes	https://eips.ethereum.org/EIPS/eip-6110	Supply validator deposits on chain	Final	Standards Track	Core	2022-12-09	7685	1922	5e3d603bbf83dd7da977825475c2f0214704bc64a1e6426cbba6421344211962	account-wallet,uri-web-content,read-proof-history,app-package-runtime,token-payment,security-supply-chain,offline-storage	eip-6110.md
EIP	6120	no-moved-stub	https://eips.ethereum.org/EIPS/eip-6120		Moved		ERC			14	d3922c99daa1dc78a324b48b8fe22a97363193ff786a58b3ab9281061569fece	uri-web-content,read-proof-history	eip-6120.md
EIP	6122	yes	https://eips.ethereum.org/EIPS/eip-6122	Forkid checks based on timestamps	Final	Standards Track	Networking	2022-12-13	2124	1480	431f1dd965ac42ca44a52d7afbfeff96e174c5a048836e99e51f71e97c75ce3f	uri-web-content,read-proof-history,privacy,security-supply-chain,offline-storage	eip-6122.md
EIP	6123	no-moved-stub	https://eips.ethereum.org/EIPS/eip-6123		Moved		ERC			14	ceb6d686b0a4467251a4874f38892d1170fd4adda94b1d0d6ca8ac9464e164c9	uri-web-content,read-proof-history	eip-6123.md
EIP	6147	no-moved-stub	https://eips.ethereum.org/EIPS/eip-6147		Moved		ERC			14	99d09fdf6812f6f7d0e6fb9f14cb4d42e5dc1d21c26ada18408cbf42ca798a03	uri-web-content,read-proof-history	eip-6147.md
EIP	6150	no-moved-stub	https://eips.ethereum.org/EIPS/eip-6150		Moved		ERC			14	36db1ba22bd4a79f450cff6f682a9b700bed660f73e34fdb3e418167b0a66429	uri-web-content,read-proof-history	eip-6150.md
EIP	6170	no-moved-stub	https://eips.ethereum.org/EIPS/eip-6170		Moved		ERC			14	b1869c88409c9fb4b79b666690fc955dacdc656f8747cd135f350182a774c239	uri-web-content,read-proof-history	eip-6170.md
EIP	6188	yes	https://eips.ethereum.org/EIPS/eip-6188	Nonce Cap	Stagnant	Standards Track	Core	2022-12-20	2929	284	6115e37f92b7183136fcebe0931505b1ccedc6e08cd98e319c54686471db90fe	account-wallet,uri-web-content,app-package-runtime,security-supply-chain	eip-6188.md
EIP	6189	yes	https://eips.ethereum.org/EIPS/eip-6189	Alias Contracts	Stagnant	Standards Track	Core	2022-12-20	2929, 6188	1288	a237b2b0833c1cefbef59692514da9fa27203c24c5eddc40659c1066232d4c65	account-wallet,uri-web-content,app-package-runtime,security-supply-chain,offline-storage	eip-6189.md
EIP	6190	yes	https://eips.ethereum.org/EIPS/eip-6190	Verkle-compatible SELFDESTRUCT	Stagnant	Standards Track	Core	2022-12-20	2929, 6188, 6189	505	cb79235cff91c44225ce890ae1c32c28b4ac57c85a0cf570780856613587549e	account-wallet,uri-web-content,app-package-runtime,security-supply-chain,offline-storage	eip-6190.md
EIP	6206	yes	https://eips.ethereum.org/EIPS/eip-6206	EOF - JUMPF and non-returning functions	Stagnant	Standards Track	Core	2022-12-21	4750, 5450	902	654893361dc44a1565fc8473defa1661586d85fa474e948343a6cdf3fc6f3d28	uri-web-content,app-package-runtime,security-supply-chain	eip-6206.md
EIP	6220	no-moved-stub	https://eips.ethereum.org/EIPS/eip-6220		Moved		ERC			14	c9d03dd485cfa38b6849e12655c72a969bf7b85bea5e1a4aadabc34978f6b8c2	uri-web-content,read-proof-history	eip-6220.md
EIP	6224	no-moved-stub	https://eips.ethereum.org/EIPS/eip-6224		Moved		ERC			14	7859c10fc12f7488702c50df3c39ee5723457b0353e637598ce3fd027c1aa061	uri-web-content,read-proof-history	eip-6224.md
EIP	6239	no-moved-stub	https://eips.ethereum.org/EIPS/eip-6239		Moved		ERC			14	07a2b070457b590afe6ae68aad4d82ae5db251a0d3fff1ce7be3a4e74dc9b878	uri-web-content,read-proof-history	eip-6239.md
EIP	6268	no-moved-stub	https://eips.ethereum.org/EIPS/eip-6268		Moved		ERC			14	e78efd1ba3ad9b88e4aad87641891b610f481c49efcc71d161fc90c77889b6dd	uri-web-content,read-proof-history	eip-6268.md
EIP	6315	no-moved-stub	https://eips.ethereum.org/EIPS/eip-6315		Moved		ERC			14	83d4a91ce6e0192ece3b85209028ef22ea27de5ddcc9239b3917e6186218d600	uri-web-content,read-proof-history	eip-6315.md
EIP	6327	no-moved-stub	https://eips.ethereum.org/EIPS/eip-6327		Moved		ERC			14	9e37dbcdf0709d95b4fac8e5a675363f9015a1f87f2152f87f0517885b4cb559	uri-web-content,read-proof-history	eip-6327.md
EIP	6353	no-moved-stub	https://eips.ethereum.org/EIPS/eip-6353		Moved		ERC			14	0802fadbc8fba2e962c4e09de286bcd5498379f57b01c9e87f54eaf32b4a40c1	uri-web-content,read-proof-history	eip-6353.md
EIP	6357	no-moved-stub	https://eips.ethereum.org/EIPS/eip-6357		Moved		ERC			14	ea3aea8eb24481cb8e5b389868896161122cc06d998330b7e39053ffd2686a84	uri-web-content,read-proof-history	eip-6357.md
EIP	6358	no-moved-stub	https://eips.ethereum.org/EIPS/eip-6358		Moved		ERC			14	4cb0feedb82ebb0508407786e7541a31908838a2d8e866ab86622860c583628c	uri-web-content,read-proof-history	eip-6358.md
EIP	6366	no-moved-stub	https://eips.ethereum.org/EIPS/eip-6366		Moved		ERC			14	cc997050104e82357b82cb5f1e676d1bad23401afbca45b82cc9a82e8b4156b2	uri-web-content,read-proof-history	eip-6366.md
EIP	6372	no-moved-stub	https://eips.ethereum.org/EIPS/eip-6372		Moved		ERC			14	4e9aa73b97e0804c3a4907fb84f29ee75132efb1f18b1dbd433423c14bd1b5ec	uri-web-content,read-proof-history	eip-6372.md
EIP	6381	no-moved-stub	https://eips.ethereum.org/EIPS/eip-6381		Moved		ERC			14	a8cc40d69563716f372c465c8a31d46e8653bd76bce9437c25d11b4b3a45c848	uri-web-content,read-proof-history	eip-6381.md
EIP	6384	no-moved-stub	https://eips.ethereum.org/EIPS/eip-6384		Moved		ERC			14	c6bf28c4693aa76739715ba4934a1898f85fa47038bbb43cc09816c3c63cb778	uri-web-content,read-proof-history	eip-6384.md
EIP	6404	yes	https://eips.ethereum.org/EIPS/eip-6404	SSZ transactions	Draft	Standards Track	Core	2023-01-30	155, 1559, 2718, 2930, 4844, 7495, 7702, 7916, 7932, 8016	1786	c23edc9304fb068618eaaee7ba1fdea9bd13f9dc0a762efeb9f0eb870e2464f8	account-wallet,uri-web-content,read-proof-history,app-package-runtime,privacy,cross-chain,security-supply-chain,offline-storage	eip-6404.md
EIP	6454	no-moved-stub	https://eips.ethereum.org/EIPS/eip-6454		Moved		ERC			14	9080a0604752172449815018be473177024375eb1a9c23b3c3655d67b4bf2499	uri-web-content,read-proof-history	eip-6454.md
EIP	6464	no-moved-stub	https://eips.ethereum.org/EIPS/eip-6464		Moved		ERC			14	f39a56463adfd43c2264a40e3aa85c193a10ed37c7cd06b525d3c67d0612ea1f	uri-web-content,read-proof-history	eip-6464.md
EIP	6465	yes	https://eips.ethereum.org/EIPS/eip-6465	SSZ withdrawals root	Draft	Standards Track	Core	2023-02-08	2718, 4895, 6404, 7495, 7916	447	89d2bfdd87e507131e4f3614ee7b391199ca91d497b2f48fd3f8a7b4d5e7dc56	uri-web-content,read-proof-history,security-supply-chain	eip-6465.md
EIP	6466	yes	https://eips.ethereum.org/EIPS/eip-6466	SSZ receipts	Draft	Standards Track	Core	2023-02-08	658, 2718, 6404, 7495, 7668, 7702, 7916, 8016, 8116	913	0e616615e27ff863dd05000fb4e6a2dc53ec1b7cce91da6086120f88fd1083b2	account-wallet,uri-web-content,read-proof-history,app-package-runtime,security-supply-chain	eip-6466.md
EIP	6475	yes	https://eips.ethereum.org/EIPS/eip-6475	SSZ Optional	Stagnant	Standards Track	Core	2023-02-09		474	7595ec5dc6f2b195d57966ab2cc2d9e5e9c5cc7c120f14b6b24aa23b48a87680	uri-web-content,read-proof-history,security-supply-chain	eip-6475.md
EIP	6492	no-moved-stub	https://eips.ethereum.org/EIPS/eip-6492		Moved		ERC			14	9d65ed45841112931a72038fd69d49a19a967ebeb5c88b5508cacf96fa8de2d9	uri-web-content,read-proof-history	eip-6492.md
EIP	6493	yes	https://eips.ethereum.org/EIPS/eip-6493	SSZ transaction signature scheme	Draft	Standards Track	Core	2023-02-24	6404, 6466	854	9ed7d3122527dd0361ee3bcdeae7e2f3ad43bbdeb73f3161a5c4ee7c910093be	account-wallet,uri-web-content,read-proof-history,app-package-runtime,cross-chain,security-supply-chain	eip-6493.md
EIP	6506	no-moved-stub	https://eips.ethereum.org/EIPS/eip-6506		Moved		ERC			14	6690727247fbb8aaf45df603e0e2773f549238ec26cf443c878f2132d4347782	uri-web-content,read-proof-history	eip-6506.md
EIP	6538	no-moved-stub	https://eips.ethereum.org/EIPS/eip-6538		Moved		ERC			14	9bbd45add12f3d522461cf78912fdba20699dd5a384a12ac906e8d5eab5b679e	uri-web-content,read-proof-history	eip-6538.md
EIP	6551	no-moved-stub	https://eips.ethereum.org/EIPS/eip-6551		Moved		ERC			14	9688fac7c1e645adc8a06d0557fcbab1a2b458675ee98978f766ac526dc03d02	uri-web-content,read-proof-history	eip-6551.md
EIP	6596	no-moved-stub	https://eips.ethereum.org/EIPS/eip-6596		Moved		ERC			14	d2a74f22fd6e1cd64bcbecb08ec9199b8f8f2881281cbb0220dc07ce6457a13a	uri-web-content,read-proof-history	eip-6596.md
EIP	6604	no-moved-stub	https://eips.ethereum.org/EIPS/eip-6604		Moved		ERC			14	d85f716075a7e00429bdd79eb88249e6683fd3529b64d89311c3ef5a5e08d0aa	uri-web-content,read-proof-history	eip-6604.md
EIP	6617	no-moved-stub	https://eips.ethereum.org/EIPS/eip-6617		Moved		ERC			14	296dd757e444869b920b22a2b20b4a0ed5c6ed316ee89c67b0a7e00d6a6c37e4	uri-web-content,read-proof-history	eip-6617.md
EIP	6662	no-moved-stub	https://eips.ethereum.org/EIPS/eip-6662		Moved		ERC			14	043a780df9c30a16716724211b723c474aeff32e6c198aaca22c887c3b238d55	uri-web-content,read-proof-history	eip-6662.md
EIP	6672	no-moved-stub	https://eips.ethereum.org/EIPS/eip-6672		Moved		ERC			14	08424530a465f870ed54027e37d48337da8aeba9d8712cca87f871805472ebb6	uri-web-content,read-proof-history	eip-6672.md
EIP	6682	no-moved-stub	https://eips.ethereum.org/EIPS/eip-6682		Moved		ERC			14	1300a33381607bbcbf4d3587c20caa3562989a07729c81a84237372c6fdc5e89	uri-web-content,read-proof-history	eip-6682.md
EIP	6690	yes	https://eips.ethereum.org/EIPS/eip-6690	EVM Modular Arithmetic Extensions	Stagnant	Standards Track	Core	2023-03-15		1954	06b0df0eb47455b51b8ed54ffca77c0514843b864b3796aa5fc86030df997042	uri-web-content,app-package-runtime,token-payment,security-supply-chain,offline-storage	eip-6690.md
EIP	6734	no-moved-stub	https://eips.ethereum.org/EIPS/eip-6734		Moved		ERC			14	2761440c8ddf39c2e2fe5f3d292dc7552e568cb3d8011657154fde493ff65112	uri-web-content,read-proof-history	eip-6734.md
EIP	6735	no-moved-stub	https://eips.ethereum.org/EIPS/eip-6735		Moved		ERC			14	fb67580c262f74423dfdd578050eed4a99cbec4abebb4e2f118e4926327fb3e4	uri-web-content,read-proof-history	eip-6735.md
EIP	6780	yes	https://eips.ethereum.org/EIPS/eip-6780	SELFDESTRUCT only in same transaction	Final	Standards Track	Core	2023-03-25	2681, 2929, 3529	862	3941eed8379cc93abb7342c5b186bd883e8b1518b0025d94a49be068f8ea2101	uri-web-content,app-package-runtime,identity-principal,token-payment,security-supply-chain,offline-storage	eip-6780.md
EIP	6785	no-moved-stub	https://eips.ethereum.org/EIPS/eip-6785		Moved		ERC			14	f3750dd97f5c4f679d96c43df41952ed9fd53543ee02f92f015384941f688853	uri-web-content,read-proof-history	eip-6785.md
EIP	6786	no-moved-stub	https://eips.ethereum.org/EIPS/eip-6786		Moved		ERC			14	1a1be0d608e9ba5e80bc4273aa2e1d626b60fa827ce7142f54512b1dc8429658	uri-web-content,read-proof-history	eip-6786.md
EIP	6787	no-moved-stub	https://eips.ethereum.org/EIPS/eip-6787		Moved		ERC			14	05ed8aa07d62e32b2a904fe538776a0144b88f17e8b17e8942c02f02acfc850f	uri-web-content,read-proof-history	eip-6787.md
EIP	6789	yes	https://eips.ethereum.org/EIPS/eip-6789	Rename gas to mana	Stagnant	Standards Track	Interface	2023-03-27		555	224516c99692a504db4427cd992c7fa1ce326fc580ac276daf48b5f0b2e64136	uri-web-content,read-proof-history,security-supply-chain	eip-6789.md
EIP	6800	yes	https://eips.ethereum.org/EIPS/eip-6800	Ethereum state using a unified verkle tree	Stagnant	Standards Track	Core	2023-03-17	6780	2128	41dc40c62e4e2034d95a5762d0ed40339356bba4757efb123ff124279767aab9	account-wallet,uri-web-content,read-proof-history,app-package-runtime,security-supply-chain,offline-storage	eip-6800.md
EIP	6806	no-moved-stub	https://eips.ethereum.org/EIPS/eip-6806		Moved		ERC			14	e8e6f834753d70130aa786bdb52d2bf23e9bb123151904f4dec83a058b8b8cde	uri-web-content,read-proof-history	eip-6806.md
EIP	6808	no-moved-stub	https://eips.ethereum.org/EIPS/eip-6808		Moved		ERC			14	7a4a735f6626ae27064c75648376d768a32fef0233bd7529c450ab3e31e1f00d	uri-web-content,read-proof-history	eip-6808.md
EIP	6809	no-moved-stub	https://eips.ethereum.org/EIPS/eip-6809		Moved		ERC			14	de88596b4bea05c767afc95f972783133482d0cb3e644b7fda23405e432cda2b	uri-web-content,read-proof-history	eip-6809.md
EIP	6810	yes	https://eips.ethereum.org/EIPS/eip-6810	Ex Post Facto Cascading Revert	Stagnant	Standards Track	Core	2023-04-01	2718, 2929	626	2d476fca395395087194f966f02cb548fba5cbf0ba74fe5a861895eb94847071	account-wallet,uri-web-content,identity-principal,cross-chain,token-payment,security-supply-chain,offline-storage	eip-6810.md
EIP	6811	yes	https://eips.ethereum.org/EIPS/eip-6811	To The Moon—10 Minute Blocks	Stagnant	Standards Track	Core	2023-04-01		384	ac41eb5795159f1b25fe2969ce7c2c3ce8308d7f9d46e338c2327953b945ce36	uri-web-content,security-supply-chain	eip-6811.md
EIP	6821	no-moved-stub	https://eips.ethereum.org/EIPS/eip-6821		Moved		ERC			14	53790c3976bcbf81bb2f19e999c70d42066811b120390a7db49338aaf57c448b	uri-web-content,read-proof-history	eip-6821.md
EIP	6823	no-moved-stub	https://eips.ethereum.org/EIPS/eip-6823		Moved		ERC			14	be854f378e00d24a75c490d20f99fc8cda9b3ac42a7b4b16658b15021f268463	uri-web-content,read-proof-history	eip-6823.md
EIP	6860	no-moved-stub	https://eips.ethereum.org/EIPS/eip-6860		Moved		ERC			14	cd0077f6b959ecf5612bbe88309ced98abc4f8e83143ec2baf7779f18a663079	uri-web-content,read-proof-history	eip-6860.md
EIP	6864	no-moved-stub	https://eips.ethereum.org/EIPS/eip-6864		Moved		ERC			14	14d07face97d6415f4b7bd6d34cbd8ae4b7b166d21b3c7262e14446b0a6ccf96	uri-web-content,read-proof-history	eip-6864.md
EIP	6865	no-moved-stub	https://eips.ethereum.org/EIPS/eip-6865		Moved		ERC			14	388fe68b25f31b4881b73c3e47f2feeab4195feaebd2da83ed8082e23c43e680	uri-web-content,read-proof-history	eip-6865.md
EIP	6873	yes	https://eips.ethereum.org/EIPS/eip-6873	Preimage retention	Stagnant	Standards Track	Core	2023-04-14		455	bbd0fa8c1cac1fddfdbc2521f2f50d733123883bc03576d215ceace0ddf149c9	uri-web-content,read-proof-history,security-supply-chain,offline-storage	eip-6873.md
EIP	6888	yes	https://eips.ethereum.org/EIPS/eip-6888	Arithmetic verification at EVM level	Stagnant	Standards Track	Core	2023-04-16		794	d1aff894a29d051fc35f8ff7bf95580d2746ba0b4c058c935adbd8d04ab80547	account-wallet,uri-web-content,read-proof-history,security-supply-chain	eip-6888.md
EIP	6900	no-moved-stub	https://eips.ethereum.org/EIPS/eip-6900		Moved		ERC			14	f66a380576d66b5d31020c3c6f1bf5168cf08215e0e362cb46217d239bedd07f	uri-web-content,read-proof-history	eip-6900.md
EIP	6909	no-moved-stub	https://eips.ethereum.org/EIPS/eip-6909		Moved		ERC			14	d32b622d6ecca187fd92e4a5eb8963d50273e814d1280002a8a6f7c3c494dabb	uri-web-content,read-proof-history	eip-6909.md
EIP	6913	yes	https://eips.ethereum.org/EIPS/eip-6913	SETCODE instruction	Withdrawn	Standards Track	Core	2023-04-20		756	373fed9966a2496ea2656e22c865fbd4cce7ec7e8a5e98093e12b2e7bcfa027d	account-wallet,uri-web-content,read-proof-history,app-package-runtime,security-supply-chain,offline-storage	eip-6913.md
EIP	6914	yes	https://eips.ethereum.org/EIPS/eip-6914	Reuse Withdrawn Validator Indices	Stagnant	Standards Track	Core	2023-04-19		684	91388b2684fb26f29391e3b615e382ad169af0f8e2ab7252cf0785a9d128cc2b	account-wallet,uri-web-content,read-proof-history,app-package-runtime,identity-principal,security-supply-chain	eip-6914.md
EIP	6916	yes	https://eips.ethereum.org/EIPS/eip-6916	Automatically Reset Testnet	Final	Standards Track	Core	2023-04-10		2092	69c88b6711d965133391a37f63bb4cb14457e6bd1e6227608a017ad84ce90421	uri-web-content,app-package-runtime,cross-chain,security-supply-chain,offline-storage	eip-6916.md
EIP	6944	no-moved-stub	https://eips.ethereum.org/EIPS/eip-6944		Moved		ERC			14	ba5756acc997461fc5b99a80e156074137aca2b24042d0589520efea20e700fc	uri-web-content,read-proof-history	eip-6944.md
EIP	6953	yes	https://eips.ethereum.org/EIPS/eip-6953	Network Upgrade Activation Triggers	Final	Informational		2023-04-28	2982, 3675, 6122	709	5c4d80c4438fc42ab1384f896a07dd48dee8d1d46da372403b04accf8228f1bc	uri-web-content,read-proof-history,app-package-runtime,security-supply-chain,offline-storage	eip-6953.md
EIP	6956	no-moved-stub	https://eips.ethereum.org/EIPS/eip-6956		Moved		ERC			14	f9919cf23ddd289ace0a7ea4d4ef30abfe0f1d9478b627d59be243f9027dd0e1	uri-web-content,read-proof-history	eip-6956.md
EIP	6960	no-moved-stub	https://eips.ethereum.org/EIPS/eip-6960		Moved		ERC			14	552aa55c3b47872cc4c0b1159202d12192b1d5766524c0abf20b955cb3fe7b68	uri-web-content,read-proof-history	eip-6960.md
EIP	6963	yes	https://eips.ethereum.org/EIPS/eip-6963	Multi Injected Provider Discovery	Final	Standards Track	Interface	2023-05-01	1193	2560	a5d0745c154be2e0a6fdafac1e778a228725e835539084a42c7667bc2fdbbea4	account-wallet,uri-web-content,read-proof-history,app-package-runtime,privacy,agent-automation,cross-chain,security-supply-chain,human-interface	eip-6963.md
EIP	6968	yes	https://eips.ethereum.org/EIPS/eip-6968	Contract Secured Revenue on an EVM based L2	Stagnant	Standards Track	Core	2023-05-01		841	16f1502a45fd6ae7a892fb2efa2ad9ae97d6fd00942fd086703bb55be02a55e1	uri-web-content,read-proof-history,identity-principal,security-supply-chain	eip-6968.md
EIP	6981	no-moved-stub	https://eips.ethereum.org/EIPS/eip-6981		Moved		ERC			14	3bdabcf036e6ecd604a8b689de5ae5d10d86773e36e1afd8d07d4f7ae6f54b7c	uri-web-content,read-proof-history	eip-6981.md
EIP	6982	no-moved-stub	https://eips.ethereum.org/EIPS/eip-6982		Moved		ERC			14	5d3c624e99e18ab0e84242e0af3bb079898bdae9d3e8d2d04ce7f2f01f3102d3	uri-web-content,read-proof-history	eip-6982.md
EIP	6988	yes	https://eips.ethereum.org/EIPS/eip-6988	Elected block proposer has not been slashed	Stagnant	Standards Track	Core	2023-05-04		332	92e0ed53531df5f93547086809f79b284f95006759b29ff4bfb09b47d1fe4f61	uri-web-content,read-proof-history,security-supply-chain	eip-6988.md
EIP	6997	no-moved-stub	https://eips.ethereum.org/EIPS/eip-6997		Moved		ERC			14	9427f1ed6bfc06e39042089b812d3890493d9b4c1d4f7eadf9f7f5f5f12e7f0e	uri-web-content,read-proof-history	eip-6997.md
EIP	7002	yes	https://eips.ethereum.org/EIPS/eip-7002	Execution layer triggerable withdrawals	Final	Standards Track	Core	2023-05-09	7685	3590	33c151fb3589f3e09fa7f3dcf6fe897f982c7c0e95fc17baa00e14776986b1ee	account-wallet,uri-web-content,read-proof-history,app-package-runtime,identity-principal,privacy,token-payment,security-supply-chain,offline-storage	eip-7002.md
EIP	7007	no-moved-stub	https://eips.ethereum.org/EIPS/eip-7007		Moved		ERC			14	5e69db9cffde4449c10d634dde33b59605c0c624d976b9485060d9b129aaf774	uri-web-content,read-proof-history	eip-7007.md
EIP	7015	no-moved-stub	https://eips.ethereum.org/EIPS/eip-7015		Moved		ERC			14	cc44bbd84daad4e61c7997ec11fef2d1610de39f7e97f11cf5dd0ff2701f7a76	uri-web-content,read-proof-history	eip-7015.md
EIP	7039	yes	https://eips.ethereum.org/EIPS/eip-7039	Scheme-Handler Discovery Option for Wallets	Stagnant	Standards Track	Interface	2023-05-15	1193	752	b4118714f4861741d34fc3be4b11c583d4c34e4b0d68eb839c8df8b221da1f91	account-wallet,uri-web-content,read-proof-history,app-package-runtime,token-payment,security-supply-chain	eip-7039.md
EIP	7044	yes	https://eips.ethereum.org/EIPS/eip-7044	Perpetually Valid Signed Voluntary Exits	Final	Standards Track	Core	2023-05-18		537	9e4d1027348064aee6c23aabe2f65b92ac26212e7c99daf37e65544edfd9da68	account-wallet,uri-web-content,read-proof-history,app-package-runtime,identity-principal,security-supply-chain	eip-7044.md
EIP	7045	yes	https://eips.ethereum.org/EIPS/eip-7045	Increase max attestation inclusion slot	Final	Standards Track	Core	2023-05-18		587	e823f42f075fbf22a3daa151862a7d6e4e2dc1d4720047b452d9b3bd75c08ecb	uri-web-content,read-proof-history,app-package-runtime,identity-principal,security-supply-chain	eip-7045.md
EIP	7053	no-moved-stub	https://eips.ethereum.org/EIPS/eip-7053		Moved		ERC			14	dcc4a47af07573393f1f5923d8274175b405f2255b3f5ee3b89bc32c27403c76	uri-web-content,read-proof-history	eip-7053.md
EIP	7066	no-moved-stub	https://eips.ethereum.org/EIPS/eip-7066		Moved		ERC			14	7cd265da7e3a2e4657302fa53aa0c7dcf4dd571d5ae122b7949e37bd21ef63a0	uri-web-content,read-proof-history	eip-7066.md
EIP	7069	yes	https://eips.ethereum.org/EIPS/eip-7069	Revamped CALL instructions	Stagnant	Standards Track	Core	2023-05-05	150, 211, 214, 2929, 3540	2896	3214e691f365592898e55e64a59a9b66a9658134d41c85f3ff3fdd0cdb088533	account-wallet,uri-web-content,app-package-runtime,identity-principal,security-supply-chain,offline-storage	eip-7069.md
EIP	7085	no-moved-stub	https://eips.ethereum.org/EIPS/eip-7085		Moved		ERC			14	3f28993e2af4ebf17e11492f59cdebc8da5dbef343dc27a9349c9af43993a0d0	uri-web-content,read-proof-history	eip-7085.md
EIP	7092	no-moved-stub	https://eips.ethereum.org/EIPS/eip-7092		Moved		ERC			14	adaa3f677650109294c5dfc3fb480f05ffb27168bb6c87de20fb71465e4464c0	uri-web-content,read-proof-history	eip-7092.md
EIP	7093	no-moved-stub	https://eips.ethereum.org/EIPS/eip-7093		Moved		ERC			14	24ac1bdd63c7648b5b690b7df8cfb7ef61c197f48c0863b9758647a565d4ccae	uri-web-content,read-proof-history	eip-7093.md
EIP	7144	no-moved-stub	https://eips.ethereum.org/EIPS/eip-7144		Moved		ERC			14	656e9dfb275058c266d1c09e4f74ed760cac7999230ac4f4fa2ec27260695267	uri-web-content,read-proof-history	eip-7144.md
EIP	7160	no-moved-stub	https://eips.ethereum.org/EIPS/eip-7160		Moved		ERC			14	ee5fef75a47773e12cbeaa005d6fe0b2aa747832baec04cc5c9909e268dfeae9	uri-web-content,read-proof-history	eip-7160.md
EIP	7199	yes	https://eips.ethereum.org/EIPS/eip-7199	Linter Scope	Withdrawn	Meta		2023-06-20		184	9e196dd8af379e2d70d89c0118f768ccac2bfa5a43ce96d222edd78ec733944a	uri-web-content,security-supply-chain	eip-7199.md
EIP	7201	no-moved-stub	https://eips.ethereum.org/EIPS/eip-7201		Moved		ERC			14	63e0875975644fc212826aa3707bdbdc152db2ff0ff38a461f8ae242b3022e6c	uri-web-content,read-proof-history	eip-7201.md
EIP	7231	no-moved-stub	https://eips.ethereum.org/EIPS/eip-7231		Moved		ERC			14	e880235557260360149e607c2684d043912bfad54d854b99eeb8dab72d9b6476	uri-web-content,read-proof-history	eip-7231.md
EIP	7251	yes	https://eips.ethereum.org/EIPS/eip-7251	Increase the MAX_EFFECTIVE_BALANCE	Final	Standards Track	Core	2023-06-28	7002, 7685	3342	2a29b8d474d92c04b077f7acdb40da0cb5ba3e2e78e1e8be94c862a77c58ea5a	account-wallet,uri-web-content,read-proof-history,app-package-runtime,identity-principal,privacy,token-payment,security-supply-chain,offline-storage	eip-7251.md
EIP	7266	yes	https://eips.ethereum.org/EIPS/eip-7266	Remove BLAKE2 compression precompile	Stagnant	Standards Track	Core	2023-07-03		398	ecdffed0314b70341a0781f15cb687408db8174c9359d4794ae8567f71585ad3	uri-web-content,app-package-runtime,security-supply-chain	eip-7266.md
EIP	7303	no-moved-stub	https://eips.ethereum.org/EIPS/eip-7303		Moved		ERC			14	f84d42a1a0f7620a89a013790194513538af8d9b3fdf3e7b1b6c2c0c14389803	uri-web-content,read-proof-history	eip-7303.md
EIP	7329	yes	https://eips.ethereum.org/EIPS/eip-7329	ERC/EIP Repository split	Final	Meta		2023-07-13	1	2162	d72606291e7aa7e5a08b975129c49f0ab06615de885c276dcd3fd25cb272e791	account-wallet,uri-web-content,read-proof-history,app-package-runtime,identity-principal,cross-chain,security-supply-chain	eip-7329.md
EIP	7377	yes	https://eips.ethereum.org/EIPS/eip-7377	Migration Transaction	Stagnant	Standards Track	Core	2023-07-21	170, 1559, 2200, 2718	1359	95e183028fa7aab8af01d6363bf0453d07437de40bdf5aa41f2e6a2f1b132dd7	account-wallet,uri-web-content,read-proof-history,privacy,cross-chain,token-payment,security-supply-chain,offline-storage	eip-7377.md
EIP	7378	yes	https://eips.ethereum.org/EIPS/eip-7378	Add time-weighted averaging to the base fee	Stagnant	Standards Track	Core	2023-07-22		1214	926079a2b7e0ed1f3e35a4544956354b8d1ae54298498e09bed64ebf190baa67	uri-web-content,identity-principal,security-supply-chain	eip-7378.md
EIP	7401	no-moved-stub	https://eips.ethereum.org/EIPS/eip-7401		Moved		ERC			14	2163b0572aadca959ed97c04f583c2bb607c1cd1583334beb61cf643d95e3f5c	uri-web-content,read-proof-history	eip-7401.md
EIP	7405	no-moved-stub	https://eips.ethereum.org/EIPS/eip-7405		Moved		ERC			14	c85af20381d5170c9faa6f4edb36491f8e12a372ca523519bc8bba7b135cf9cd	uri-web-content,read-proof-history	eip-7405.md
EIP	7406	no-moved-stub	https://eips.ethereum.org/EIPS/eip-7406		Moved		ERC			14	586d967eb1e860159ca249cab7dd5e865f85b8752a004c08c2e7b48e665a8472	uri-web-content,read-proof-history	eip-7406.md
EIP	7409	no-moved-stub	https://eips.ethereum.org/EIPS/eip-7409		Moved		ERC			14	89b5125a50354eda560bd062b7b4275e113191ed695b918319db7293273cde3f	uri-web-content,read-proof-history	eip-7409.md
EIP	7412	no-moved-stub	https://eips.ethereum.org/EIPS/eip-7412		Moved		ERC			14	af58fe8910698fa2262eaa9bbec85a1bf221a7e58790a6282541c96784447896	uri-web-content,read-proof-history	eip-7412.md
EIP	7417	no-moved-stub	https://eips.ethereum.org/EIPS/eip-7417		Moved		ERC			14	064c34737a640e4c72d195b3a51240cb7b68971b9c6adff6b8495d599192d9b4	uri-web-content,read-proof-history	eip-7417.md
EIP	7425	no-moved-stub	https://eips.ethereum.org/EIPS/eip-7425		Moved		ERC			14	7e1e06ccb5272c942544933b55178d367d469c186a1ee0afb0963b954b56bf42	uri-web-content,read-proof-history	eip-7425.md
EIP	7432	no-moved-stub	https://eips.ethereum.org/EIPS/eip-7432		Moved		ERC			14	40679c093ea56d680d2bf2b4ecd7db939dcfd206461f7d837460feec0d354ba8	uri-web-content,read-proof-history	eip-7432.md
EIP	7441	yes	https://eips.ethereum.org/EIPS/eip-7441	Upgrade block proposer election to Whisk	Stagnant	Standards Track	Core	2023-09-01		960	d5ab14a67274efa8e8c75f55fb0ea6092bcadff94abf52f4a25b57de147c8677	account-wallet,uri-web-content,read-proof-history,app-package-runtime,identity-principal,privacy,security-supply-chain	eip-7441.md
EIP	7444	no-moved-stub	https://eips.ethereum.org/EIPS/eip-7444		Moved		ERC			14	e6916370c22d8c94dd7fe6caee90f5035b97e5d6d45a17a0f64e5ac03af79e59	uri-web-content,read-proof-history	eip-7444.md
EIP	7480	yes	https://eips.ethereum.org/EIPS/eip-7480	EOF - Data section access instructions	Stagnant	Standards Track	Core	2023-08-11	3540, 3670	809	a0ec1bf4114d8dc97318c0d33777a04f8650aa4b683ec3e86bcb97ab2ca704b0	uri-web-content,app-package-runtime,security-supply-chain	eip-7480.md
EIP	7484	no-moved-stub	https://eips.ethereum.org/EIPS/eip-7484		Moved		ERC			14	9a3976d7cf65c94b5a269d9f3576527d5b81dfd6d8a91fc833f83baac2ee6f96	uri-web-content,read-proof-history	eip-7484.md
EIP	7495	yes	https://eips.ethereum.org/EIPS/eip-7495	SSZ ProgressiveContainer	Review	Standards Track	Core	2023-08-18	7916	848	5b0eb10cec4528021287f73f3e68d33945a4f0b2ac0ff52bc7e2e8c3922a6176	uri-web-content,read-proof-history,app-package-runtime,security-supply-chain	eip-7495.md
EIP	7503	yes	https://eips.ethereum.org/EIPS/eip-7503	Zero-Knowledge Wormholes	Stagnant	Standards Track	Core	2023-08-14	2718, 4844, 7708	1716	5170b4f9d6aa8952ec46e0735a33905a7c7c2d7f86854ee1777863f3d7b7adc5	account-wallet,uri-web-content,read-proof-history,app-package-runtime,privacy,token-payment,security-supply-chain	eip-7503.md
EIP	7507	no-moved-stub	https://eips.ethereum.org/EIPS/eip-7507		Moved		ERC			14	c2ce565458e57aaf24b676feb9fcc24f09accfec2708871167fa85c78e02032e	uri-web-content,read-proof-history	eip-7507.md
EIP	7508	no-moved-stub	https://eips.ethereum.org/EIPS/eip-7508		Moved		ERC			14	dbcdde3dbed0131f199117e25fac4b86fe7c5c787ab8fd68af1fe3863c6650ae	uri-web-content,read-proof-history	eip-7508.md
EIP	7511	no-moved-stub	https://eips.ethereum.org/EIPS/eip-7511		Moved		ERC			14	f897ec38621a4905c9d339f22cea7db0166d733338f6b4bce37f992d0f1924c0	uri-web-content,read-proof-history	eip-7511.md
EIP	7512	no-moved-stub	https://eips.ethereum.org/EIPS/eip-7512		Moved		ERC			14	c83a8dd0768053a1a0aabe686d68f8c93c12a528963496da15728b204a69ef14	uri-web-content,read-proof-history	eip-7512.md
EIP	7514	yes	https://eips.ethereum.org/EIPS/eip-7514	Add Max Epoch Churn Limit	Final	Standards Track	Core	2023-09-07		904	142c667da8a7137d663bfa086fa11e32ed1c87b1cd956a15f2191650238baf6a	uri-web-content,read-proof-history,security-supply-chain	eip-7514.md
EIP	7516	yes	https://eips.ethereum.org/EIPS/eip-7516	BLOBBASEFEE instruction	Final	Standards Track	Core	2023-09-11	3198, 4844	396	91ec406457498fecbbbe27ec801963b2b8de1099fdd3ded7ba7950fad8b4e2f4	uri-web-content,read-proof-history,app-package-runtime,security-supply-chain	eip-7516.md
EIP	7519	yes	https://eips.ethereum.org/EIPS/eip-7519	Atomic Storage Operations SCREDIT and SDEBIT	Stagnant	Standards Track	Core	2023-09-16	2200, 2929	1033	e2f7f3a4a4085d2e7079f2bf6190bb31ea5ed3bdaae3c37f9841bc5e9d0013c2	uri-web-content,identity-principal,token-payment,security-supply-chain,offline-storage	eip-7519.md
EIP	7521	no-moved-stub	https://eips.ethereum.org/EIPS/eip-7521		Moved		ERC			14	1d60493e8f732bca8af4de7b2a6c60319891d8609dfaa8b1128b865e0c49cfa3	uri-web-content,read-proof-history	eip-7521.md
EIP	7522	no-moved-stub	https://eips.ethereum.org/EIPS/eip-7522		Moved		ERC			14	ac3d3c0625e15a098fe1eeb8efb6aa7da2a93789956c6be8be36e865bda82576	uri-web-content,read-proof-history	eip-7522.md
EIP	7523	yes	https://eips.ethereum.org/EIPS/eip-7523	Empty accounts deprecation	Last Call	Standards Track	Core	2023-09-19	161	604	574cc98ddb22e5b84da47902005fce5353f6335be1444e2283c7aea15ba2fa72	account-wallet,uri-web-content,read-proof-history,app-package-runtime,identity-principal,security-supply-chain	eip-7523.md
EIP	7528	no-moved-stub	https://eips.ethereum.org/EIPS/eip-7528		Moved		ERC			14	0f77f2e60f5bbd2d88d67205114c2fe927cc2bee5298143a846dac7193c22f70	uri-web-content,read-proof-history	eip-7528.md
EIP	7542	yes	https://eips.ethereum.org/EIPS/eip-7542	eth/70 - available-blocks-extended protocol	Withdrawn	Standards Track	Networking	2023-10-21	7642	716	70bafdb62028d8f97fe19d41257be58c88039c3996305282aaba97149c625e1d	uri-web-content,read-proof-history,security-supply-chain,offline-storage	eip-7542.md
EIP	7543	yes	https://eips.ethereum.org/EIPS/eip-7543	EVM arbitrary precision decimal math	Stagnant	Standards Track	Core	2023-10-22		1099	9eb7ae36221c9aaf7bc200b5cc92ef3d2e41cecd5cdfd35f82969c3a8ace4f5f	uri-web-content,app-package-runtime,agent-automation,security-supply-chain,offline-storage	eip-7543.md
EIP	7545	yes	https://eips.ethereum.org/EIPS/eip-7545	Verkle proof verification precompile	Stagnant	Standards Track	Core	2023-10-13		538	d838000d2f40ca18720f9127cedb0c9c2a6fc306f24ec525ecf0d09b458037f2	uri-web-content,read-proof-history,app-package-runtime,cross-chain,security-supply-chain	eip-7545.md
EIP	7547	yes	https://eips.ethereum.org/EIPS/eip-7547	Inclusion lists	Stagnant	Standards Track	Core	2023-10-24		1659	16f2fc5c4a1346f5c55e11ba7b2138b8387d4de8ff68f3e310d869098b3934e3	account-wallet,uri-web-content,read-proof-history,app-package-runtime,security-supply-chain,offline-storage	eip-7547.md
EIP	7549	yes	https://eips.ethereum.org/EIPS/eip-7549	Move committee index outside Attestation	Final	Standards Track	Core	2023-11-01		849	0233807c2c680e936d4f8812875b92562cec69f781755d99935095c43f11557c	account-wallet,uri-web-content,read-proof-history,identity-principal,privacy,security-supply-chain,offline-storage	eip-7549.md
EIP	7557	yes	https://eips.ethereum.org/EIPS/eip-7557	Block-level Warming with fair cost savings	Stagnant	Standards Track	Core	2023-10-01		2655	bcef928a53927323d09ccbc5e1bc36901af3c3d7ed934de6b8d8e7684bd1f7c6	account-wallet,uri-web-content,read-proof-history,app-package-runtime,security-supply-chain,offline-storage	eip-7557.md
EIP	7568	yes	https://eips.ethereum.org/EIPS/eip-7568	Hardfork Meta Backfill - Berlin to Shapella	Final	Meta		2023-12-01	2070, 2387, 2982, 6122, 6953	628	a19f179d7199b4d9c5caee785fe64490ec0d6513e5451b4055af7ed20b98efe7	uri-web-content,read-proof-history,app-package-runtime,identity-principal,security-supply-chain	eip-7568.md
EIP	7569	yes	https://eips.ethereum.org/EIPS/eip-7569	Hardfork Meta - Dencun	Final	Meta		2023-12-01	1153, 4788, 4844, 5656, 6780, 7044, 7045, 7514, 7516, 7568	281	537e28c1b0b4cde85e524f371ba7067977502609f1d1c8ad8b74bf779e50b767	uri-web-content,read-proof-history,app-package-runtime,identity-principal,security-supply-chain,offline-storage	eip-7569.md
EIP	7577	yes	https://eips.ethereum.org/EIPS/eip-7577	Versioning Scheme for EIPs	Stagnant	Meta		2023-12-13		1377	42453acda0252c3948d08042900ac5b8d25a94ff2fc7d28401722f6f820522ac	uri-web-content,read-proof-history,app-package-runtime,security-supply-chain,offline-storage	eip-7577.md
EIP	7587	yes	https://eips.ethereum.org/EIPS/eip-7587	Reserve Precompile Address Range for RIPs	Final	Meta		2023-12-21		194	1d1fe6071ffe294bc5c26b774f228d66224b69d7ec73665e14b9acdf6d3c8711	uri-web-content,app-package-runtime,security-supply-chain	eip-7587.md
EIP	7591	yes	https://eips.ethereum.org/EIPS/eip-7591	BLS signed transactions	Stagnant	Standards Track	Core	2024-01-10		613	ad94c979c4c2584d3abfcfb444f254c0ad12aa8c2eef3c76d41e5fea8714deab	account-wallet,uri-web-content,read-proof-history,privacy,security-supply-chain	eip-7591.md
EIP	7594	yes	https://eips.ethereum.org/EIPS/eip-7594	PeerDAS - Peer Data Availability Sampling	Final	Standards Track	Core	2024-01-12	4844	1631	34b8426335cfd3f6f335ac2e3d3d0ef42bd0b007b0cc653fef130e29e3b212e4	uri-web-content,read-proof-history,security-supply-chain,offline-storage	eip-7594.md
EIP	7600	yes	https://eips.ethereum.org/EIPS/eip-7600	Hardfork Meta - Pectra	Final	Meta		2024-01-18	2537, 2935, 6110, 7002, 7251, 7549, 7569, 7623, 7685, 7691, 7702	331	2485e17abc34a8481998feb167e30f5fb0a2ea66152cb9869806eb113b58085f	uri-web-content,read-proof-history,app-package-runtime,identity-principal,security-supply-chain	eip-7600.md
EIP	7607	yes	https://eips.ethereum.org/EIPS/eip-7607	Hardfork Meta - Fusaka	Final	Meta		2024-02-01	7594, 7600, 7642, 7823, 7825, 7883, 7892, 7910, 7917, 7918, 7934, 7935, 7939, 7951	459	0089d1d18a7cf8841b50a1bd732b344dcf1bef419894e509345cd618953ba846	uri-web-content,read-proof-history,app-package-runtime,security-supply-chain	eip-7607.md
EIP	7609	yes	https://eips.ethereum.org/EIPS/eip-7609	Decrease base cost of TLOAD/TSTORE	Stagnant	Standards Track	Core	2024-02-01	1153	755	458015b0850c70d888800e2f5f4f0bafa30ddc8e785fc285374bbe8c211fa909	uri-web-content,app-package-runtime,security-supply-chain,offline-storage	eip-7609.md
EIP	7610	yes	https://eips.ethereum.org/EIPS/eip-7610	Revert creation in case of non-empty storage	Last Call	Standards Track	Core	2024-02-02		407	e934db8fded813da2d2cf231dbdcd0f829418b5394db3750fb31292d3dbfacd6	account-wallet,uri-web-content,app-package-runtime,security-supply-chain,offline-storage	eip-7610.md
EIP	7612	yes	https://eips.ethereum.org/EIPS/eip-7612	Verkle state transition via an overlay tree	Stagnant	Standards Track	Core	2024-01-25	4762, 6800, 7545	1108	8afb0c5802da3a1b5d2d3474804aa9b0ac2ea7c0834d9255a0f8238b4735384d	account-wallet,uri-web-content,read-proof-history,app-package-runtime,security-supply-chain,offline-storage	eip-7612.md
EIP	7619	yes	https://eips.ethereum.org/EIPS/eip-7619	Precompile Falcon512 generic verifier	Draft	Standards Track	Core	2023-07-03		1092	d69f434b416156b3f89f588aaf6d4e35a0bc3eaf3a9a462b80af50276594cfa0	account-wallet,uri-web-content,privacy,security-supply-chain	eip-7619.md
EIP	7620	yes	https://eips.ethereum.org/EIPS/eip-7620	EOF Contract Creation	Stagnant	Standards Track	Core	2024-02-12	170, 684, 2929, 3540, 3541, 3670	2013	f70183280a25a1366293fb45cefaa66f66dc87559fde120fee69450a33736e31	account-wallet,uri-web-content,read-proof-history,app-package-runtime,token-payment,security-supply-chain	eip-7620.md
EIP	7623	yes	https://eips.ethereum.org/EIPS/eip-7623	Increase calldata cost	Final	Standards Track	Core	2024-02-13		883	b991940be17e3265684047d49b0f5758742c3873b88efaa9aa30e4229ea92c33	account-wallet,uri-web-content,read-proof-history,app-package-runtime,security-supply-chain	eip-7623.md
EIP	7636	yes	https://eips.ethereum.org/EIPS/eip-7636	Extension of EIP-778 for "client" ENR Entry	Withdrawn	Standards Track	Networking	2024-02-25	778	609	d1bfbec3ad75db87c0daaea0201059f34e21dfa95c57819ef06fc322ee56d76f	account-wallet,uri-web-content,app-package-runtime,identity-principal,security-supply-chain	eip-7636.md
EIP	7637	yes	https://eips.ethereum.org/EIPS/eip-7637	Optimize EOA EXTCODEHASH	Stagnant	Standards Track	Core	2024-02-26	1052	464	0744d47a6672ab8550206ab7e647a11111228a8091b4a21713260d7eaa7d937c	uri-web-content,security-supply-chain	eip-7637.md
EIP	7639	yes	https://eips.ethereum.org/EIPS/eip-7639	eth/70 - Cease serving history before PoS	Stagnant	Standards Track	Networking	2024-02-13		328	1ec867012807710b48c4eaeeb810eafecb7ef47d0f852789aa44f7eccc591f03	uri-web-content,read-proof-history,app-package-runtime,security-supply-chain,offline-storage	eip-7639.md
EIP	7642	yes	https://eips.ethereum.org/EIPS/eip-7642	eth/69 - history expiry and simpler receipts	Final	Standards Track	Networking	2024-02-29	5793	874	e8d5e02d30e5c38f3273514f9737a09267da4dcd57b9ec44fd55a0a29ceeb2b8	uri-web-content,read-proof-history,app-package-runtime,security-supply-chain,offline-storage	eip-7642.md
EIP	7643	yes	https://eips.ethereum.org/EIPS/eip-7643	History accumulator for pre-PoS data	Stagnant	Standards Track	Core	2024-02-29		2240	3f302c42b2175e158562b6cd5fbf269197d0ab564f86a28635595a72190e355d	uri-web-content,read-proof-history,security-supply-chain	eip-7643.md
EIP	7645	yes	https://eips.ethereum.org/EIPS/eip-7645	Alias ORIGIN to SENDER	Stagnant	Standards Track	Core	2024-03-03		876	57c2d8606b731a01ae2077f817032f31629a379fa8b403fe66e67a5fc6660647	account-wallet,uri-web-content,security-supply-chain	eip-7645.md
EIP	7650	yes	https://eips.ethereum.org/EIPS/eip-7650	Programmable access lists	Stagnant	Standards Track	Core	2024-03-10	2929, 2930	601	604caf013dea8580e12fccacb986a87574200111db8b0850915b3971eff47ca8	uri-web-content,app-package-runtime,security-supply-chain,offline-storage	eip-7650.md
EIP	7657	yes	https://eips.ethereum.org/EIPS/eip-7657	Sync committee slashings	Stagnant	Standards Track	Core	2024-03-21		1620	dec7d3dee51f777ca0d7aac32d50d896b042ea825cee9e0a7a853ace29d06d4a	account-wallet,uri-web-content,read-proof-history,app-package-runtime,cross-chain,token-payment,security-supply-chain,offline-storage	eip-7657.md
EIP	7658	yes	https://eips.ethereum.org/EIPS/eip-7658	Light client data backfill	Stagnant	Standards Track	Core	2024-03-21		899	d62a22344def4300a32a198412cd8dd181d3207574c7316a2bdf88e21b7490c3	account-wallet,uri-web-content,read-proof-history,app-package-runtime,security-supply-chain,offline-storage	eip-7658.md
EIP	7664	yes	https://eips.ethereum.org/EIPS/eip-7664	Access-Key opcode	Withdrawn	Standards Track	Core	2024-03-27	1153, 2930, 4844	855	a58d905f2250bc98e6a362d937ccfdeb875721b8245c4ce23fc2e7780c531e92	uri-web-content,read-proof-history,app-package-runtime,identity-principal,security-supply-chain,offline-storage	eip-7664.md
EIP	7666	yes	https://eips.ethereum.org/EIPS/eip-7666	EVM-ify the identity precompile	Draft	Standards Track	Core	2024-03-31	3855	431	ea392f32efc0ae218c2f37d75577976a067f6a846caeb228fb76fa2ae3c2227b	uri-web-content,app-package-runtime,identity-principal,privacy,security-supply-chain	eip-7666.md
EIP	7667	yes	https://eips.ethereum.org/EIPS/eip-7667	Raise gas costs of hash functions	Stagnant	Standards Track	Core	2024-03-31		854	e225e779384ce38837b087f4674442fbdca4b69c4348764b5e1eaaa8ead727e8	uri-web-content,read-proof-history,app-package-runtime,privacy,security-supply-chain	eip-7667.md
EIP	7668	yes	https://eips.ethereum.org/EIPS/eip-7668	Remove bloom filters	Stagnant	Standards Track	Core	2024-03-31		387	816047a5594113227ddc9f64b7bcc1bc56bb66f4135c03c3cb526d3049ae3882	uri-web-content,read-proof-history,app-package-runtime,privacy,security-supply-chain	eip-7668.md
EIP	7675	yes	https://eips.ethereum.org/EIPS/eip-7675	Retroactively Included EIPs	Withdrawn	Meta		2024-04-04	2681, 3607, 4803, 7523, 7610	371	0fbedea2f4c567ff9792df50ec5c6c11521a031ed9149d28bfc928752f5511a5	account-wallet,uri-web-content,read-proof-history,app-package-runtime,security-supply-chain,offline-storage	eip-7675.md
EIP	7676	yes	https://eips.ethereum.org/EIPS/eip-7676	EOF - Prepare for Address Space Extension	Stagnant	Standards Track	Core	2024-04-03	3540, 3670, 7069	884	ecde874e4083b8988e466ce4601d49c81f501d99e18e3cc8e2637197f1cdf03a	uri-web-content,read-proof-history,agent-automation,security-supply-chain	eip-7676.md
EIP	7684	yes	https://eips.ethereum.org/EIPS/eip-7684	Return deposits for distinct credentials	Stagnant	Standards Track	Core	2024-04-12		585	baa299b95e690f6268c8c6064c4104738a393a1a26443e80907bed91351a6c52	uri-web-content,read-proof-history,app-package-runtime,identity-principal,security-supply-chain	eip-7684.md
EIP	7685	yes	https://eips.ethereum.org/EIPS/eip-7685	General purpose execution layer requests	Final	Standards Track	Core	2024-04-14		791	99b3272f275293fd5e9af5f45d673132a909dbf28816a7ea7804c247485622a2	uri-web-content,read-proof-history,security-supply-chain,offline-storage	eip-7685.md
EIP	7686	yes	https://eips.ethereum.org/EIPS/eip-7686	Linear EVM memory limits	Stagnant	Standards Track	Core	2024-04-15		579	f4496401ea6e7003900d6060dd574ecfe929a64f9d6e0c20366a44205526fd7a	uri-web-content,read-proof-history,privacy,security-supply-chain	eip-7686.md
EIP	7688	yes	https://eips.ethereum.org/EIPS/eip-7688	Forward compatible consensus data structures	Review	Standards Track	Core	2024-04-15	7495, 7607, 7916	1693	df0f67b6523ba9ef3f14efef2eecd957c2dcf562cce2bd06f7bb9b44098851cf	account-wallet,uri-web-content,read-proof-history,app-package-runtime,identity-principal,security-supply-chain,offline-storage	eip-7688.md
EIP	7691	yes	https://eips.ethereum.org/EIPS/eip-7691	Blob throughput increase	Final	Standards Track	Core	2024-04-17		877	12205332a3d2e78a6e3847028cd613c7a2e448c6bdee258e46794838ff537c83	uri-web-content,read-proof-history,app-package-runtime,security-supply-chain	eip-7691.md
EIP	7692	yes	https://eips.ethereum.org/EIPS/eip-7692	EVM Object Format (EOFv1) Meta	Stagnant	Meta		2024-04-17	663, 3540, 3670, 4200, 4750, 5450, 6206, 7069, 7480, 7620, 7698	230	9287f145cc1bebbfa6871387029db2879ca43d03ede7f059cf9dafbd31406e9a	uri-web-content,security-supply-chain	eip-7692.md
EIP	7698	yes	https://eips.ethereum.org/EIPS/eip-7698	EOF - Creation transaction	Stagnant	Standards Track	Core	2024-04-24	3540	935	0174507073ba8f1484e226c227c198c5d7d7455efad7b93a71ebe8950d2f2796	account-wallet,uri-web-content,app-package-runtime,token-payment,security-supply-chain	eip-7698.md
EIP	7701	yes	https://eips.ethereum.org/EIPS/eip-7701	Native Account Abstraction	Withdrawn	Standards Track	Core	2024-05-01		1123	255765221d1112ce2464058c48d086b6da2232656744de280b95aa680c104e30	account-wallet,uri-web-content,token-payment,security-supply-chain	eip-7701.md
EIP	7702	yes	https://eips.ethereum.org/EIPS/eip-7702	Set Code for EOAs	Final	Standards Track	Core	2024-05-07	2, 161, 1052, 2718, 2929, 2930, 3541, 3607, 4844	4464	3d46953e13ebc7ebe229971b301ede853aad6e29f4faf4db1eb9a2085accde1b	account-wallet,uri-web-content,read-proof-history,app-package-runtime,identity-principal,cross-chain,security-supply-chain,offline-storage	eip-7702.md
EIP	7703	yes	https://eips.ethereum.org/EIPS/eip-7703	Increase calldata cost	Stagnant	Standards Track	Core	2024-05-07		188	c1b37949d9bf97273ea42d28162c2b9df2c9b627693b3892c2e22c9a3f213100	uri-web-content,security-supply-chain	eip-7703.md
EIP	7705	yes	https://eips.ethereum.org/EIPS/eip-7705	NONREENTRANT and REENTRANT opcodes	Stagnant	Standards Track	Core	2024-05-09		421	b315a8471698b1462ff50ab2e82cebf085d2a294d008a5b24dd39f6918ace471	uri-web-content,app-package-runtime,security-supply-chain,offline-storage	eip-7705.md
EIP	7706	yes	https://eips.ethereum.org/EIPS/eip-7706	Separate gas type for calldata	Stagnant	Standards Track	Core	2024-05-13	1559, 4844	1560	7755e15f6905b79ed1e82bf1d59ed437bf13afea561d664c6083a1eba9a0daa1	account-wallet,uri-web-content,read-proof-history,security-supply-chain	eip-7706.md
EIP	7707	yes	https://eips.ethereum.org/EIPS/eip-7707	Incentivize Access List Provisioning	Stagnant	Standards Track	Core	2024-05-12	2930	1120	17393b5e18c7e3386e0264b38d5282fb211cfa1d03b76fca8687740e316e7ba9	account-wallet,uri-web-content,security-supply-chain,offline-storage	eip-7707.md
EIP	7708	yes	https://eips.ethereum.org/EIPS/eip-7708	ETH transfers emit a log	Review	Standards Track	Core	2024-05-17	1559, 4788, 6780, 8246	806	417b7de3542615cd31d7c746bd47e0b1bb74c3f50d038da1a12aa377d4641bfb	uri-web-content,read-proof-history,token-payment,security-supply-chain	eip-7708.md
EIP	7709	yes	https://eips.ethereum.org/EIPS/eip-7709	Read BLOCKHASH from Storage and Update Cost	Draft	Standards Track	Core	2024-05-18	2935	1067	ed806dda2e43f8c887e52a89988dbe7354a8dfd305587955e09b6254994716ea	uri-web-content,read-proof-history,app-package-runtime,security-supply-chain,offline-storage	eip-7709.md
EIP	7713	yes	https://eips.ethereum.org/EIPS/eip-7713	Box type for EIP-712 messages	Stagnant	Standards Track	Interface	2024-05-23	712	914	a56cb3c8f008c7489c98e00827df72e1501772783fb04c64b71100aaddfcbbae	account-wallet,uri-web-content,app-package-runtime,security-supply-chain,human-interface	eip-7713.md
EIP	7716	yes	https://eips.ethereum.org/EIPS/eip-7716	Anti-correlation attestation penalties	Stagnant	Standards Track	Core	2024-05-25		421	d0009150ec00e361372faf9d879d877a4a8a57cda5981c021278f5921a2467c2	uri-web-content,app-package-runtime,identity-principal,security-supply-chain	eip-7716.md
EIP	7723	yes	https://eips.ethereum.org/EIPS/eip-7723	Network Upgrade Inclusion Stages	Last Call	Meta		2024-06-12		1662	8ea53bb13dfc56645d917b12cffd937f39bf9e6b5283f8e96fbf59eb2d6a1c0a	uri-web-content,read-proof-history,app-package-runtime,agent-automation,cross-chain,security-supply-chain	eip-7723.md
EIP	7727	yes	https://eips.ethereum.org/EIPS/eip-7727	EVM Transaction Bundles	Stagnant	Standards Track	Core	2024-06-24	2718	1616	9b91bc41f09ceff4a63e9b39358325ba1a44914adddc478fb2f49947bcfab057	account-wallet,uri-web-content,cross-chain,security-supply-chain	eip-7727.md
EIP	7732	yes	https://eips.ethereum.org/EIPS/eip-7732	Enshrined Proposer-Builder Separation	Review	Standards Track	Core	2024-06-28		3403	3902ae9befa4d0d382c4aba1357ad8cf8ac25f2f5d52d48fc463fca76469777c	account-wallet,uri-web-content,read-proof-history,app-package-runtime,identity-principal,token-payment,security-supply-chain	eip-7732.md
EIP	7736	yes	https://eips.ethereum.org/EIPS/eip-7736	Leaf-level state expiry in verkle trees	Stagnant	Standards Track	Core	2024-07-05	6800	979	4a95ee432fd094c139841b1b706f2c4d7089d87a686466e67200a766a53b6527	uri-web-content,read-proof-history,app-package-runtime,identity-principal,security-supply-chain	eip-7736.md
EIP	7742	yes	https://eips.ethereum.org/EIPS/eip-7742	Uncouple blob count between CL and EL	Stagnant	Standards Track	Core	2024-07-12	4844	941	bb5a30f57ea2a0f9720f0680fd24ef5e085b9a2a60ac61c42a74131f5b7ae3e4	uri-web-content,read-proof-history,app-package-runtime,security-supply-chain,offline-storage	eip-7742.md
EIP	7745	yes	https://eips.ethereum.org/EIPS/eip-7745	Trustless log and transaction index	Draft	Standards Track	Core	2024-07-17	7916	6220	4575d34433c05876f7519c621238b699ef0fdafb0666e9907999bd4a153ae4a1	account-wallet,uri-web-content,read-proof-history,app-package-runtime,security-supply-chain,offline-storage	eip-7745.md
EIP	7748	yes	https://eips.ethereum.org/EIPS/eip-7748	State conversion to Verkle Tree	Draft	Standards Track	Core	2024-07-23	7612	1624	23dfbf7b6b96857fe99cf924bb82fbc0b761774ee33ff71ee2913cb84921531d	account-wallet,uri-web-content,read-proof-history,app-package-runtime,security-supply-chain,offline-storage	eip-7748.md
EIP	7749	yes	https://eips.ethereum.org/EIPS/eip-7749	Add wallet_signIntendedValidatorData method	Draft	Standards Track	Interface	2024-06-21	191, 712	743	9e3afec2b1a4f07d2d6751718d8c18e7ab2dfbd05296af6e5caa0bea25d2c7cc	account-wallet,uri-web-content,privacy,cross-chain,security-supply-chain	eip-7749.md
EIP	7756	yes	https://eips.ethereum.org/EIPS/eip-7756	EOF/EVM Trace Specification	Stagnant	Standards Track	Interface	2024-08-13	3155, 4750	1714	daf0279ddcd394898298330933aa7f4eccdac066b205bff96fa319552392e202	uri-web-content,read-proof-history,app-package-runtime,identity-principal,security-supply-chain,offline-storage	eip-7756.md
EIP	7761	yes	https://eips.ethereum.org/EIPS/eip-7761	EXTCODETYPE instruction	Stagnant	Standards Track	Core	2024-09-01	3540, 7692	1337	103d60a17e91795a3f8311743c06b21e3f675e0fc647986c3c49301222bdb49c	account-wallet,uri-web-content,read-proof-history,app-package-runtime,identity-principal,token-payment,security-supply-chain	eip-7761.md
EIP	7762	yes	https://eips.ethereum.org/EIPS/eip-7762	Increase MIN_BASE_FEE_PER_BLOB_GAS	Stagnant	Standards Track	Core	2024-08-31	4844	692	f10dbf67be2538bb83f5ed749998359fee2d749ddfaa618e7eadc41ab2293c7e	uri-web-content,read-proof-history,app-package-runtime,token-payment,security-supply-chain	eip-7762.md
EIP	7768	yes	https://eips.ethereum.org/EIPS/eip-7768	No-Ether transactions with free-for-all tips	Stagnant	Meta		2024-09-14		832	4af19fe6f2c123f9ffc4a87fdb52d3815b2b6f1ca420c896875ee0c26c54c0d7	account-wallet,uri-web-content,app-package-runtime,identity-principal,security-supply-chain	eip-7768.md
EIP	7773	yes	https://eips.ethereum.org/EIPS/eip-7773	Hardfork Meta - Glamsterdam	Draft	Meta		2024-09-26	7607, 7723	628	3a3047bef2ac57a9547b7411d6d87a45150b2f8b13cce499108a9c0d83b0ec7f	account-wallet,uri-web-content,read-proof-history,app-package-runtime,identity-principal,security-supply-chain,offline-storage	eip-7773.md
EIP	7775	yes	https://eips.ethereum.org/EIPS/eip-7775	BURN opcode	Stagnant	Standards Track	Core	2024-09-30		778	2998377f35909454573239c2112c98c360d3c4b31cf2a67eba4f52183ffe2451	uri-web-content,token-payment,security-supply-chain	eip-7775.md
EIP	7778	yes	https://eips.ethereum.org/EIPS/eip-7778	Block Gas Accounting without Refunds	Review	Standards Track	Core	2024-10-01		567	cc2e8642ee0e3f1e6d59c9652f49db944101f97f8e39ad501f0615ac6969f839	uri-web-content,security-supply-chain,offline-storage	eip-7778.md
EIP	7782	yes	https://eips.ethereum.org/EIPS/eip-7782	Reduce Block Latency	Draft	Standards Track	Core	2024-10-05	7623, 7778	668	5f3bb437d17427fa08c8607af39bf79132fcc6250be38eb293f4609e995eee3c	uri-web-content,read-proof-history,app-package-runtime,identity-principal,cross-chain,security-supply-chain,human-interface	eip-7782.md
EIP	7783	yes	https://eips.ethereum.org/EIPS/eip-7783	Add Controlled Gas Limit Increase Strategy	Stagnant	Informational		2024-10-06		1105	236870e739588d44e78f1df3645ba084bfee762093480ff98fc6155597e66640	uri-web-content,security-supply-chain	eip-7783.md
EIP	7784	yes	https://eips.ethereum.org/EIPS/eip-7784	GETCONTRACT opcode	Stagnant	Standards Track	Core	2024-10-07		689	f6d53872b4d5c9db3793514e0ef3a0f9c1c57548331a5097e82c7acb59d5f2a0	uri-web-content,read-proof-history,app-package-runtime,identity-principal,security-supply-chain,offline-storage	eip-7784.md
EIP	7788	yes	https://eips.ethereum.org/EIPS/eip-7788	Dynamic target blob count	Withdrawn	Standards Track	Core	2024-10-15	7742	918	1cf657770aae157fde0b236a98c13ef86ad159dbd706bc65001ceead460bf738	uri-web-content,read-proof-history,token-payment,security-supply-chain	eip-7788.md
EIP	7790	yes	https://eips.ethereum.org/EIPS/eip-7790	Controlled Gas Limit Increase Guidelines	Stagnant	Informational		2024-10-18	7783	485	89dce04dda424d784531d31e3c80214c9775033cd4a2acf475d0844a9297df02	uri-web-content,security-supply-chain	eip-7790.md
EIP	7791	yes	https://eips.ethereum.org/EIPS/eip-7791	GAS2ETH opcode	Draft	Standards Track	Core	2024-08-13	2929	1413	dd44c722962c899797827580ff747dffb6f4f8b7354036e9af6ff6a64b97aaef	account-wallet,uri-web-content,read-proof-history,identity-principal,token-payment,security-supply-chain	eip-7791.md
EIP	7792	yes	https://eips.ethereum.org/EIPS/eip-7792	Verifiable logs	Stagnant	Standards Track	Core	2024-10-21	6466	837	e6b943d7b37b17ee1178b0eafc6fed2332406220a7a0a124a1d5dd46a4683f53	account-wallet,uri-web-content,read-proof-history,app-package-runtime,identity-principal,privacy,security-supply-chain,offline-storage	eip-7792.md
EIP	7793	yes	https://eips.ethereum.org/EIPS/eip-7793	Conditional Transactions	Stagnant	Standards Track	Core	2024-10-17	7843	537	cda26d98365c82541456570295be497464cd30504e6e3959fffa8609f270775d	account-wallet,uri-web-content,read-proof-history,privacy,security-supply-chain	eip-7793.md
EIP	7797	yes	https://eips.ethereum.org/EIPS/eip-7797	Double speed for hash_tree_root	Stagnant	Standards Track	Core	2024-10-23		1044	f27b114f7372593bc9141a073b694b9618cf243092b4ad06d8990707167dcb34	account-wallet,uri-web-content,read-proof-history,app-package-runtime,privacy,security-supply-chain,offline-storage	eip-7797.md
EIP	7799	yes	https://eips.ethereum.org/EIPS/eip-7799	System logs	Draft	Standards Track	Core	2024-10-29	4895, 6466, 7708, 7916, 8115	894	d7bf5cf6d8c28149f8cd9b03b7066c4a54687071f75819fbcb301d056d45406a	account-wallet,uri-web-content,read-proof-history,identity-principal,token-payment,security-supply-chain	eip-7799.md
EIP	7801	yes	https://eips.ethereum.org/EIPS/eip-7801	etha - Sharded Blocks Subprotocol	Draft	Standards Track	Networking	2024-10-30	7642	873	6f09e9d9e85a2a8927c837c8fa5e6db171f09003d60859c3dbac677c43b858ac	uri-web-content,read-proof-history,identity-principal,security-supply-chain,offline-storage	eip-7801.md
EIP	7804	yes	https://eips.ethereum.org/EIPS/eip-7804	Withdrawal Credential Update Request	Draft	Standards Track	Core	2024-10-31		1230	8a5a39b3e3eee84859b027469d5e557275939d2030280559a75094792465b058	uri-web-content,read-proof-history,app-package-runtime,identity-principal,privacy,cross-chain,security-supply-chain	eip-7804.md
EIP	7805	yes	https://eips.ethereum.org/EIPS/eip-7805	Fork-choice enforced Inclusion Lists (FOCIL)	Draft	Standards Track	Core	2024-11-01		2383	81096dd37cab86a5007e50d9357f0230f2f3dcbdf4df16b9afd44da6c74098a1	account-wallet,uri-web-content,read-proof-history,identity-principal,security-supply-chain,offline-storage	eip-7805.md
EIP	7807	yes	https://eips.ethereum.org/EIPS/eip-7807	SSZ execution blocks	Draft	Standards Track	Core	2024-10-28	7495, 7773, 7916	804	bc279f875c28fa1b1ee26a21312533dac2d3cca2a8f682725e2485b5bd275562	uri-web-content,read-proof-history,app-package-runtime,security-supply-chain	eip-7807.md
EIP	7808	yes	https://eips.ethereum.org/EIPS/eip-7808	Reserve Tx-Type Range for RIPs	Stagnant	Meta		2024-11-04	2718	203	a3f1e1227037d0d331400bce6267d8b8e3eb5c3557b8172581fa716b341bf5c5	uri-web-content,app-package-runtime,security-supply-chain	eip-7808.md
EIP	7819	yes	https://eips.ethereum.org/EIPS/eip-7819	SETDELEGATE instruction	Draft	Standards Track	Core	2024-11-18	7702	1841	431cc6e41caf5e4ada27a3a94e55af40cc9bec7434502c05e87fbeabdade346e	account-wallet,uri-web-content,app-package-runtime,security-supply-chain,offline-storage	eip-7819.md
EIP	7823	yes	https://eips.ethereum.org/EIPS/eip-7823	Set upper bounds for MODEXP	Final	Standards Track	Core	2024-11-11	198	658	4c61592322a2a20b0f54b2fda8390de95f8632ac80cfa37f7b32007d50059806	uri-web-content,app-package-runtime,security-supply-chain	eip-7823.md
EIP	7825	yes	https://eips.ethereum.org/EIPS/eip-7825	Transaction Gas Limit Cap	Final	Standards Track	Core	2024-11-23		604	86e82af6cfba9593efb3f8cc16ccc23f13bb0e82c4e7782679cf71b95fcc2fe3	uri-web-content,app-package-runtime,security-supply-chain	eip-7825.md
EIP	7830	yes	https://eips.ethereum.org/EIPS/eip-7830	Contract size limit increase for EOF	Stagnant	Standards Track	Core	2024-11-29	170, 3540, 3860	695	b6721cde0b89f8c05e3bea668ec561b143ece2ec16aa85f332ce629e9df5acf5	uri-web-content,app-package-runtime,security-supply-chain,offline-storage	eip-7830.md
EIP	7833	yes	https://eips.ethereum.org/EIPS/eip-7833	Scheduled function calls	Stagnant	Standards Track	Core	2024-12-06		686	3d6973a229454a1cbaaeefe2ea0bdb8399d852972205ec92e0f5399913d28efd	uri-web-content,app-package-runtime,agent-automation,security-supply-chain	eip-7833.md
EIP	7834	yes	https://eips.ethereum.org/EIPS/eip-7834	Separate Metadata Section for EOF	Review	Standards Track	Core	2024-12-06	3540	929	8dd314fae5a1fdfd4c0ed9cbb5c1a7637c72c0b3d6083d8e397cdc34c1db72b8	uri-web-content,app-package-runtime,security-supply-chain	eip-7834.md
EIP	7840	yes	https://eips.ethereum.org/EIPS/eip-7840	Add blob schedule to EL config files	Final	Informational		2024-12-12		288	151ed7c2261c71c9e987ef1967ccf58ffc3cbc0f735bc69f60efca2aae35b6e8	uri-web-content,read-proof-history,app-package-runtime,security-supply-chain	eip-7840.md
EIP	7843	yes	https://eips.ethereum.org/EIPS/eip-7843	SLOTNUM opcode	Review	Standards Track	Core	2024-12-06		457	a0fdb59f271da0aa18d518ca8b0aa3b4177dda89d6b086f2396e8f09fcf323a5	uri-web-content,read-proof-history,app-package-runtime,privacy,security-supply-chain	eip-7843.md
EIP	7848	yes	https://eips.ethereum.org/EIPS/eip-7848	On-chain upgrade signaling	Draft	Standards Track	Core	2024-12-22		943	466e8be0d2630490ff21aeddd89004e9e23fcbfe623576f584292c6bda23e77c	uri-web-content,read-proof-history,app-package-runtime,security-supply-chain	eip-7848.md
EIP	7851	yes	https://eips.ethereum.org/EIPS/eip-7851	Code-Controlled EOA Delegation	Draft	Standards Track	Core	2024-12-27	7702	877	92d7407d2d3c6e2d797e4f6f91e74aa0eba18f1ba82daa9b90cb981eab61de66	account-wallet,uri-web-content,token-payment,security-supply-chain,offline-storage	eip-7851.md
EIP	7862	yes	https://eips.ethereum.org/EIPS/eip-7862	Delayed State Root	Draft	Standards Track	Core	2024-12-23		765	2f044dc1c00ae5558aa3c17367da056acf0f76701f492ae63e77fb0b9b293cdc	account-wallet,uri-web-content,read-proof-history,app-package-runtime,security-supply-chain,offline-storage	eip-7862.md
EIP	7863	yes	https://eips.ethereum.org/EIPS/eip-7863	Block-level Warming	Draft	Standards Track	Core	2025-01-15		1145	cd6b539f0d327db8240c995da65d5a033824fc8d026a49434c294ddcc8080f5e	uri-web-content,read-proof-history,app-package-runtime,security-supply-chain,offline-storage	eip-7863.md
EIP	7864	yes	https://eips.ethereum.org/EIPS/eip-7864	Ethereum state using a unified binary tree	Draft	Standards Track	Core	2025-01-20		3494	5c94205af77e617525595865ef62aa35c903b917fc0a0321fe2c148cc2439e5d	account-wallet,uri-web-content,read-proof-history,app-package-runtime,privacy,security-supply-chain,offline-storage	eip-7864.md
EIP	7867	yes	https://eips.ethereum.org/EIPS/eip-7867	Flow Control Wallet Call Capability	Stagnant	Standards Track	Interface	2025-01-17	5792	2914	80a0898a1802ff25d16af3cc92939117ff0c14f5466431221a36372b732e2e57	account-wallet,uri-web-content,read-proof-history,app-package-runtime,cross-chain,security-supply-chain	eip-7867.md
EIP	7870	yes	https://eips.ethereum.org/EIPS/eip-7870	Hardware and Bandwidth Recommendations	Living	Informational		2025-01-26		1232	6ffecea8eb5055c364f8cda844c328e039b531ac9c95935ee2c0404da808f386	uri-web-content,read-proof-history,app-package-runtime,privacy,security-supply-chain,offline-storage	eip-7870.md
EIP	7872	yes	https://eips.ethereum.org/EIPS/eip-7872	Max blob flag for local builders	Review	Meta		2025-01-30		249	58f836e397be964a4627add773f4951cb39cd1dc3d63a812afeccda568129ca9	uri-web-content,read-proof-history,app-package-runtime,security-supply-chain	eip-7872.md
EIP	7873	yes	https://eips.ethereum.org/EIPS/eip-7873	EOF - TXCREATE and InitcodeTransaction type	Stagnant	Standards Track	Core	2025-01-31	3540, 3670, 3860, 7620	2145	9d098df315dd7d0a7b968da02695d73963510efa6d397ddf1184aa94d98227d1	account-wallet,uri-web-content,read-proof-history,app-package-runtime,cross-chain,token-payment,security-supply-chain,offline-storage	eip-7873.md
EIP	7877	yes	https://eips.ethereum.org/EIPS/eip-7877	Enhanced RETURN opcodes	Stagnant	Standards Track	Core	2025-01-31	6, 1153, 3855	677	680a34909e3b46b3f02091c593b6553f10cc34be6c9d57661126dd648b9d08bf	uri-web-content,app-package-runtime,security-supply-chain,offline-storage	eip-7877.md
EIP	7880	yes	https://eips.ethereum.org/EIPS/eip-7880	EOF - EXTCODEADDRESS instruction	Review	Standards Track	Core	2025-02-08	7692, 7702, 7761	905	ccaf76b4bccf8390cf87a20ffe9695ed2d68faafc5e8193d32b50310bb4a226d	uri-web-content,read-proof-history,app-package-runtime,security-supply-chain	eip-7880.md
EIP	7883	yes	https://eips.ethereum.org/EIPS/eip-7883	ModExp Gas Cost Increase	Final	Standards Track	Core	2025-02-11	2565	1015	daf859b96db1a3c61a140b6377b94573193e9e9c0c2807586dce54cfefb07c65	uri-web-content,read-proof-history,security-supply-chain	eip-7883.md
EIP	7885	yes	https://eips.ethereum.org/EIPS/eip-7885	Precompile for NTT operations	Draft	Standards Track	Core	2025-02-12		2333	870d29e1203973760edb6fed2513b4bded51c0c87196347b2b34ba974cf4316e	account-wallet,uri-web-content,app-package-runtime,security-supply-chain	eip-7885.md
EIP	7886	yes	https://eips.ethereum.org/EIPS/eip-7886	Delayed execution	Stagnant	Standards Track	Core	2025-02-18	1559, 2930, 4844, 7623, 7702	2199	73bcc081dd07d6c84bba0075431f5260b35dfff2aa55d68f95768d7c52f0a108	account-wallet,uri-web-content,read-proof-history,identity-principal,token-payment,security-supply-chain,offline-storage	eip-7886.md
EIP	7889	yes	https://eips.ethereum.org/EIPS/eip-7889	Emit log on revert	Stagnant	Standards Track	Core	2025-02-20		374	576cee208b84bf703eee2f7c70ae00bf8b3f35a7da23368c815b133a161d295d	account-wallet,uri-web-content,read-proof-history,app-package-runtime,security-supply-chain,offline-storage	eip-7889.md
EIP	7892	yes	https://eips.ethereum.org/EIPS/eip-7892	Blob Parameter Only Hardforks	Final	Informational		2025-02-28	7840	1463	883aa3c8d81c67591f7806ac9b18b84887ebf2eafb2379a6925932e3d62dec76	uri-web-content,read-proof-history,app-package-runtime,identity-principal,security-supply-chain	eip-7892.md
EIP	7896	yes	https://eips.ethereum.org/EIPS/eip-7896	ABI attachment in `wallet_sendCalls`	Stagnant	Standards Track	Interface	2025-02-27	5792	1041	c32f3c1ebd421d0c7e22ff7660666f8920c84736221378d0d1eea82711b7464b	account-wallet,uri-web-content,read-proof-history,app-package-runtime,privacy,cross-chain,token-payment,security-supply-chain	eip-7896.md
EIP	7898	yes	https://eips.ethereum.org/EIPS/eip-7898	Uncouple execution payload from beacon block	Stagnant	Standards Track	Core	2025-03-01		757	1c16e1e469293dd76b425fda98e0555802b2d02188c0157e96957000e4be8db5	account-wallet,uri-web-content,read-proof-history,app-package-runtime,privacy,security-supply-chain,offline-storage	eip-7898.md
EIP	7903	yes	https://eips.ethereum.org/EIPS/eip-7903	Remove Initcode Size Limit	Stagnant	Standards Track	Core	2025-03-05	170, 3860	501	53a0cbc9141b3d700b7a389666830c5eb875e6168dd2322fabffac0ff3309f49	uri-web-content,app-package-runtime,security-supply-chain	eip-7903.md
EIP	7904	yes	https://eips.ethereum.org/EIPS/eip-7904	Compute Gas Cost Analysis	Review	Informational		2025-02-05		1937	02611bb5aea1d8164ec47532f7f1ab9fa31676c03ba7ec1c0c5f3eda05bb9f75	uri-web-content,read-proof-history,app-package-runtime,identity-principal,privacy,agent-automation,security-supply-chain	eip-7904.md
EIP	7906	yes	https://eips.ethereum.org/EIPS/eip-7906	Transaction Assertions via State Diff Opcode	Draft	Standards Track	Core	2025-02-21	2929, 8141	4151	0a621cf6154e4b6baf050c197c7f33f893f48db42f75a8f440c7c333a414dc64	account-wallet,uri-web-content,read-proof-history,app-package-runtime,identity-principal,token-payment,security-supply-chain,offline-storage	eip-7906.md
EIP	7907	yes	https://eips.ethereum.org/EIPS/eip-7907	Meter Contract Code Size And Increase Limit	Draft	Standards Track	Core	2025-03-14	170, 2929, 3860, 7702	1313	75f1dc8d22e303df5dcbabb3a1787e6d6780c9df345baeeafdffdfe14052f541	account-wallet,uri-web-content,read-proof-history,app-package-runtime,security-supply-chain,offline-storage	eip-7907.md
EIP	7910	yes	https://eips.ethereum.org/EIPS/eip-7910	eth_config JSON-RPC Method	Final	Standards Track	Interface	2025-03-18		2016	687173e78c8b2851b2e5ee0decd5d95f8a449e894c703698266b3d459f072cba	uri-web-content,read-proof-history,app-package-runtime,cross-chain,security-supply-chain,offline-storage	eip-7910.md
EIP	7911	yes	https://eips.ethereum.org/EIPS/eip-7911	Scaling Ethereum with a Perceptron Tree ZKP	Draft	Standards Track	Core	2025-03-19		808	5b6939f1f04f2a10248092ef1518d6070249635e1abe7cb9485514f709595717	uri-web-content,read-proof-history,privacy,security-supply-chain	eip-7911.md
EIP	7912	yes	https://eips.ethereum.org/EIPS/eip-7912	Pragmatic stack manipulation tools	Stagnant	Standards Track	Core	2025-03-25		632	c5f59aeca3874bb893e281374635035c67889940ae66ae6e79908782f897cc39	uri-web-content,read-proof-history,app-package-runtime,security-supply-chain	eip-7912.md
EIP	7915	yes	https://eips.ethereum.org/EIPS/eip-7915	Adaptive mean reversion blob pricing	Stagnant	Standards Track	Core	2025-03-23	4844	2414	15d35df36c826f84caa9b4d3e578759b7101137015288351c50dfcd0ed8eecf7	uri-web-content,read-proof-history,token-payment,security-supply-chain	eip-7915.md
EIP	7916	yes	https://eips.ethereum.org/EIPS/eip-7916	SSZ ProgressiveList	Review	Standards Track	Core	2025-03-24		1159	5d6f3ba288a13ae5e82c18feac8110ce00a94ef788c83ec1e9984d4a01f04295	uri-web-content,read-proof-history,security-supply-chain,offline-storage	eip-7916.md
EIP	7917	yes	https://eips.ethereum.org/EIPS/eip-7917	Deterministic proposer lookahead	Final	Standards Track	Core	2025-03-24		1132	b0a70b300899e8be124ed14c5aebcb99e1241f4821a44226391f969f5097f61c	uri-web-content,read-proof-history,app-package-runtime,privacy,security-supply-chain,offline-storage	eip-7917.md
EIP	7918	yes	https://eips.ethereum.org/EIPS/eip-7918	Blob base fee bounded by execution cost	Final	Standards Track	Core	2025-03-25	4844, 7840	2711	a6aa9e0972cf2f629b5d47d3cf9bdeca416e30c58479c21651d02518ea7522e4	uri-web-content,read-proof-history,identity-principal,privacy,token-payment,security-supply-chain	eip-7918.md
EIP	7919	yes	https://eips.ethereum.org/EIPS/eip-7919	Pureth Meta	Stagnant	Meta		2025-03-26	6404, 6465, 6466, 7495, 7668, 7708, 7745, 7799, 7807, 7916	843	6066eae185cbd6092d22a22f944a3f8ffe10920df9c722630dde71a43b2eed76	account-wallet,uri-web-content,read-proof-history,app-package-runtime,identity-principal,privacy,token-payment,security-supply-chain	eip-7919.md
EIP	7921	yes	https://eips.ethereum.org/EIPS/eip-7921	Skip `JUMPDEST` immediate argument check	Stagnant	Standards Track	Core	2025-03-26		408	9a2e05226a7f6725547a0ca64c41ee9d97ddf59e796a5e8c2ee674d8924cf746	uri-web-content,security-supply-chain	eip-7921.md
EIP	7922	yes	https://eips.ethereum.org/EIPS/eip-7922	Dynamic exit queue rate limit	Stagnant	Standards Track	Core	2025-03-24		1797	daa6fbbae058f43b5c0544a3ad57488293a35c146f8fd910ba39f3325a6278e0	uri-web-content,read-proof-history,agent-automation,security-supply-chain	eip-7922.md
EIP	7923	yes	https://eips.ethereum.org/EIPS/eip-7923	Linear, Page-Based Memory Costing	Draft	Standards Track	Core	2025-03-27		2580	38077cfd67bac06d3ccf95979440d99d8eb9218da855a68a097bfb8084677844	uri-web-content,read-proof-history,app-package-runtime,security-supply-chain,offline-storage	eip-7923.md
EIP	7927	yes	https://eips.ethereum.org/EIPS/eip-7927	History Expiry Meta	Stagnant	Meta		2025-03-28	4444	704	b9bb39a1be6da0e107796d91c059312ca15dc14bb1ae8da1d732b27651981d3c	uri-web-content,read-proof-history,app-package-runtime,security-supply-chain,offline-storage	eip-7927.md
EIP	7928	yes	https://eips.ethereum.org/EIPS/eip-7928	Block-Level Access Lists	Review	Standards Track	Core	2025-03-31		3883	173767ac6b96c63451780398ce3d17a74a53e621edc5823959f0a4097a755600	account-wallet,uri-web-content,read-proof-history,app-package-runtime,identity-principal,token-payment,security-supply-chain,offline-storage	eip-7928.md
EIP	7932	yes	https://eips.ethereum.org/EIPS/eip-7932	Secondary Signature Algorithms	Draft	Standards Track	Core	2025-04-12		1179	c5266933ec2fc97d8b3aa76299fdf045829c7ec1be801ae164bdef54f70f2466	account-wallet,uri-web-content,app-package-runtime,privacy,cross-chain,security-supply-chain,offline-storage	eip-7932.md
EIP	7934	yes	https://eips.ethereum.org/EIPS/eip-7934	RLP Execution Block Size Limit	Final	Standards Track	Core	2025-04-16		475	99528dc7d4af27ac450b6d845f5617f395036a98222bc523e1af88255dcd62a9	uri-web-content,app-package-runtime,security-supply-chain	eip-7934.md
EIP	7935	yes	https://eips.ethereum.org/EIPS/eip-7935	Set default gas limit to 60M	Final	Informational		2025-04-22		405	17c8bcc2234dd3ae4276074d2b8c9ad82b0416dac7eaa991c92788b84d9738f8	uri-web-content,app-package-runtime,security-supply-chain	eip-7935.md
EIP	7937	yes	https://eips.ethereum.org/EIPS/eip-7937	EVM64 - 64-bit mode EVM opcodes	Draft	Standards Track	Core	2025-04-23		1504	1bc05e317a13218072c295f1ef0e6952e199553f47748b956177abcab02f6e2b	uri-web-content,security-supply-chain	eip-7937.md
EIP	7938	yes	https://eips.ethereum.org/EIPS/eip-7938	Exponential Gas Limit Increase	Stagnant	Informational		2025-04-27		484	a19328ec88c49cbdfe0e9605e778791c3fe18338814f95ad0cfe8ef7c8ca7a5e	uri-web-content,app-package-runtime,security-supply-chain	eip-7938.md
EIP	7939	yes	https://eips.ethereum.org/EIPS/eip-7939	Count leading zeros (CLZ) opcode	Final	Standards Track	Core	2025-04-28		859	9225adee53a3c38d173da26c97273cda06859db508ab818802104d5ff1f65f3f	account-wallet,uri-web-content,app-package-runtime,privacy,security-supply-chain	eip-7939.md
EIP	7940	yes	https://eips.ethereum.org/EIPS/eip-7940	Ethereum Shah	Draft	Informational		2025-04-28		1443	9241c364333d2ef2f295ab46cc2d32caa5c24a73bdf1d80cf54701f21c762708	uri-web-content,security-supply-chain	eip-7940.md
EIP	7942	yes	https://eips.ethereum.org/EIPS/eip-7942	Available Attestation	Draft	Standards Track	Core	2025-04-30		2197	3de4b8a053edd173edff68c132f52dd2ebd6d34f5972d05f4728c00b2b58716c	uri-web-content,read-proof-history,app-package-runtime,identity-principal,security-supply-chain	eip-7942.md
EIP	7949	yes	https://eips.ethereum.org/EIPS/eip-7949	Genesis File Format	Draft	Informational		2025-05-19		972	df162ff2a0bebaa06fac61a47d640898bb449b4d1d9ef5a2ac22dfb6e70131e5	account-wallet,uri-web-content,read-proof-history,app-package-runtime,cross-chain,security-supply-chain,offline-storage	eip-7949.md
EIP	7951	yes	https://eips.ethereum.org/EIPS/eip-7951	Precompile for secp256r1 Curve Support	Final	Standards Track	Core	2025-05-27		1656	ea599f929ceaa420d83fb90ac27a1370c2c1e150a339a68a15dc721d42d50323	account-wallet,uri-web-content,app-package-runtime,cross-chain,security-supply-chain,offline-storage	eip-7951.md
EIP	7954	yes	https://eips.ethereum.org/EIPS/eip-7954	Increase Maximum Contract Size	Review	Standards Track	Core	2025-06-09	170, 3860	248	07724b68279513e664e78f6ee58248e18690e85f8641eee2e3d24fe57627502b	uri-web-content,app-package-runtime,security-supply-chain	eip-7954.md
EIP	7956	yes	https://eips.ethereum.org/EIPS/eip-7956	Tx Ordering via Block-level Randomness	Stagnant	Standards Track	Core	2025-05-24	7998	1755	a520ee8daf3c93bd64a931811b1c02c2f18137e4fb4277d309e4f60dfb4a52b8	account-wallet,uri-web-content,read-proof-history,app-package-runtime,privacy,agent-automation,token-payment,security-supply-chain	eip-7956.md
EIP	7957	yes	https://eips.ethereum.org/EIPS/eip-7957	EVM64 - EOF support	Stagnant	Standards Track	Core	2025-05-26	3540, 3670, 4200, 7937	331	05e6c29c3c5fe9d538ebf758455997387129c9502da86433a6e9affa5562e8b1	uri-web-content,security-supply-chain	eip-7957.md
EIP	7958	yes	https://eips.ethereum.org/EIPS/eip-7958	EVM64 - Little endian opcodes	Stagnant	Standards Track	Core	2025-05-26	7937	408	0a7b27d997fdc3d1e6eb50bbb6c1b1f98f4aa860f495ead9e15caca4d0afc792	uri-web-content,security-supply-chain	eip-7958.md
EIP	7960	yes	https://eips.ethereum.org/EIPS/eip-7960	EOF - Extended types section	Draft	Standards Track	Core	2025-05-28	3540	433	3b7ad685a4e3a2dc604459e82b26f764a4a483bfc80a49f2794210f9d4efb4be	uri-web-content,app-package-runtime,security-supply-chain	eip-7960.md
EIP	7961	yes	https://eips.ethereum.org/EIPS/eip-7961	EVM64 - EOF code section	Draft	Standards Track	Core	2025-05-28	3540, 4750, 7960	986	8116c1dfce5834477bf9e5b6d2bdad8ab188a531a9e3c0e5328e56b7fc2d8922	uri-web-content,security-supply-chain	eip-7961.md
EIP	7966	yes	https://eips.ethereum.org/EIPS/eip-7966	eth_sendRawTransactionSync Method	Draft	Standards Track	Interface	2025-06-11		1946	f518e8de161196be5f28185bf9d587d4d72f07caf5d8832688d98a092cc97ae0	account-wallet,uri-web-content,read-proof-history,app-package-runtime,security-supply-chain,offline-storage	eip-7966.md
EIP	7971	yes	https://eips.ethereum.org/EIPS/eip-7971	Hard Limits for Transient Storage	Draft	Standards Track	Core	2025-06-12	1153	1156	b8a658a6253a7d9dc2051e88fb2cbb228618694c93482e7a23ed022854dc9acd	uri-web-content,security-supply-chain,offline-storage	eip-7971.md
EIP	7973	yes	https://eips.ethereum.org/EIPS/eip-7973	Warm Account Write Metering	Draft	Standards Track	Core	2025-06-14	2200	1121	1762762e76102f0bfd20789bd96016bec8b8116d00f0b804275cbf5f77a87f7e	account-wallet,uri-web-content,read-proof-history,app-package-runtime,identity-principal,token-payment,security-supply-chain,offline-storage	eip-7973.md
EIP	7975	yes	https://eips.ethereum.org/EIPS/eip-7975	eth/70 - partial block receipt lists	Review	Standards Track	Networking	2025-06-16	7642, 7825	565	3f48c1d25c9096180e81d2f700da86267cb8ce42839bd4253d72dfb49a240e08	uri-web-content,read-proof-history,app-package-runtime,security-supply-chain,offline-storage	eip-7975.md
EIP	7976	yes	https://eips.ethereum.org/EIPS/eip-7976	Increase Calldata Floor Cost	Review	Standards Track	Core	2025-06-18	7623	878	b583f02f9a14b74a0a13bbb0a6e3e150dbf996f04421ad3b9b8495cfeb0d67ae	account-wallet,uri-web-content,read-proof-history,app-package-runtime,token-payment,security-supply-chain	eip-7976.md
EIP	7979	yes	https://eips.ethereum.org/EIPS/eip-7979	Call and Return Opcodes for the EVM	Draft	Standards Track	Core	2025-12-17		3090	377407cd734259c8065e2a95ff4e3bf70f35f534084e05cf6fb873596064941b	uri-web-content,read-proof-history,app-package-runtime,privacy,security-supply-chain,offline-storage	eip-7979.md
EIP	7980	yes	https://eips.ethereum.org/EIPS/eip-7980	Ed25519 transaction support	Withdrawn	Standards Track	Core	2025-06-25	7932	360	320d9b275a9e7857a757dbb5307acd149c54c63f0f27b3a081abc7230eaf4cf3	account-wallet,uri-web-content,app-package-runtime,cross-chain,security-supply-chain	eip-7980.md
EIP	7981	yes	https://eips.ethereum.org/EIPS/eip-7981	Increase Access List Cost	Review	Standards Track	Core	2024-12-27	2930, 7623, 7976	606	078d0882d3c178843fe561cac1388e3280c8d4df0b455639d54ace1fedc7b1ed	uri-web-content,app-package-runtime,security-supply-chain,offline-storage	eip-7981.md
EIP	7997	yes	https://eips.ethereum.org/EIPS/eip-7997	Deterministic Factory Contract	Review	Standards Track	Core	2025-08-03	1014	1086	169eaf090b5fc4db8ac7c6cc3f1ac8ed427a611a3df3428dc405ef8c61ad1baa	account-wallet,uri-web-content,read-proof-history,app-package-runtime,privacy,cross-chain,token-payment,security-supply-chain	eip-7997.md
EIP	7998	yes	https://eips.ethereum.org/EIPS/eip-7998	Turn `randao_reveal` into a VRF	Draft	Standards Track	Core	2025-08-03		808	0d3a544d50b3be192cfbd6e6560c90a1ac682d088d076d416952323ae3885cc2	account-wallet,uri-web-content,read-proof-history,app-package-runtime,privacy,security-supply-chain	eip-7998.md
EIP	7999	yes	https://eips.ethereum.org/EIPS/eip-7999	Unified multidimensional fee market	Draft	Standards Track	Core	2025-08-04	1559, 2718, 4844, 7516, 7691, 7840, 7918	7157	c225c1aef992d20c4a1095f3576ce265e9ab2f4f56634779440dfbf8902628d9	account-wallet,uri-web-content,read-proof-history,identity-principal,privacy,token-payment,security-supply-chain	eip-7999.md
EIP	8007	yes	https://eips.ethereum.org/EIPS/eip-8007	Glamsterdam Gas Repricings	Draft	Meta		2025-08-21	2780, 2926, 7686, 7778, 7904, 7923, 7971, 7973, 7976, 7981, 8011, 8032, 8037, 8038, 8053, 8057, 8058, 8059	1892	6156d0ff6e569ecc0ea44e046fd6132c2d3f83fa06a1736366d5f030a040af01	account-wallet,uri-web-content,app-package-runtime,identity-principal,token-payment,security-supply-chain,offline-storage	eip-8007.md
EIP	8011	yes	https://eips.ethereum.org/EIPS/eip-8011	Multidimensional Gas Metering	Draft	Standards Track	Core	2025-08-22	1559	1834	50cec99155a3777acfa42d1159f9079af294e45e09912c64069dd2f97c77591a	uri-web-content,read-proof-history,identity-principal,security-supply-chain,offline-storage	eip-8011.md
EIP	8012	yes	https://eips.ethereum.org/EIPS/eip-8012	Generalized consolidation requests	Stagnant	Standards Track	Core	2025-08-22		439	5653928762ea7fd3e7ca67b25c0c644aa5941b0a4bafa3e458d00be6766801cd	uri-web-content,read-proof-history,app-package-runtime,security-supply-chain	eip-8012.md
EIP	8013	yes	https://eips.ethereum.org/EIPS/eip-8013	Static relative jumps and calls for the EVM	Draft	Standards Track	Core	2025-08-19	7979	1731	10d4eb78a750c3f4450af5a872dcc4a2529b9946feec2e6d2ef5a9d93b65c38f	uri-web-content,read-proof-history,app-package-runtime,security-supply-chain	eip-8013.md
EIP	8015	yes	https://eips.ethereum.org/EIPS/eip-8015	Remove `deposit` and `eth1data` fields	Draft	Standards Track	Core	2025-08-22	6110, 7688, 7773	771	ce565f18648ce6bf7c61d4bb9d964c712d1c3f11e10f7bafbda0a67da129b216	uri-web-content,read-proof-history,identity-principal,security-supply-chain	eip-8015.md
EIP	8016	yes	https://eips.ethereum.org/EIPS/eip-8016	SSZ CompatibleUnion	Draft	Standards Track	Core	2025-08-28	7495, 7916	1089	293efc4ad0d3eb87d917b4ff6c5ad6138b12fb273b5da1ee17b68a1fca79f1f8	account-wallet,uri-web-content,read-proof-history,app-package-runtime,security-supply-chain	eip-8016.md
EIP	8024	yes	https://eips.ethereum.org/EIPS/eip-8024	Backward compatible SWAPN, DUPN, EXCHANGE	Review	Standards Track	Core	2025-08-16		2042	00e3a16419d5cf0643c116086bd2047ce7abda1215565d88b76e216120720996	uri-web-content,read-proof-history,app-package-runtime,security-supply-chain,offline-storage	eip-8024.md
EIP	8025	yes	https://eips.ethereum.org/EIPS/eip-8025	Optional Execution Proofs	Draft	Standards Track	Core	2025-09-17	4844, 6110, 7002, 7251, 7688, 7732, 7928, 8282	5221	d6131d778d8903a30c2c0e432b6fae70d25aa8f77a6fb65812237946da4c94b2	account-wallet,uri-web-content,read-proof-history,app-package-runtime,identity-principal,privacy,cross-chain,security-supply-chain,offline-storage	eip-8025.md
EIP	8030	yes	https://eips.ethereum.org/EIPS/eip-8030	P256 algorithm support	Draft	Standards Track	Core	2025-09-20	7932, 7951	383	d0eb7e913eb46f1fa306351337d3d3e1d23e98967fd362814b473ab9b2284ddb	account-wallet,uri-web-content,security-supply-chain	eip-8030.md
EIP	8032	yes	https://eips.ethereum.org/EIPS/eip-8032	Size-Based Storage Gas Pricing	Draft	Standards Track	Core	2025-09-29		2319	a867f37552a624b0e9f0b160974eeed6a1bdc9a1c8f08ecdd7f28925fe0a35ef	uri-web-content,read-proof-history,app-package-runtime,agent-automation,security-supply-chain,offline-storage	eip-8032.md
EIP	8037	yes	https://eips.ethereum.org/EIPS/eip-8037	State Creation Gas Cost Increase	Review	Standards Track	Core	2025-10-01	161, 684, 2780, 6780, 7610, 7623, 7702, 7825, 7928, 7976, 8038	6914	c5cfb13fc541fac826b4e9eb6e58a83a7cba4edd58f6e2bb2b5c4051c0d1cebb	account-wallet,uri-web-content,read-proof-history,app-package-runtime,identity-principal,token-payment,security-supply-chain,offline-storage	eip-8037.md
EIP	8038	yes	https://eips.ethereum.org/EIPS/eip-8038	State-access gas cost update	Review	Standards Track	Core	2025-10-03	8037	3878	f97423eb3f92984fcd97f8d3725241d08a0f140b23e3041d2a0189a33096c360	account-wallet,uri-web-content,read-proof-history,app-package-runtime,identity-principal,token-payment,security-supply-chain,offline-storage	eip-8038.md
EIP	8045	yes	https://eips.ethereum.org/EIPS/eip-8045	Exclude slashed validators from proposing	Review	Standards Track	Core	2025-10-16	7917	699	c41568c0ffa9b119765b54bf0c0d81ca08ef563278b475ddb38b873a2d6b3c45	uri-web-content,read-proof-history,app-package-runtime,security-supply-chain,offline-storage	eip-8045.md
EIP	8046	yes	https://eips.ethereum.org/EIPS/eip-8046	Uniform price auction over inclusion lists	Draft	Standards Track	Core	2025-10-16	7805	8089	5517b86ac137996f4ea58c5aeee46da43b8be3168eabbcf2a694d1f7f183eb59	account-wallet,uri-web-content,read-proof-history,app-package-runtime,identity-principal,privacy,agent-automation,token-payment,security-supply-chain	eip-8046.md
EIP	8051	yes	https://eips.ethereum.org/EIPS/eip-8051	Precompile for ML-DSA signature verification	Draft	Standards Track	Core	2025-10-15	7932	2319	9a1c174da062c94a56579eb9a90ce392f2b508cb73b1c77efd04013ad48f87d6	account-wallet,uri-web-content,read-proof-history,app-package-runtime,identity-principal,privacy,security-supply-chain,offline-storage	eip-8051.md
EIP	8052	yes	https://eips.ethereum.org/EIPS/eip-8052	Precompile for Falcon support	Draft	Standards Track	Core	2025-10-17	7932	3317	fb6eea75e208ecf4779bf14d5536fd0c8de921dfc8fde063f0ca6c141394a61c	account-wallet,uri-web-content,read-proof-history,identity-principal,privacy,security-supply-chain,offline-storage	eip-8052.md
EIP	8053	yes	https://eips.ethereum.org/EIPS/eip-8053	Milli-gas for High-precision Gas Metering	Draft	Standards Track	Core	2025-10-17		1265	8a5b2dc79f27cd46d9d24f8997314a214360115eaa0906e71a04dc9aa280ac3d	uri-web-content,read-proof-history,app-package-runtime,security-supply-chain	eip-8053.md
EIP	8057	yes	https://eips.ethereum.org/EIPS/eip-8057	Inter-Block Temporal Locality Gas Discounts	Draft	Standards Track	Core	2025-10-20	2929, 7928	4254	abe8254f6e9ffd29b7c6ed39628256b2c6f14bc8350b219ce1a4828095d8e325	account-wallet,uri-web-content,read-proof-history,app-package-runtime,privacy,agent-automation,token-payment,security-supply-chain,offline-storage	eip-8057.md
EIP	8058	yes	https://eips.ethereum.org/EIPS/eip-8058	Contract Bytecode Deduplication Discount	Draft	Standards Track	Core	2025-10-22	2930	1548	59c68258df1a0d11fc0b5be1555e6b436cec212539f68ad4fb7a4525dea17d08	account-wallet,uri-web-content,read-proof-history,app-package-runtime,security-supply-chain,offline-storage	eip-8058.md
EIP	8059	yes	https://eips.ethereum.org/EIPS/eip-8059	Gas Units Rebase for High-precision Metering	Draft	Standards Track	Core	2025-10-22		787	f9ae99983c9c0417399fbbc89435cd4d91e48cdd91e63a974e7262cddcf1e284	uri-web-content,read-proof-history,app-package-runtime,security-supply-chain	eip-8059.md
EIP	8061	yes	https://eips.ethereum.org/EIPS/eip-8061	Increase exit and consolidation churn	Review	Standards Track	Core	2025-10-17	7251	2041	cbc3f12d350f7b5e43ab459ded7d07716894f43d351fef791b68f19b2bbaff98	uri-web-content,read-proof-history,app-package-runtime,cross-chain,token-payment,security-supply-chain	eip-8061.md
EIP	8062	yes	https://eips.ethereum.org/EIPS/eip-8062	Add sweep withdrawal fee for 0x01 validators	Draft	Standards Track	Core	2025-10-28	4895, 7251	1937	d5c68880a33e2cc0d45f96f2aecf7873f6d2529a87b53d18fb44767f90bef64f	account-wallet,uri-web-content,read-proof-history,identity-principal,security-supply-chain	eip-8062.md
EIP	8066	yes	https://eips.ethereum.org/EIPS/eip-8066	Upgrade Mascots	Review	Informational		2024-10-29		600	020f72809c9e3053e4723ee75db7a58ac2f70797bb00ba382bd60e04b89ca675	uri-web-content,read-proof-history,app-package-runtime,identity-principal,security-supply-chain,human-interface	eip-8066.md
EIP	8068	yes	https://eips.ethereum.org/EIPS/eip-8068	Neutral effective balance design	Draft	Standards Track	Core	2025-10-28	7251	1795	ceb6298d8ea8a455db3c7182bc815a6748e9d6111e4c98c362d58d6649823954	uri-web-content,read-proof-history,app-package-runtime,security-supply-chain	eip-8068.md
EIP	8070	yes	https://eips.ethereum.org/EIPS/eip-8070	eth/72 - Sparse Blobpool	Review	Standards Track	Networking	2025-10-29	4844, 7594, 7870, 8159	3354	166665ac82f4c7ee2f2ed5e80fcf20bfd8d42b35b3f8341cda0ed360e081ca15	account-wallet,uri-web-content,read-proof-history,app-package-runtime,identity-principal,privacy,security-supply-chain,offline-storage	eip-8070.md
EIP	8071	yes	https://eips.ethereum.org/EIPS/eip-8071	Prevent using consolidations as withdrawals	Draft	Standards Track	Core	2025-10-29		759	293d24a093458ef1888694b3ea6b3188717edc973315df93c7d1345585486e87	uri-web-content,read-proof-history,app-package-runtime,security-supply-chain	eip-8071.md
EIP	8072	yes	https://eips.ethereum.org/EIPS/eip-8072	Transaction Inclusion Subscription	Draft	Standards Track	Interface	2025-10-31		1817	c6c15009dfb03e18112ba1287989a5de1b907cae7ba0c3cf7471bc014749e635	uri-web-content,read-proof-history,privacy,security-supply-chain	eip-8072.md
EIP	8075	yes	https://eips.ethereum.org/EIPS/eip-8075	Adaptive state cost to cap growth & scale L1	Draft	Standards Track	Core	2025-10-02	1559, 4844, 8037	3231	15a9ca169271b0f4a70bf9cae90c53bb6b2deb2cd73ea12a4807190dba64044c	account-wallet,uri-web-content,app-package-runtime,security-supply-chain	eip-8075.md
EIP	8077	yes	https://eips.ethereum.org/EIPS/eip-8077	eth/XX - announce transactions with nonce	Draft	Standards Track	Networking	2025-11-07	7642	1152	fdbb52add5a5ff565826aa8e0af1210d28dad4fb1bd942337874cef41127a53a	account-wallet,uri-web-content,read-proof-history,app-package-runtime,identity-principal,security-supply-chain,offline-storage	eip-8077.md
EIP	8079	yes	https://eips.ethereum.org/EIPS/eip-8079	Native rollups	Draft	Standards Track	Core	2025-11-13		1024	e896913b4cf02fc7824975ac0394b12f918f75a422840b2589b69640396299e5	account-wallet,uri-web-content,read-proof-history,app-package-runtime,privacy,cross-chain,token-payment,security-supply-chain	eip-8079.md
EIP	8080	yes	https://eips.ethereum.org/EIPS/eip-8080	Let exits use the consolidation queue	Draft	Standards Track	Core	2025-11-13		1016	347158a5797f9a2326c69ee1a1d162f4375257619bd1c09dd8e82c9290654f96	uri-web-content,app-package-runtime,token-payment,security-supply-chain	eip-8080.md
EIP	8081	yes	https://eips.ethereum.org/EIPS/eip-8081	Hardfork Meta - Hegotá	Draft	Meta		2025-11-11	7723, 7773	471	6becbcc2f13eb693f7a55a585dc4e9a8781252aea2053d0000988bd362b410f4	account-wallet,uri-web-content,read-proof-history,app-package-runtime,identity-principal,privacy,security-supply-chain,offline-storage	eip-8081.md
EIP	8094	yes	https://eips.ethereum.org/EIPS/eip-8094	eth/vhash - Blob-Aware Mempool	Draft	Standards Track	Networking	2025-11-29	7642	1080	c5a94b085a47477e1eef3b12c49f88f3ce1b4219137db8f476ad56c73a3c1347	account-wallet,uri-web-content,read-proof-history,identity-principal,security-supply-chain	eip-8094.md
EIP	8096	yes	https://eips.ethereum.org/EIPS/eip-8096	Increase Gas Cost of Point Evaluation	Draft	Standards Track	Core	2025-12-02	4844	228	b36d067650e742e477546b60ca216b51d74c545153316c900f32bf805e82146b	uri-web-content,security-supply-chain	eip-8096.md
EIP	8099	yes	https://eips.ethereum.org/EIPS/eip-8099	MEVless Protocol	Draft	Standards Track	Core	2025-09-25		1173	b640a269dbd317ac7f1747986300184f66e02110a6f5a3a8bb5bc88b7dd6f7c5	uri-web-content,privacy,token-payment,security-supply-chain,offline-storage	eip-8099.md
EIP	8101	yes	https://eips.ethereum.org/EIPS/eip-8101	Payload Chunking with Chunk Access Lists	Draft	Standards Track	Core	2025-12-01	4844, 4895, 7732, 7825, 7928	2900	47cd68f643f5bbbf82ddd28ac457383704a37f6f6e3bdd5a4d4e06523964dcbd	account-wallet,uri-web-content,read-proof-history,app-package-runtime,identity-principal,privacy,token-payment,security-supply-chain,offline-storage	eip-8101.md
EIP	8105	yes	https://eips.ethereum.org/EIPS/eip-8105	Universal Enshrined Encrypted Mempool	Draft	Standards Track	Core	2025-12-17	7732	2525	7486cb72d3a4776cf37fed93d893865ab5a607647400797f8cbd58800544ccef	account-wallet,uri-web-content,read-proof-history,app-package-runtime,identity-principal,privacy,cross-chain,token-payment,security-supply-chain	eip-8105.md
EIP	8115	yes	https://eips.ethereum.org/EIPS/eip-8115	Batch priority fees at end of block	Draft	Standards Track	Core	2025-12-30	1559, 4895	347	55ab16f6b3f9778ea5ce777dbbc67a95d627cda00c78f1de4922f36da79d4e23	uri-web-content,identity-principal,security-supply-chain	eip-8115.md
EIP	8116	yes	https://eips.ethereum.org/EIPS/eip-8116	Replace cumulative receipt fields	Draft	Standards Track	Core	2025-12-30		349	587ad8509b9df4473a75366a7361bb191b87941726f45cde79ff85ef7559fea5	uri-web-content,read-proof-history,app-package-runtime,security-supply-chain	eip-8116.md
EIP	8120	yes	https://eips.ethereum.org/EIPS/eip-8120	MLOAD8 and CALLDATALOAD8 Opcodes	Draft	Standards Track	Core	2026-01-07		795	633b2e32729be7968067c022166bf6fa705972c27d0ce54beacece2e0f2eaeaf	uri-web-content,app-package-runtime,identity-principal,security-supply-chain,offline-storage	eip-8120.md
EIP	8123	yes	https://eips.ethereum.org/EIPS/eip-8123	RPC Method for Transaction Gas Limit Cap	Draft	Standards Track	Interface	2026-01-11	7825	563	077aef0f1b1b560dfec1a506a66ce8ba3842a38e9c0d6abed5fbc73bf2e7c315	uri-web-content,read-proof-history,app-package-runtime,security-supply-chain	eip-8123.md
EIP	8125	yes	https://eips.ethereum.org/EIPS/eip-8125	Temporary Contract Storage	Draft	Standards Track	Core	2026-01-14	2200, 2929	1215	9eb2037b2cf2dd0c0ae72974bffc2b256c516b130a6c30ac3542644e7e1b68aa	account-wallet,uri-web-content,read-proof-history,app-package-runtime,security-supply-chain,offline-storage	eip-8125.md
EIP	8130	yes	https://eips.ethereum.org/EIPS/eip-8130	Account Abstraction by Account Configuration	Draft	Standards Track	Core	2025-10-14	155, 170, 712, 1271, 1559, 2028, 2718, 2929, 4337, 6780, 7702, 7708, 7819	17729	92f83a64cfbdf1abd0ef825bc006919236c149bad232c3d27069618e830b1bb3	account-wallet,uri-web-content,read-proof-history,app-package-runtime,identity-principal,cross-chain,token-payment,security-supply-chain,offline-storage	eip-8130.md
EIP	8131	yes	https://eips.ethereum.org/EIPS/eip-8131	Unified Transaction Content Floor	Draft	Standards Track	Core	2025-01-21	2028, 4844, 7623, 7702, 7976, 7981	1542	a961c863da669afa48c50ce5800b1b1af50933c723a50a3da7563a60da70c223	account-wallet,uri-web-content,read-proof-history,identity-principal,token-payment,security-supply-chain,offline-storage	eip-8131.md
EIP	8133	yes	https://eips.ethereum.org/EIPS/eip-8133	Network Upgrade Naming	Review	Informational		2026-01-23	150, 606, 607, 608, 609, 779, 1013, 1283, 1679, 1716, 2387, 4345, 5133, 7569, 7600, 7607, 7892, 8134, 8135	1650	4f4d25b219852a2869b157d47d19d857d82ac05c6d8daadb2b57a17869d60d49	uri-web-content,read-proof-history,app-package-runtime,identity-principal,security-supply-chain	eip-8133.md
EIP	8134	yes	https://eips.ethereum.org/EIPS/eip-8134	Hardfork Meta - BPO1	Final	Meta		2026-01-24	7892	565	4fda2996504a9b519ecd8776cfb27f4690f5d015daac266a3adceac1dfc1552d	uri-web-content,read-proof-history,app-package-runtime,security-supply-chain	eip-8134.md
EIP	8135	yes	https://eips.ethereum.org/EIPS/eip-8135	Hardfork Meta - BPO2	Final	Meta		2026-01-24	7892, 8134	496	82defd661ed11920499d23304fb7c9c23f48a8fdeb6af61db5d3da98f4251bb0	uri-web-content,read-proof-history,app-package-runtime,identity-principal,security-supply-chain	eip-8135.md
EIP	8136	yes	https://eips.ethereum.org/EIPS/eip-8136	Cell-Level Deltas for Data Column Broadcast	Review	Standards Track	Networking	2025-01-23	7594	1035	22cdf93f52ebddfb296685ea0cbc2a0e89a8e575f8fe1f75ea8109c27ed48b9b	uri-web-content,read-proof-history,app-package-runtime,token-payment,security-supply-chain	eip-8136.md
EIP	8138	yes	https://eips.ethereum.org/EIPS/eip-8138	Hardfork Meta - BPO3	Draft	Meta		2026-01-27	7892, 8135	672	a92f51691dfeb9d3738c394a84c6229cf66f114adb0ebcf6e250f22f3188f04a	uri-web-content,read-proof-history,app-package-runtime,security-supply-chain	eip-8138.md
EIP	8141	yes	https://eips.ethereum.org/EIPS/eip-8141	Frame Transaction	Draft	Standards Track	Core	2026-01-29	1559, 2718, 2780, 3529, 3607, 4844, 7594, 7623, 7702, 7708, 7825, 8037	14872	112ecd39d7c8d1269ffef172bec985cc143d9dde891dd0943f9f7209dd8a47e4	account-wallet,uri-web-content,read-proof-history,app-package-runtime,identity-principal,privacy,cross-chain,token-payment,security-supply-chain,offline-storage	eip-8141.md
EIP	8142	yes	https://eips.ethereum.org/EIPS/eip-8142	Block-in-Blobs (BiB)	Draft	Standards Track	Core	2026-01-29	4844, 7594, 7732, 7892, 7928	4038	8153607a02e4e06b9ced70860b8f6400a68d9728a86e59c61321bb78449fe3fa	uri-web-content,read-proof-history,identity-principal,privacy,cross-chain,security-supply-chain	eip-8142.md
EIP	8146	yes	https://eips.ethereum.org/EIPS/eip-8146	Block Access List Sidecars	Draft	Standards Track	Core	2026-02-03	7732, 7928	2563	6ae7e9e4ae78701183d38ac322c5d28f29691852371c1c390eec7b6c2bb2effd	account-wallet,uri-web-content,read-proof-history,app-package-runtime,identity-principal,security-supply-chain,offline-storage	eip-8146.md
EIP	8148	yes	https://eips.ethereum.org/EIPS/eip-8148	Custom sweep threshold for validators	Draft	Standards Track	Core	2026-02-05	7251, 7685	3486	5c362a2591383d826734cde8d16a976b9d24d72d6b6bb3003fb3aa9955f0519b	uri-web-content,read-proof-history,app-package-runtime,identity-principal,security-supply-chain,offline-storage	eip-8148.md
EIP	8149	yes	https://eips.ethereum.org/EIPS/eip-8149	Multi KZG Point Evaluation Precompile	Draft	Standards Track	Core	2026-02-06	4844	649	aaf26194634ebedaeedd63159162080e39425681d326fe0c32fa6139b537c707	uri-web-content,read-proof-history,security-supply-chain	eip-8149.md
EIP	8151	yes	https://eips.ethereum.org/EIPS/eip-8151	Account Code Restricted ecRecover	Draft	Standards Track	Core	2026-02-09	2929, 3607, 7702	1123	9bf6c7143e5aaa026b85943d44ebb6eab6ec7404a75b467431bc27470af98162	account-wallet,uri-web-content,read-proof-history,app-package-runtime,privacy,cross-chain,token-payment,security-supply-chain,offline-storage	eip-8151.md
EIP	8159	yes	https://eips.ethereum.org/EIPS/eip-8159	eth/71 - Block Access List Exchange	Review	Standards Track	Networking	2026-02-12	7928, 7975	794	943b92e4d6aef543513021e16a1371457bb588751317bb78e17cac2243b89e94	account-wallet,uri-web-content,read-proof-history,identity-principal,security-supply-chain,offline-storage	eip-8159.md
EIP	8163	yes	https://eips.ethereum.org/EIPS/eip-8163	Reserve `EXTENSION (0xae)` opcode	Review	Standards Track	Core	2026-02-13	141	1016	c88d8eeacbb20f2513d7835326fa0f554bc5b559df3c70ded8743b7b44b0b3d3	uri-web-content,read-proof-history,app-package-runtime,security-supply-chain	eip-8163.md
EIP	8164	yes	https://eips.ethereum.org/EIPS/eip-8164	Native Key Delegation for EOAs	Draft	Standards Track	Core	2026-02-17	2, 2718, 2929, 3541, 3607, 4844, 7702	4464	fb48aa11b11e596d51748761b47abb39ac090995940cb9be23786512f13a1301	account-wallet,uri-web-content,read-proof-history,app-package-runtime,identity-principal,privacy,cross-chain,security-supply-chain,offline-storage	eip-8164.md
EIP	8173	yes	https://eips.ethereum.org/EIPS/eip-8173	Foundations of EVM Control Flow	Draft	Informational		2026-02-16		4264	e0e2059d7f39d904fbf59cb35b33cb99f8f6fb62233773e1800f1e029eacf4bb	uri-web-content,read-proof-history,app-package-runtime,identity-principal,privacy,security-supply-chain,offline-storage	eip-8173.md
EIP	8175	yes	https://eips.ethereum.org/EIPS/eip-8175	Composable Transaction	Draft	Standards Track	Core	2026-02-26	2, 1559, 2718	2857	04f8fcc72f932a6505e05be46aeb8f377c42cea2af01088061509e9144738936	account-wallet,uri-web-content,read-proof-history,app-package-runtime,token-payment,security-supply-chain,offline-storage	eip-8175.md
EIP	8178	yes	https://eips.ethereum.org/EIPS/eip-8178	Binary SSZ Transport for the Engine API	Draft	Standards Track	Core	2026-03-01		2824	1165399946939ccf57dd3f9d4e54a1b1008d3a696ca07fe1b2ede3f347a6e864	account-wallet,uri-web-content,read-proof-history,app-package-runtime,token-payment,security-supply-chain	eip-8178.md
EIP	8182	yes	https://eips.ethereum.org/EIPS/eip-8182	Private ETH and ERC-20 Transfers	Review	Standards Track	Core	2026-03-03	20	11724	5fcacb0f71bec7f46b37edacc7060a2a0c03dc4538caa809453460ee2d0e809e	account-wallet,uri-web-content,read-proof-history,app-package-runtime,identity-principal,privacy,agent-automation,cross-chain,token-payment,security-supply-chain,offline-storage	eip-8182.md
EIP	8184	yes	https://eips.ethereum.org/EIPS/eip-8184	LUCID encrypted mempool	Draft	Standards Track	Core	2026-03-04	2718, 7805	9346	146e5450a3ec8a180a0e18df658e2fb7a4b171b2908daadcc1006c3a64cfde07	account-wallet,uri-web-content,read-proof-history,app-package-runtime,identity-principal,privacy,agent-automation,security-supply-chain,offline-storage	eip-8184.md
EIP	8188	yes	https://eips.ethereum.org/EIPS/eip-8188	Last-Written Block for Accounts and Slots	Draft	Standards Track	Core	2026-03-10	8037	1983	dc2306ba2877472dc2f5d85ae4024adc8127a02a0388130f656afa6e815e807f	account-wallet,uri-web-content,app-package-runtime,identity-principal,token-payment,security-supply-chain,offline-storage	eip-8188.md
EIP	8189	yes	https://eips.ethereum.org/EIPS/eip-8189	snap/2 - BAL-Based State Healing	Review	Standards Track	Networking	2026-03-06	7928	1108	ffea505067c5ed31a2cb1781feb76072d0cec8be3fa65f204d2023be3aa8a184	uri-web-content,read-proof-history,app-package-runtime,identity-principal,token-payment,security-supply-chain,offline-storage	eip-8189.md
EIP	8197	yes	https://eips.ethereum.org/EIPS/eip-8197	Cryptographically Agile Transactions	Draft	Standards Track	Core	2025-03-04	1559, 2718, 2930, 4844, 7702	2136	12f895afed676135a2702867b03ee9ae05c1a420f3f729a6b3b5db26b6e0bdff	account-wallet,uri-web-content,read-proof-history,app-package-runtime,identity-principal,privacy,security-supply-chain	eip-8197.md
EIP	8198	yes	https://eips.ethereum.org/EIPS/eip-8198	Quick Slots	Draft	Standards Track	Core	2026-03-17	7892	1624	7a300632ea15a808f2f20bd8efaca35ebf3003d8df0002aecac7fb0d2451f78f	uri-web-content,read-proof-history,app-package-runtime,identity-principal,token-payment,security-supply-chain,offline-storage	eip-8198.md
EIP	8200	yes	https://eips.ethereum.org/EIPS/eip-8200	EVMification	Draft	Standards Track	Core	2026-03-21	152, 7666, 7823, 7883	876	15d2e9e885d61c6fe3004754fb907b3c9d46ab5610863257ab0a5cd2cf33ed1c	uri-web-content,read-proof-history,app-package-runtime,identity-principal,security-supply-chain	eip-8200.md
EIP	8202	yes	https://eips.ethereum.org/EIPS/eip-8202	Scheme-Agile Transactions	Draft	Standards Track	Core	2026-03-22	2, 155, 1559, 2718, 2780, 4844, 7702, 7976	4203	9b5c6326e9da9c1e2eaf288bb686a83ce86525517677d045f1a059520f6e2e9f	account-wallet,uri-web-content,read-proof-history,app-package-runtime,identity-principal,privacy,cross-chain,token-payment,security-supply-chain,offline-storage	eip-8202.md
EIP	8205	yes	https://eips.ethereum.org/EIPS/eip-8205	Withdrawal credentials preregistration	Draft	Standards Track	Core	2026-03-26	6110, 7685, 7732	4666	c6259cbcdd486f0354f852d92d1355d34f0332a02b7faef11f84440542cae9f0	account-wallet,uri-web-content,read-proof-history,app-package-runtime,identity-principal,token-payment,security-supply-chain	eip-8205.md
EIP	8209	yes	https://eips.ethereum.org/EIPS/eip-8209	Commit-Reveal Transaction Frames	Draft	Standards Track	Core	2026-04-01	8141	2131	4537845d92d2132ad66e8f1d9ccbebb3fb0d13995b8df2d7cabcd1deb1f091d1	account-wallet,uri-web-content,read-proof-history,identity-principal,privacy,token-payment,security-supply-chain	eip-8209.md
EIP	8219	yes	https://eips.ethereum.org/EIPS/eip-8219	Checked Arithmetic Opcodes	Draft	Standards Track	Core	2026-04-08		2595	609d426fc454180b8b79c6da5e59d66c7e723508aeca9376f3761f5a22d73e12	uri-web-content,read-proof-history,app-package-runtime,token-payment,security-supply-chain	eip-8219.md
EIP	8222	yes	https://eips.ethereum.org/EIPS/eip-8222	Lean Staking	Draft	Standards Track	Core	2026-04-09	6110, 7251	3340	65fd1a0cee55f76fffeaedd62759d7eed3e8c7da497cce6b78c85e4aec748973	account-wallet,uri-web-content,read-proof-history,app-package-runtime,identity-principal,privacy,token-payment,security-supply-chain,offline-storage	eip-8222.md
EIP	8237	yes	https://eips.ethereum.org/EIPS/eip-8237	Independent CL/EL Sync	Draft	Standards Track	Core	2026-04-22	7732	1264	192437824e82227014f4675cee81b4b24bcca7027406c321e6142838f22542af	uri-web-content,read-proof-history,app-package-runtime,identity-principal,security-supply-chain,offline-storage	eip-8237.md
EIP	8243	yes	https://eips.ethereum.org/EIPS/eip-8243	Batching Attestations at Source	Draft	Standards Track	Core	2026-05-01		2907	877bc6b37c3b1a71bd71a132ab8e9a6641c900b31966f92cda1f1f16375085a7	account-wallet,uri-web-content,read-proof-history,app-package-runtime,identity-principal,privacy,security-supply-chain,offline-storage	eip-8243.md
EIP	8246	yes	https://eips.ethereum.org/EIPS/eip-8246	Remove SELFDESTRUCT Burn	Review	Standards Track	Core	2026-05-01	161, 6780	1128	e5f6ce7f437d3cbf081e0e48259f8fc80402a63e249716a22e28d0f24fd42418	account-wallet,uri-web-content,read-proof-history,security-supply-chain,offline-storage	eip-8246.md
EIP	8250	yes	https://eips.ethereum.org/EIPS/eip-8250	Keyed Nonces for Frame Transactions	Draft	Standards Track	Core	2026-04-16	7623, 8141	2820	23249d7f78b3f697b64719c6ac6b7deb605030a31f454368b61196732469e3cb	account-wallet,uri-web-content,app-package-runtime,identity-principal,privacy,token-payment,security-supply-chain,offline-storage	eip-8250.md
EIP	8252	yes	https://eips.ethereum.org/EIPS/eip-8252	Execution-Layer Reorg State Retention Window	Draft	Informational		2026-04-24		721	ec2ab9bbf933bb57fdd4df230ddbfc00c0f990977b8bd3a1d0575d256c8c2c60	uri-web-content,read-proof-history,security-supply-chain,offline-storage	eip-8252.md
EIP	8253	yes	https://eips.ethereum.org/EIPS/eip-8253	Bump nonce of zero-nonce storage accounts	Draft	Standards Track	Core	2026-05-05	161, 684	1315	4a26740655d1843335233a41dee7bbad2fef148346a46494bb2abae5919c5264	account-wallet,uri-web-content,read-proof-history,app-package-runtime,identity-principal,security-supply-chain,offline-storage	eip-8253.md
EIP	8254	yes	https://eips.ethereum.org/EIPS/eip-8254	Cap Deposit Requests Per Block	Draft	Standards Track	Core	2026-05-06	6110	2163	ea478694389674dc16b530fa7919b38c6036bf3ff89e71c6cbd745b71afcf5b8	account-wallet,uri-web-content,read-proof-history,app-package-runtime,identity-principal,security-supply-chain,offline-storage	eip-8254.md
EIP	8256	yes	https://eips.ethereum.org/EIPS/eip-8256	Blob Streaming	Draft	Standards Track	Core	2026-05-06	2935, 4788, 4844, 7002, 7594, 7732, 7918	4508	ff36725e6ef917774bc162e609f22f3eb45e0c4f8d371d1ac859acfc82274a91	account-wallet,uri-web-content,read-proof-history,app-package-runtime,identity-principal,privacy,agent-automation,token-payment,security-supply-chain,offline-storage	eip-8256.md
EIP	8261	yes	https://eips.ethereum.org/EIPS/eip-8261	Gas Limit Schedule	Review	Informational		2026-05-11	1559, 7732, 7892, 7935	2272	90676b2b9b0e4132aa7fc043e38d23f636cb10d99673b272162d7a43aac3fbe9	uri-web-content,read-proof-history,app-package-runtime,security-supply-chain,offline-storage	eip-8261.md
EIP	8266	yes	https://eips.ethereum.org/EIPS/eip-8266	Expiring Nonces for Frame Transactions	Draft	Standards Track	Core	2026-05-15	8141	1584	d64e483751b77914170863963a6ef03e19a222cc703468d07095b88410d271e1	account-wallet,uri-web-content,app-package-runtime,agent-automation,token-payment,security-supply-chain,offline-storage	eip-8266.md
EIP	8268	yes	https://eips.ethereum.org/EIPS/eip-8268	Storage Roots in Block Access Lists	Draft	Standards Track	Core	2026-05-21	7928	845	55f32d7330fb3e777961b9bd5d01311722d014abbaf07ea88ff6037178518964	account-wallet,uri-web-content,security-supply-chain,offline-storage	eip-8268.md
EIP	8272	yes	https://eips.ethereum.org/EIPS/eip-8272	Recent Roots for Frame Transactions	Draft	Standards Track	Core	2026-05-15	7623, 7843, 8141	2639	f9b4e2cadc2388453ad15937f9df66ad747eca22c660984e7b84fe0f1204c569	account-wallet,uri-web-content,read-proof-history,app-package-runtime,privacy,cross-chain,security-supply-chain,offline-storage	eip-8272.md
EIP	8279	yes	https://eips.ethereum.org/EIPS/eip-8279	Block Access List Byte Floor	Draft	Standards Track	Core	2026-05-23	7623, 7702, 7928, 7976, 7981, 8131	2861	90d09fbcdaddf1c892bd9e47d08ff4616aea7b9d0737377a9ee9bb4171272745	account-wallet,uri-web-content,read-proof-history,app-package-runtime,identity-principal,token-payment,security-supply-chain,offline-storage	eip-8279.md
EIP	8282	yes	https://eips.ethereum.org/EIPS/eip-8282	Builder Execution Requests	Review	Standards Track	Core	2026-05-22	1559, 7685, 7732	2217	d518461e4c1eb96254727155a3f8b60e92be29d43512551c4952345ab077a359	account-wallet,uri-web-content,read-proof-history,app-package-runtime,identity-principal,security-supply-chain,offline-storage	eip-8282.md
EIP	8289	yes	https://eips.ethereum.org/EIPS/eip-8289	Multi-block Access List Warming	Draft	Standards Track	Core	2026-05-03	2929, 2930, 2935, 3651, 7702, 7928	2055	a3d69947b5ab8bc20c5eec8b745037002ed0fa49ebfd93efca1064d3b214e698	uri-web-content,read-proof-history,app-package-runtime,privacy,security-supply-chain,offline-storage	eip-8289.md
EIP	8292	yes	https://eips.ethereum.org/EIPS/eip-8292	Post-Quantum Attestation Aggregators	Draft	Standards Track	Core	2026-06-07		2767	a8796bab9517a30227d9070c3c6d6b4a8c340c8ccc15e60b3f8d123ac2430bc2	account-wallet,uri-web-content,read-proof-history,identity-principal,security-supply-chain,offline-storage	eip-8292.md
EIP	8295	yes	https://eips.ethereum.org/EIPS/eip-8295	State Tiering by Periods	Draft	Standards Track	Core	2026-06-10	2929, 2930, 7702, 7825, 8037, 8038, 8188	2354	d8f91f44032c66550556620af27862b8986a07c3c6ca053ecfaf2c7d5f79699a	account-wallet,uri-web-content,read-proof-history,app-package-runtime,identity-principal,token-payment,security-supply-chain,offline-storage	eip-8295.md
EIP	8296	yes	https://eips.ethereum.org/EIPS/eip-8296	Fixed-Cutoff State Tiering	Draft	Standards Track	Core	2026-06-10	2929, 7702, 7825, 8037, 8038, 8188	2096	68b7e9b0e294f61856cdd6a0b7cc6bd261b45d042f7db097332d59b2204fa5b0	account-wallet,uri-web-content,read-proof-history,app-package-runtime,identity-principal,cross-chain,token-payment,security-supply-chain,offline-storage	eip-8296.md
EIP	8297	yes	https://eips.ethereum.org/EIPS/eip-8297	Partitioned Binary Tree	Draft	Standards Track	Core	2026-06-11		5785	59c2cacf32612003a6f773512f4359723daaa421be9c9565dddb90642d9de6d1	account-wallet,uri-web-content,read-proof-history,app-package-runtime,security-supply-chain,offline-storage	eip-8297.md
EIP	8298	yes	https://eips.ethereum.org/EIPS/eip-8298	SETCODEFROM Code Reuse Instruction	Draft	Standards Track	Core	2026-06-11	2200, 2929, 3607, 7702	1621	177a518511561d0dbf01c988dc1669090599b49e77810b514d0fb910f2c61f91	account-wallet,uri-web-content,read-proof-history,app-package-runtime,identity-principal,token-payment,security-supply-chain,offline-storage	eip-8298.md
EIP	8304	yes	https://eips.ethereum.org/EIPS/eip-8304	Trustless log and transaction index	Draft	Standards Track	Core	2026-06-17	4788	4020	f38a23beb31f2552ac3e61e13f3bb31148e8a656ce240a0ae12e7b906816327d	account-wallet,uri-web-content,read-proof-history,app-package-runtime,cross-chain,token-payment,security-supply-chain,offline-storage	eip-8304.md
EIP	8310	yes	https://eips.ethereum.org/EIPS/eip-8310	Post-Quantum Keystore for Stateful Keys	Draft	Standards Track	Interface	2026-06-19	2335, 3076	2305	5347b25cc0f1d15c05e0dc91db5fe0556ee4d7c930a221df43ef1786f3519ee5	account-wallet,uri-web-content,read-proof-history,app-package-runtime,privacy,security-supply-chain,offline-storage	eip-8310.md
EIP	8311	yes	https://eips.ethereum.org/EIPS/eip-8311	Increase Calldata Floor Cost to 96	Draft	Standards Track	Core	2026-06-20	3860, 7623, 7976	1119	0398fd61e7c520c9005e2cfb208f266af18d1865409ba4e2e769eae425adff43	account-wallet,uri-web-content,read-proof-history,app-package-runtime,token-payment,security-supply-chain	eip-8311.md
EIP	8321	yes	https://eips.ethereum.org/EIPS/eip-8321	Hash-Chain RANDAO	Draft	Standards Track	Core	2026-07-05	7916	5368	387b8dafcef6df198386f53969ac834afa0e16763728d084d01d8b1fd864c3be	account-wallet,uri-web-content,read-proof-history,app-package-runtime,identity-principal,privacy,security-supply-chain,offline-storage	eip-8321.md
EIP	8333	yes	https://eips.ethereum.org/EIPS/eip-8333	Align Checkpoint with Epoch Boundary Block	Draft	Standards Track	Core	2026-07-06		1503	ec247b97fe659d2670388a7c3d10d4ea5e8600daedb4e8dfeb656ce97876ff37	uri-web-content,identity-principal,security-supply-chain,offline-storage	eip-8333.md
EIP	8337	yes	https://eips.ethereum.org/EIPS/eip-8337	Validated EVM Code	Draft	Standards Track	Core	2026-07-09	3541, 7979	5130	05f06db4ed482c46e414f3206a6b75fe491a9145f7f10642d3f26eb9073c61c0	uri-web-content,read-proof-history,app-package-runtime,identity-principal,token-payment,security-supply-chain,offline-storage	eip-8337.md
EIP	8347	yes	https://eips.ethereum.org/EIPS/eip-8347	Offline State Migration to the PBT	Draft	Standards Track	Core	2026-07-23	7928, 8159, 8297	7751	46f4864462efadd29058600eb9cc9a44290ab2b3f296b859c055c12c3079aff4	account-wallet,uri-web-content,read-proof-history,app-package-runtime,identity-principal,cross-chain,token-payment,security-supply-chain,offline-storage	eip-8347.md
EIP	8363	yes	https://eips.ethereum.org/EIPS/eip-8363	Tapered Issuance Burn	Draft	Standards Track	Core	2026-07-14		7414	c7401db129b5fd2e523ab02707d0efe8312444ec902e46a5e71885a480058a84	account-wallet,uri-web-content,read-proof-history,app-package-runtime,identity-principal,token-payment,security-supply-chain,offline-storage	eip-8363.md
EIP	8368	yes	https://eips.ethereum.org/EIPS/eip-8368	CPSB Recalibration for New Gas Limit	Draft	Standards Track	Core	2026-08-05	8037	254	5092c19d1dff03b1dc647ffff28653bf02eb224f4ad15ff9b42100b69d49b9c7	uri-web-content,security-supply-chain	eip-8368.md
EIP	8371	yes	https://eips.ethereum.org/EIPS/eip-8371	RowDAS - Distributed Blob Reconstruction	Draft	Standards Track	Networking	2026-08-05	7594, 8136	3674	e28d183b0c5d4445014bd3863949e20023d59b270003098b933875b145fc1816	uri-web-content,read-proof-history,app-package-runtime,privacy,security-supply-chain,offline-storage	eip-8371.md
EIP	8372	yes	https://eips.ethereum.org/EIPS/eip-8372	Normalized state gas limit	Draft	Standards Track	Core	2026-08-06	8037	1132	db7eae2b26e156041353154d196c5d6373f4b176e42ca4f76129d9f7603a5515	uri-web-content,app-package-runtime,security-supply-chain	eip-8372.md
ERC	20	yes	https://eips.ethereum.org/EIPS/eip-20	Token Standard	Final	Standards Track	ERC	2015-11-19		759	50d0bdc535ed8987ac5c124cb5f9c39606806c97e909aae66ef4b747dd9c93dd	uri-web-content,read-proof-history,token-payment,security-supply-chain	erc-20.md
ERC	55	yes	https://eips.ethereum.org/EIPS/eip-55	Mixed-case checksum address encoding	Final	Standards Track	ERC	2016-01-14		389	54a9b25ffcd12966c60d6abd6584734d2793734f266fbe41118e6ee52b05dc9e	uri-web-content	erc-55.md
ERC	67	yes	https://eips.ethereum.org/EIPS/eip-67	URI Scheme with Metadata, Value and Bytecode	Withdrawn	Standards Track	ERC	2016-02-17		563	91bbd54b9d10b70c6a2812c5963240b253b784ee405a36d795aad106f57c7bfb	account-wallet,uri-web-content,app-package-runtime,identity-principal,token-payment,security-supply-chain	erc-67.md
ERC	137	yes	https://eips.ethereum.org/EIPS/eip-137	Ethereum Domain Name Service - Specification	Final	Standards Track	ERC	2016-04-04		2389	7a846d9f9b1b5d6bc5f08e148be2bb90dacc3976ee827eb6b43c349bda2a25ae	account-wallet,uri-web-content,read-proof-history,app-package-runtime,token-payment,human-interface	erc-137.md
ERC	162	yes	https://eips.ethereum.org/EIPS/eip-162	Initial ENS Hash Registrar	Final	Standards Track	ERC	2016-10-25		2817	f284f5535b3b776fbe294d60523af179e7805333550d79a2c226d58b8bd6cbc1	uri-web-content,read-proof-history,app-package-runtime,identity-principal,agent-automation,token-payment,security-supply-chain	erc-162.md
ERC	165	yes	https://eips.ethereum.org/EIPS/eip-165	Standard Interface Detection	Final	Standards Track	ERC	2018-01-23	214	1185	f431a42854927b82c309060d017c5bd4f61abf8dc4679e466369e698a2d52396	account-wallet,uri-web-content,read-proof-history,app-package-runtime,identity-principal,token-payment,offline-storage	erc-165.md
ERC	173	yes	https://eips.ethereum.org/EIPS/eip-173	Contract Ownership Standard	Final	Standards Track	ERC	2018-06-07		854	5aae06cc26b28683dbea5f12f8b1b50531ab36609546bec2f8854635b77bd6cd	uri-web-content,read-proof-history,privacy,token-payment,security-supply-chain	erc-173.md
ERC	181	yes	https://eips.ethereum.org/EIPS/eip-181	ENS support for reverse resolution of Ethereum addresses	Final	Standards Track	ERC	2016-12-01		1184	842fad5468252668d7e4cbf611be703003e116bac42871d395d7f698d147228a	account-wallet,uri-web-content,app-package-runtime,privacy,token-payment	erc-181.md
ERC	190	yes	https://eips.ethereum.org/EIPS/eip-190	Ethereum Smart Contract Packaging Standard	Final	Standards Track	ERC	2017-01-10		615	24a5715fc62857a94a2780a367af773ad7574cde2841057fc38505fc8bc509af	account-wallet,uri-web-content,read-proof-history,app-package-runtime,cross-chain,token-payment,security-supply-chain,human-interface	erc-190.md
ERC	191	yes	https://eips.ethereum.org/EIPS/eip-191	Signed Data Standard	Final	Standards Track	ERC	2016-01-20		644	245855b782987babb3dc9daaf17d5fed68eae50cef56a27c30c0a4d9c2ed19df	account-wallet,uri-web-content,app-package-runtime	erc-191.md
ERC	205	yes	https://eips.ethereum.org/EIPS/eip-205	ENS support for contract ABIs	Stagnant	Standards Track	ERC	2017-02-06	137, 181	774	4ababae9efe8089012f9a867c1b42ebe0b66147ddcb39e75c269436b4fcd3fd6	uri-web-content,identity-principal,human-interface	erc-205.md
ERC	223	yes	https://eips.ethereum.org/EIPS/eip-223	Token with transaction handling model	Final	Standards Track	ERC	2017-05-03		2460	8dd56bc18653705e881eebe69cf06493cd92ed80c65e09e40ff1d388ca10450a	account-wallet,uri-web-content,read-proof-history,identity-principal,privacy,token-payment,security-supply-chain	erc-223.md
ERC	600	yes	https://eips.ethereum.org/EIPS/eip-600	Ethereum purpose allocation for Deterministic Wallets	Final	Standards Track	ERC	2017-04-13		393	03ff11d2bf8eae23d71e662d894a59aeb63b38b515c742e9a50553f22f369389	account-wallet,uri-web-content,read-proof-history,app-package-runtime,security-supply-chain	erc-600.md
ERC	601	yes	https://eips.ethereum.org/EIPS/eip-601	Ethereum hierarchy for deterministic wallets	Final	Standards Track	ERC	2017-04-13		547	fef85af456e967974e6978334c8769fb4725e8039c069ead68381346171a5e5a	account-wallet,uri-web-content,read-proof-history,app-package-runtime,security-supply-chain	erc-601.md
ERC	634	yes	https://eips.ethereum.org/EIPS/eip-634	Storage of text records in ENS	Stagnant	Standards Track	ERC	2017-05-17	137, 165	678	42cc1bff94f460958efe00ef8a21d7efb9b1f1bacf4a50473e3c453fae8e7dd1	uri-web-content,read-proof-history,app-package-runtime,privacy,security-supply-chain,offline-storage,human-interface	erc-634.md
ERC	681	yes	https://eips.ethereum.org/EIPS/eip-681	URL Format for Transaction Requests	Final	Standards Track	ERC	2017-08-01	20, 137	1248	46320fe4a95d17703817c6addd945f86d94e9d27d431efe8623e03d86b5457c0	account-wallet,uri-web-content,app-package-runtime,identity-principal,privacy,cross-chain,token-payment,security-supply-chain,human-interface	erc-681.md
ERC	721	yes	https://eips.ethereum.org/EIPS/eip-721	Non-Fungible Token Standard	Final	Standards Track	ERC	2018-01-24	165	4195	238787165c08ac748928ffad57a24045802174bb38220af9e7b63c44778b7372	account-wallet,uri-web-content,read-proof-history,app-package-runtime,identity-principal,privacy,token-payment	erc-721.md
ERC	725	yes	https://eips.ethereum.org/EIPS/eip-725	General data key/value store and execution	Draft	Standards Track	ERC	2017-10-02	165, 173	1711	40cacf1393fe412af0cc779afd5e0683e20e910455fbcb5a00ff347642df2423	uri-web-content,read-proof-history,app-package-runtime,token-payment,security-supply-chain,offline-storage	erc-725.md
ERC	777	yes	https://eips.ethereum.org/EIPS/eip-777	Token Standard	Final	Standards Track	ERC	2017-11-20	1820	7760	ecfc54b909c7959efd93d58dfecb0046d35de0cd9cdad6180222115c02b83f8b	account-wallet,uri-web-content,read-proof-history,app-package-runtime,identity-principal,agent-automation,token-payment,security-supply-chain,human-interface	erc-777.md
ERC	801	yes	https://eips.ethereum.org/EIPS/eip-801	Canary Standard	Stagnant	Standards Track	ERC	2017-12-16		304	e44a1a85c63c6b671b61f68a98e0683a65aa508f41dd24ab7d2de18014c0e431	uri-web-content,read-proof-history	erc-801.md
ERC	820	yes	https://eips.ethereum.org/EIPS/eip-820	Pseudo-introspection Registry Contract	Final	Standards Track	ERC	2018-01-05	165, 214	5903	2334f0a52f90fe1e0417a8b0678ca2db70b604aa831943f677201c846212c9eb	account-wallet,uri-web-content,read-proof-history,app-package-runtime,identity-principal,privacy,token-payment,offline-storage	erc-820.md
ERC	823	yes	https://eips.ethereum.org/EIPS/eip-823	Token Exchange Standard	Stagnant	Standards Track	ERC	2018-01-06	20	1349	727fcfbdb26bb15e22fc8c056043b4765affa56a6133bdbb9674ec8bc4f81af0	read-proof-history,privacy,token-payment,offline-storage	erc-823.md
ERC	831	yes	https://eips.ethereum.org/EIPS/eip-831	URI Format for Ethereum	Stagnant	Standards Track	ERC	2018-01-15	67, 681	352	e2e72c584e8a7b47f0d831b28fb446ca4d765f32dfbae8e19f0b6c2b2bc6293e	account-wallet,uri-web-content,app-package-runtime,security-supply-chain	erc-831.md
ERC	838	yes	https://eips.ethereum.org/EIPS/eip-838	ABI specification for REVERT reason string	Draft	Standards Track	ERC	2020-08-20		591	85b3b7761cf5fbc62572fe1a5cf702ce493ff25696365c9feb124ed53aadd5d8	account-wallet,uri-web-content,token-payment,security-supply-chain	erc-838.md
ERC	875	yes	https://eips.ethereum.org/EIPS/eip-875	Simpler NFT standard with batching and native atomic swaps	Withdrawn	Standards Track	ERC	2018-02-08		747	aa579f93bd1b3bc935edf516ec84073db6609a1e17fd40afe66221bae0e3b240	account-wallet,uri-web-content,read-proof-history,identity-principal,cross-chain,token-payment,offline-storage	erc-875.md
ERC	884	yes	https://eips.ethereum.org/EIPS/eip-884	DGCL Token	Stagnant	Standards Track	ERC	2018-02-14		2514	52d51d9ea34982139f671fc8526dfcbbda1bf0810df17c5584cfe88ffce3ca25	uri-web-content,read-proof-history,app-package-runtime,identity-principal,privacy,agent-automation,token-payment,human-interface	erc-884.md
ERC	897	yes	https://eips.ethereum.org/EIPS/eip-897	DelegateProxy	Stagnant	Standards Track	ERC	2018-02-21		415	441c3ff7723816312e2c85b74f567d2ea31b399b0cffe5c2354926e63a6cb47e	uri-web-content,read-proof-history,app-package-runtime	erc-897.md
ERC	900	yes	https://eips.ethereum.org/EIPS/eip-900	Simple Staking Interface	Stagnant	Standards Track	ERC	2018-02-22		478	433e4a90b2d333324dc8b1e54a4afc48ba770268e59a0502236b67be0e6c9a17	uri-web-content,read-proof-history,token-payment	erc-900.md
ERC	902	yes	https://eips.ethereum.org/EIPS/eip-902	Token Validation	Stagnant	Standards Track	ERC	2018-02-14	1066	956	dbb8e894cfe9c4f6b296251eba3d9cd6267605e890b3bcc30aa1f7294e93215d	account-wallet,uri-web-content,read-proof-history,app-package-runtime,identity-principal,privacy,token-payment,security-supply-chain	erc-902.md
ERC	918	yes	https://eips.ethereum.org/EIPS/eip-918	Mineable Token Standard	Stagnant	Standards Track	ERC	2018-03-07		2738	76f86b2b6cab2b2ac3a1eed125c291f5f96a8f8ba77e0c2b58be5a249c353705	account-wallet,uri-web-content,read-proof-history,app-package-runtime,cross-chain,token-payment	erc-918.md
ERC	926	yes	https://eips.ethereum.org/EIPS/eip-926	Address metadata registry	Stagnant	Standards Track	ERC	2018-03-12	165	523	6bde0b430744bb74c4f0caed3684c8367518e5aeb698c77f2149fd42c1f68447	account-wallet,uri-web-content,app-package-runtime,token-payment,offline-storage	erc-926.md
ERC	927	yes	https://eips.ethereum.org/EIPS/eip-927	Generalised authorisations	Stagnant	Standards Track	ERC	2018-03-12	926	490	e4178eee92950d13d860feee25537376609108853802da9e2140aeb7e3d7acbe	account-wallet,uri-web-content,app-package-runtime,token-payment	erc-927.md
ERC	998	yes	https://eips.ethereum.org/EIPS/eip-998	Composable Non-Fungible Token	Draft	Standards Track	ERC	2018-07-07	20, 165, 721	7928	9d447561b5840e95423f024d9945285cef345e59187b659bec78ab557556bf2d	uri-web-content,read-proof-history,identity-principal,token-payment,security-supply-chain	erc-998.md
ERC	1046	yes	https://eips.ethereum.org/EIPS/eip-1046	tokenURI Interoperability	Final	Standards Track	ERC	2018-04-13	20, 721, 1155	1265	dbabb2f266ad07439df2a7faf39d7a237fdc9a502710899932b50f226d991756	account-wallet,uri-web-content,cross-chain,token-payment,security-supply-chain,human-interface	erc-1046.md
ERC	1056	yes	https://eips.ethereum.org/EIPS/eip-1056	Ethereum Lightweight Identity	Stagnant	Standards Track	ERC	2018-05-03		1270	06ff82efed155220da76cbb98aa249b15d1a01d4a091b7c0879ebbb74e375c3a	account-wallet,uri-web-content,read-proof-history,app-package-runtime,identity-principal,privacy,token-payment,offline-storage	erc-1056.md
ERC	1062	yes	https://eips.ethereum.org/EIPS/eip-1062	Formalize IPFS hash into ENS(Ethereum Name Service) resolver	Stagnant	Standards Track	ERC	2018-05-02		653	d5442e6f7bbae642670a548c542d99deb5026590ab522cbfdd75283ddcdcae98	uri-web-content,read-proof-history,app-package-runtime,privacy,token-payment,offline-storage	erc-1062.md
ERC	1066	yes	https://eips.ethereum.org/EIPS/eip-1066	Status Codes	Stagnant	Standards Track	ERC	2018-05-05		4480	606c8be5e830a30c3cd6e2b0f37a1a046dab74665d7b3fd05cac691ffc1883d6	account-wallet,uri-web-content,read-proof-history,app-package-runtime,identity-principal,privacy,agent-automation,token-payment,human-interface	erc-1066.md
ERC	1077	yes	https://eips.ethereum.org/EIPS/eip-1077	Gas relay for contract calls	Stagnant	Standards Track	ERC	2018-05-04	20, 191, 1271, 1344	2286	73a0080183358978a8c1b49d4ddad9fdc567f3bd56563bf6da90ed67d43341f6	account-wallet,uri-web-content,read-proof-history,app-package-runtime,identity-principal,privacy,agent-automation,cross-chain,token-payment,security-supply-chain	erc-1077.md
ERC	1078	yes	https://eips.ethereum.org/EIPS/eip-1078	Universal login / signup using ENS subdomains	Stagnant	Standards Track	ERC	2018-05-04	191, 681, 725, 1077	2225	b6175db3768c6cf59b9d7baa7e484ea07d990967cda7d15c5e2e4e0f1325f682	account-wallet,uri-web-content,read-proof-history,app-package-runtime,identity-principal,privacy,token-payment,offline-storage	erc-1078.md
ERC	1080	yes	https://eips.ethereum.org/EIPS/eip-1080	Recoverable Token	Stagnant	Standards Track	ERC	2018-05-02		682	52ce4e850bc7df490942b6c936b197fbd8575dd1e5ae7448e836a46334b80f2e	uri-web-content,read-proof-history,token-payment,offline-storage	erc-1080.md
ERC	1081	yes	https://eips.ethereum.org/EIPS/eip-1081	Standard Bounties	Stagnant	Standards Track	ERC	2018-05-14	20	1571	4f6ef2e5f5f1c191cdbb2ec4c31c5c1a8c0fd2f02e424b94a13cc6882deb7475	uri-web-content,read-proof-history,app-package-runtime,cross-chain,token-payment	erc-1081.md
ERC	1123	yes	https://eips.ethereum.org/EIPS/eip-1123	Revised Ethereum Smart Contract Packaging Standard	Withdrawn	Standards Track	ERC	2018-06-01		5125	030445c2bbbc63113d12678bf4ea6cd832ef9fcf6a3805eb9238d2fcd5005ed7	account-wallet,uri-web-content,read-proof-history,app-package-runtime,identity-principal,token-payment,security-supply-chain,offline-storage,human-interface	erc-1123.md
ERC	1129	yes	https://eips.ethereum.org/EIPS/eip-1129	Standardised DAPP announcements	Stagnant	Standards Track	ERC	2018-05-31		695	d5d52e0eb3bbbee320b7d881a474aa064960719313e7da38e61d1adb834364e9	account-wallet,uri-web-content,read-proof-history	erc-1129.md
ERC	1132	yes	https://eips.ethereum.org/EIPS/eip-1132	Extending ERC20 with token locking capability	Stagnant	Standards Track	ERC	2018-06-03		1023	ee98cefdefe49e10c5ca0abcb39629d906d76beacdab67418320bf895a8e135c	uri-web-content,read-proof-history,identity-principal,token-payment	erc-1132.md
ERC	1154	yes	https://eips.ethereum.org/EIPS/eip-1154	Oracle Interface	Withdrawn	Standards Track	ERC	2018-06-13		1130	489ead0408e519863e4f74fcbeff87158a71fba577cdc1484283ae9e7a7f8cf8	uri-web-content,security-supply-chain	erc-1154.md
ERC	1155	yes	https://eips.ethereum.org/EIPS/eip-1155	Multi Token Standard	Final	Standards Track	ERC	2018-06-17	165	7765	beac04fc902314ec0d60000e3bcb73cb7080d586f6a718b6b35a6d68a8ac98b1	uri-web-content,read-proof-history,app-package-runtime,identity-principal,token-payment,security-supply-chain,offline-storage,human-interface	erc-1155.md
ERC	1167	yes	https://eips.ethereum.org/EIPS/eip-1167	Minimal Proxy Contract	Final	Standards Track	ERC	2018-06-22	211	974	ee0c37bfa19af63e2a104724177152471c2f9b4f4dfe166160ef609b1b3c9c19	uri-web-content,app-package-runtime	erc-1167.md
ERC	1175	yes	https://eips.ethereum.org/EIPS/eip-1175	Wallet & shop standard for all tokens (erc20)	Stagnant	Standards Track	ERC	2018-06-21	20	1810	c18f49177e07965b67c99989f51ca1a8d8dacbf6fd52bc07f32041e30325cac0	account-wallet,uri-web-content,read-proof-history,identity-principal,privacy,token-payment	erc-1175.md
ERC	1178	yes	https://eips.ethereum.org/EIPS/eip-1178	Multi-class Token Standard	Stagnant	Standards Track	ERC	2018-06-22		1488	ce55abe4ce19447032e54b69380405e83ad65dc133b253f1d151d0f503ed103d	account-wallet,uri-web-content,read-proof-history,app-package-runtime,token-payment	erc-1178.md
ERC	1185	yes	https://eips.ethereum.org/EIPS/eip-1185	Storage of DNS Records in ENS	Review	Standards Track	ERC	2018-06-26	137	1777	ca4ada95f5b44ed66da16eedb9432ad90dc9c42432a68cdb019a81ce33de1d9b	account-wallet,uri-web-content,read-proof-history,app-package-runtime,privacy,security-supply-chain,offline-storage	erc-1185.md
ERC	1191	yes	https://eips.ethereum.org/EIPS/eip-1191	Add chain id to mixed-case checksum address encoding	Last Call	Standards Track	ERC	2018-03-18	55, 155	569	c141c663167c8e85f20febf66768d82c915975b69135bfc175439180ada85993	account-wallet,uri-web-content,read-proof-history,app-package-runtime,cross-chain	erc-1191.md
ERC	1202	yes	https://eips.ethereum.org/EIPS/eip-1202	Voting Interface	Review	Standards Track	ERC	2018-07-08	5269	1347	205e6d35bf40e771caf64cbfac6c2a9e7636ce25f286efb51a5f68cc29af3093	account-wallet,uri-web-content,read-proof-history,app-package-runtime,privacy,cross-chain,token-payment,security-supply-chain,offline-storage	erc-1202.md
ERC	1203	yes	https://eips.ethereum.org/EIPS/eip-1203	ERC-1203 Multi-Class Token Standard (ERC-20 Extension)	Stagnant	Standards Track	ERC	2018-07-01		1430	3a4cc527e67749f94abb91c428180391eadccb313961fddd91e6e2e22763c70c	uri-web-content,read-proof-history,token-payment,security-supply-chain	erc-1203.md
ERC	1207	yes	https://eips.ethereum.org/EIPS/eip-1207	DAuth Access Delegation Standard	Stagnant	Standards Track	ERC	2018-07-10		921	882932ae504269e53a456b2022b4c0e8859e2f678416605d78d64b7dc094bddf	account-wallet,uri-web-content,read-proof-history,app-package-runtime,identity-principal,privacy,offline-storage	erc-1207.md
ERC	1261	yes	https://eips.ethereum.org/EIPS/eip-1261	Membership Verification Token (MVT)	Stagnant	Standards Track	ERC	2018-07-14	165, 173	4086	5e8c1994085a842286ef62ab226fd5b1b35313094c8ea9f793e76c371f2a641f	account-wallet,uri-web-content,read-proof-history,app-package-runtime,identity-principal,privacy,token-payment,security-supply-chain	erc-1261.md
ERC	1271	yes	https://eips.ethereum.org/EIPS/eip-1271	Standard Signature Validation Method for Contracts	Final	Standards Track	ERC	2018-07-25		1107	99641cf0c535eed30843e61e3202bd8824b9d50004abe147532400b3f4f632ea	account-wallet,uri-web-content,read-proof-history,app-package-runtime,privacy,token-payment,security-supply-chain	erc-1271.md
ERC	1319	yes	https://eips.ethereum.org/EIPS/eip-1319	Smart Contract Package Registry Interface	Stagnant	Standards Track	ERC	2018-08-13		1188	65793cf68f50443d3327002afe0c701260aa8f8b12ef9cb6239a3f93d40c7e94	uri-web-content,read-proof-history,app-package-runtime,token-payment	erc-1319.md
ERC	1328	yes	https://eips.ethereum.org/EIPS/eip-1328	WalletConnect URI Format	Final	Standards Track	ERC	2018-08-15		364	8a136b104be0981d3e271ef4ea13d33773cb7750b60df38275243275bbf9f60d	account-wallet,uri-web-content,app-package-runtime,privacy,agent-automation,cross-chain,security-supply-chain	erc-1328.md
ERC	1337	yes	https://eips.ethereum.org/EIPS/eip-1337	Subscriptions on the blockchain	Stagnant	Standards Track	ERC	2018-08-01	20, 165	1416	1975b78314eac76a5ec09f010cbee44a859fa43e4602abefcfbbebcb1e0c7292	account-wallet,uri-web-content,read-proof-history,identity-principal,token-payment	erc-1337.md
ERC	1363	yes	https://eips.ethereum.org/EIPS/eip-1363	Payable Token	Final	Standards Track	ERC	2018-08-30	20, 165	1322	a8e671c82c2e9392ba695c592b20cf6b7eaf38131ac8718253ae2db8de88797d	uri-web-content,read-proof-history,identity-principal,token-payment,security-supply-chain	erc-1363.md
ERC	1386	yes	https://eips.ethereum.org/EIPS/eip-1386	Attestation management contract	Stagnant	Standards Track	ERC	2018-09-08		647	40cefc97e7bd7eeff6c17b25a55dd8e58a98cd2ee9b6c586cb09a9a65e8e5673	account-wallet,uri-web-content,read-proof-history,identity-principal,privacy,token-payment,security-supply-chain	erc-1386.md
ERC	1387	yes	https://eips.ethereum.org/EIPS/eip-1387	Merkle Tree Attestations with Privacy enabled	Stagnant	Standards Track	ERC	2018-09-08		253	a06649cf78541e1f150748ed9ef5547bd5095323cadcadc079b16379c2421a51	account-wallet,uri-web-content,read-proof-history,identity-principal,privacy	erc-1387.md
ERC	1388	yes	https://eips.ethereum.org/EIPS/eip-1388	Attestation Issuers Management List	Stagnant	Standards Track	ERC	2018-09-08		642	13bc18704475450b52ff06e35e84e41f559393fffc5047b858194c48d8146c26	account-wallet,uri-web-content,read-proof-history,identity-principal,agent-automation,security-supply-chain	erc-1388.md
ERC	1417	yes	https://eips.ethereum.org/EIPS/eip-1417	Poll Standard	Stagnant	Standards Track	ERC	2018-09-16	165, 1261	3613	9d612c6ed6178eed041e41719d78fa825e739344df3da6fe5dd10d2532fa0ba9	account-wallet,uri-web-content,read-proof-history,app-package-runtime,identity-principal,privacy,token-payment,security-supply-chain,human-interface	erc-1417.md
ERC	1438	yes	https://eips.ethereum.org/EIPS/eip-1438	dApp Components (avatar) & Universal Wallet	Stagnant	Standards Track	ERC	2018-09-21		761	d0c407a818bfc30b4af240ba32330a92d4fba10ead6599acaa3b25c7d97fc9e3	account-wallet,uri-web-content,read-proof-history,app-package-runtime,token-payment	erc-1438.md
ERC	1444	yes	https://eips.ethereum.org/EIPS/eip-1444	Localized Messaging with Signal-to-Text	Stagnant	Standards Track	ERC	2018-09-23		1872	b0a6ff5220c6910acd8718cd52358d4e9f6d6cbb1aebfedb36f7bb613eeb308d	uri-web-content,read-proof-history,app-package-runtime,identity-principal,privacy,agent-automation,offline-storage,human-interface	erc-1444.md
ERC	1450	yes	https://eips.ethereum.org/EIPS/eip-1450	RTA-Controlled Security Token	Final	Standards Track	ERC	2018-09-25	20, 165, 6093	17086	f8ec4018d9f4c67820f6c0eeed9c4299ee0bbf001db53e627062928911e26b98	account-wallet,uri-web-content,read-proof-history,app-package-runtime,identity-principal,privacy,agent-automation,cross-chain,token-payment,security-supply-chain,offline-storage,human-interface	erc-1450.md
ERC	1462	yes	https://eips.ethereum.org/EIPS/eip-1462	Base Security Token	Stagnant	Standards Track	ERC	2018-10-01	20, 1066	1530	784bba834c3b5f989f54f5041c94b7f9a487595d9e5ae82edd2b1959a40d61d8	uri-web-content,read-proof-history,app-package-runtime,token-payment,security-supply-chain,human-interface	erc-1462.md
ERC	1484	yes	https://eips.ethereum.org/EIPS/eip-1484	Digital Identity Aggregator	Stagnant	Standards Track	ERC	2018-10-12	191	3688	4d6b7cca8edf5bd1c3c4d9e2da56c115a354552c253ec7831f232c3171dbe468	account-wallet,uri-web-content,read-proof-history,app-package-runtime,identity-principal,privacy,agent-automation,cross-chain,security-supply-chain,offline-storage,human-interface	erc-1484.md
ERC	1491	yes	https://eips.ethereum.org/EIPS/eip-1491	Human Cost Accounting Standard (Like Gas but for humans)	Stagnant	Standards Track	ERC	2018-10-12		3118	6f15b5efa2489a7028cb983599790204c7bdd6a0c208267222857525fe0cb24f	account-wallet,uri-web-content,read-proof-history,agent-automation,token-payment,security-supply-chain,offline-storage	erc-1491.md
ERC	1504	yes	https://eips.ethereum.org/EIPS/eip-1504	Upgradable Smart Contract	Stagnant	Standards Track	ERC	2018-10-17		2412	d9292058824a08fb0ef4f8a045c96afb5bd2464bb9f8c558c1e1542798321d62	uri-web-content,app-package-runtime,privacy,token-payment,security-supply-chain	erc-1504.md
ERC	1523	yes	https://eips.ethereum.org/EIPS/eip-1523	Standard for Insurance Policies as ERC-721 Non Fungible Tokens	Stagnant	Standards Track	ERC	2018-10-10	721	1085	9e4117942e9cc016fed8d08a086f0615be4d9c5d9e420aa25673fb076a5e6cdd	uri-web-content,app-package-runtime,cross-chain,token-payment	erc-1523.md
ERC	1538	yes	https://eips.ethereum.org/EIPS/eip-1538	Transparent Contract Standard	Withdrawn	Standards Track	ERC	2018-10-31		4201	cbd63546b8928b7b3cd4cbba0db9eb07b91ff6764721ebfad679b3556c05f32b	account-wallet,uri-web-content,read-proof-history,app-package-runtime,privacy,token-payment,security-supply-chain,offline-storage,human-interface	erc-1538.md
ERC	1577	yes	https://eips.ethereum.org/EIPS/eip-1577	contenthash field for ENS	Stagnant	Standards Track	ERC	2018-11-13		521	8b3bf95a6e0e1af978b5fe0c939a0576c383ce0de71c2a237809d5b58bb9d1f2	uri-web-content,read-proof-history,app-package-runtime,offline-storage	erc-1577.md
ERC	1581	yes	https://eips.ethereum.org/EIPS/eip-1581	Non-wallet usage of keys derived from BIP-32 trees	Stagnant	Standards Track	ERC	2018-11-13		572	59b7d0398e1437e0889802d95e7fdedd2088ffba84e81deb96497ab3af03d3ab	account-wallet,uri-web-content,read-proof-history,identity-principal,privacy,security-supply-chain	erc-1581.md
ERC	1592	yes	https://eips.ethereum.org/EIPS/eip-1592	Address and ERC20-compliant transfer rules	Stagnant	Standards Track	ERC	2018-11-09		1224	adb26858836bc6acd96e1b11de810c8b76874ff398a02144eea96b81d41b7264	uri-web-content,read-proof-history,cross-chain,token-payment,security-supply-chain,offline-storage	erc-1592.md
ERC	1613	yes	https://eips.ethereum.org/EIPS/eip-1613	Gas stations network	Draft	Standards Track	ERC	2018-11-18		4305	152d25b1456fa016148c358a9be84a34c6c4532f9a182b41f5ed0886fb2f3349	account-wallet,uri-web-content,read-proof-history,app-package-runtime,identity-principal,privacy,token-payment,security-supply-chain,offline-storage	erc-1613.md
ERC	1616	yes	https://eips.ethereum.org/EIPS/eip-1616	Attribute Registry Standard	Stagnant	Standards Track	ERC	2018-11-23	165	2701	b5736d986117ca193ea2628cd214b242acd76db31778c86c778c3e7046123e66	uri-web-content,read-proof-history,app-package-runtime,privacy,cross-chain	erc-1616.md
ERC	1620	yes	https://eips.ethereum.org/EIPS/eip-1620	Money Streaming	Stagnant	Standards Track	ERC	2018-11-24		1839	f332f31f491374117d407008088e46b10005c66d059918ddd518c82441f7dc85	account-wallet,uri-web-content,read-proof-history,app-package-runtime,identity-principal,token-payment,security-supply-chain	erc-1620.md
ERC	1633	yes	https://eips.ethereum.org/EIPS/eip-1633	Re-Fungible Token Standard (RFT)	Stagnant	Standards Track	ERC	2018-11-18	20, 165, 721	1561	b4feedb59182f2048d4657380aaf03c17089c109c58b681deecdfad5bb8e52c3	account-wallet,uri-web-content,read-proof-history,app-package-runtime,identity-principal,token-payment,security-supply-chain	erc-1633.md
ERC	1710	yes	https://eips.ethereum.org/EIPS/eip-1710	URL Format for Web3 Browsers	Stagnant	Standards Track	ERC	2019-01-13	155	381	091ab7006f9db7e0d0b0e000be094c8765a5ef7924693db39639b9363b4a84be	uri-web-content,identity-principal,cross-chain	erc-1710.md
ERC	1753	yes	https://eips.ethereum.org/EIPS/eip-1753	Smart Contract Interface for Licences	Stagnant	Standards Track	ERC	2019-02-06		1652	b7dbc8a0fb155209c4830cadbcecc4a1a760c489b310562b8dfacaf4a47d460c	account-wallet,uri-web-content,app-package-runtime,privacy,agent-automation,token-payment	erc-1753.md
ERC	1761	yes	https://eips.ethereum.org/EIPS/eip-1761	Scoped Approval Interface	Stagnant	Standards Track	ERC	2019-02-18	165	1162	7228b733674190f0092161328d1d0562781c47d3c526b388f5afd9a67e8e1d27	uri-web-content,read-proof-history,app-package-runtime,token-payment,human-interface	erc-1761.md
ERC	1775	yes	https://eips.ethereum.org/EIPS/eip-1775	App Keys, application specific wallet accounts	Stagnant	Standards Track	ERC	2019-02-20		1931	935a861ff743060a8d9410601b620db45c27ac72248e008760a8bbd66469c571	account-wallet,uri-web-content,read-proof-history,app-package-runtime,identity-principal,privacy,token-payment,security-supply-chain	erc-1775.md
ERC	1812	yes	https://eips.ethereum.org/EIPS/eip-1812	Ethereum Verifiable Claims	Stagnant	Standards Track	ERC	2019-03-03	712	2152	47de9eaa4e95f3f09277b60fd3b9597340dc760780995cf5145cd5b327afc1ab	account-wallet,uri-web-content,read-proof-history,app-package-runtime,identity-principal,privacy,cross-chain,token-payment,security-supply-chain,offline-storage	erc-1812.md
ERC	1820	yes	https://eips.ethereum.org/EIPS/eip-1820	Pseudo-introspection Registry Contract	Final	Standards Track	ERC	2019-03-04	165, 214	5998	d443362a7379d69d999c979e094481ee8e993c6081be715ece13fbe1ac3bed62	account-wallet,uri-web-content,read-proof-history,app-package-runtime,identity-principal,privacy,token-payment,offline-storage	erc-1820.md
ERC	1822	yes	https://eips.ethereum.org/EIPS/eip-1822	Universal Upgradeable Proxy Standard (UUPS)	Stagnant	Standards Track	ERC	2019-03-04		1507	a3f212291fa1d8774b555a236538dafe48917668c160135c8be589c43ec6e66c	account-wallet,uri-web-content,read-proof-history,app-package-runtime,token-payment,offline-storage	erc-1822.md
ERC	1844	yes	https://eips.ethereum.org/EIPS/eip-1844	ENS Interface Discovery	Stagnant	Standards Track	ERC	2019-03-15	137, 165	484	7161df678e8cab585bf3d269bf11d58171ba22c61954b9ffd76e66fc50268132	uri-web-content,read-proof-history,token-payment	erc-1844.md
ERC	1900	yes	https://eips.ethereum.org/EIPS/eip-1900	dType - Decentralized Type System for EVM	Stagnant	Standards Track	ERC	2019-03-28		1666	f843f078c39f652de7a60602cf3cc3ec13f2b0a71cde9b609ad350a9c29b7b6d	account-wallet,uri-web-content,read-proof-history,app-package-runtime,cross-chain,token-payment,offline-storage	erc-1900.md
ERC	1921	yes	https://eips.ethereum.org/EIPS/eip-1921	dType Functions Extension	Stagnant	Standards Track	ERC	2019-04-06	1900	877	cd50e7ba2e9474da3cf28f1306fff7a9291c4d06d644ca41f6dc8fe1ff388ee4	account-wallet,uri-web-content,app-package-runtime,agent-automation,cross-chain,security-supply-chain,offline-storage	erc-1921.md
ERC	1922	yes	https://eips.ethereum.org/EIPS/eip-1922	zk-SNARK Verifier Standard	Stagnant	Standards Track	ERC	2018-09-14	165, 196, 197	2062	5b50b5da0a3cdbd4989d6056d82f9a000c70891114f4e899cad4602fde35cbcf	uri-web-content,read-proof-history,app-package-runtime,identity-principal,privacy,token-payment,security-supply-chain	erc-1922.md
ERC	1923	yes	https://eips.ethereum.org/EIPS/eip-1923	zk-SNARK Verifier Registry Standard	Stagnant	Standards Track	ERC	2018-12-22	165, 196, 197	844	f35c0f896d47868aa3383efd9fdf58d6daefcabf2a7136c82c96ce002eac70c2	uri-web-content,read-proof-history,app-package-runtime,privacy,token-payment,security-supply-chain	erc-1923.md
ERC	1948	yes	https://eips.ethereum.org/EIPS/eip-1948	Non-fungible Data Token	Stagnant	Standards Track	ERC	2019-04-18	721	699	0e63ff47d8c301343eb79daca3e61b696b4c9165755efc7af8c6b8c3a51d4710	uri-web-content,read-proof-history,token-payment,offline-storage	erc-1948.md
ERC	1967	yes	https://eips.ethereum.org/EIPS/eip-1967	Proxy Storage Slots	Final	Standards Track	ERC	2019-04-24		2836	42384396793e9e220e8ce8a918c92e0cd70808df6f55db27bb82e09c0c2af44a	uri-web-content,read-proof-history,app-package-runtime,privacy,security-supply-chain,offline-storage	erc-1967.md
ERC	1973	yes	https://eips.ethereum.org/EIPS/eip-1973	Scalable Rewards	Stagnant	Standards Track	ERC	2019-04-01		1617	d024c746cf2e6157385cbc2f761d69dcf9f26abe9d58ee42e56e269079710259	uri-web-content,app-package-runtime,privacy,token-payment	erc-1973.md
ERC	1996	yes	https://eips.ethereum.org/EIPS/eip-1996	Holdable Token	Stagnant	Standards Track	ERC	2019-04-10	20	2283	f5cbd9984de08cc1849d60312aaf192451e5e68796bb0922a1e81a377265080f	uri-web-content,read-proof-history,token-payment,human-interface	erc-1996.md
ERC	2009	yes	https://eips.ethereum.org/EIPS/eip-2009	Compliance Service	Stagnant	Standards Track	ERC	2019-05-09	1066	1985	79409b1b47439f6813353a690d30953100bf095d178285629c5ac2bb1d8e3058	uri-web-content,read-proof-history,token-payment,human-interface	erc-2009.md
ERC	2018	yes	https://eips.ethereum.org/EIPS/eip-2018	Clearable Token	Stagnant	Standards Track	ERC	2019-04-30	1996	1679	926bf502e1b3f6c04bf6f01b2e0860fb20a6b7ebeb0991845b9d50febb95d8fc	uri-web-content,read-proof-history,agent-automation,token-payment,human-interface	erc-2018.md
ERC	2019	yes	https://eips.ethereum.org/EIPS/eip-2019	Fundable Token	Stagnant	Standards Track	ERC	2019-05-10	20	1596	42edffe326ce8a3311a17e80e81ac6198d5d9f11a18a66b167c36e8eed6861bb	account-wallet,uri-web-content,read-proof-history,privacy,agent-automation,token-payment,offline-storage,human-interface	erc-2019.md
ERC	2020	yes	https://eips.ethereum.org/EIPS/eip-2020	E-Money Standard Token	Stagnant	Standards Track	ERC	2019-05-10	20, 1066, 1996, 2009, 2018, 2019, 2021	2217	57c66831e58ec7b9b17bd3eca9be2ddf62002f0bea2698ab468ba2f30bb494da	account-wallet,uri-web-content,app-package-runtime,token-payment,security-supply-chain	erc-2020.md
ERC	2021	yes	https://eips.ethereum.org/EIPS/eip-2021	Payoutable Token	Stagnant	Standards Track	ERC	2019-05-10	20, 1066, 1996	1961	26e4888e938658326cf065f41ad9181afeb5bccff0fc356d80a2f0bdb2eee341	account-wallet,uri-web-content,read-proof-history,privacy,agent-automation,token-payment,offline-storage,human-interface	erc-2021.md
ERC	2098	yes	https://eips.ethereum.org/EIPS/eip-2098	Compact Signature Representation	Final	Standards Track	ERC	2019-03-14	2	587	5f6c0b9326d5d430c00dd484d5361d88cf91a98c85b905ee1c63d56651332b5f	account-wallet,uri-web-content,read-proof-history,app-package-runtime,privacy,security-supply-chain	erc-2098.md
ERC	2135	yes	https://eips.ethereum.org/EIPS/eip-2135	Consumable Interface (Tickets, etc)	Final	Standards Track	ERC	2019-06-23	165, 721, 1155	1007	5731ca966128b396857b66cca608a14d5d8ec4c344e488fe3e590c83140955ee	uri-web-content,read-proof-history,cross-chain,token-payment,security-supply-chain	erc-2135.md
ERC	2157	yes	https://eips.ethereum.org/EIPS/eip-2157	dType Storage Extension - Decentralized Type System for EVM	Stagnant	Standards Track	ERC	2019-06-28	1900	1083	1d7cb22696156b1ec91d16f74ae65709bf5f4018c338f864cb1add167a2339f8	uri-web-content,read-proof-history,app-package-runtime,identity-principal,privacy,cross-chain,offline-storage	erc-2157.md
ERC	2193	yes	https://eips.ethereum.org/EIPS/eip-2193	dType Alias Extension - Decentralized Type System	Stagnant	Standards Track	ERC	2019-07-16	155, 1900, 2157	922	b05ef90dae5f7f23b71b5943d88bf24ff6b42d6d82b535b198723ebcdf2663e8	account-wallet,uri-web-content,read-proof-history,app-package-runtime,cross-chain,offline-storage	erc-2193.md
ERC	2266	yes	https://eips.ethereum.org/EIPS/eip-2266	Atomic Swap-based American Call Option Contract Standard	Last Call	Standards Track	ERC	2019-08-17		1355	09cedfde131c415fa50a051a6f9f8c9eee3dfbb77ab1077464bd3a898a253a06	uri-web-content,read-proof-history,token-payment,security-supply-chain,offline-storage	erc-2266.md
ERC	2304	yes	https://eips.ethereum.org/EIPS/eip-2304	Multichain address resolution for ENS	Stagnant	Standards Track	ERC	2019-09-09	137	1647	726b872430c99ef7808f1d1e696466a2c00a34bd5d75036f2bef0bd88a6e433d	account-wallet,uri-web-content,read-proof-history,app-package-runtime,privacy,cross-chain,token-payment	erc-2304.md
ERC	2309	yes	https://eips.ethereum.org/EIPS/eip-2309	ERC-721 Consecutive Transfer Extension	Final	Standards Track	ERC	2019-10-08	721	1421	35defad575269e8513e5259f980485a69b6205b18543aa0933a37df9fbace734	uri-web-content,read-proof-history,token-payment,security-supply-chain	erc-2309.md
ERC	2333	yes	https://eips.ethereum.org/EIPS/eip-2333	BLS12-381 Key Generation	Review	Standards Track	ERC	2019-09-30		2842	0c8ee48c99befe1a7dd491d2cdde1d9d70ff99ed84d940d9ca14dfe4b9016616	account-wallet,uri-web-content,read-proof-history,privacy,cross-chain,security-supply-chain,offline-storage	erc-2333.md
ERC	2334	yes	https://eips.ethereum.org/EIPS/eip-2334	BLS12-381 Deterministic Account Hierarchy	Review	Standards Track	ERC	2019-09-30	2333	1006	aa0fb908338cd3c338f2e295c96cccfd37a74c09aac62ae2a691be78b49bd1f7	account-wallet,uri-web-content,read-proof-history,app-package-runtime,security-supply-chain,offline-storage	erc-2334.md
ERC	2335	yes	https://eips.ethereum.org/EIPS/eip-2335	BLS12-381 Keystore	Review	Standards Track	ERC	2019-09-30	2333, 2334	1569	c2eb0c9d06c403d73885299b33ae040fba1b71b5d8797ab3f6eac312ac216097	account-wallet,uri-web-content,app-package-runtime,privacy,security-supply-chain,offline-storage,human-interface	erc-2335.md
ERC	2386	yes	https://eips.ethereum.org/EIPS/eip-2386	Ethereum 2 Hierarchical Deterministic Walletstore	Stagnant	Standards Track	ERC	2019-11-21	2334, 2335	881	591dd3253bac53047351a089217c64983c98210a68ddd2718d10287762ce54cf	account-wallet,uri-web-content,read-proof-history,app-package-runtime,privacy,cross-chain,security-supply-chain,offline-storage	erc-2386.md
ERC	2390	yes	https://eips.ethereum.org/EIPS/eip-2390	Geo-ENS	Stagnant	Standards Track	ERC	2019-11-15	137, 165, 1062, 1185	1830	05c7f2f7b29de62d1e1347b2faff70256a8710c6618283192caa7e7eed226ab8	uri-web-content,read-proof-history,app-package-runtime,privacy,security-supply-chain,offline-storage	erc-2390.md
ERC	2400	yes	https://eips.ethereum.org/EIPS/eip-2400	Transaction Receipt URI	Stagnant	Standards Track	ERC	2019-11-05	155, 681	831	33f9b70ba29b5f68c098971e8e953cd75149074ad27f48d21ed4fbcf23d30bce	account-wallet,uri-web-content,read-proof-history,app-package-runtime,identity-principal,privacy,cross-chain,token-payment,human-interface	erc-2400.md
ERC	2470	yes	https://eips.ethereum.org/EIPS/eip-2470	Singleton Factory	Stagnant	Standards Track	ERC	2020-01-15	1014	1030	a51d749297644c8cd5b95f8f0de06fab78d3d168a0d31f98337bdc7a6114e721	account-wallet,uri-web-content,read-proof-history,app-package-runtime,identity-principal,privacy,cross-chain,security-supply-chain,offline-storage	erc-2470.md
ERC	2477	yes	https://eips.ethereum.org/EIPS/eip-2477	Token Metadata Integrity	Stagnant	Standards Track	ERC	2020-01-02	165, 721, 1155	2304	12a3827c8eecc703156264dc78bf04dbd48a028f9a60979f5de38e2dc405cd4e	uri-web-content,read-proof-history,app-package-runtime,token-payment,security-supply-chain	erc-2477.md
ERC	2494	yes	https://eips.ethereum.org/EIPS/eip-2494	Baby Jubjub Elliptic Curve	Stagnant	Standards Track	ERC	2020-01-29		2502	29a20532ab53b0664f8c4f1e9941c1dd6044d7762ea0d0758f8aa50f5d0b912f	account-wallet,uri-web-content,read-proof-history,identity-principal,privacy,token-payment,security-supply-chain	erc-2494.md
ERC	2520	yes	https://eips.ethereum.org/EIPS/eip-2520	Multiple contenthash records for ENS	Stagnant	Standards Track	ERC	2020-02-18	1577	524	22d8ab77bb4060fa69c33f3c2ad2bad15df55552e7b42463119360731a98d785	uri-web-content,app-package-runtime,privacy,security-supply-chain	erc-2520.md
ERC	2525	yes	https://eips.ethereum.org/EIPS/eip-2525	ENSLogin	Stagnant	Standards Track	ERC	2020-02-19	137, 634, 1193, 2304	1660	f42f6af520bbf539ca429bcbc6611cd0aaffc41881471f5b329611e0549858da	account-wallet,uri-web-content,read-proof-history,app-package-runtime,identity-principal,privacy,cross-chain,offline-storage	erc-2525.md
ERC	2535	yes	https://eips.ethereum.org/EIPS/eip-2535	Diamonds, Multi-Facet Proxy	Final	Standards Track	ERC	2020-02-22		4172	45bc9867b617df090af68a1a23d8865b0049a18c192389e092e9f88dbe2572d0	account-wallet,uri-web-content,read-proof-history,app-package-runtime,privacy,cross-chain,token-payment,security-supply-chain,offline-storage,human-interface	erc-2535.md
ERC	2544	yes	https://eips.ethereum.org/EIPS/eip-2544	ENS Wildcard Resolution	Stagnant	Standards Track	ERC	2020-02-28	137	1396	aeffc2c5d4e735b5fbc6be9fac57a73554a354034970a42bc080d0c25e4c0e02	account-wallet,uri-web-content,app-package-runtime,security-supply-chain	erc-2544.md
ERC	2569	yes	https://eips.ethereum.org/EIPS/eip-2569	Saving and Displaying Image Onchain for Universal Tokens	Stagnant	Standards Track	ERC	2020-03-28		2434	2d1936c18b357a22ff257607f7dd40a299a356f994ea72e4caf84ab796269d82	account-wallet,uri-web-content,read-proof-history,privacy,token-payment,offline-storage,human-interface	erc-2569.md
ERC	2612	yes	https://eips.ethereum.org/EIPS/eip-2612	Permit Extension for EIP-20 Signed Approvals	Final	Standards Track	ERC	2020-04-13	20, 712	1365	7e84b4834dc4b55362c79fac29aa55e0372deea2a129a024bd147cc662bd8683	account-wallet,uri-web-content,read-proof-history,app-package-runtime,identity-principal,cross-chain,token-payment,security-supply-chain	erc-2612.md
ERC	2615	yes	https://eips.ethereum.org/EIPS/eip-2615	Non-Fungible Token with mortgage and rental functions	Stagnant	Standards Track	ERC	2020-04-25	165, 721	1593	a7b8b27cdf48f4337152e672cbabb2f7447c4897aa28198b978a5b5004e59d99	uri-web-content,read-proof-history,app-package-runtime,token-payment,security-supply-chain	erc-2615.md
ERC	2645	yes	https://eips.ethereum.org/EIPS/eip-2645	Hierarchical Deterministic Wallet for Layer-2	Stagnant	Standards Track	ERC	2020-05-13		607	794effa0b1a7506ca6d16652ec70065c254b6fe68d691e970656d4984897dcdc	account-wallet,uri-web-content,read-proof-history,app-package-runtime,privacy,security-supply-chain	erc-2645.md
ERC	2678	yes	https://eips.ethereum.org/EIPS/eip-2678	Revised Ethereum Smart Contract Packaging Standard (EthPM v3)	Final	Standards Track	ERC	2020-05-26		4710	6bfbe230e5297cd4905a6c17565bf3f4582ef022534ea76996ca0f80ecaeddb9	account-wallet,uri-web-content,read-proof-history,app-package-runtime,identity-principal,token-payment,security-supply-chain,offline-storage,human-interface	erc-2678.md
ERC	2680	yes	https://eips.ethereum.org/EIPS/eip-2680	Ethereum 2 wallet layout	Stagnant	Standards Track	ERC	2020-05-29		868	40e35077ad9387fadfc981b97d4137f6dbf42aefa8f1dc803d100036c72437ea	account-wallet,uri-web-content,read-proof-history,app-package-runtime,cross-chain,security-supply-chain,offline-storage	erc-2680.md
ERC	2746	yes	https://eips.ethereum.org/EIPS/eip-2746	Rules Engine Standard	Stagnant	Standards Track	ERC	2020-06-20		2075	9dc3d2903650ebf18f2bc948dced9e3851c53e2045de933d5fc5ee4b6639545f	uri-web-content,read-proof-history,app-package-runtime,security-supply-chain	erc-2746.md
ERC	2767	yes	https://eips.ethereum.org/EIPS/eip-2767	Contract Ownership Governance	Stagnant	Standards Track	ERC	2020-07-04	20, 165, 173	1095	9c6282af6729bf14f5a7f0338b13b7cf8d8caa4e0b30838e29259663949b337f	account-wallet,uri-web-content,read-proof-history,app-package-runtime,identity-principal,privacy,token-payment,security-supply-chain,human-interface	erc-2767.md
ERC	2770	yes	https://eips.ethereum.org/EIPS/eip-2770	Meta-Transactions Forwarder Contract	Withdrawn	Standards Track	ERC	2020-07-01	712, 2771	1150	ef60b623d508e0f65ece4ba99c783989ca70a26903e681c734ca4f10d3f64940	account-wallet,uri-web-content,identity-principal,token-payment,security-supply-chain,human-interface	erc-2770.md
ERC	2771	yes	https://eips.ethereum.org/EIPS/eip-2771	Secure Protocol for Native Meta Transactions	Final	Standards Track	ERC	2020-07-01		1113	036f7c1eba1cd75205e4663ed49c82a3c239ed31a5fed5d6a13ec64964845990	account-wallet,uri-web-content,app-package-runtime,identity-principal,security-supply-chain	erc-2771.md
ERC	2848	yes	https://eips.ethereum.org/EIPS/eip-2848	My Own Messages (MOM)	Stagnant	Standards Track	ERC	2020-08-02		2865	501e7f72b548a7fbb1bbbe0d0cac277df9d18655ef26ed4f47f0b9a14af21d1c	account-wallet,uri-web-content,read-proof-history,app-package-runtime,privacy,security-supply-chain,offline-storage	erc-2848.md
ERC	2876	yes	https://eips.ethereum.org/EIPS/eip-2876	Deposit contract and address standard	Stagnant	Standards Track	ERC	2020-08-13		1878	c852409329e24881be6e340104b29aa6742c7728a634c63ae6dc07731df96875	account-wallet,uri-web-content,app-package-runtime,token-payment,security-supply-chain	erc-2876.md
ERC	2917	yes	https://eips.ethereum.org/EIPS/eip-2917	Staking Reward Calculation	Stagnant	Standards Track	ERC	2020-08-28		1126	ca32c41896ae9c7cb09cfcabc04307a37eebc2dba2ed586ef4176e6991f1a806	account-wallet,uri-web-content,read-proof-history,token-payment,security-supply-chain	erc-2917.md
ERC	2942	yes	https://eips.ethereum.org/EIPS/eip-2942	EthPM URI Specification	Stagnant	Standards Track	ERC	2020-09-04	2678	516	71b48475edc5a8cce7708419ec54410fc70182dd7905926dcccb643dc1915438	uri-web-content,app-package-runtime,identity-principal,cross-chain,token-payment,security-supply-chain	erc-2942.md
ERC	2980	yes	https://eips.ethereum.org/EIPS/eip-2980	Swiss Compliant Asset Token	Stagnant	Standards Track	ERC	2020-09-08	20	1435	6619aa34850dea613b3af652e4c711fc6c70048cd93c8e48d6e65f3a1b13e646	account-wallet,uri-web-content,read-proof-history,token-payment,security-supply-chain	erc-2980.md
ERC	2981	yes	https://eips.ethereum.org/EIPS/eip-2981	NFT Royalty Standard	Final	Standards Track	ERC	2020-09-15	165	2171	7f9c7d2ac9245fbcdbd1058eb69e41fa1e8bdf4873e06c71e97c977be40681c3	uri-web-content,read-proof-history,identity-principal,privacy,token-payment,security-supply-chain	erc-2981.md
ERC	3000	yes	https://eips.ethereum.org/EIPS/eip-3000	Optimistic enactment governance standard	Stagnant	Standards Track	ERC	2020-09-24		948	fcbb5813d1112e4b156ad26808c396016b70c91d48fa9692de5bee4c2b63c5f8	account-wallet,uri-web-content,read-proof-history,token-payment,security-supply-chain	erc-3000.md
ERC	3005	yes	https://eips.ethereum.org/EIPS/eip-3005	Batched meta transactions	Stagnant	Standards Track	ERC	2020-09-25		2943	60b31e9cb39e534d295376ee012bfdbfd41b5b793c47de4e097f9ae04eb00e3e	account-wallet,uri-web-content,read-proof-history,identity-principal,privacy,token-payment,security-supply-chain	erc-3005.md
ERC	3009	yes	https://eips.ethereum.org/EIPS/eip-3009	Transfer With Authorization	Draft	Standards Track	ERC	2020-09-28	20, 712	2673	a5b14cf2cda2ca3f3a79511ed67f74124cd662dea29634e6dcfb1d345964dbb5	account-wallet,uri-web-content,read-proof-history,app-package-runtime,identity-principal,privacy,cross-chain,token-payment,security-supply-chain	erc-3009.md
ERC	3135	yes	https://eips.ethereum.org/EIPS/eip-3135	Exclusive Claimable Token	Stagnant	Standards Track	ERC	2020-08-10	20	1406	eb8deb768c86294352a484ab5b907e46d459844020e3b9c5a2350ca4de72f275	account-wallet,uri-web-content,read-proof-history,app-package-runtime,privacy,token-payment,security-supply-chain,offline-storage	erc-3135.md
ERC	3156	yes	https://eips.ethereum.org/EIPS/eip-3156	Flash Loans	Final	Standards Track	ERC	2020-11-15		3137	5a6d84516fa65e7be9f0e235498fdcb6a81c9770b09b0ac6cb633d4a07769e22	account-wallet,uri-web-content,app-package-runtime,identity-principal,token-payment,security-supply-chain	erc-3156.md
ERC	3224	yes	https://eips.ethereum.org/EIPS/eip-3224	Described Data	Stagnant	Standards Track	ERC	2021-01-23	191	2002	b1b434dcd6b2924b3ba3d7e5fcb4ec326a373e79c9065c86fb67b769ee4bd927	account-wallet,uri-web-content,read-proof-history,app-package-runtime,privacy,cross-chain,token-payment,security-supply-chain,human-interface	erc-3224.md
ERC	3234	yes	https://eips.ethereum.org/EIPS/eip-3234	Batch Flash Loans	Stagnant	Standards Track	ERC	2021-01-31		1930	e50e52e6cd1d8bd440de50dbcb0f64d17d0daae723ac641f587d9eb298c24070	account-wallet,uri-web-content,identity-principal,token-payment,security-supply-chain	erc-3234.md
ERC	3386	yes	https://eips.ethereum.org/EIPS/eip-3386	ERC-721 and ERC-1155 to ERC-20 Wrapper	Stagnant	Standards Track	ERC	2021-03-12	165	2399	4cdc7edf6abdcd9c189e0687fe620c9b1f7531a0ad84ed64046cc5ecc7debdaf	account-wallet,uri-web-content,read-proof-history,token-payment,security-supply-chain	erc-3386.md
ERC	3440	yes	https://eips.ethereum.org/EIPS/eip-3440	ERC-721 Editions Standard	Stagnant	Standards Track	ERC	2021-04-20	712, 721	1896	d2da3b89fd6eedebd14bf93a572a7e50f1bdb09598855fc00426d910422d2f5a	account-wallet,uri-web-content,read-proof-history,privacy,cross-chain,token-payment,security-supply-chain,human-interface	erc-3440.md
ERC	3448	yes	https://eips.ethereum.org/EIPS/eip-3448	MetaProxy Standard	Final	Standards Track	ERC	2021-03-29		1131	f3f674f961468701d1704ddf914ebb7e745fa528fa6e94b9abbb40824c60e164	uri-web-content,app-package-runtime,token-payment,security-supply-chain,offline-storage	erc-3448.md
ERC	3450	yes	https://eips.ethereum.org/EIPS/eip-3450	Standardized Shamir Secret Sharing Scheme for BIP-39 Mnemonics	Stagnant	Standards Track	ERC	2021-03-29		1925	bbda34ec506a15fcd1d317c024e7fc7b3dffa16d8ed11d91157105969da2386d	uri-web-content,read-proof-history,security-supply-chain,offline-storage	erc-3450.md
ERC	3475	yes	https://eips.ethereum.org/EIPS/eip-3475	Abstract Storage Bonds	Final	Standards Track	ERC	2021-04-05	20, 721, 1155	3616	fec8bacdaae05037ea82cc5f517713fe282db6453cc5bebe0d147a97433763fa	account-wallet,uri-web-content,read-proof-history,app-package-runtime,identity-principal,token-payment,security-supply-chain,offline-storage,human-interface	erc-3475.md
ERC	3525	yes	https://eips.ethereum.org/EIPS/eip-3525	Semi-Fungible Token	Final	Standards Track	ERC	2020-12-01	20, 165, 721	4397	8c8fff18a53638a7c3e4696f35a0947f08cc562ce4bcd91d4b5d69a18d2213c5	account-wallet,uri-web-content,read-proof-history,app-package-runtime,identity-principal,token-payment,security-supply-chain,human-interface	erc-3525.md
ERC	3561	yes	https://eips.ethereum.org/EIPS/eip-3561	Trust Minimized Upgradeability Proxy	Stagnant	Standards Track	ERC	2021-05-09		1249	f67523e25ff9395b4e9d896466ca2c44708003383e9e819fb71a3d9228724725	uri-web-content,read-proof-history,app-package-runtime,security-supply-chain,offline-storage	erc-3561.md
ERC	3569	yes	https://eips.ethereum.org/EIPS/eip-3569	Sealed NFT Metadata Standard	Stagnant	Standards Track	ERC	2021-05-07		1293	2ef8cdeeb12d4f64e7d4c55aada4d8a6aa1b84eca9425b380c3bb36b5a3eb8a1	uri-web-content,read-proof-history,app-package-runtime,token-payment,security-supply-chain,offline-storage	erc-3569.md
ERC	3589	yes	https://eips.ethereum.org/EIPS/eip-3589	Assemble assets into NFTs	Stagnant	Standards Track	ERC	2021-05-24	721	1335	9dbf6078431a782c068e2cd80842d4574ccfd86f9cf2456652d63dbcd47d55e5	account-wallet,uri-web-content,read-proof-history,token-payment,security-supply-chain,human-interface	erc-3589.md
ERC	3643	yes	https://eips.ethereum.org/EIPS/eip-3643	T-REX - Token for Regulated EXchanges	Final	Standards Track	ERC	2021-07-09	20, 173	3842	f1b564f7fa0ab763bf0e386eeba2e44c31f84f51b5a9a87aaa7abfba91ddd999	account-wallet,uri-web-content,read-proof-history,app-package-runtime,identity-principal,privacy,agent-automation,token-payment,security-supply-chain,offline-storage,human-interface	erc-3643.md
ERC	3668	yes	https://eips.ethereum.org/EIPS/eip-3668	CCIP Read—Secure offchain data retrieval	Final	Standards Track	ERC	2020-07-19		4057	0608c08b8aff997311d27214596cd70afb74adfc19c3684343a94ed25d1e78d1	account-wallet,uri-web-content,read-proof-history,app-package-runtime,privacy,token-payment,security-supply-chain,offline-storage	erc-3668.md
ERC	3722	yes	https://eips.ethereum.org/EIPS/eip-3722	Poster	Stagnant	Standards Track	ERC	2021-07-31		783	dc854623785d4f321460cd63a6e516c363f99a3f81d67e0a8c993aec5f93b661	uri-web-content,read-proof-history,app-package-runtime,identity-principal,security-supply-chain,human-interface	erc-3722.md
ERC	3754	yes	https://eips.ethereum.org/EIPS/eip-3754	A Vanilla Non-Fungible Token Standard	Stagnant	Standards Track	ERC	2021-08-21		473	2f75d00c87dcfd66a03956472329b90e7db120ebf02dbe42487ed85554b815de	uri-web-content,read-proof-history,token-payment,security-supply-chain	erc-3754.md
ERC	3770	yes	https://eips.ethereum.org/EIPS/eip-3770	Chain-specific addresses	Draft	Standards Track	ERC	2021-08-26		357	02c77ab218fe03adb0dcbe826da50780e7e2e1c517bad744d649186c630aaf6e	account-wallet,uri-web-content,cross-chain,security-supply-chain,human-interface	erc-3770.md
ERC	3772	yes	https://eips.ethereum.org/EIPS/eip-3772	Compressed Integers	Stagnant	Standards Track	ERC	2021-08-27		2396	aebdfd19b8fba73bf124ae6b5d568cefb78fedb68432febca9a3a85cdd30eb58	uri-web-content,read-proof-history,token-payment,security-supply-chain,offline-storage	erc-3772.md
ERC	4337	yes	https://eips.ethereum.org/EIPS/eip-4337	Account Abstraction Using Alt Mempool	Final	Standards Track	ERC	2021-09-29	712, 7702	6834	baaa07330dcb67838234774ee8cf8022b5e16e68ddbfa4958913505dc7d44562	account-wallet,uri-web-content,read-proof-history,app-package-runtime,privacy,cross-chain,token-payment,security-supply-chain,offline-storage	erc-4337.md
ERC	4341	yes	https://eips.ethereum.org/EIPS/eip-4341	Ordered NFT Batch Standard	Stagnant	Standards Track	ERC	2021-10-01		825	8d8326971a5aa827974e8ded7550bd3f7191635e8086768ede7bbd8da96a74cd	uri-web-content,read-proof-history,token-payment,offline-storage,human-interface	erc-4341.md
ERC	4353	yes	https://eips.ethereum.org/EIPS/eip-4353	Interface for Staked Tokens in NFTs	Stagnant	Standards Track	ERC	2021-10-08	165	1167	72c8faf0f271166206bcac86f92a6e963bcc5d3bac89e391a422bf1e0f3ca166	account-wallet,uri-web-content,app-package-runtime,privacy,token-payment,security-supply-chain,human-interface	erc-4353.md
ERC	4361	yes	https://eips.ethereum.org/EIPS/eip-4361	Sign-In with Ethereum	Final	Standards Track	ERC	2021-10-11	55, 137, 155, 191, 1271, 1328	3847	bf30a6e2cf0580d2cb0ded54b4436fb5a3d3ff6ae01b3e404c946780e6a4eb4c	account-wallet,uri-web-content,app-package-runtime,identity-principal,privacy,cross-chain,token-payment,security-supply-chain,offline-storage,human-interface	erc-4361.md
ERC	4393	yes	https://eips.ethereum.org/EIPS/eip-4393	Micropayments for NFTs and Multi Tokens	Stagnant	Standards Track	ERC	2021-10-24	165, 721, 1155	3652	d6c38017cb980f760662bbf897519bc68d88d37c9059f074659234d2cab5041f	account-wallet,uri-web-content,read-proof-history,identity-principal,privacy,token-payment,security-supply-chain,offline-storage	erc-4393.md
ERC	4400	yes	https://eips.ethereum.org/EIPS/eip-4400	EIP-721 Consumable Extension	Final	Standards Track	ERC	2021-10-30	165, 721	938	5c619517a1a8c3d446e3c26ded30438f01c60ed3deb18e89f07a85ea07030306	uri-web-content,read-proof-history,token-payment,security-supply-chain	erc-4400.md
ERC	4430	yes	https://eips.ethereum.org/EIPS/eip-4430	Described Transactions	Stagnant	Standards Track	ERC	2021-11-07		1024	18499a711f984b57909e0ab45b15ba3887970e15258524c8556445f1cac5eacb	account-wallet,uri-web-content,read-proof-history,app-package-runtime,privacy,cross-chain,security-supply-chain,human-interface	erc-4430.md
ERC	4494	yes	https://eips.ethereum.org/EIPS/eip-4494	Permit for ERC-721 NFTs	Stagnant	Standards Track	ERC	2021-11-25	165, 712, 721	1534	45f91fc50b1ff3b9bfd8d846fe587697721e68bad373d1a35ed89f803250f63b	account-wallet,uri-web-content,read-proof-history,cross-chain,token-payment,security-supply-chain	erc-4494.md
ERC	4519	yes	https://eips.ethereum.org/EIPS/eip-4519	Non-Fungible Tokens Tied to Physical Assets	Final	Standards Track	ERC	2021-12-03	165, 721	2927	afa2a24e2e8459f73e90af90079b8f5c59723ecc7d6e35c17f943854df49fa65	account-wallet,uri-web-content,read-proof-history,identity-principal,privacy,token-payment,security-supply-chain	erc-4519.md
ERC	4521	yes	https://eips.ethereum.org/EIPS/eip-4521	721/20-compatible transfer	Stagnant	Standards Track	ERC	2021-12-13	721	358	b4c9119a7e86bc7fe2a93955bcc8fe4d105f77919939c0b5021847b3b27ff883	uri-web-content,read-proof-history,token-payment,security-supply-chain	erc-4521.md
ERC	4524	yes	https://eips.ethereum.org/EIPS/eip-4524	Safer ERC-20	Stagnant	Standards Track	ERC	2021-12-05	20, 165	764	fba52c20ca40b4f40408ee7de08eca52c49c296cc88b6a5b37b8ee045850f661	uri-web-content,read-proof-history,identity-principal,token-payment,security-supply-chain	erc-4524.md
ERC	4527	yes	https://eips.ethereum.org/EIPS/eip-4527	QR Code transmission protocol for wallets	Stagnant	Standards Track	ERC	2021-12-07		1906	d03583959c2520fa8f2567fabfa054a60ed8623765898ebd586d17b624789b5d	account-wallet,uri-web-content,read-proof-history,app-package-runtime,privacy,cross-chain,token-payment,security-supply-chain,offline-storage	erc-4527.md
ERC	4546	yes	https://eips.ethereum.org/EIPS/eip-4546	Wrapped Deposits	Stagnant	Standards Track	ERC	2021-12-11		1011	bbee5be4e88cf6575a234f0aa988b49354f725603f08853cc370d41ba732ddb2	uri-web-content,identity-principal,privacy,token-payment,security-supply-chain	erc-4546.md
ERC	4626	yes	https://eips.ethereum.org/EIPS/eip-4626	Tokenized Vaults	Final	Standards Track	ERC	2021-12-22	20, 2612	3591	698c05bff73bfb796f59cd7c4732edccdf7e40176f9bb027c19a0bbe7251e10a	uri-web-content,read-proof-history,app-package-runtime,token-payment,security-supply-chain,human-interface	erc-4626.md
ERC	4671	yes	https://eips.ethereum.org/EIPS/eip-4671	Non-Tradable Tokens Standard	Stagnant	Standards Track	ERC	2022-01-13	165	1708	4f26023a751bd012bf480e2e133b73961e6c80d7423ec1ba76a98b73c14f095b	account-wallet,uri-web-content,read-proof-history,identity-principal,privacy,token-payment,security-supply-chain	erc-4671.md
ERC	4675	yes	https://eips.ethereum.org/EIPS/eip-4675	Multi-Fractional Non-Fungible Tokens	Stagnant	Standards Track	ERC	2022-01-13	165, 721	1592	add26eb139374bc52dddd1ebbee51e987f52a7b2379be49b4f4ff52e1546bdc0	uri-web-content,read-proof-history,app-package-runtime,identity-principal,token-payment,security-supply-chain	erc-4675.md
ERC	4799	yes	https://eips.ethereum.org/EIPS/eip-4799	Non-Fungible Token Ownership Designation Standard	Stagnant	Standards Track	ERC	2022-02-13	165	1228	31f92113b9460566a9ba172f5550ed705ced4f97f7931b2f531062cf9f0ce99a	account-wallet,uri-web-content,read-proof-history,app-package-runtime,privacy,token-payment,security-supply-chain	erc-4799.md
ERC	4804	yes	https://eips.ethereum.org/EIPS/eip-4804	Web3 URL to EVM Call Message Translation	Final	Standards Track	ERC	2022-02-14	137	1337	37d30053e089dd8e01614ab9bebbb55052dfea3b969773c481baff55df3f5665	account-wallet,uri-web-content,read-proof-history,app-package-runtime,cross-chain,security-supply-chain	erc-4804.md
ERC	4824	yes	https://eips.ethereum.org/EIPS/eip-4824	Common Interfaces for DAOs	Review	Standards Track	ERC	2022-02-17		3454	b8af903ab0a2de49a8a1e61899118e95551fe7bff77eac1c062521857b251b77	uri-web-content,read-proof-history,identity-principal,cross-chain,token-payment,security-supply-chain	erc-4824.md
ERC	4834	yes	https://eips.ethereum.org/EIPS/eip-4834	Hierarchical Domains	Final	Standards Track	ERC	2022-02-22		1790	cb4a25a5b5557ad456fc7b65597ff9b1db110a1dc2de7550f02421215dc14881	uri-web-content,read-proof-history,token-payment,security-supply-chain	erc-4834.md
ERC	4883	yes	https://eips.ethereum.org/EIPS/eip-4883	Composable SVG NFT	Draft	Standards Track	ERC	2022-03-08	721	502	1e3390ccc75eaf2e777dd60ea3267f999463390c896c86fd0ed834b76bf6545d	uri-web-content,read-proof-history,token-payment,security-supply-chain	erc-4883.md
ERC	4885	yes	https://eips.ethereum.org/EIPS/eip-4885	Subscription NFTs and Multi Tokens	Stagnant	Standards Track	ERC	2022-03-08	165, 721, 1155	2064	687007c9641c2d49fe73fdddd18f743b3690755549b3228a684eb2dd5f5982a9	account-wallet,uri-web-content,read-proof-history,token-payment,security-supply-chain,offline-storage	erc-4885.md
ERC	4886	yes	https://eips.ethereum.org/EIPS/eip-4886	Proxy Ownership Register	Stagnant	Standards Track	ERC	2022-09-03		2601	c28442906fb950f3c35a659373da7f176a53070ecc6a171ec42e4f33714e55e8	account-wallet,uri-web-content,read-proof-history,app-package-runtime,token-payment,security-supply-chain,offline-storage	erc-4886.md
ERC	4906	yes	https://eips.ethereum.org/EIPS/eip-4906	EIP-721 Metadata Update Extension	Final	Standards Track	ERC	2022-03-13	165, 721	519	637929b8a0d78059d5295108290e5acfe9925c53c8d68b3984559071acc3646b	account-wallet,uri-web-content,read-proof-history,token-payment,security-supply-chain	erc-4906.md
ERC	4907	yes	https://eips.ethereum.org/EIPS/eip-4907	Rental NFT, an Extension of EIP-721	Final	Standards Track	ERC	2022-03-11	165, 721	1485	f356d0ff86966966c26999df1fa0ae54ab5322ba9753daad26eff0b99e90cb65	account-wallet,uri-web-content,read-proof-history,app-package-runtime,identity-principal,cross-chain,token-payment,security-supply-chain,offline-storage	erc-4907.md
ERC	4910	yes	https://eips.ethereum.org/EIPS/eip-4910	Royalty Bearing NFTs	Final	Standards Track	ERC	2022-03-14	165, 721	8109	095a0ea04d5c431dd13310034bb31d2a699488bc69bffad8e3fa6dd97026ee44	account-wallet,uri-web-content,read-proof-history,app-package-runtime,identity-principal,privacy,cross-chain,token-payment,security-supply-chain	erc-4910.md
ERC	4931	yes	https://eips.ethereum.org/EIPS/eip-4931	Generic Token Upgrade Standard	Stagnant	Standards Track	ERC	2021-11-02	20	3052	6c9f26855caa2dc7e9a9a9b3bc9ada1015428b82f2d2d39bb673a27cc6e23962	uri-web-content,read-proof-history,app-package-runtime,privacy,token-payment,security-supply-chain	erc-4931.md
ERC	4944	yes	https://eips.ethereum.org/EIPS/eip-4944	Contract with Exactly One Non-fungible Token	Stagnant	Standards Track	ERC	2022-03-25	721	460	21829fd77b8f0af5ec008bfcd7d67d5953d633eebe2e7a34a627d4251ec14a56	account-wallet,uri-web-content,identity-principal,privacy,agent-automation,token-payment,security-supply-chain	erc-4944.md
ERC	4950	yes	https://eips.ethereum.org/EIPS/eip-4950	Entangled Tokens	Stagnant	Standards Track	ERC	2022-03-28	20, 721, 1155	695	feef867ad3deb8a95b182cca21e7bd850a332cb70be03c26d803d3a701d020fc	account-wallet,uri-web-content,read-proof-history,identity-principal,privacy,token-payment,security-supply-chain	erc-4950.md
ERC	4955	yes	https://eips.ethereum.org/EIPS/eip-4955	Vendor Metadata Extension for NFTs	Final	Standards Track	ERC	2022-03-29	721, 1155	958	25569bccd550aea0bba058519565657c2700ecd3c5e3222d58a7e3769720bcb2	uri-web-content,read-proof-history,app-package-runtime,identity-principal,token-payment,security-supply-chain,human-interface	erc-4955.md
ERC	4972	yes	https://eips.ethereum.org/EIPS/eip-4972	Name-Owned Account	Draft	Standards Track	ERC	2022-04-04	137	597	91acff1e10ffb9d5dcf85eeaf682cfb5af41750b6e31243796da939c9028ea4d	uri-web-content,app-package-runtime,identity-principal,security-supply-chain,human-interface	erc-4972.md
ERC	4973	yes	https://eips.ethereum.org/EIPS/eip-4973	Account-bound Tokens	Review	Standards Track	ERC	2022-04-01	165, 712, 721, 1271	1709	a498036f4417ac8a702402d0640bdb3bcf9dbd8b4fa085b73d68304f7ace899b	account-wallet,uri-web-content,read-proof-history,app-package-runtime,cross-chain,token-payment,security-supply-chain,human-interface	erc-4973.md
ERC	4974	yes	https://eips.ethereum.org/EIPS/eip-4974	Ratings	Stagnant	Standards Track	ERC	2022-04-02	165	1517	6409c111ba0da71a14d9581737ec06805a6d30e273c745cf91bda30becb0adfb	account-wallet,uri-web-content,read-proof-history,app-package-runtime,identity-principal,token-payment,security-supply-chain	erc-4974.md
ERC	4987	yes	https://eips.ethereum.org/EIPS/eip-4987	Held token interface	Stagnant	Standards Track	ERC	2021-09-21	20, 165, 721, 1155	1340	b458c5672146f880a72d5bf0903114a5235e7a6c9f1d804eec008391a938fd75	uri-web-content,read-proof-history,cross-chain,token-payment,security-supply-chain	erc-4987.md
ERC	5005	yes	https://eips.ethereum.org/EIPS/eip-5005	Zodiac Modular Accounts	Stagnant	Standards Track	ERC	2022-04-14	165	1296	9a4b24903000e6fe3cbb75f23a5609117565ce5e9e63079d29f6e3a452d0cd0a	account-wallet,uri-web-content,read-proof-history,app-package-runtime,cross-chain,security-supply-chain	erc-5005.md
ERC	5006	yes	https://eips.ethereum.org/EIPS/eip-5006	Rental NFT, NFT User Extension	Final	Standards Track	ERC	2022-04-12	165, 1155	818	fc38c2c665eba202e0a9dc5bc9cbce33f7c2c3737d04246a2131f3ac8db2d219	account-wallet,uri-web-content,read-proof-history,app-package-runtime,cross-chain,token-payment,security-supply-chain	erc-5006.md
ERC	5007	yes	https://eips.ethereum.org/EIPS/eip-5007	Time NFT, ERC-721 Time Extension	Final	Standards Track	ERC	2022-04-13	165, 721	610	93686c8b9d255c89ddb0481eb1bbfb529cb1a966bf7443c1a1943c6b759ba7d2	uri-web-content,token-payment,security-supply-chain	erc-5007.md
ERC	5008	yes	https://eips.ethereum.org/EIPS/eip-5008	ERC-721 Nonce Extension	Last Call	Standards Track	ERC	2022-04-10	165, 721	360	c620c5a972088d0a0a448f9358076c7e5d0c28fa19716b1f3b47101285e5f8b7	account-wallet,uri-web-content,read-proof-history,token-payment,security-supply-chain	erc-5008.md
ERC	5018	yes	https://eips.ethereum.org/EIPS/eip-5018	Filesystem-like Interface for Contracts	Stagnant	Standards Track	ERC	2022-04-18		868	308b1f7cf52066d0ec90d40b2933702cd362cb52f9084670d3886e49f7af93b2	account-wallet,uri-web-content,app-package-runtime,security-supply-chain	erc-5018.md
ERC	5023	yes	https://eips.ethereum.org/EIPS/eip-5023	Shareable Non-Fungible Token	Final	Standards Track	ERC	2022-01-28	165	1424	37fce8f47b5603d6a2ad98857116b5b8281bc3c685beaee3df575af5d6b332f9	account-wallet,uri-web-content,read-proof-history,identity-principal,token-payment,security-supply-chain	erc-5023.md
ERC	5050	yes	https://eips.ethereum.org/EIPS/eip-5050	Interactive NFTs with Modular Environments	Stagnant	Standards Track	ERC	2021-04-18	165, 173, 721, 1155, 1820, 4906	2790	d7503733a0b3ed95cb64845f0c2932377c92715a83c09ca1c5d55acaf6e68ffc	account-wallet,uri-web-content,read-proof-history,app-package-runtime,identity-principal,cross-chain,token-payment,security-supply-chain,offline-storage	erc-5050.md
ERC	5058	yes	https://eips.ethereum.org/EIPS/eip-5058	Lockable Non-Fungible Tokens	Stagnant	Standards Track	ERC	2022-04-30	20, 165, 721	1516	ba9ac69b466c436676216030786cf7d70633e2804a42d4a400e1493279bf4465	account-wallet,uri-web-content,read-proof-history,identity-principal,token-payment,security-supply-chain	erc-5058.md
ERC	5094	yes	https://eips.ethereum.org/EIPS/eip-5094	URL Format for Ethereum Network Switching	Stagnant	Standards Track	ERC	2022-05-13	681, 831	728	fdc506c3eb696ddd831d02bfb2d32dfb0c7abb0ecbf4f9b363f31383ddcf78ae	account-wallet,uri-web-content,cross-chain,token-payment,security-supply-chain,human-interface	erc-5094.md
ERC	5095	yes	https://eips.ethereum.org/EIPS/eip-5095	Principal Token	Stagnant	Standards Track	ERC	2022-05-01	20, 2612	3059	521e4a040c4cfb6c83b62cd4703d523176483af5c8b686d5db0e115dfeafb484	account-wallet,uri-web-content,read-proof-history,app-package-runtime,identity-principal,token-payment,security-supply-chain,human-interface	erc-5095.md
ERC	5114	yes	https://eips.ethereum.org/EIPS/eip-5114	Soulbound Badge	Last Call	Standards Track	ERC	2022-05-30		821	bdf42648097d05a994a2f10477af6c889f78625a809471583375d5af48740dc7	uri-web-content,read-proof-history,app-package-runtime,token-payment,security-supply-chain,offline-storage	erc-5114.md
ERC	5115	yes	https://eips.ethereum.org/EIPS/eip-5115	SY Token	Draft	Standards Track	ERC	2022-05-30	20	2932	94d8064e543af5e9fb411207a8dcbf8678c3e76cc345dcb914c8d4a8f0b1a74e	uri-web-content,read-proof-history,token-payment,security-supply-chain	erc-5115.md
ERC	5131	yes	https://eips.ethereum.org/EIPS/eip-5131	SAFE Authentication For ENS	Stagnant	Standards Track	ERC	2022-06-03	137, 181, 634	2429	315a9adb3d0b441b54ef16af31cd48aa1e35ce4824d5d187dc84df2dabd704db	account-wallet,uri-web-content,read-proof-history,app-package-runtime,privacy,token-payment,security-supply-chain,offline-storage,human-interface	erc-5131.md
ERC	5139	yes	https://eips.ethereum.org/EIPS/eip-5139	Remote Procedure Call Provider Lists	Stagnant	Standards Track	ERC	2022-06-06	155, 1577	2110	3bb25429c666dabb53782e6d11e8680ea9042ebd3819f15ea5241e2a72c7c270	account-wallet,uri-web-content,read-proof-history,privacy,cross-chain,security-supply-chain,human-interface	erc-5139.md
ERC	5143	yes	https://eips.ethereum.org/EIPS/eip-5143	Slippage Protection for Tokenized Vault	Stagnant	Standards Track	ERC	2022-06-09	20, 4626	1245	16464591a0fc0ea99070cad8322bceed1f7c4dfa94ae476ab126c29161a4776a	account-wallet,uri-web-content,read-proof-history,identity-principal,token-payment,security-supply-chain	erc-5143.md
ERC	5164	yes	https://eips.ethereum.org/EIPS/eip-5164	Cross-Chain Execution	Last Call	Standards Track	ERC	2022-06-14		974	61dd8a198c6ebf0796c174b3759ed5946cbc37ae61346a1906e2125ea5be9b68	uri-web-content,read-proof-history,app-package-runtime,cross-chain,token-payment,security-supply-chain	erc-5164.md
ERC	5169	yes	https://eips.ethereum.org/EIPS/eip-5169	Client Script URI for Token Contracts	Final	Standards Track	ERC	2022-05-03	20, 165, 721, 777, 1155	1481	630b045b452382bc56ad96c5395d226888675121b738d650bc61f083a4ce72aa	account-wallet,uri-web-content,read-proof-history,app-package-runtime,privacy,token-payment,security-supply-chain,offline-storage,human-interface	erc-5169.md
ERC	5173	yes	https://eips.ethereum.org/EIPS/eip-5173	NFT Future Rewards (nFR)	Draft	Standards Track	ERC	2022-05-08	165, 721	3947	a9b085ecf89007654eed253d8050950fa196c4d11641b132c131a70e74062e7f	account-wallet,uri-web-content,read-proof-history,app-package-runtime,identity-principal,privacy,token-payment,security-supply-chain	erc-5173.md
ERC	5185	yes	https://eips.ethereum.org/EIPS/eip-5185	NFT Updatable Metadata Extension	Stagnant	Standards Track	ERC	2022-06-27	721, 1155	1637	564ed496a8f0aa81728a4d3d95fce8e04f50e7b4f44b2a64419f308cc1c90292	uri-web-content,read-proof-history,token-payment,security-supply-chain,offline-storage	erc-5185.md
ERC	5187	yes	https://eips.ethereum.org/EIPS/eip-5187	Extend EIP-1155 with rentable usage rights	Stagnant	Standards Track	ERC	2022-04-17	165, 1155	1363	9ea9897e83a7fddd20aaef99ea25e844162003d07670665865715e951dcb4153	account-wallet,uri-web-content,read-proof-history,privacy,token-payment,security-supply-chain	erc-5187.md
ERC	5189	yes	https://eips.ethereum.org/EIPS/eip-5189	Account Abstraction via Endorsed Operations	Draft	Standards Track	ERC	2022-06-29		4613	3448910be620b6b38ea2babb3d289aea1d2e010bd0a64ff55ef2be8ae9f2f83f	account-wallet,uri-web-content,read-proof-history,app-package-runtime,privacy,agent-automation,cross-chain,token-payment,security-supply-chain,offline-storage	erc-5189.md
ERC	5192	yes	https://eips.ethereum.org/EIPS/eip-5192	Minimal Soulbound NFTs	Final	Standards Track	ERC	2022-07-01	165, 721	452	c746922587ede699bd1560be0c0db5599104a25c976077d20706ec05340b3b7a	account-wallet,uri-web-content,read-proof-history,token-payment,security-supply-chain	erc-5192.md
ERC	5202	yes	https://eips.ethereum.org/EIPS/eip-5202	Blueprint contract format	Final	Standards Track	ERC	2022-06-23	170	1299	945febbde0bd24f13673a05a14b39ee5fc348c005fa1a5572c6d94f9d5bf20ad	uri-web-content,app-package-runtime,security-supply-chain,offline-storage	erc-5202.md
ERC	5216	yes	https://eips.ethereum.org/EIPS/eip-5216	ERC-1155 Allowance Extension	Last Call	Standards Track	ERC	2022-07-11	20, 165, 1155	661	4f12dd3d9f24f54d3c01754b89400ab7be531f2c26a9be207f1eb944fee0b904	account-wallet,uri-web-content,read-proof-history,token-payment,security-supply-chain	erc-5216.md
ERC	5218	yes	https://eips.ethereum.org/EIPS/eip-5218	NFT Rights Management	Stagnant	Standards Track	ERC	2022-07-11	721	2367	5ee69a59573ebc56932fb54d20ac497d5c32e8c99ed89cbafb4e492119f07074	account-wallet,uri-web-content,read-proof-history,identity-principal,privacy,token-payment,security-supply-chain,offline-storage,human-interface	erc-5218.md
ERC	5219	yes	https://eips.ethereum.org/EIPS/eip-5219	Contract Resource Requests	Final	Standards Track	ERC	2022-07-10		568	2f735b1c9df75a3c0babf808f7a18d5924c8cd7ba1ec3e68118b913618f1ff30	uri-web-content,read-proof-history,app-package-runtime,privacy,cross-chain,security-supply-chain	erc-5219.md
ERC	5247	yes	https://eips.ethereum.org/EIPS/eip-5247	Smart Contract Executable Proposal Interface	Review	Standards Track	ERC	2022-07-13		673	40b84b4662d93b4a544595705f544c52cbb85b0af26a5c86a0ed06ef0fb8ac22	uri-web-content,read-proof-history,security-supply-chain,offline-storage	erc-5247.md
ERC	5252	yes	https://eips.ethereum.org/EIPS/eip-5252	Account-bound Finance	Stagnant	Standards Track	ERC	2022-06-29	20, 721, 1155, 5114	2124	18672605c3450dc6e63c77dc87cb0a65018d14737a0d4a8b4531bd6dd5711333	account-wallet,uri-web-content,read-proof-history,app-package-runtime,identity-principal,privacy,token-payment,security-supply-chain,offline-storage	erc-5252.md
ERC	5267	yes	https://eips.ethereum.org/EIPS/eip-5267	Retrieval of EIP-712 domain	Final	Standards Track	ERC	2022-07-14	155, 712, 2612	1309	39a53be4ce9669ad2dafa1607e74a9821111e50eadae0b9394978d4bb1baf2aa	account-wallet,uri-web-content,read-proof-history,app-package-runtime,cross-chain,token-payment,security-supply-chain	erc-5267.md
ERC	5269	yes	https://eips.ethereum.org/EIPS/eip-5269	ERC Detection and Discovery	Review	Standards Track	ERC	2022-07-15	5750	1829	5b1eae32bb2bf7cada10894ac63f6cddf2c055250155a54d039cf20ba8b81331	account-wallet,uri-web-content,read-proof-history,app-package-runtime,token-payment,security-supply-chain	erc-5269.md
ERC	5289	yes	https://eips.ethereum.org/EIPS/eip-5289	Ethereum Notary Interface	Review	Standards Track	ERC	2022-07-16	165, 5568	619	c5eec21fa29aad8b129a8955798c9006ab89b5cae7acf14b326a94a8db6f788d	account-wallet,uri-web-content,read-proof-history,privacy,security-supply-chain,human-interface	erc-5289.md
ERC	5298	yes	https://eips.ethereum.org/EIPS/eip-5298	ENS Trust to hold NFTs under ENS name	Stagnant	Standards Track	ERC	2022-07-12	137, 721, 1155	623	1b993cb17b6c09ec951f9df6e69eceeb782ef6b4e1a83d8d5a08acfe8473ce3d	account-wallet,uri-web-content,token-payment,security-supply-chain	erc-5298.md
ERC	5313	yes	https://eips.ethereum.org/EIPS/eip-5313	Light Contract Ownership	Final	Standards Track	ERC	2022-07-22	165, 173	345	bd562db687d7d1d9fac11fee28b31b69583dcd399b45d2995604339e1ce1b6b3	account-wallet,uri-web-content,security-supply-chain	erc-5313.md
ERC	5334	yes	https://eips.ethereum.org/EIPS/eip-5334	EIP-721 User And Expires And Level Extension	Stagnant	Standards Track	ERC	2022-07-25	165, 721	1112	a1f5d9f2c8f01d11f629f79bfc5fbffa67004a68acecd3bdf42df85470110bd8	account-wallet,uri-web-content,read-proof-history,app-package-runtime,identity-principal,cross-chain,token-payment,security-supply-chain	erc-5334.md
ERC	5375	yes	https://eips.ethereum.org/EIPS/eip-5375	NFT Author Information and Consent	Final	Standards Track	ERC	2022-07-30	55, 155, 712, 721, 1155	2000	3fbf5420555beb80badc7fcfabc611aced17067f480a82e5d499a8bf40bdfc46	account-wallet,uri-web-content,read-proof-history,app-package-runtime,identity-principal,cross-chain,token-payment,security-supply-chain,offline-storage	erc-5375.md
ERC	5380	yes	https://eips.ethereum.org/EIPS/eip-5380	ERC-721 Entitlement Extension	Final	Standards Track	ERC	2022-03-11	165, 721, 1046	947	e45634ec1cbdbfeb0c5af04bcd879aa7e1debfef416ac9a9b2f1ef6497670ada	uri-web-content,read-proof-history,cross-chain,token-payment,security-supply-chain	erc-5380.md
ERC	5409	yes	https://eips.ethereum.org/EIPS/eip-5409	EIP-1155 Non-Fungible Token extension	Stagnant	Standards Track	ERC	2022-07-23	165, 721, 1155	408	6980a1b4e81805368dca5ec5fc145de14b18fd426c34afee8468030b1ac695d5	uri-web-content,token-payment,security-supply-chain	erc-5409.md
ERC	5437	yes	https://eips.ethereum.org/EIPS/eip-5437	Security Contact Interface	Stagnant	Standards Track	ERC	2022-08-09	165	747	cc1a7ca418feaabe77d12d63349862bbbd55fe8ffb6f6564bd6a11f5e12c995b	uri-web-content,read-proof-history,app-package-runtime,privacy,security-supply-chain	erc-5437.md
ERC	5453	yes	https://eips.ethereum.org/EIPS/eip-5453	Endorsement - Permit for Any Functions	Last Call	Standards Track	ERC	2022-08-12	165, 712, 1271, 5750	1422	5b834b70d17cd2e71e386ccdc2731729054a25b86d0339f5b7ab946cb55b7f06	account-wallet,uri-web-content,app-package-runtime,privacy,cross-chain,token-payment,security-supply-chain	erc-5453.md
ERC	5484	yes	https://eips.ethereum.org/EIPS/eip-5484	Consensual Soulbound Tokens	Final	Standards Track	ERC	2022-08-17	165, 721	767	b8e47e80eed32cbe0ff97b91cedf1e4cdc84f3d06e2a423dcf619a0d498414ec	account-wallet,uri-web-content,read-proof-history,app-package-runtime,token-payment,security-supply-chain	erc-5484.md
ERC	5485	yes	https://eips.ethereum.org/EIPS/eip-5485	Jurisdiction, Accreditation, and Enforcement	Review	Standards Track	ERC	2022-08-17	5247	1560	e26fba2cb50d7e3017bd25b268d6d6b735d093254ee38bf243c231c346ff2afb	uri-web-content,app-package-runtime,privacy,cross-chain,token-payment,security-supply-chain	erc-5485.md
ERC	5489	yes	https://eips.ethereum.org/EIPS/eip-5489	NFT Hyperlink Extension	Final	Standards Track	ERC	2022-08-16	165, 721	948	61d315cb63f7ee3146e34f04a0a6278f38b60efd1f0d9b2488129c5dddf52efb	account-wallet,uri-web-content,read-proof-history,token-payment,security-supply-chain,human-interface	erc-5489.md
ERC	5496	yes	https://eips.ethereum.org/EIPS/eip-5496	Multi-privilege Management NFT Extension	Last Call	Standards Track	ERC	2022-07-30	721	1522	3919cc3b60679cd3f25527042b756c2256d915a3ef9adbca14a3c97bd2d5fe85	account-wallet,uri-web-content,read-proof-history,privacy,token-payment,security-supply-chain	erc-5496.md
ERC	5501	yes	https://eips.ethereum.org/EIPS/eip-5501	Rental & Delegation NFT - EIP-721 Extension	Stagnant	Standards Track	ERC	2022-08-18	165, 721, 4400, 4907	2261	625ca00a82ef0a9d6becc17229a35f562b2062dcc1e85d527b2c0a1b79e5fa7d	account-wallet,uri-web-content,read-proof-history,privacy,token-payment,security-supply-chain	erc-5501.md
ERC	5505	yes	https://eips.ethereum.org/EIPS/eip-5505	EIP-1155 asset backed NFT extension	Stagnant	Standards Track	ERC	2022-08-18	1155	494	093b922213d88728286853e01d3d32b5780c73d7ecc6b71f4469482dabbba794	uri-web-content,read-proof-history,token-payment,security-supply-chain	erc-5505.md
ERC	5507	yes	https://eips.ethereum.org/EIPS/eip-5507	Refundable Tokens	Final	Standards Track	ERC	2022-08-19	20, 165, 721, 1155	2120	f6343baa0ffa3694618c7cf82847c86d2848ebb8bfad206e01957e95758b0ae0	account-wallet,uri-web-content,read-proof-history,cross-chain,token-payment,security-supply-chain,human-interface	erc-5507.md
ERC	5516	yes	https://eips.ethereum.org/EIPS/eip-5516	Soulbound Multi-owner Tokens	Last Call	Standards Track	ERC	2022-08-19	165	3070	7e6974f56697d20229ea744a0f579725a8fa5687e0247baecda23a213f4ef37b	account-wallet,uri-web-content,read-proof-history,app-package-runtime,identity-principal,token-payment,security-supply-chain,offline-storage	erc-5516.md
ERC	5521	yes	https://eips.ethereum.org/EIPS/eip-5521	Referable NFT	Final	Standards Track	ERC	2022-08-10	165, 721	2987	f82a45ae0f0318bf5a9b06c3e4b463a6464912f39423a4d769d9c228c2628248	uri-web-content,read-proof-history,identity-principal,privacy,cross-chain,token-payment,security-supply-chain,offline-storage	erc-5521.md
ERC	5528	yes	https://eips.ethereum.org/EIPS/eip-5528	Refundable Fungible Token	Final	Standards Track	ERC	2022-08-16	20	1177	8d0c7115ccb8bba9e7ce7b465cce265b873cb9bee4e9cb700e57c9fff86dc4b9	account-wallet,uri-web-content,token-payment,security-supply-chain	erc-5528.md
ERC	5539	yes	https://eips.ethereum.org/EIPS/eip-5539	Revocation List Registry	Stagnant	Standards Track	ERC	2022-08-26	712	1810	604f9f05515cd4de178ed79297ed1968a4b0ffcdeff34d9b39e815e00a1c92d1	account-wallet,uri-web-content,read-proof-history,app-package-runtime,identity-principal,token-payment,security-supply-chain,offline-storage	erc-5539.md
ERC	5553	yes	https://eips.ethereum.org/EIPS/eip-5553	Representing IP and its Royalty Structure	Stagnant	Standards Track	ERC	2022-08-17	20, 721	1644	8f663cc9ed8906459ad88d2bbd24eef515c32b27729f66e4e91b28f7f9a4dfb0	uri-web-content,read-proof-history,app-package-runtime,privacy,token-payment,security-supply-chain	erc-5553.md
ERC	5554	yes	https://eips.ethereum.org/EIPS/eip-5554	NFT Legal Use, Repurposing, and Remixing	Stagnant	Standards Track	ERC	2022-07-07	5218	2289	5f1eaf938a6a4caed054d14155810b44019044eb44f64494d1703e8db4fdb25b	uri-web-content,read-proof-history,app-package-runtime,identity-principal,token-payment,security-supply-chain,human-interface	erc-5554.md
ERC	5559	yes	https://eips.ethereum.org/EIPS/eip-5559	Cross Chain Write Deferral Protocol	Stagnant	Standards Track	ERC	2022-06-23	712	3216	4ea4bc9f5119be172d2b8cb46d313625d8c2d0d10760e147090b17202ce4739d	account-wallet,uri-web-content,read-proof-history,app-package-runtime,identity-principal,cross-chain,security-supply-chain,offline-storage	erc-5559.md
ERC	5560	yes	https://eips.ethereum.org/EIPS/eip-5560	Redeemable NFTs	Stagnant	Standards Track	ERC	2022-08-30	165, 721	568	f6a675108405be70f81c151bbc5f47a151063df4d35cde3b536b7154d7b62d4c	uri-web-content,read-proof-history,privacy,token-payment,security-supply-chain	erc-5560.md
ERC	5564	yes	https://eips.ethereum.org/EIPS/eip-5564	Stealth Addresses	Final	Standards Track	ERC	2022-08-13		2807	8201d5ea60e98d1d5e68c37fd5a481092604ed274fa50197080c191701145f8e	account-wallet,uri-web-content,read-proof-history,app-package-runtime,identity-principal,privacy,token-payment,security-supply-chain	erc-5564.md
ERC	5568	yes	https://eips.ethereum.org/EIPS/eip-5568	Well-Known Format for Required Actions	Review	Standards Track	ERC	2022-08-31	140	707	9ac41f830f2981cc4574ff44cf332b166a3db2af2f94db5545110879fdb7e136	account-wallet,uri-web-content,token-payment,security-supply-chain,human-interface	erc-5568.md
ERC	5570	yes	https://eips.ethereum.org/EIPS/eip-5570	Digital Receipt Non-Fungible Tokens	Final	Standards Track	ERC	2022-09-01	721	1469	0e24e8ff1ec05248b05f4d0be577f3d514d87f9271b13108425d8ba016434551	account-wallet,uri-web-content,read-proof-history,identity-principal,privacy,token-payment,security-supply-chain	erc-5570.md
ERC	5573	yes	https://eips.ethereum.org/EIPS/eip-5573	Sign-In with Ethereum Capabilities, ReCaps	Draft	Standards Track	ERC	2021-07-20	4361	2301	dfafa147caf583b46e4d502fa819dce41f32f278bd76ff83457b76a035b1b892	account-wallet,uri-web-content,app-package-runtime,identity-principal,cross-chain,security-supply-chain,offline-storage	erc-5573.md
ERC	5585	yes	https://eips.ethereum.org/EIPS/eip-5585	ERC-721 NFT Authorization	Final	Standards Track	ERC	2022-08-15	721	1530	af0d884c7a47ec38f05de715f3e77ef33fa5552dfae5bb2d45074d456f4b4df3	account-wallet,uri-web-content,read-proof-history,token-payment,security-supply-chain,human-interface	erc-5585.md
ERC	5604	yes	https://eips.ethereum.org/EIPS/eip-5604	NFT Lien	Draft	Standards Track	ERC	2022-09-05	165, 721	673	cc5d2c252a194a0adacd8c7c5edd619d05e6487863e9ebe9b6fb14d50dee1d6c	uri-web-content,read-proof-history,token-payment,security-supply-chain,offline-storage	erc-5604.md
ERC	5606	yes	https://eips.ethereum.org/EIPS/eip-5606	Multiverse NFTs	Final	Standards Track	ERC	2022-09-06	721, 1155	1138	4725d9203c887d78624989111f3bfaf90c032c9695deb5942c0f8c6b8e2e207c	account-wallet,uri-web-content,read-proof-history,app-package-runtime,cross-chain,token-payment,security-supply-chain	erc-5606.md
ERC	5615	yes	https://eips.ethereum.org/EIPS/eip-5615	ERC-1155 Supply Extension	Final	Standards Track	ERC	2023-05-25	1155	369	13b6301bc2ee4d130032b8322f193eca36773f9915ec1e391d8e89dac2373f4f	uri-web-content,token-payment,security-supply-chain	erc-5615.md
ERC	5625	yes	https://eips.ethereum.org/EIPS/eip-5625	NFT Metadata JSON Schema dStorage Extension	Final	Standards Track	ERC	2022-09-08	721, 1155	1094	d263f757a5135271711619f8c96a9da6b879de4312611713a284c3ee8b4585fb	uri-web-content,read-proof-history,token-payment,security-supply-chain,offline-storage,human-interface	erc-5625.md
ERC	5630	yes	https://eips.ethereum.org/EIPS/eip-5630	New approach for encryption / decryption	Draft	Standards Track	ERC	2022-09-07		1900	c6b3a0abff2be0fd7a76d6c1b62a3fc2791bb6de4ca3f7500a85329f1030ede3	account-wallet,uri-web-content,read-proof-history,app-package-runtime,identity-principal,privacy,token-payment,security-supply-chain,offline-storage	erc-5630.md
ERC	5633	yes	https://eips.ethereum.org/EIPS/eip-5633	Composable Soulbound NFT, EIP-1155 Extension	Stagnant	Standards Track	ERC	2022-09-09	165, 1155	469	8cfe11f93fa067a98f6a35043c4fa3fbe7d36470850ac2658ba887dba2c73d96	account-wallet,uri-web-content,read-proof-history,token-payment,security-supply-chain	erc-5633.md
ERC	5635	yes	https://eips.ethereum.org/EIPS/eip-5635	NFT Licensing Agreements	Stagnant	Standards Track	ERC	2022-08-10	165, 721, 1155, 2981	1307	4753846b2a7ca46d149bdf3cfa1c012dfdff4e3688a8993aff087bb6cb9b8a7b	uri-web-content,read-proof-history,app-package-runtime,identity-principal,privacy,token-payment,security-supply-chain	erc-5635.md
ERC	5639	yes	https://eips.ethereum.org/EIPS/eip-5639	Delegation Registry	Review	Standards Track	ERC	2022-09-09		2252	a0384b2f2c7fc4a3fdddfd28c2ef80938d1c203eec781bda64c966e91e388245	account-wallet,uri-web-content,read-proof-history,app-package-runtime,token-payment,security-supply-chain,offline-storage,human-interface	erc-5639.md
ERC	5643	yes	https://eips.ethereum.org/EIPS/eip-5643	Subscription NFTs	Stagnant	Standards Track	ERC	2022-09-10	721	1181	833359d39a4126a0847a009d9fcde46d0e2679d6d4bf84cde6dbb3f486323591	uri-web-content,read-proof-history,app-package-runtime,privacy,token-payment,security-supply-chain	erc-5643.md
ERC	5646	yes	https://eips.ethereum.org/EIPS/eip-5646	Token State Fingerprint	Final	Standards Track	ERC	2022-09-11	165	573	4746f9803a918f05745322724225d1811970fb5ad96784ea6f2ba4474819acba	uri-web-content,token-payment,security-supply-chain,offline-storage	erc-5646.md
ERC	5679	yes	https://eips.ethereum.org/EIPS/eip-5679	Token Minting and Burning	Final	Standards Track	ERC	2022-09-17	20, 165, 721, 1155	822	7e799dd22588f62c52c4886d7b523c12696441a6c2350b739562ea8fb5d60649	account-wallet,uri-web-content,read-proof-history,app-package-runtime,identity-principal,token-payment,security-supply-chain	erc-5679.md
ERC	5700	yes	https://eips.ethereum.org/EIPS/eip-5700	Bindable Token Interface	Draft	Standards Track	ERC	2022-09-22	165, 721, 1155	2605	3c2c562965819055baf0527f1177d11fea165d5e95554778b75d24edaa6cd581	uri-web-content,read-proof-history,token-payment,security-supply-chain,human-interface	erc-5700.md
ERC	5719	yes	https://eips.ethereum.org/EIPS/eip-5719	Signature replacement interface	Stagnant	Standards Track	ERC	2022-09-26	1271	664	bb6a6fcc0f626e893bb22ee9465424101cc94b66846e9e74956b21b3e5a71fa1	account-wallet,uri-web-content,read-proof-history,app-package-runtime,security-supply-chain	erc-5719.md
ERC	5725	yes	https://eips.ethereum.org/EIPS/eip-5725	Transferable Vesting NFT	Final	Standards Track	ERC	2022-09-08	721	2488	75500882415d68bbd2ccf4dc196817758fb7a5a94d6c8c5d27c6271a38c40992	account-wallet,uri-web-content,read-proof-history,app-package-runtime,identity-principal,agent-automation,cross-chain,token-payment,security-supply-chain,offline-storage,human-interface	erc-5725.md
ERC	5727	yes	https://eips.ethereum.org/EIPS/eip-5727	Semi-Fungible Soulbound Token	Draft	Standards Track	ERC	2022-09-28	165, 712, 721, 3525, 4906, 5192, 5484	2765	8aa92c5686a551f811f9514c12395e5ed35800b1afd89873afb4e2d3d744a00f	account-wallet,uri-web-content,read-proof-history,identity-principal,privacy,token-payment,security-supply-chain,offline-storage	erc-5727.md
ERC	5732	yes	https://eips.ethereum.org/EIPS/eip-5732	Commit Interface	Final	Standards Track	ERC	2022-09-29	165, 1271	1028	5d4a525d256411bcfb4e84160eaf41cb79315ccc92295b3b745bc61252feb6d5	account-wallet,uri-web-content,read-proof-history,app-package-runtime,privacy,cross-chain,token-payment,security-supply-chain	erc-5732.md
ERC	5744	yes	https://eips.ethereum.org/EIPS/eip-5744	Latent Fungible Token	Stagnant	Standards Track	ERC	2022-09-29	20, 2612	688	771660e1a63f42d4588388ef4550c3faf4003a2e56ddaa964114a4f5a2d34764	account-wallet,uri-web-content,read-proof-history,token-payment,security-supply-chain	erc-5744.md
ERC	5750	yes	https://eips.ethereum.org/EIPS/eip-5750	General Extensibility for Method Behaviors	Final	Standards Track	ERC	2022-10-04	165	1240	77c66b018172688b0f857d249f8d05f623323064f7b4b03b1204a71e462b3d8e	account-wallet,uri-web-content,token-payment,security-supply-chain	erc-5750.md
ERC	5753	yes	https://eips.ethereum.org/EIPS/eip-5753	Lockable Extension for EIP-721	Stagnant	Standards Track	ERC	2022-10-05	165, 721	1879	c46859c7efb8c77a1b6ff43c3c027df4d30a25e0e12de0254af1d2130c317d15	account-wallet,uri-web-content,read-proof-history,token-payment,security-supply-chain,offline-storage	erc-5753.md
ERC	5773	yes	https://eips.ethereum.org/EIPS/eip-5773	Context-Dependent Multi-Asset Tokens	Final	Standards Track	ERC	2022-10-10	165, 721	4017	f8f33831b5b08d9ccdcc5bb5069e4adc472c74edb2304efce2ded21181ae815c	account-wallet,uri-web-content,read-proof-history,app-package-runtime,token-payment,security-supply-chain,offline-storage	erc-5773.md
ERC	5791	yes	https://eips.ethereum.org/EIPS/eip-5791	Physical Backed Tokens	Draft	Standards Track	ERC	2022-10-17	191, 721	1606	351dc23d79e59ae4ce7fb410599ff146c86292880e574d149b3b192717ce3fe3	account-wallet,uri-web-content,read-proof-history,app-package-runtime,identity-principal,privacy,agent-automation,cross-chain,token-payment,security-supply-chain	erc-5791.md
ERC	5805	yes	https://eips.ethereum.org/EIPS/eip-5805	Voting with delegation	Stagnant	Standards Track	ERC	2022-07-04	712, 6372	2636	80de7c73332264dd5fb2ae8f66ec34ed1b066f4177c3b667d2221540942ec76e	account-wallet,uri-web-content,read-proof-history,cross-chain,token-payment,security-supply-chain	erc-5805.md
ERC	5827	yes	https://eips.ethereum.org/EIPS/eip-5827	Auto-renewable allowance extension	Stagnant	Standards Track	ERC	2022-10-22	20, 165	1302	363a22b498026d0803b4c759f2dd5dbfa4f84d42388a69808afe12a01a717003	uri-web-content,read-proof-history,app-package-runtime,identity-principal,token-payment,security-supply-chain,offline-storage	erc-5827.md
ERC	5850	yes	https://eips.ethereum.org/EIPS/eip-5850	Complex Numbers stored in `bytes32` types	Stagnant	Standards Track	ERC	2022-10-29		660	84b9ca1d6ec7fb05c8caa3bf50539e9b771a3c0c7cefc4a67fb4995ce01968d9	uri-web-content,app-package-runtime,security-supply-chain,offline-storage	erc-5850.md
ERC	5851	yes	https://eips.ethereum.org/EIPS/eip-5851	On-Chain Verifiable Credentials	Stagnant	Standards Track	ERC	2022-10-18	721, 1155, 1167, 1967, 3475	2101	ba76c0674f857c16bc5039b6b75995744bb37870a1e920d691cf23f70551d3d5	account-wallet,uri-web-content,read-proof-history,app-package-runtime,identity-principal,privacy,token-payment,security-supply-chain,human-interface	erc-5851.md
ERC	5883	yes	https://eips.ethereum.org/EIPS/eip-5883	Token Transfer by Social Recovery	Stagnant	Standards Track	ERC	2022-07-19		695	0087058ce05959a7aed1df4f48364c80b5ae2e0e71b3cfa53669eed8d31abf22	account-wallet,uri-web-content,read-proof-history,identity-principal,privacy,token-payment,security-supply-chain,offline-storage	erc-5883.md
ERC	5902	yes	https://eips.ethereum.org/EIPS/eip-5902	Smart Contract Event Hooks	Stagnant	Standards Track	ERC	2022-11-09	712	5146	954471595e5e2a9ea6a052b5a7463302057d276ecdafb60c6b0e7c76a3b5c385	account-wallet,uri-web-content,read-proof-history,app-package-runtime,privacy,cross-chain,token-payment,security-supply-chain	erc-5902.md
ERC	5982	yes	https://eips.ethereum.org/EIPS/eip-5982	Role-based Access Control	Review	Standards Track	ERC	2022-11-15	165, 5750	573	c904c5d6271a3ac60e04f09f8e89d254ee77e2ccf4a321975a2406c355814018	uri-web-content,read-proof-history,security-supply-chain	erc-5982.md
ERC	6047	yes	https://eips.ethereum.org/EIPS/eip-6047	ERC-721 Balance indexing via Transfer event	Stagnant	Standards Track	ERC	2022-11-26	721	377	4267ac83eae64cd451b18f7171e659d8a80fe83c0f1f5ab8bb019c0c204fa351	uri-web-content,read-proof-history,token-payment,security-supply-chain	erc-6047.md
ERC	6059	yes	https://eips.ethereum.org/EIPS/eip-6059	Parent-Governed Nestable Non-Fungible Tokens	Final	Standards Track	ERC	2022-11-15	165, 721	4476	989bcf198992c47bbc5440dfccc0dcdaf623e54179221f2f60c18538f45fb4cf	account-wallet,uri-web-content,read-proof-history,token-payment,security-supply-chain	erc-6059.md
ERC	6065	yes	https://eips.ethereum.org/EIPS/eip-6065	Real Estate Token	Review	Standards Track	ERC	2022-11-29	721	2545	c2e53225e698b085cfc0d3e6995f2ff33b1322880cb0eb0cc2770a200e22d949	uri-web-content,read-proof-history,identity-principal,privacy,token-payment,security-supply-chain	erc-6065.md
ERC	6066	yes	https://eips.ethereum.org/EIPS/eip-6066	Signature Validation Method for NFTs	Final	Standards Track	ERC	2022-11-29	165, 721, 1155, 1271, 5750	969	8bb8e9c6a1f8dc638594feab3398a3b1af4c060553699574620fa41151f1d010	account-wallet,uri-web-content,token-payment,security-supply-chain	erc-6066.md
ERC	6093	yes	https://eips.ethereum.org/EIPS/eip-6093	Custom errors for commonly-used tokens	Final	Standards Track	ERC	2022-12-06	20, 721, 1155	2189	e8da1b0a5571d074d96823fb656890ebe58a889d83169438852f38f6046226fa	account-wallet,uri-web-content,app-package-runtime,identity-principal,token-payment,security-supply-chain,human-interface	erc-6093.md
ERC	6105	yes	https://eips.ethereum.org/EIPS/eip-6105	No Intermediary NFT Trading Protocol	Final	Standards Track	ERC	2022-12-02	20, 165, 721, 2981	4254	902ada6094d844636265aa11bd5f06a3d0a3bb2353cb8a86b4aa9f6c53e3597a	account-wallet,uri-web-content,read-proof-history,identity-principal,privacy,token-payment,security-supply-chain	erc-6105.md
ERC	6120	yes	https://eips.ethereum.org/EIPS/eip-6120	Universal Token Router	Review	Standards Track	ERC	2022-12-12	20, 165, 721, 1014, 1155	3216	086465ac5d60fe8cf2d7c27f5e4edd5f6dbb387212b864954b069705b16481ca	account-wallet,uri-web-content,app-package-runtime,identity-principal,token-payment,security-supply-chain,offline-storage,human-interface	erc-6120.md
ERC	6123	yes	https://eips.ethereum.org/EIPS/eip-6123	Smart Derivative Contract	Draft	Standards Track	ERC	2022-12-13		2446	90118640dc126252087c9018d55d443a1dfc4bc293c07fce63e62080a46601eb	account-wallet,uri-web-content,read-proof-history,identity-principal,agent-automation,token-payment,security-supply-chain	erc-6123.md
ERC	6147	yes	https://eips.ethereum.org/EIPS/eip-6147	Guard of NFT/SBT, an Extension of ERC-721	Final	Standards Track	ERC	2022-12-07	165, 721	2371	b48792186b0d3eba4a395a81cf61da27d5303c98c72ee172dc6bd29ad4e27361	account-wallet,uri-web-content,read-proof-history,app-package-runtime,identity-principal,privacy,token-payment,security-supply-chain,offline-storage	erc-6147.md
ERC	6150	yes	https://eips.ethereum.org/EIPS/eip-6150	Hierarchical NFTs	Final	Standards Track	ERC	2022-12-15	165, 721	1727	665b693ee65568abd76cc2be3dcdfb9965357597e176ffb317f91dc06cf0af1a	account-wallet,uri-web-content,read-proof-history,app-package-runtime,token-payment,security-supply-chain,offline-storage	erc-6150.md
ERC	6170	yes	https://eips.ethereum.org/EIPS/eip-6170	Cross-Chain Messaging Interface	Draft	Standards Track	ERC	2022-12-19		784	ab1c52512295424e41aa5a56e3f1d4a3497b43ff128dd086bf42c644a11ade15	account-wallet,uri-web-content,read-proof-history,cross-chain,token-payment,security-supply-chain,offline-storage	erc-6170.md
ERC	6220	yes	https://eips.ethereum.org/EIPS/eip-6220	Composable NFTs utilizing Equippable Parts	Final	Standards Track	ERC	2022-12-20	165, 721, 5773, 6059	3426	ee68dd09344df64e96619f7581c33a684dc50423d4bbdf60b654f9000845ce38	account-wallet,uri-web-content,read-proof-history,app-package-runtime,token-payment,security-supply-chain,offline-storage	erc-6220.md
ERC	6224	yes	https://eips.ethereum.org/EIPS/eip-6224	Contracts Dependencies Registry	Last Call	Standards Track	ERC	2022-12-27	1967, 5750	2663	5b729bdd681b4205d575ac2f26f00dcadee5b5097f6837cd0433c92f9cf9cc0d	uri-web-content,read-proof-history,app-package-runtime,privacy,security-supply-chain	erc-6224.md
ERC	6229	yes	https://eips.ethereum.org/EIPS/eip-6229	Tokenized Vaults with Lock-in Period	Draft	Standards Track	ERC	2022-12-21	4626	1139	1c2cbf6eb5f94d814e1fcbd287771ae04698fbe9e4d844ca03967f524f96f175	uri-web-content,read-proof-history,agent-automation,token-payment,security-supply-chain	erc-6229.md
ERC	6239	yes	https://eips.ethereum.org/EIPS/eip-6239	Semantic Soulbound Tokens	Final	Standards Track	ERC	2022-12-30	165, 721, 5192	1953	82ef6bb79f8e45d6d73c92ef70fe1d7a5b756c526b4fa210811b21e2951283c1	uri-web-content,read-proof-history,identity-principal,cross-chain,token-payment,security-supply-chain,offline-storage	erc-6239.md
ERC	6268	yes	https://eips.ethereum.org/EIPS/eip-6268	Untransferability Indicator for EIP-1155	Stagnant	Standards Track	ERC	2022-01-06	165, 1155	523	53e63f630ea3be000d329a6c0cb6c2af780d926116abb96517a2326260236bb7	uri-web-content,read-proof-history,token-payment,security-supply-chain	erc-6268.md
ERC	6315	yes	https://eips.ethereum.org/EIPS/eip-6315	ERC-2771 Namespaced Account Abstraction	Review	Standards Track	ERC	2023-01-11	165, 2771	524	68051ca9d37e9c3c0bed3b85d7eb7a3a8a3cacad56a7c0a2c39cfd1bef09aec6	account-wallet,uri-web-content,identity-principal,security-supply-chain	erc-6315.md
ERC	6327	yes	https://eips.ethereum.org/EIPS/eip-6327	Elastic Signature	Draft	Standards Track	ERC	2023-01-13		1501	74670240c5e04fe91369a348f88b93ae7c775b35957cef48d933a9fd743f96ac	account-wallet,uri-web-content,read-proof-history,app-package-runtime,privacy,cross-chain,token-payment,security-supply-chain	erc-6327.md
ERC	6353	yes	https://eips.ethereum.org/EIPS/eip-6353	Charity token	Stagnant	Standards Track	ERC	2022-05-13	20	1564	8af28b67d0690c493d7c6746b97f4ca81cd787060c18dead512e2d9c16de47a6	uri-web-content,read-proof-history,identity-principal,token-payment,security-supply-chain,human-interface	erc-6353.md
ERC	6357	yes	https://eips.ethereum.org/EIPS/eip-6357	Single-contract Multi-delegatecall	Last Call	Standards Track	ERC	2023-01-18		463	27a9d33a4a9c3fccee7a4961a46c37f602bf852e052bb7cbb7c9c947447981b7	uri-web-content,token-payment,security-supply-chain	erc-6357.md
ERC	6358	yes	https://eips.ethereum.org/EIPS/eip-6358	Cross-Chain Token States Synchronization	Review	Standards Track	ERC	2023-01-17		3018	a50da52ad3dc92cc5a796a66dd81c014f72f8690f8126b72c063920811998532	account-wallet,uri-web-content,read-proof-history,identity-principal,privacy,cross-chain,token-payment,security-supply-chain	erc-6358.md
ERC	6366	yes	https://eips.ethereum.org/EIPS/eip-6366	Permission Token	Review	Standards Track	ERC	2022-01-19	6617	772	dfdecd7122aeb47dcaffaccbb7679d5fd4bd27e9412bb52f86b64caa7aae4741	account-wallet,uri-web-content,read-proof-history,token-payment,security-supply-chain	erc-6366.md
ERC	6372	yes	https://eips.ethereum.org/EIPS/eip-6372	Contract clock	Review	Standards Track	ERC	2023-01-25		676	ab569bc8ba455aa11c20033a607cfbc9b8b0b987d9eccc72549c5c9fcb57a086	uri-web-content,read-proof-history,app-package-runtime,cross-chain,security-supply-chain,offline-storage	erc-6372.md
ERC	6381	yes	https://eips.ethereum.org/EIPS/eip-6381	Public Non-Fungible Token Emote Repository	Final	Standards Track	ERC	2023-01-22	165	3270	0cf93c46fd7882f0d82e53888e6b5a4e3670164675e383688089f273c89d222f	account-wallet,uri-web-content,read-proof-history,identity-principal,cross-chain,token-payment,security-supply-chain,human-interface	erc-6381.md
ERC	6384	yes	https://eips.ethereum.org/EIPS/eip-6384	Human-readable offline signatures	Stagnant	Standards Track	ERC	2023-01-08	712	1364	c27169c0a17aa628eda92a2904b746970b7e467ad7c2ff3d0e106d0ed6b04cc5	account-wallet,uri-web-content,read-proof-history,app-package-runtime,identity-principal,privacy,token-payment,security-supply-chain,offline-storage,human-interface	erc-6384.md
ERC	6454	yes	https://eips.ethereum.org/EIPS/eip-6454	Minimal Transferable NFT detection interface	Final	Standards Track	ERC	2023-01-31	165, 721	1850	ef48e5ba06bd9ea0d0a0e4637066190e3029343ad4aa213122cef20e5704125a	account-wallet,uri-web-content,read-proof-history,token-payment,security-supply-chain	erc-6454.md
ERC	6464	yes	https://eips.ethereum.org/EIPS/eip-6464	Multi-operator, per-token ERC-721 approvals.	Stagnant	Standards Track	ERC	2023-02-02	165, 721	1376	09c4b6b6e68502584db01828839816236ee2733d4553080edd6b22e04744b107	uri-web-content,read-proof-history,identity-principal,agent-automation,token-payment,security-supply-chain	erc-6464.md
ERC	6492	yes	https://eips.ethereum.org/EIPS/eip-6492	Signature Validation for Predeploy Contracts	Final	Standards Track	ERC	2023-02-10	1271	2078	6a2a6b5f3c6b10c184b2a99dfe78c399212dbddc1d3d1ec36a85af9100de6fbc	account-wallet,uri-web-content,app-package-runtime,privacy,security-supply-chain,offline-storage	erc-6492.md
ERC	6506	yes	https://eips.ethereum.org/EIPS/eip-6506	P2P Escrowed Governance Incentives	Stagnant	Standards Track	ERC	2023-02-15		3572	4e8da6dcd0874cb9f10d7648590f4cfea2f52a7e0276772f33c45e122cbf6ee7	account-wallet,uri-web-content,read-proof-history,identity-principal,privacy,token-payment,security-supply-chain	erc-6506.md
ERC	6538	yes	https://eips.ethereum.org/EIPS/eip-6538	Stealth Meta-Address Registry	Final	Standards Track	ERC	2023-01-24	712, 1271, 5564	1642	cef274dd8d3c43198e55c617c468f9d166d88d089b854ff3522b744b37230ec6	account-wallet,uri-web-content,read-proof-history,app-package-runtime,identity-principal,privacy,cross-chain,token-payment,security-supply-chain	erc-6538.md
ERC	6551	yes	https://eips.ethereum.org/EIPS/eip-6551	Non-fungible Token Bound Accounts	Review	Standards Track	ERC	2023-02-23	165, 721, 1167, 1271	3706	315055a2cc230ddb30fa93bac6dc053cac0d961c2b10ad694593740278355815	account-wallet,uri-web-content,read-proof-history,app-package-runtime,cross-chain,token-payment,security-supply-chain	erc-6551.md
ERC	6596	yes	https://eips.ethereum.org/EIPS/eip-6596	Cultural and Historical Asset Token	Review	Standards Track	ERC	2023-02-28	721, 1155	3801	03ac8375f74fddf93b3a851cc794ec68399b73e71d120d441cdb8a433bd51936	account-wallet,uri-web-content,read-proof-history,app-package-runtime,identity-principal,cross-chain,token-payment,security-supply-chain,offline-storage,human-interface	erc-6596.md
ERC	6604	yes	https://eips.ethereum.org/EIPS/eip-6604	Abstract Token	Draft	Standards Track	ERC	2023-03-03	20, 165, 721, 1155	1480	f41fa9c74f89929eb4ee71e76837103ea3ae6867ba45907bc3d77cc096c8fa0e	account-wallet,uri-web-content,read-proof-history,app-package-runtime,identity-principal,cross-chain,token-payment,security-supply-chain	erc-6604.md
ERC	6617	yes	https://eips.ethereum.org/EIPS/eip-6617	Bit Based Permission	Review	Standards Track	ERC	2023-02-27		857	3705e2714f52801cd0d0d5aa856ab08a22f49032411ec4d24f9bef914c239e49	account-wallet,uri-web-content,read-proof-history,security-supply-chain	erc-6617.md
ERC	6662	yes	https://eips.ethereum.org/EIPS/eip-6662	AA Account Metadata For Authentication	Draft	Standards Track	ERC	2023-03-09	4337, 4804	833	5b84d1e6833994dde084b520d42f1f7dcf5161dea2fcb35119b23f9c88f271bd	account-wallet,uri-web-content,read-proof-history,privacy,cross-chain,security-supply-chain,offline-storage	erc-6662.md
ERC	6672	yes	https://eips.ethereum.org/EIPS/eip-6672	Multi-redeemable NFTs	Final	Standards Track	ERC	2023-02-21	165, 721	1445	2b17208f4b15ddaa46a56f0130d6742c79f4ec694b1d4d6b376a054161238ec4	account-wallet,uri-web-content,read-proof-history,token-payment,security-supply-chain	erc-6672.md
ERC	6682	yes	https://eips.ethereum.org/EIPS/eip-6682	NFT Flashloans	Draft	Standards Track	ERC	2023-03-12	20, 721, 3156	915	5905d37e6c80e8dc0431ee4e4a0dbe07d698c22edd5492985403345d2f11926b	account-wallet,uri-web-content,token-payment,security-supply-chain	erc-6682.md
ERC	6734	yes	https://eips.ethereum.org/EIPS/eip-6734	L2 Token List	Review	Standards Track	ERC	2023-03-20	155	3018	53f6473d45cd1b1231420543efba7738050527d1002755edbdc800681680d12a	account-wallet,uri-web-content,read-proof-history,identity-principal,privacy,cross-chain,token-payment,security-supply-chain,human-interface	erc-6734.md
ERC	6735	yes	https://eips.ethereum.org/EIPS/eip-6735	L2 Aliasing of EVM-based Addresses	Review	Standards Track	ERC	2022-03-20	55	2206	383c2c210e01a2b97986731986ea559c12d92b7510db4b4d32d686ed7657507d	account-wallet,uri-web-content,read-proof-history,identity-principal,privacy,cross-chain,token-payment,security-supply-chain,human-interface	erc-6735.md
ERC	6785	yes	https://eips.ethereum.org/EIPS/eip-6785	ERC-721 Utilities Information Extension	Draft	Standards Track	ERC	2023-03-27	165, 721	1092	5ad1fd9e8426c4e3cc6a661e15ce126f8ce8169d2d2dcde2e597eca1bfbdae89	account-wallet,uri-web-content,read-proof-history,privacy,token-payment,security-supply-chain	erc-6785.md
ERC	6786	yes	https://eips.ethereum.org/EIPS/eip-6786	Registry for royalties payment for NFTs	Draft	Standards Track	ERC	2023-03-27	165, 2981	729	f4e15090ac12daa490031f99758e96c19ec30ff820bafd9b3e74b92a9783db63	uri-web-content,read-proof-history,app-package-runtime,token-payment,security-supply-chain	erc-6786.md
ERC	6787	yes	https://eips.ethereum.org/EIPS/eip-6787	Order Book DEX with Two Phase Withdrawal	Draft	Standards Track	ERC	2023-03-27		905	8f408078e181c3c0549b9c7c496845569ad91453149e921eba571eea78410cb9	uri-web-content,read-proof-history,token-payment,security-supply-chain	erc-6787.md
ERC	6806	yes	https://eips.ethereum.org/EIPS/eip-6806	ERC-721 Holding Time Tracking	Draft	Standards Track	ERC	2023-03-30	721	737	5a0df4ad6608fc1a2f493917ba25ffc5271f349412e1125291475cc06526f259	uri-web-content,privacy,token-payment,security-supply-chain	erc-6806.md
ERC	6808	yes	https://eips.ethereum.org/EIPS/eip-6808	Fungible Key Bound Token	Final	Standards Track	ERC	2023-03-31	20	4265	aa742cde3330be26db69186b06de608ea087e0241cb2ecf1ab3079f9bf2688d3	account-wallet,uri-web-content,read-proof-history,identity-principal,privacy,agent-automation,token-payment,security-supply-chain	erc-6808.md
ERC	6809	yes	https://eips.ethereum.org/EIPS/eip-6809	Non-Fungible Key Bound Token	Final	Standards Track	ERC	2023-03-31	721	4307	bb54b78ab44dcfa3c7d83ec53eaed212afc341da7bb270a552f03a05a366b7dd	account-wallet,uri-web-content,read-proof-history,identity-principal,privacy,agent-automation,token-payment,security-supply-chain	erc-6809.md
ERC	6821	yes	https://eips.ethereum.org/EIPS/eip-6821	Support ENS Name for Web3 URL	Draft	Standards Track	ERC	2023-04-02	137, 634, 3770, 4804	312	f4ff0f617314f6bb27768a788deacd16e075e1332e507a7175bb39a3ee78ee38	uri-web-content,cross-chain,security-supply-chain	erc-6821.md
ERC	6823	yes	https://eips.ethereum.org/EIPS/eip-6823	Token Mapping Slot Retrieval Extension	Draft	Standards Track	ERC	2023-03-29	20, 721, 1155	1329	973806dd43074a1c542121ae61a5b8ae8730704b89ca08b1534883b4eb1d4072	account-wallet,uri-web-content,read-proof-history,app-package-runtime,token-payment,security-supply-chain,offline-storage	erc-6823.md
ERC	6860	yes	https://eips.ethereum.org/EIPS/eip-6860	Web3 URL to EVM Call Message Translation	Draft	Standards Track	ERC	2023-09-29	137	3717	9921621dd024bf1e9224a523cf0d7977aab353975bfae367cb9f0a3245d1b91a	account-wallet,uri-web-content,read-proof-history,app-package-runtime,cross-chain,security-supply-chain	erc-6860.md
ERC	6864	yes	https://eips.ethereum.org/EIPS/eip-6864	Upgradable Fungible Token	Draft	Standards Track	ERC	2023-04-05	20	1414	ebd0b0597d33eff437b5c1753e09ffe1c0350369673c173c79c04786d767d8b5	uri-web-content,read-proof-history,app-package-runtime,privacy,cross-chain,token-payment,security-supply-chain	erc-6864.md
ERC	6865	yes	https://eips.ethereum.org/EIPS/eip-6865	On-Chain EIP-712 Visualization	Draft	Standards Track	ERC	2023-04-10	712	1328	88187bb600174afeed0e23417e6b9c251af40df6626b3a125ce05214068e7dcf	account-wallet,uri-web-content,app-package-runtime,cross-chain,token-payment,security-supply-chain,human-interface	erc-6865.md
ERC	6900	yes	https://eips.ethereum.org/EIPS/eip-6900	Modular Smart Contract Accounts	Draft	Standards Track	ERC	2023-04-18	165, 1271, 4337	5804	8992c504f23c67aa18f71d74657d9bf2f288ab1be1a30f3f22e251f1bece829f	account-wallet,uri-web-content,read-proof-history,app-package-runtime,cross-chain,security-supply-chain	erc-6900.md
ERC	6909	yes	https://eips.ethereum.org/EIPS/eip-6909	Minimal Multi-Token Interface	Final	Standards Track	ERC	2023-04-19	165	3051	5f65ed1db122a04547c413bc46ec18f59bfef4b2a148d20295e97999c6c7f299	account-wallet,uri-web-content,read-proof-history,app-package-runtime,identity-principal,token-payment,security-supply-chain,offline-storage	erc-6909.md
ERC	6932	yes	https://eips.ethereum.org/EIPS/eip-6932	Subscription-Based Token	Draft	Standards Track	ERC	2023-04-25	20	831	36bbc6c3f7d650dd839dc5c4491e014772dc4d7b11e479292e85a84859bedc34	account-wallet,uri-web-content,app-package-runtime,privacy,cross-chain,token-payment,security-supply-chain,offline-storage	erc-6932.md
ERC	6944	yes	https://eips.ethereum.org/EIPS/eip-6944	ERC-5219 Resolve Mode	Draft	Standards Track	ERC	2023-04-27	4804, 5219	225	cf4cc504257586fa1622a55fb483bd9d9c3ca5c3749f580bbf48c7b872f65714	uri-web-content,cross-chain,security-supply-chain	erc-6944.md
ERC	6956	yes	https://eips.ethereum.org/EIPS/eip-6956	Asset-bound Non-Fungible Tokens	Review	Standards Track	ERC	2023-04-29	165, 721	6473	1a158b5c6253a76fc6982382172da2f8c22d1d00a570ec8ad6dad7e01283d229	account-wallet,uri-web-content,read-proof-history,identity-principal,privacy,agent-automation,token-payment,security-supply-chain	erc-6956.md
ERC	6960	yes	https://eips.ethereum.org/EIPS/eip-6960	Dual Layer Token	Draft	Standards Track	ERC	2023-04-30		2558	7267374e338fa6476189be422b8188028626b3ed42fa58365aeb06062aa70bc6	uri-web-content,read-proof-history,identity-principal,token-payment,security-supply-chain,offline-storage	erc-6960.md
ERC	6981	yes	https://eips.ethereum.org/EIPS/eip-6981	Reserved Ownership Accounts	Draft	Standards Track	ERC	2023-04-25	1167, 1271, 6492	2636	516f7ce64b73eba1d082f40f4a6739f507f0cf97a1f6328e82cdb0c2854dea73	account-wallet,uri-web-content,read-proof-history,app-package-runtime,identity-principal,privacy,token-payment,security-supply-chain	erc-6981.md
ERC	6982	yes	https://eips.ethereum.org/EIPS/eip-6982	Efficient Default Lockable Tokens	Final	Standards Track	ERC	2023-05-02	165, 721	889	48f4095d688507e3733f8f3e6bfdca060d5f90c5ea4230fb1aed72ce806d738b	account-wallet,uri-web-content,read-proof-history,token-payment,security-supply-chain	erc-6982.md
ERC	6997	yes	https://eips.ethereum.org/EIPS/eip-6997	ERC-721 with transaction validation step.	Review	Standards Track	ERC	2023-05-07	721	1677	a9146d81495a5c53a9c7a474f6abadf81fc42604c3fcfa958780d1fda8cba3d5	account-wallet,uri-web-content,read-proof-history,privacy,token-payment,security-supply-chain	erc-6997.md
ERC	7007	yes	https://eips.ethereum.org/EIPS/eip-7007	Verifiable AI-Generated Content Token	Final	Standards Track	ERC	2023-05-10	165, 721	1810	df66eb2ce34faf6eeb0bf97c8a0d07879cd24e3c8808e83fe64c9f38e5e2a0ba	uri-web-content,read-proof-history,privacy,agent-automation,token-payment,security-supply-chain	erc-7007.md
ERC	7015	yes	https://eips.ethereum.org/EIPS/eip-7015	NFT Creator Attribution	Review	Standards Track	ERC	2023-05-11	55, 155, 712, 721, 1155	1136	f12f3f57046a918bdbfad47d43aeb467e2a85f8bc54551197f834db59c6e9336	account-wallet,uri-web-content,read-proof-history,identity-principal,cross-chain,token-payment,security-supply-chain	erc-7015.md
ERC	7053	yes	https://eips.ethereum.org/EIPS/eip-7053	Interoperable Digital Media Indexing	Final	Standards Track	ERC	2023-05-22		1080	14570de3407da37da51d7a3023379b5cf86910ab6323e2042f83ac0e2c73f6a1	uri-web-content,read-proof-history,app-package-runtime,cross-chain,token-payment,security-supply-chain,offline-storage	erc-7053.md
ERC	7066	yes	https://eips.ethereum.org/EIPS/eip-7066	Lockable Extension for ERC-721	Final	Standards Track	ERC	2023-05-25	165, 721	1626	3dfed40df424f3fbc0dfd86dbb71777567944d050462ce18fa5bde4e1119a60e	account-wallet,uri-web-content,read-proof-history,app-package-runtime,token-payment,security-supply-chain	erc-7066.md
ERC	7085	yes	https://eips.ethereum.org/EIPS/eip-7085	NFT Relationship Enhancement	Draft	Standards Track	ERC	2023-05-02	721, 1155	1552	d628fb649b56ce05896db5963b0d0f5d530721816aebef5e4b4f70dc54522271	uri-web-content,app-package-runtime,identity-principal,token-payment,security-supply-chain,offline-storage	erc-7085.md
ERC	7087	yes	https://eips.ethereum.org/EIPS/eip-7087	MIME type for Web3 URL in Auto Mode	Draft	Standards Track	ERC	2023-05-28	6860	996	f6d69f553052aaa717db993234b5847e7790a4f81083186e9738ae8cad21ba63	account-wallet,uri-web-content,read-proof-history,app-package-runtime,security-supply-chain,offline-storage	erc-7087.md
ERC	7092	yes	https://eips.ethereum.org/EIPS/eip-7092	Financial Bonds	Final	Standards Track	ERC	2023-05-28	165	3810	24ce077b908767b322a3225db1fc97ee1ce507fb1f3733f082aef4637d940cbc	uri-web-content,read-proof-history,app-package-runtime,identity-principal,cross-chain,token-payment,security-supply-chain,human-interface	erc-7092.md
ERC	7093	yes	https://eips.ethereum.org/EIPS/eip-7093	Social Recovery Interface	Draft	Standards Track	ERC	2023-05-29	1271	2618	e5beefb981268eabbeb459e76e0be6fe984edb1142bf81cd5a3ccdff94f87cba	account-wallet,uri-web-content,read-proof-history,app-package-runtime,identity-principal,privacy,cross-chain,token-payment,security-supply-chain,offline-storage	erc-7093.md
ERC	7144	yes	https://eips.ethereum.org/EIPS/eip-7144	ERC-20 with transaction validation step.	Review	Standards Track	ERC	2023-05-07	20	1552	49353fda98f144bb52dd421bc3376ec411247298ec645f26ac8ba6b4f5830561	account-wallet,uri-web-content,read-proof-history,privacy,token-payment,security-supply-chain	erc-7144.md
ERC	7160	yes	https://eips.ethereum.org/EIPS/eip-7160	ERC-721 Multi-Metadata Extension	Final	Standards Track	ERC	2023-06-09	165, 721	1546	56f49753149081df353458996a19e2894f8fd71d8d179c6d87746d7d2c991f8b	uri-web-content,read-proof-history,app-package-runtime,identity-principal,privacy,token-payment,security-supply-chain,human-interface	erc-7160.md
ERC	7196	yes	https://eips.ethereum.org/EIPS/eip-7196	Simple token, Simplified ERC-20	Draft	Standards Track	ERC	2023-06-21	20	699	281b21dfbe6647eecd22a8152b94c3d547106b0c9e3733f423e36ccecf692ad2	account-wallet,uri-web-content,read-proof-history,privacy,token-payment,security-supply-chain,offline-storage	erc-7196.md
ERC	7201	yes	https://eips.ethereum.org/EIPS/eip-7201	Namespaced Storage Layout	Final	Standards Track	ERC	2023-06-20		1089	03485015b57d824e4018a4c47c91ccd3b90c03087f6d9d004a7a4c0e1abfa8c1	uri-web-content,app-package-runtime,privacy,security-supply-chain,offline-storage	erc-7201.md
ERC	7204	yes	https://eips.ethereum.org/EIPS/eip-7204	Contract wallet management token	Draft	Standards Track	ERC	2023-06-21	165	1132	8fcb90349e9c8f024e724dca50fe993016decca28947e59310da97d34af48a89	account-wallet,uri-web-content,read-proof-history,token-payment,security-supply-chain,offline-storage	erc-7204.md
ERC	7208	yes	https://eips.ethereum.org/EIPS/eip-7208	On-Chain Data Containers	Final	Standards Track	ERC	2023-06-09	165	2995	dfca54e98ece5c3bfd6153c1d47b6024488d20e7d749a90f78e7ecebdf3319fa	account-wallet,uri-web-content,read-proof-history,app-package-runtime,cross-chain,token-payment,security-supply-chain,offline-storage	erc-7208.md
ERC	7231	yes	https://eips.ethereum.org/EIPS/eip-7231	Identity-aggregated NFT	Final	Standards Track	ERC	2023-06-25	165, 721, 1271	982	e59ca08868c39b4ab9d7437fa43f9098c4a51f6b5ec75be33611f8612af89241	account-wallet,uri-web-content,read-proof-history,identity-principal,privacy,token-payment,security-supply-chain	erc-7231.md
ERC	7246	yes	https://eips.ethereum.org/EIPS/eip-7246	Encumber - Splitting Ownership & Guarantees	Review	Standards Track	ERC	2023-06-27	20	1459	694df47472214f6a523111faf6d4b1cca634087a2779543e7aa90d58a940478a	account-wallet,uri-web-content,read-proof-history,identity-principal,privacy,token-payment,security-supply-chain	erc-7246.md
ERC	7254	yes	https://eips.ethereum.org/EIPS/eip-7254	Token Revenue Sharing	Draft	Standards Track	ERC	2023-06-29		415	870ad52f7a83a35c517bbfef6d149d26ae845b407ba60fb0cac26523aa001db3	uri-web-content,token-payment,security-supply-chain	erc-7254.md
ERC	7272	yes	https://eips.ethereum.org/EIPS/eip-7272	Ethereum Access Token	Draft	Standards Track	ERC	2023-07-03	712	1213	cb6816db2ec7b836217f94178d4566320e5a56296bf8ed683d2511faac5efcea	account-wallet,uri-web-content,app-package-runtime,identity-principal,privacy,cross-chain,token-payment,security-supply-chain	erc-7272.md
ERC	7280	yes	https://eips.ethereum.org/EIPS/eip-7280	NFT Metadata Extension like JSON-LD	Draft	Standards Track	ERC	2023-07-04	721, 1155, 3525	762	1f215be5b3bc701f3b3405736e10cf1397d3e036f0e75cea84189174c02c02f5	uri-web-content,app-package-runtime,cross-chain,security-supply-chain	erc-7280.md
ERC	7291	yes	https://eips.ethereum.org/EIPS/eip-7291	Purpose bound money	Final	Standards Track	ERC	2023-06-24	165, 173, 1155	7312	340171b6f03ea417e64e4ea77d32972dd29943b0402773d3cb4618ab05469be8	account-wallet,uri-web-content,read-proof-history,app-package-runtime,identity-principal,cross-chain,token-payment,security-supply-chain,human-interface	erc-7291.md
ERC	7303	yes	https://eips.ethereum.org/EIPS/eip-7303	Token-Controlled Token Circulation	Draft	Standards Track	ERC	2023-07-09	165, 721, 1155, 5679	2346	03acf5e70865079362d0b007d3d903cbdec73e89486869a5f4045827fe096fa9	account-wallet,uri-web-content,read-proof-history,app-package-runtime,identity-principal,privacy,agent-automation,token-payment,security-supply-chain,human-interface	erc-7303.md
ERC	7390	yes	https://eips.ethereum.org/EIPS/eip-7390	Vanilla Options for ERC-20 Tokens	Draft	Standards Track	ERC	2022-09-02	20, 1155	4204	3f06353d818295ae91d5411623ddd91f08da6d17e22934650c74b4b5f6776847	uri-web-content,read-proof-history,identity-principal,token-payment,security-supply-chain	erc-7390.md
ERC	7399	yes	https://eips.ethereum.org/EIPS/eip-7399	⚡ Flash Loans ⚡	Review	Standards Track	ERC	2023-07-25	20	2473	0d7dc65413c68db09cb183f9e555141e625ee0bb99726d00cbdd9c311c66388d	account-wallet,uri-web-content,app-package-runtime,identity-principal,token-payment,security-supply-chain	erc-7399.md
ERC	7401	yes	https://eips.ethereum.org/EIPS/eip-7401	Parent-Governed Non-Fungible Tokens Nesting	Final	Standards Track	ERC	2023-07-26	165, 721	4771	15d8c8e23de7ac342ef951ebbd5be92f97df6d57327da675d9f9affde2ef26fb	account-wallet,uri-web-content,read-proof-history,token-payment,security-supply-chain	erc-7401.md
ERC	7405	yes	https://eips.ethereum.org/EIPS/eip-7405	Portable Smart Contract Accounts	Draft	Standards Track	ERC	2023-07-26	191, 1967	1800	d970d259b6817651069e0f2dcd775029cf0e62b69a86542bcfa13d5a07cecdc0	account-wallet,uri-web-content,read-proof-history,app-package-runtime,privacy,cross-chain,token-payment,security-supply-chain,offline-storage,human-interface	erc-7405.md
ERC	7406	yes	https://eips.ethereum.org/EIPS/eip-7406	Multi-Namespace Onchain Registry	Draft	Standards Track	ERC	2023-07-23	137	947	8d6b7a9f3ca9a080ad96a3ca73aa28279c8f21127bb68fd8ab13780a46ec6e43	uri-web-content,read-proof-history,app-package-runtime,identity-principal,token-payment,security-supply-chain,offline-storage	erc-7406.md
ERC	7409	yes	https://eips.ethereum.org/EIPS/eip-7409	Public Non-Fungible Tokens Emote Repository	Final	Standards Track	ERC	2023-07-26	165	3433	b5dfd3502473ec4db6087302ef328b725baf9f8bd9d6095d44e0243cce9ac864	account-wallet,uri-web-content,read-proof-history,identity-principal,cross-chain,token-payment,security-supply-chain,human-interface	erc-7409.md
ERC	7410	yes	https://eips.ethereum.org/EIPS/eip-7410	ERC-20 Update Allowance By Spender	Draft	Standards Track	ERC	2023-07-26	20, 165	802	88f7ce34a1270e99f18124d29facca005fcc34bec03a9df4aba5ab998759a405	account-wallet,uri-web-content,read-proof-history,token-payment,security-supply-chain	erc-7410.md
ERC	7412	yes	https://eips.ethereum.org/EIPS/eip-7412	On-Demand Off-Chain Data Retrieval	Draft	Standards Track	ERC	2023-07-26		1567	efa9670c0942434ae0eb1d66dea2a4622bc94129f82f985b5aa7c4e7bb963711	account-wallet,uri-web-content,read-proof-history,app-package-runtime,cross-chain,token-payment,security-supply-chain	erc-7412.md
ERC	7417	yes	https://eips.ethereum.org/EIPS/eip-7417	Token Converter	Review	Standards Track	ERC	2023-07-27	20, 165, 223	6200	1bdbd8a6805a082a770b8ad4a35922dd8f6469d8770c9d5d6192fa2b8e8e1eba	uri-web-content,read-proof-history,app-package-runtime,identity-principal,privacy,cross-chain,token-payment,security-supply-chain	erc-7417.md
ERC	7425	yes	https://eips.ethereum.org/EIPS/eip-7425	Tokenized Reserve	Draft	Standards Track	ERC	2023-06-30	20, 4626	1524	bd930cce4e9b4c2c3263851fa353151c830e41f11ca407779ea3305c2a0b7c79	uri-web-content,read-proof-history,identity-principal,token-payment,security-supply-chain	erc-7425.md
ERC	7432	yes	https://eips.ethereum.org/EIPS/eip-7432	Non-Fungible Token Roles	Final	Standards Track	ERC	2023-07-14	165, 721	2317	bcbe53516baf2830c6edbfa20b25b85d4d16eba29da0a19d23450b7f2b8b5324	uri-web-content,read-proof-history,identity-principal,token-payment,security-supply-chain	erc-7432.md
ERC	7439	yes	https://eips.ethereum.org/EIPS/eip-7439	Prevent ticket touting	Final	Standards Track	ERC	2023-07-28	165, 721	2111	4a804116cd9c001ab748e8558e5e97b306da03e2fb24680ad7e82b0dca33871b	account-wallet,uri-web-content,read-proof-history,identity-principal,privacy,agent-automation,token-payment,security-supply-chain	erc-7439.md
ERC	7444	yes	https://eips.ethereum.org/EIPS/eip-7444	Time Locks Maturity	Draft	Standards Track	ERC	2023-06-05	165	838	2ed96ddfa12d6cb0b16840cf0edc85b0dcf8deb58a5d057de0136e3dcb0fd7d5	uri-web-content,app-package-runtime,token-payment,security-supply-chain	erc-7444.md
ERC	7484	yes	https://eips.ethereum.org/EIPS/eip-7484	Registry Extension for ERC-7579	Draft	Standards Track	ERC	2023-08-14	7579	2310	cf5495ec3caaede48301f7654761f058caa279f81dc3dc2f988ffdf1ee12da9b	uri-web-content,read-proof-history,app-package-runtime,identity-principal,cross-chain,security-supply-chain,offline-storage	erc-7484.md
ERC	7496	yes	https://eips.ethereum.org/EIPS/eip-7496	NFT Dynamic Traits	Draft	Standards Track	ERC	2023-07-28	165, 721, 1155	2176	a751a977c0b2db8904a2f976bf9f5afcafbecd06124754ebc94a7f3b2369a9d5	uri-web-content,read-proof-history,token-payment,security-supply-chain,human-interface	erc-7496.md
ERC	7498	yes	https://eips.ethereum.org/EIPS/eip-7498	NFT Redeemables	Draft	Standards Track	ERC	2023-07-28	165, 712, 721, 1155, 1271	1876	077ce73f71a71ae81392b1b5391b3cca70951ca5096327fa585ac38aaa4a69a4	account-wallet,uri-web-content,read-proof-history,identity-principal,token-payment,security-supply-chain	erc-7498.md
ERC	7506	yes	https://eips.ethereum.org/EIPS/eip-7506	Trusted Hint Registry	Draft	Standards Track	ERC	2023-08-31	712	3295	30d228ea4255573a99f8c0b4620c75aa31d0b5a9cd164926b0582775fe4b40ac	account-wallet,uri-web-content,read-proof-history,app-package-runtime,identity-principal,privacy,cross-chain,token-payment,security-supply-chain	erc-7506.md
ERC	7507	yes	https://eips.ethereum.org/EIPS/eip-7507	Multi-User NFT Extension	Draft	Standards Track	ERC	2023-08-24	721	795	811006c5d58f25586aa2cf12bfcdc1b8eb14fc5cd38c5f8d7f8acb10052799d0	uri-web-content,read-proof-history,privacy,token-payment,security-supply-chain	erc-7507.md
ERC	7508	yes	https://eips.ethereum.org/EIPS/eip-7508	Dynamic On-Chain Token Attributes Repository	Draft	Standards Track	ERC	2023-08-15	165	8003	e1042231e53caa64b5aa5e7d220e994d121f7df14cec43d02fc954be69ed83d7	account-wallet,uri-web-content,read-proof-history,identity-principal,cross-chain,token-payment,security-supply-chain,offline-storage	erc-7508.md
ERC	7509	yes	https://eips.ethereum.org/EIPS/eip-7509	Entity Component System	Draft	Standards Track	ERC	2023-09-05		2192	dbea8044410e7b1c200247771903e3ca1f5b061436b990d5c4b9e3def8df07dc	uri-web-content,read-proof-history,app-package-runtime,security-supply-chain,offline-storage	erc-7509.md
ERC	7510	yes	https://eips.ethereum.org/EIPS/eip-7510	Cross-Contract Hierarchical NFT	Draft	Standards Track	ERC	2023-08-24	721	1107	68defaab7512b6852bbd3cc6a49e87f3474ca81690f91d67b7f5f3b50ad84667	uri-web-content,read-proof-history,privacy,token-payment,security-supply-chain,offline-storage	erc-7510.md
ERC	7511	yes	https://eips.ethereum.org/EIPS/eip-7511	Minimal Proxy Contract with PUSH0	Draft	Standards Track	ERC	2023-09-04	7, 211, 1167, 3855	1462	04051d1ccd6bea14677483c6f6922d6d197e08bb059bdfdea21a6773e9bd476c	uri-web-content,app-package-runtime,security-supply-chain	erc-7511.md
ERC	7512	yes	https://eips.ethereum.org/EIPS/eip-7512	Onchain Representation for Audits	Draft	Standards Track	ERC	2023-09-05	712	1828	7119f43e22f611d5207482530bdc01e634ef4ab687ebde461c20fa6c2acfc334	account-wallet,uri-web-content,app-package-runtime,identity-principal,cross-chain,token-payment,security-supply-chain	erc-7512.md
ERC	7513	yes	https://eips.ethereum.org/EIPS/eip-7513	Smart NFT - A Component for Intent-Centric	Draft	Standards Track	ERC	2023-09-06	165, 1155	1728	17aaadbb02cbad06a0835dcc3d509340195c874b12bf304af00b959f25efb0da	uri-web-content,read-proof-history,app-package-runtime,privacy,agent-automation,token-payment,security-supply-chain	erc-7513.md
ERC	7517	yes	https://eips.ethereum.org/EIPS/eip-7517	Content Consent for AI/ML Data Mining	Draft	Standards Track	ERC	2023-09-12	721, 7053	1470	de70cffbb1a6dd9882b3eda1aa2b7677b1c54682135dc185a810f8a0be3793ee	uri-web-content,identity-principal,privacy,agent-automation,cross-chain,token-payment,security-supply-chain,human-interface	erc-7517.md
ERC	7518	yes	https://eips.ethereum.org/EIPS/eip-7518	Dynamic Compliant Interop Security Token	Review	Standards Track	ERC	2023-09-14	165, 1155	5242	b133ec6d80db46bc3d57140d5d745681d608f72b6741dcc11e6a1227a65a05ff	account-wallet,uri-web-content,read-proof-history,app-package-runtime,identity-principal,agent-automation,cross-chain,token-payment,security-supply-chain,offline-storage	erc-7518.md
ERC	7521	yes	https://eips.ethereum.org/EIPS/eip-7521	General Intents for Smart Contract Wallets	Draft	Standards Track	ERC	2023-09-19		3027	200c143fe3ac92f4525874faaba28a7733502cfe56164604fef25a7c79d2eae1	account-wallet,uri-web-content,read-proof-history,app-package-runtime,agent-automation,cross-chain,token-payment,security-supply-chain,offline-storage	erc-7521.md
ERC	7522	yes	https://eips.ethereum.org/EIPS/eip-7522	OIDC ZK Verifier for AA Account	Draft	Standards Track	ERC	2023-09-20	4337	1068	158f4af15a13ac0224c8d6c65fc525870e74fe40cca2571c2de4d88579cc0a27	account-wallet,uri-web-content,read-proof-history,app-package-runtime,identity-principal,privacy,token-payment,security-supply-chain,offline-storage	erc-7522.md
ERC	7524	yes	https://eips.ethereum.org/EIPS/eip-7524	PLUME Signature in Wallets	Draft	Standards Track	ERC	2023-09-24		2586	f9a06583cc20a80001b89ad92ed90e19c79757b3f4a1dad90b1223bf95b1faa4	account-wallet,uri-web-content,read-proof-history,app-package-runtime,identity-principal,privacy,security-supply-chain	erc-7524.md
ERC	7527	yes	https://eips.ethereum.org/EIPS/eip-7527	Token Bound Function Oracle AMM	Draft	Standards Track	ERC	2023-09-03	165, 721	3015	ea7cca20532b63bb4aab0a573dbf43734cb798a35c46fcab9abc3478cad46c53	uri-web-content,read-proof-history,app-package-runtime,identity-principal,privacy,token-payment,security-supply-chain	erc-7527.md
ERC	7528	yes	https://eips.ethereum.org/EIPS/eip-7528	ETH (Native Asset) Address Convention	Final	Standards Track	ERC	2023-10-03	20, 55, 4626	580	806baa9caed9a0227043b779de76bf6fcb28212ad7f47baa75609be8d4298665	uri-web-content,read-proof-history,token-payment,security-supply-chain	erc-7528.md
ERC	7529	yes	https://eips.ethereum.org/EIPS/eip-7529	Contract Discovery and eTLD+1 Association	Draft	Standards Track	ERC	2023-09-30	1191	1935	4e2a158fc13ba297eb541059dda8d02e97e58fe2490019b4acc0d95917368906	account-wallet,uri-web-content,read-proof-history,app-package-runtime,identity-principal,cross-chain,token-payment,security-supply-chain	erc-7529.md
ERC	7531	yes	https://eips.ethereum.org/EIPS/eip-7531	Staked ERC-721 Ownership Recognition	Review	Standards Track	ERC	2023-10-01	165, 721	1748	c2091fadc8dd4dd7c8117ea8d7ce8a25ad05950ed4c70a9edd5ac1b1b31bfd5e	account-wallet,uri-web-content,read-proof-history,app-package-runtime,cross-chain,token-payment,security-supply-chain	erc-7531.md
ERC	7533	yes	https://eips.ethereum.org/EIPS/eip-7533	Public Cross Port	Draft	Standards Track	ERC	2023-10-11		2900	d9734e03e981d1a2d323fac3dff5508c5107c59d384476d577bfcaa95c27e261	account-wallet,uri-web-content,read-proof-history,app-package-runtime,privacy,cross-chain,token-payment,security-supply-chain,offline-storage	erc-7533.md
ERC	7535	yes	https://eips.ethereum.org/EIPS/eip-7535	Native Asset ERC-4626 Tokenized Vault	Final	Standards Track	ERC	2023-10-12	20, 4626, 7528	956	754d348416e8afe83d9321fba86641a994c673903a996e48cac1b93702ca7824	uri-web-content,read-proof-history,token-payment,security-supply-chain	erc-7535.md
ERC	7538	yes	https://eips.ethereum.org/EIPS/eip-7538	Multiplicative Tokens	Draft	Standards Track	ERC	2023-10-18	20, 1046, 1155	374	8cc40dd82a4497455eb20ad0785b0ab06eae054be47829911cca220ff8035eca	uri-web-content,token-payment,security-supply-chain,human-interface	erc-7538.md
ERC	7540	yes	https://eips.ethereum.org/EIPS/eip-7540	Asynchronous ERC-4626 Tokenized Vaults	Final	Standards Track	ERC	2023-10-18	20, 165, 4626, 7575	3856	3d517b81b0a39848241578efa6e175024ce8b52d03e15b6edda357087a38bc72	account-wallet,uri-web-content,read-proof-history,identity-principal,cross-chain,token-payment,security-supply-chain,offline-storage,human-interface	erc-7540.md
ERC	7546	yes	https://eips.ethereum.org/EIPS/eip-7546	Upgradeable Clone for Scalable Contracts	Draft	Standards Track	ERC	2023-10-25	165, 1967, 7201	2019	a9b713d01aa8d4f6e2c07256f73154382325bd7aa604718ee2943c62668115fc	account-wallet,uri-web-content,read-proof-history,app-package-runtime,identity-principal,security-supply-chain,offline-storage	erc-7546.md
ERC	7548	yes	https://eips.ethereum.org/EIPS/eip-7548	Open IP Protocol built on NFTs	Draft	Standards Track	ERC	2023-10-31	165, 721	1264	0abcaa4022098bc0298547329092bc90eff9591afb768777c6d81449c38f3389	account-wallet,uri-web-content,read-proof-history,app-package-runtime,token-payment,security-supply-chain	erc-7548.md
ERC	7555	yes	https://eips.ethereum.org/EIPS/eip-7555	Single Sign-On for Account Discovery	Draft	Standards Track	ERC	2023-11-10	4337	1418	20e4e1c3fcf104b173e443d050e6ab4fca93e78d76b3d4d864bfd7210313e013	account-wallet,uri-web-content,read-proof-history,app-package-runtime,privacy,security-supply-chain,offline-storage,human-interface	erc-7555.md
ERC	7561	yes	https://eips.ethereum.org/EIPS/eip-7561	Simple NFT, Simplified ERC-721	Draft	Standards Track	ERC	2023-10-29	721	827	3fa51d5e12abcd46ad3d559b1332139b92a270f97049acdc8ba4002eacb2b473	account-wallet,uri-web-content,read-proof-history,privacy,token-payment,security-supply-chain,offline-storage	erc-7561.md
ERC	7562	yes	https://eips.ethereum.org/EIPS/eip-7562	Account Abstraction Validation Scope Rules	Draft	Standards Track	ERC	2023-09-01		4759	c272039c9b7497132eabd87853e74c1123dadcb97997c8ecb94d4ee7d862ac4c	account-wallet,uri-web-content,identity-principal,cross-chain,token-payment,security-supply-chain,offline-storage	erc-7562.md
ERC	7564	yes	https://eips.ethereum.org/EIPS/eip-7564	Contract wallet management NFT	Draft	Standards Track	ERC	2023-11-21	165	1265	862d4a4391dfde52db47f8b6314c140deb759b11ff8c493b98bd6d1e35f5275a	account-wallet,uri-web-content,read-proof-history,token-payment,security-supply-chain,offline-storage	erc-7564.md
ERC	7565	yes	https://eips.ethereum.org/EIPS/eip-7565	Perpetual Contract NFTs as Collateral	Draft	Standards Track	ERC	2023-11-27	721, 4907	2204	3014290be859fc89e5aaf6bb1ae4f6beee715857c5df10410eea347ced96514c	uri-web-content,read-proof-history,token-payment,security-supply-chain,offline-storage	erc-7565.md
ERC	7566	yes	https://eips.ethereum.org/EIPS/eip-7566	Multiplayer Game Communication	Draft	Standards Track	ERC	2023-11-28		1176	bf2df7d0454d477af0faa281db752eb2d5728841171b2b537924f2f3040eac41	uri-web-content,read-proof-history,security-supply-chain,offline-storage	erc-7566.md
ERC	7572	yes	https://eips.ethereum.org/EIPS/eip-7572	Contract-level metadata via `contractURI()`	Draft	Standards Track	ERC	2023-12-06		632	fde854d4182730378590bdf686fc8e90641854f8cde62d9d775e68e960a58e22	uri-web-content,read-proof-history,app-package-runtime,security-supply-chain	erc-7572.md
ERC	7573	yes	https://eips.ethereum.org/EIPS/eip-7573	Conditional-upon-Transfer-Decryption for DvP	Draft	Standards Track	ERC	2023-12-05		4750	7cbf544563ab66cd154f78edd9c947839e1d9d9f1d9b7b016cfa947d43d7aaf6	account-wallet,uri-web-content,read-proof-history,app-package-runtime,privacy,token-payment,security-supply-chain,offline-storage	erc-7573.md
ERC	7574	yes	https://eips.ethereum.org/EIPS/eip-7574	Authentication SBT using Credential	Draft	Standards Track	ERC	2023-11-02	165, 721, 5192	1011	1c78b0aeb584410d105a2c8bd4435749764a4313e229fd0327a2621718111f90	account-wallet,uri-web-content,read-proof-history,app-package-runtime,identity-principal,privacy,cross-chain,token-payment,security-supply-chain	erc-7574.md
ERC	7575	yes	https://eips.ethereum.org/EIPS/eip-7575	Multi-Asset ERC-4626 Vaults	Final	Standards Track	ERC	2023-12-11	20, 165, 2771, 4626	1041	f8cd419ec250eca9201b13ed05d4f0e698a81b074d874e499ab7724954e8b077	account-wallet,uri-web-content,read-proof-history,token-payment,security-supply-chain	erc-7575.md
ERC	7578	yes	https://eips.ethereum.org/EIPS/eip-7578	Physical Asset Redemption	Final	Standards Track	ERC	2023-08-01	165, 721	1849	f7dc69487f145378ba106a5b77b664230b5780298918f032b0d3df1d3704d218	account-wallet,uri-web-content,read-proof-history,identity-principal,privacy,token-payment,security-supply-chain,offline-storage,human-interface	erc-7578.md
ERC	7579	yes	https://eips.ethereum.org/EIPS/eip-7579	Minimal Modular Smart Accounts	Draft	Standards Track	ERC	2023-12-14	165, 1271, 2771, 4337	3855	df9f94dd8f75518b1ed6cf234a3d66e1d8708ec3b494e3e3654c9c63e776b3c2	account-wallet,uri-web-content,read-proof-history,app-package-runtime,cross-chain,security-supply-chain	erc-7579.md
ERC	7580	yes	https://eips.ethereum.org/EIPS/eip-7580	Advertisement Tracking Interface	Draft	Standards Track	ERC	2023-12-13		652	6f70562799d3a109808591635d03ac6e06eda2419297364ef913dce71b7bfbba	uri-web-content,read-proof-history,identity-principal,security-supply-chain	erc-7580.md
ERC	7582	yes	https://eips.ethereum.org/EIPS/eip-7582	Modular Accounts with Delegated Validation	Draft	Standards Track	ERC	2023-12-25	4337	1614	3f1fc2083fe14eed2e7104ca97408ad515c5fdf00b9368ce6d25e5518b6fa6d5	account-wallet,uri-web-content,read-proof-history,app-package-runtime,identity-principal,cross-chain,token-payment,security-supply-chain,offline-storage	erc-7582.md
ERC	7585	yes	https://eips.ethereum.org/EIPS/eip-7585	MixHash and Public Data Storage Proofs	Draft	Standards Track	ERC	2023-12-27	165, 721, 1155	2739	ad153b7baba71e2e6b6bbcdda68b9baf922a3a5ee31fe15f8f7c5440b39dc2df	account-wallet,uri-web-content,read-proof-history,identity-principal,privacy,agent-automation,cross-chain,security-supply-chain,offline-storage	erc-7585.md
ERC	7586	yes	https://eips.ethereum.org/EIPS/eip-7586	Interest Rate Swaps	Review	Standards Track	ERC	2023-12-31	20, 165	1395	b17e170ce5b52765bec930439d5c1b843a92c0369670cbda1b76a3fc93328c92	uri-web-content,read-proof-history,identity-principal,cross-chain,token-payment,security-supply-chain	erc-7586.md
ERC	7588	yes	https://eips.ethereum.org/EIPS/eip-7588	Blob Transactions Metadata JSON Schema	Final	Standards Track	ERC	2024-01-01	4844	1059	a2fbbbe7a9f43de1710d2da9375c89ff77b27a3d64bf5674ae2c5c58529db596	account-wallet,uri-web-content,read-proof-history,app-package-runtime,cross-chain,token-payment,security-supply-chain,offline-storage	erc-7588.md
ERC	7589	yes	https://eips.ethereum.org/EIPS/eip-7589	Semi-Fungible Token Roles	Draft	Standards Track	ERC	2023-12-28	165, 1155	3006	59f17bbd27c0a4b4bc5f3d06ced57afa4c79650fd92e50e9ea934bede4ba5f8f	account-wallet,uri-web-content,read-proof-history,identity-principal,cross-chain,token-payment,security-supply-chain,human-interface	erc-7589.md
ERC	7590	yes	https://eips.ethereum.org/EIPS/eip-7590	ERC-20 Holder Extension for NFTs	Review	Standards Track	ERC	2024-01-05	20, 165, 721	1403	8a36ebc6314c9da88bad04ec8468f72bc976953ed215a254a09cb13bf208ce07	account-wallet,uri-web-content,read-proof-history,cross-chain,token-payment,security-supply-chain	erc-7590.md
ERC	7595	yes	https://eips.ethereum.org/EIPS/eip-7595	Collateralized NFT	Draft	Standards Track	ERC	2023-03-13	20, 721	2464	6461c1db84e23e94889929146b3c1d7bfac75d4e20075d447e1c443841bd3060	uri-web-content,read-proof-history,token-payment,security-supply-chain	erc-7595.md
ERC	7597	yes	https://eips.ethereum.org/EIPS/eip-7597	Signature Validation Extension for Permit	Draft	Standards Track	ERC	2024-01-15	1271, 2612	713	aa8604031b838d76db6a2112841b5836ef2c7196b2d9ded9de0397ac5efd4e21	account-wallet,uri-web-content,read-proof-history,token-payment,security-supply-chain	erc-7597.md
ERC	7598	yes	https://eips.ethereum.org/EIPS/eip-7598	Use contract signature for signed transfer	Draft	Standards Track	ERC	2024-01-15	1271, 3009	903	82df4092419eb2f59890af65c5fc44f88deeeecbf0bffd878f030f45831a71d7	account-wallet,uri-web-content,read-proof-history,token-payment,security-supply-chain	erc-7598.md
ERC	7603	yes	https://eips.ethereum.org/EIPS/eip-7603	ERC-1155 Multi-Asset extension	Draft	Standards Track	ERC	2024-01-25	165, 1155	1205	33b1df874c5f9256bcbcd24897318c44094ce523366d21163e455869d7e6a0f9	uri-web-content,read-proof-history,app-package-runtime,token-payment,security-supply-chain	erc-7603.md
ERC	7604	yes	https://eips.ethereum.org/EIPS/eip-7604	ERC-1155 Permit Approvals	Draft	Standards Track	ERC	2024-01-27	165, 712, 1155, 1271, 2098, 5216	1156	837857bc8bbf9b6e2b084d505b362017c34a6e5ef59b354d09dace08ab7295be	account-wallet,uri-web-content,read-proof-history,cross-chain,token-payment,security-supply-chain	erc-7604.md
ERC	7613	yes	https://eips.ethereum.org/EIPS/eip-7613	Puppet Proxy Contract	Draft	Standards Track	ERC	2024-02-04		2919	27a71d3b78ae9c6c4bd8383506ce97596fddb5d4cecfe2c1bd15bbed2f0f56f9	account-wallet,uri-web-content,read-proof-history,app-package-runtime,token-payment,security-supply-chain	erc-7613.md
ERC	7615	yes	https://eips.ethereum.org/EIPS/eip-7615	Atomic Push-based Data Feed Among Contracts	Draft	Standards Track	ERC	2024-02-03		1962	d127cf6d7051764d2b7eec16662e249333c21a27972a91f5c0c8fa22deb1000d	account-wallet,uri-web-content,read-proof-history,privacy,token-payment,security-supply-chain	erc-7615.md
ERC	7617	yes	https://eips.ethereum.org/EIPS/eip-7617	Chunk support for ERC-5219 mode in Web3 URL	Draft	Standards Track	ERC	2024-02-08	5219, 6944	360	424641306dce0362331914d9d58bacbf11d0cea1d68b93533ce9d3561e568009	uri-web-content,app-package-runtime,security-supply-chain	erc-7617.md
ERC	7618	yes	https://eips.ethereum.org/EIPS/eip-7618	Content encoding in ERC-5219 mode Web3 URL	Draft	Standards Track	ERC	2024-02-08	5219, 6944	418	d5743926527fa819513dd67de0618253cc71d415aa78996db962b014ff9e1f7f	uri-web-content,app-package-runtime,identity-principal,security-supply-chain,offline-storage	erc-7618.md
ERC	7621	yes	https://eips.ethereum.org/EIPS/eip-7621	Basket Token	Draft	Standards Track	ERC	2024-02-11	20, 165, 173	3718	cd67dad6071241b5916b3af20f7b2df02da6aab5d1914ce31ce926000b430ac5	account-wallet,uri-web-content,read-proof-history,privacy,token-payment,security-supply-chain,offline-storage,human-interface	erc-7621.md
ERC	7627	yes	https://eips.ethereum.org/EIPS/eip-7627	Secure Messaging Protocol	Final	Standards Track	ERC	2024-02-19		1057	b6051bd40406d99cd036da7f493c26b0d2daf46beb006d8bb2d20ad0206393c4	account-wallet,uri-web-content,read-proof-history,identity-principal,privacy,cross-chain,security-supply-chain,offline-storage,human-interface	erc-7627.md
ERC	7628	yes	https://eips.ethereum.org/EIPS/eip-7628	ERC-721 Ownership Shares Extension	Review	Standards Track	ERC	2024-02-20	721	1259	ce3aa3ea4c5315d34ffcc084ff16c6c4d606b383ea1f2f60f2f2c4d96626facc	account-wallet,uri-web-content,read-proof-history,identity-principal,privacy,token-payment,security-supply-chain,human-interface	erc-7628.md
ERC	7629	yes	https://eips.ethereum.org/EIPS/eip-7629	ERC-20/ERC-721 Unified Token Interface	Draft	Standards Track	ERC	2024-02-18	20, 165, 721	1699	59cb6a0769e115a57cb521f661b6ff64f0b4d0f99e28845e6a0c5c442ee676db	uri-web-content,read-proof-history,cross-chain,token-payment,security-supply-chain	erc-7629.md
ERC	7631	yes	https://eips.ethereum.org/EIPS/eip-7631	Dual Nature Token Pair	Final	Standards Track	ERC	2024-02-21	20, 721	1318	66e921615500639b6720095b886f2305faf1d6a691fc85401a2a8b009e866be7	uri-web-content,read-proof-history,token-payment,security-supply-chain,human-interface	erc-7631.md
ERC	7632	yes	https://eips.ethereum.org/EIPS/eip-7632	Interfaces for Named Token	Draft	Standards Track	ERC	2024-02-08	165	450	577acfaed09bf23727275ca60473b65302506b012f8f1499d899252269174fa6	uri-web-content,read-proof-history,token-payment,security-supply-chain,human-interface	erc-7632.md
ERC	7634	yes	https://eips.ethereum.org/EIPS/eip-7634	Limited Transfer Count NFT	Final	Standards Track	ERC	2024-02-22	165, 721	1131	736c904ce91309ec612c26bbec23d25966f00c0289f36601e1dbdf7fed28f5ea	uri-web-content,read-proof-history,app-package-runtime,identity-principal,privacy,agent-automation,token-payment,security-supply-chain	erc-7634.md
ERC	7638	yes	https://eips.ethereum.org/EIPS/eip-7638	Batch Calls Encoding in SCA	Draft	Standards Track	ERC	2024-02-26		1060	b0ef0fe4368ef38eebb0ebce957ff3f9d8d69945d9be5fc14110eceb17a6144a	account-wallet,uri-web-content,privacy,cross-chain,token-payment,security-supply-chain	erc-7638.md
ERC	7641	yes	https://eips.ethereum.org/EIPS/eip-7641	Intrinsic RevShare Token	Draft	Standards Track	ERC	2024-02-28	20	1944	ba4eb7aa665478a5f87bd87e4fc19e00f6f014aeb641a69af45086ff3bda1d4d	uri-web-content,read-proof-history,token-payment,security-supply-chain	erc-7641.md
ERC	7644	yes	https://eips.ethereum.org/EIPS/eip-7644	ERC-721 Name Registry Extension	Draft	Standards Track	ERC	2024-03-01	721	1329	d524845773a09613a7a0f473e9b0023dc39cb1026e268d87646364fa45ad8e04	uri-web-content,read-proof-history,app-package-runtime,identity-principal,privacy,token-payment,security-supply-chain	erc-7644.md
ERC	7649	yes	https://eips.ethereum.org/EIPS/eip-7649	Bonding curve-embedded liquidity for NFTs	Draft	Standards Track	ERC	2024-02-28	721	2843	de369a0f09444ab9732143b03c4c140d9213b95ce60501ae4dec20d61bedd560	uri-web-content,read-proof-history,app-package-runtime,identity-principal,token-payment,security-supply-chain,offline-storage	erc-7649.md
ERC	7651	yes	https://eips.ethereum.org/EIPS/eip-7651	Fractionally Represented Non-Fungible Token	Draft	Standards Track	ERC	2024-03-05	20, 165, 721	3270	2988cfd6ff179fa89b24d13c62100c72d88612e6c4aed3e2617f2edf489aac70	uri-web-content,read-proof-history,identity-principal,token-payment,security-supply-chain,offline-storage,human-interface	erc-7651.md
ERC	7652	yes	https://eips.ethereum.org/EIPS/eip-7652	ERC-721 Guarantee Extension	Draft	Standards Track	ERC	2024-03-10	165, 721	908	d7a5dd2b2d8d585bbbace2fd6f27c6949159e7c2753d74cbe6792ffaea731ed8	uri-web-content,read-proof-history,token-payment,security-supply-chain	erc-7652.md
ERC	7654	yes	https://eips.ethereum.org/EIPS/eip-7654	Request Method Types	Draft	Standards Track	ERC	2024-03-13		984	55b65aa402c40faafc038ba66fcd6862efaee5d245b1368e39ac04631788552c	uri-web-content,read-proof-history,app-package-runtime,security-supply-chain	erc-7654.md
ERC	7656	yes	https://eips.ethereum.org/EIPS/eip-7656	Generalized Contract-Linked Services	Final	Standards Track	ERC	2024-03-15	20, 165, 721, 1155, 1167, 4337	1721	982a418db056e2cc20e7e5ccfe6c8437c821b4165d54f7e9f2f3568b555071a1	account-wallet,uri-web-content,read-proof-history,app-package-runtime,identity-principal,privacy,cross-chain,token-payment,security-supply-chain,offline-storage,human-interface	erc-7656.md
ERC	7662	yes	https://eips.ethereum.org/EIPS/eip-7662	AI Agent NFTs	Draft	Standards Track	ERC	2024-03-26	721	1221	a8ee55f46d4bb1ea0579781b9ce3c357d5da1b0d2781ba9147b3afee20b73fd1	account-wallet,uri-web-content,read-proof-history,identity-principal,privacy,agent-automation,token-payment,security-supply-chain,offline-storage,human-interface	erc-7662.md
ERC	7673	yes	https://eips.ethereum.org/EIPS/eip-7673	Distinguishable base256emoji Addresses	Review	Standards Track	ERC	2024-04-01		2557	0400670c72f14f9c4e5a40472390ca586c93a10cd39fcbff2511cbe48c3b33df	uri-web-content,identity-principal,token-payment,security-supply-chain,human-interface	erc-7673.md
ERC	7674	yes	https://eips.ethereum.org/EIPS/eip-7674	Temporary Approval Extension for ERC-20	Review	Standards Track	ERC	2024-04-02	20, 1153	626	b35d16def6b1dc6b7cca2050dcacc34259ef2c30e1f43453c4dcd739787551d7	uri-web-content,read-proof-history,token-payment,security-supply-chain,offline-storage	erc-7674.md
ERC	7677	yes	https://eips.ethereum.org/EIPS/eip-7677	Paymaster Web Service Capability	Review	Standards Track	ERC	2024-04-03	4337, 5792	2166	efd76e1551bc5edbad6d06c5390e9f64fb102658da6112df1ad914711b324a78	account-wallet,uri-web-content,app-package-runtime,cross-chain,security-supply-chain,human-interface	erc-7677.md
ERC	7679	yes	https://eips.ethereum.org/EIPS/eip-7679	UserOperation Builder	Draft	Standards Track	ERC	2024-04-05	4337	1816	91abddb21930b89df4af26675be1375725e2bb9548930fb8ce8c7fce1ecc3502	account-wallet,uri-web-content,app-package-runtime,privacy,security-supply-chain	erc-7679.md
ERC	7681	yes	https://eips.ethereum.org/EIPS/eip-7681	Dual Nature Multi Token Protocol	Draft	Standards Track	ERC	2024-04-08	20, 1155	925	38595f0f33420b10a66436e9a1b86151ffd7033fbca0c4192591059ec292c722	uri-web-content,read-proof-history,token-payment,security-supply-chain	erc-7681.md
ERC	7682	yes	https://eips.ethereum.org/EIPS/eip-7682	Auxiliary Funds Capability	Draft	Standards Track	ERC	2024-04-09	5792	1610	6b18c653bd48868bd970764eff2519b135e9016c4646abe2204b3eaf50073eb4	account-wallet,uri-web-content,app-package-runtime,cross-chain,token-payment,security-supply-chain	erc-7682.md
ERC	7683	yes	https://eips.ethereum.org/EIPS/eip-7683	Cross Chain Intents	Draft	Standards Track	ERC	2024-04-11	7930	3799	3c074351d113e40984ec2ea29cdfa69c434eaab9ef8ff50c0662a892cece598d	account-wallet,uri-web-content,read-proof-history,app-package-runtime,identity-principal,agent-automation,cross-chain,token-payment,security-supply-chain	erc-7683.md
ERC	7694	yes	https://eips.ethereum.org/EIPS/eip-7694	Solana Storage Router	Draft	Standards Track	ERC	2024-04-18	3668, 7700	1283	8d3da514779e17d8e28ca0462d47c514b84c6be2926be3c957e51aeec80c3ffa	account-wallet,uri-web-content,read-proof-history,app-package-runtime,agent-automation,cross-chain,security-supply-chain,offline-storage	erc-7694.md
ERC	7695	yes	https://eips.ethereum.org/EIPS/eip-7695	Ownership Delegation and Context for ERC-721	Draft	Standards Track	ERC	2024-04-02	165, 721	4617	6437baf99286a4cf2f05ac2272e37c2a689ff3c4ee84b189688c41f01d8f4aee	account-wallet,uri-web-content,read-proof-history,identity-principal,token-payment,security-supply-chain	erc-7695.md
ERC	7699	yes	https://eips.ethereum.org/EIPS/eip-7699	ERC-20 Transfer Reference Extension	Draft	Standards Track	ERC	2024-04-26	20, 165	1648	27bc4d0d6eb681fa52c40110c7182e16175814631ecafb4182dad023242466c6	account-wallet,uri-web-content,read-proof-history,app-package-runtime,identity-principal,privacy,cross-chain,token-payment,security-supply-chain,offline-storage	erc-7699.md
ERC	7700	yes	https://eips.ethereum.org/EIPS/eip-7700	Cross-chain Storage Router Protocol	Draft	Standards Track	ERC	2024-04-30	155	2881	d051bea65adf205d80ec7538970c60ff639f05f50cd0ef7979fac4d9c1860041	account-wallet,uri-web-content,read-proof-history,app-package-runtime,privacy,cross-chain,security-supply-chain,offline-storage,human-interface	erc-7700.md
ERC	7710	yes	https://eips.ethereum.org/EIPS/eip-7710	Smart Contract Delegation	Draft	Standards Track	ERC	2024-05-20	1271, 7579	1777	322ed3a0eb61d8099cc462ca4785287ae3b2b13a1ceb363e420894c7983ada51	account-wallet,uri-web-content,read-proof-history,cross-chain,security-supply-chain	erc-7710.md
ERC	7715	yes	https://eips.ethereum.org/EIPS/eip-7715	Request Permissions from Wallets	Draft	Standards Track	ERC	2024-05-24	4337, 7710	2156	b1ab7d0ce341a0a377e7c3f0f7afecb8b076c3254aeda1939a4371f72e00bf12	account-wallet,uri-web-content,identity-principal,privacy,cross-chain,token-payment,security-supply-chain,offline-storage,human-interface	erc-7715.md
ERC	7720	yes	https://eips.ethereum.org/EIPS/eip-7720	Deferred Token Transfer	Draft	Standards Track	ERC	2024-06-09	20	1181	c3dd19120306c4bbcb71b9611ace92eed13768492df0fdabb264643b592ef124	uri-web-content,read-proof-history,identity-principal,token-payment,security-supply-chain,offline-storage	erc-7720.md
ERC	7721	yes	https://eips.ethereum.org/EIPS/eip-7721	Lockable Extension for ERC-1155	Draft	Standards Track	ERC	2023-05-25	165, 1155	1723	50f60140afc02423c44d58f38cf0798d48ae86ebe4d7fa3e810a2d4834dfd8c7	account-wallet,uri-web-content,read-proof-history,app-package-runtime,token-payment,security-supply-chain	erc-7721.md
ERC	7722	yes	https://eips.ethereum.org/EIPS/eip-7722	Opaque Token	Draft	Standards Track	ERC	2024-06-09		2272	31b5bb121a298a0ed1a74c6f56a2085a7ae805cbbbded528666345547ac8f38b	account-wallet,uri-web-content,read-proof-history,privacy,token-payment,security-supply-chain,offline-storage	erc-7722.md
ERC	7726	yes	https://eips.ethereum.org/EIPS/eip-7726	Common Quote Oracle	Draft	Standards Track	ERC	2024-06-20	7528	652	35562f74d0d8783036eaebb4d58235eb584ba69080eddfb1f5aab5d1484932b6	account-wallet,uri-web-content,token-payment,security-supply-chain	erc-7726.md
ERC	7729	yes	https://eips.ethereum.org/EIPS/eip-7729	Token with Metadata	Draft	Standards Track	ERC	2023-06-24	20	379	0dba937dc695475d9835e448aaf8f3979bc9240c91765755eae5dda66818c3e4	uri-web-content,token-payment,security-supply-chain	erc-7729.md
ERC	7730	yes	https://eips.ethereum.org/EIPS/eip-7730	Structured Data Clear Signing Format	Draft	Standards Track	ERC	2024-02-07	155, 712	13226	00696e0df962dcb55443ab5f46dfb1b3424061f5ee5ea3828d3a3c4b2a282f41	account-wallet,uri-web-content,read-proof-history,app-package-runtime,identity-principal,privacy,agent-automation,cross-chain,token-payment,security-supply-chain,offline-storage,human-interface	erc-7730.md
ERC	7734	yes	https://eips.ethereum.org/EIPS/eip-7734	Decentralized Identity Verification (DID)	Final	Standards Track	ERC	2024-06-26		1288	bccd52a4b547dd872a40bc0cd53496658ccfee74c5a1b7f22c3d73062d6a5d50	uri-web-content,read-proof-history,identity-principal,privacy,cross-chain,security-supply-chain	erc-7734.md
ERC	7738	yes	https://eips.ethereum.org/EIPS/eip-7738	Permissionless Script Registry	Draft	Standards Track	ERC	2024-07-01	173	960	6b21595d6eddf87de98a913bd808d2101760e948c8c781f7954b1ddd5b80faae	account-wallet,uri-web-content,read-proof-history,app-package-runtime,privacy,cross-chain,token-payment,security-supply-chain	erc-7738.md
ERC	7739	yes	https://eips.ethereum.org/EIPS/eip-7739	Readable Typed Signatures for Smart Accounts	Draft	Standards Track	ERC	2024-05-28	191, 712, 1271, 5267	1826	2c2a083916258d640d35902d8933a8f3f5ec6c46d1cb1a10f45cbfa1123985c0	account-wallet,uri-web-content,read-proof-history,app-package-runtime,identity-principal,cross-chain,security-supply-chain,offline-storage	erc-7739.md
ERC	7741	yes	https://eips.ethereum.org/EIPS/eip-7741	Authorize Operator	Draft	Standards Track	ERC	2024-06-03	712, 1271	853	af99c7e29da59a2be9beb94a32019816f7d30e827a0ee2c129ea1283a936ce77	account-wallet,uri-web-content,read-proof-history,identity-principal,cross-chain,token-payment,security-supply-chain	erc-7741.md
ERC	7743	yes	https://eips.ethereum.org/EIPS/eip-7743	Multi-Owner Non-Fungible Tokens (MO-NFT)	Final	Standards Track	ERC	2024-07-13		1829	365a9ce19d75560b395b717f647de203e28185d92768093e96c55cdb24d07ace	account-wallet,uri-web-content,read-proof-history,identity-principal,cross-chain,token-payment,security-supply-chain	erc-7743.md
ERC	7744	yes	https://eips.ethereum.org/EIPS/eip-7744	Code Index	Last Call	Standards Track	ERC	2024-07-16		1008	c3195efb8878f93eacabdcda9cbead5bd36a2b1c70e3e93c7e001f8bcb32a903	account-wallet,uri-web-content,read-proof-history,app-package-runtime,privacy,security-supply-chain,offline-storage	erc-7744.md
ERC	7746	yes	https://eips.ethereum.org/EIPS/eip-7746	Composable Security Middleware Hooks	Last Call	Standards Track	ERC	2024-07-17		760	7a7f11c22fb011d8b38ff00341de7edd9990182e8689298c42df2cf0a319de7a	uri-web-content,app-package-runtime,security-supply-chain	erc-7746.md
ERC	7750	yes	https://eips.ethereum.org/EIPS/eip-7750	Decentralized Employment System	Review	Standards Track	ERC	2024-08-04		2555	51209eb1097706fbbdc5fe53e1b6d4d60f83d2ef99271d454f2a3ad14aab6717	account-wallet,uri-web-content,read-proof-history,identity-principal,token-payment,security-supply-chain,human-interface	erc-7750.md
ERC	7751	yes	https://eips.ethereum.org/EIPS/eip-7751	Wrapping of bubbled up reverts	Final	Standards Track	ERC	2024-08-06		798	a412260bc3e80695e0370c5c6b9b3e993db19fadc50bc6c1bc917ed8ea3db0b8	account-wallet,uri-web-content,read-proof-history,identity-principal,token-payment,security-supply-chain,human-interface	erc-7751.md
ERC	7754	yes	https://eips.ethereum.org/EIPS/eip-7754	Tamperproof Extension Wallets API (TWIST)	Draft	Standards Track	ERC	2024-07-29	1193	1938	5dcd75dfbc3ef18e63138e3232c07c8b8a713130cbb95296c9ce14a851a24b9d	account-wallet,uri-web-content,read-proof-history,app-package-runtime,privacy,cross-chain,security-supply-chain,offline-storage,human-interface	erc-7754.md
ERC	7758	yes	https://eips.ethereum.org/EIPS/eip-7758	Transfer With Authorization	Review	Standards Track	ERC	2020-09-28	20, 712	2499	abffe413320ccd40e802eef48ed8f65cf9ca9cfa1e769411abb11dcbd7812e01	account-wallet,uri-web-content,read-proof-history,identity-principal,privacy,cross-chain,token-payment,security-supply-chain	erc-7758.md
ERC	7760	yes	https://eips.ethereum.org/EIPS/eip-7760	Minimal Upgradeable Proxies	Draft	Standards Track	ERC	2024-08-19	1967	2040	46012deabc184ecf327ff826134864a9c069724f1b60317950d3b08ff8cda792	account-wallet,uri-web-content,read-proof-history,app-package-runtime,security-supply-chain,offline-storage	erc-7760.md
ERC	7765	yes	https://eips.ethereum.org/EIPS/eip-7765	Privileged Non-Fungible Tokens Tied To RWA	Draft	Standards Track	ERC	2024-08-20	165, 721	1188	3dc7d2fa867be18ad879fbc0e52eff6f8322e0cad5003a8f3e35b709e45fe8e0	uri-web-content,read-proof-history,cross-chain,token-payment,security-supply-chain,offline-storage	erc-7765.md
ERC	7766	yes	https://eips.ethereum.org/EIPS/eip-7766	Signature Aggregation for ERC-4337	Withdrawn	Standards Track	ERC	2024-09-01	4337, 7562	873	62ede568174358912a3fb77cbbf6dbb032b4d1e7f0e37a05aafa10fbc2f0f146	account-wallet,uri-web-content,token-payment,security-supply-chain,offline-storage	erc-7766.md
ERC	7769	yes	https://eips.ethereum.org/EIPS/eip-7769	JSON-RPC API for ERC-4337	Draft	Standards Track	ERC	2024-08-23	155, 4337, 7562	2321	257dd55028747bd6a590a81ba53c8eb40e44fde2adc65a773e19dbe7c87e4624	account-wallet,uri-web-content,read-proof-history,app-package-runtime,cross-chain,token-payment,security-supply-chain,offline-storage	erc-7769.md
ERC	7770	yes	https://eips.ethereum.org/EIPS/eip-7770	Fractional Reserve Token	Draft	Standards Track	ERC	2024-09-17	20	1435	f2071ff13b8ecb30a6c898364722e8810ba33b574bcec363fdb9f00b0b1cf44a	uri-web-content,read-proof-history,token-payment,security-supply-chain	erc-7770.md
ERC	7774	yes	https://eips.ethereum.org/EIPS/eip-7774	Cache invalidation in ERC-5219 mode Web3 URL	Draft	Standards Track	ERC	2024-09-20	5219, 6944	1659	a05d3adf47e0c076d4d0a564507eb6224f45b2f6320c0786b46c4d64ed914e01	uri-web-content,read-proof-history,app-package-runtime,cross-chain,security-supply-chain,offline-storage	erc-7774.md
ERC	7776	yes	https://eips.ethereum.org/EIPS/eip-7776	Transparent Financial Statements	Review	Standards Track	ERC	2024-09-20	20	2110	a1304837d9a9cbf0e53793f9ce9f3833c3cf49725ae59468adfda51a1ba50bad	uri-web-content,token-payment,security-supply-chain	erc-7776.md
ERC	7777	yes	https://eips.ethereum.org/EIPS/eip-7777	Governance for Human Robot Societies	Review	Standards Track	ERC	2024-09-29		4023	1ca8f63b1b0602f245e9d1408c492e6647fef71b9501d31be253db1876e04b0f	account-wallet,uri-web-content,read-proof-history,app-package-runtime,identity-principal,privacy,security-supply-chain	erc-7777.md
ERC	7779	yes	https://eips.ethereum.org/EIPS/eip-7779	Interoperable Delegated Accounts	Draft	Standards Track	ERC	2024-10-02	7201, 7702	1891	726aa5b3e66561be9bb6a2a5d14d03ce74b43509846800a4b53f778123abaa33	account-wallet,uri-web-content,read-proof-history,cross-chain,security-supply-chain,offline-storage	erc-7779.md
ERC	7780	yes	https://eips.ethereum.org/EIPS/eip-7780	Validation Module Extension for ERC-7579	Draft	Standards Track	ERC	2024-10-01	7579	1186	2a19b43c2031ac950dda3244627c0f87dacfc18a12e6d67deb8d3bd57ab7e330	account-wallet,uri-web-content,read-proof-history,app-package-runtime,security-supply-chain	erc-7780.md
ERC	7785	yes	https://eips.ethereum.org/EIPS/eip-7785	Onchain registration of chain identifiers	Draft	Standards Track	ERC	2024-09-26	2304	815	31800598a35099790003c01b06ccf8be55de160506aa76d673faa8fce5c35a69	account-wallet,uri-web-content,cross-chain,security-supply-chain	erc-7785.md
ERC	7786	yes	https://eips.ethereum.org/EIPS/eip-7786	Cross-Chain Messaging Gateway	Final	Standards Track	ERC	2024-10-14	7930	1953	5931a5e45bb62bc8bde8e2f678afcaf1728840ce5075ccd44d75a791384e9f5a	account-wallet,uri-web-content,read-proof-history,app-package-runtime,identity-principal,cross-chain,token-payment,security-supply-chain,offline-storage	erc-7786.md
ERC	7787	yes	https://eips.ethereum.org/EIPS/eip-7787	Soulbound Degradable Governance	Draft	Standards Track	ERC	2024-10-15	20	1311	7d9b514452f25b4e2acaf26d8dab33fe76aac570d96f68dbb2724623be6a0675	uri-web-content,read-proof-history,privacy,token-payment,security-supply-chain	erc-7787.md
ERC	7794	yes	https://eips.ethereum.org/EIPS/eip-7794	Grant Registry	Draft	Standards Track	ERC	2024-10-22		3495	397b0ee6d3779ebba97c43d35d23d6ad056467dc56842115064d0799fd7a5f22	uri-web-content,read-proof-history,app-package-runtime,privacy,cross-chain,token-payment,security-supply-chain,offline-storage	erc-7794.md
ERC	7795	yes	https://eips.ethereum.org/EIPS/eip-7795	Wallet Call Token Capabilities	Draft	Standards Track	ERC	2024-10-22	20, 721, 1155, 5792	1908	3b2dfc0ac25d6550e61f41265919676fcf8e217bc4d77d6c7f5c7bb243309b2a	account-wallet,uri-web-content,read-proof-history,agent-automation,cross-chain,token-payment,security-supply-chain,human-interface	erc-7795.md
ERC	7796	yes	https://eips.ethereum.org/EIPS/eip-7796	Conditional send transaction RPC	Review	Standards Track	ERC	2024-04-16		1087	1e909b47785a3e1cb7f496f7b8f52a2bdca613845f6711d41c918fdd12059ba9	account-wallet,uri-web-content,read-proof-history,privacy,token-payment,security-supply-chain,offline-storage	erc-7796.md
ERC	7802	yes	https://eips.ethereum.org/EIPS/eip-7802	Token With Mint/Burn Access Across Chains	Draft	Standards Track	ERC	2024-10-30	165, 5679	1913	afdc8a72e04660dc0554961607822b9ca22ac1af7ffa7092367f09c638deb49e	uri-web-content,read-proof-history,app-package-runtime,cross-chain,token-payment,security-supply-chain	erc-7802.md
ERC	7803	yes	https://eips.ethereum.org/EIPS/eip-7803	EIP-712 Extensions for Account Abstraction	Draft	Standards Track	ERC	2024-10-08	712	1070	0838a17c24e39bdae17d8f6bab3216901ab785d68b7a16779fd71c6ea394b326	account-wallet,uri-web-content,app-package-runtime,privacy,security-supply-chain	erc-7803.md
ERC	7806	yes	https://eips.ethereum.org/EIPS/eip-7806	Minimal intent-centric EOA smart account	Draft	Standards Track	ERC	2024-11-02	7702	4413	409e7e9fd9575ccf052142c7a7788c01cf30c7ded7cef8d9eaceba04d67b8768	account-wallet,uri-web-content,read-proof-history,app-package-runtime,privacy,agent-automation,cross-chain,token-payment,security-supply-chain,offline-storage	erc-7806.md
ERC	7811	yes	https://eips.ethereum.org/EIPS/eip-7811	Wallet Asset Discovery	Draft	Standards Track	ERC	2024-11-07	20, 155, 721, 5792	1040	2728abc72c2d70abfe7b8d3d73e1dd0aeb2aa2d3b7ed69fae6215a65832f17e6	account-wallet,uri-web-content,read-proof-history,app-package-runtime,cross-chain,token-payment,security-supply-chain	erc-7811.md
ERC	7812	yes	https://eips.ethereum.org/EIPS/eip-7812	ZK Identity Registry	Review	Standards Track	ERC	2024-11-08		2406	f8c249ccceb5a1cf5a5c049505f8d9f84ed2999244feb97d8a0f5fd1436f10dc	uri-web-content,read-proof-history,app-package-runtime,identity-principal,privacy,cross-chain,security-supply-chain,offline-storage	erc-7812.md
ERC	7813	yes	https://eips.ethereum.org/EIPS/eip-7813	Store, Table-Based Introspectable Storage	Last Call	Standards Track	ERC	2024-11-08		3393	fec4a63f473a94df8eaffac59f837fba63f9790ec06ed90c5f6a011707c64a2d	uri-web-content,read-proof-history,app-package-runtime,privacy,security-supply-chain,offline-storage,human-interface	erc-7813.md
ERC	7818	yes	https://eips.ethereum.org/EIPS/eip-7818	Expirable ERC-20	Final	Standards Track	ERC	2024-11-13	20	1819	893789788c878b3b30154f562a70053ccecdf7dfcfc2993987e2d370f0f90148	uri-web-content,app-package-runtime,identity-principal,token-payment,security-supply-chain	erc-7818.md
ERC	7820	yes	https://eips.ethereum.org/EIPS/eip-7820	Access Control Registry	Final	Standards Track	ERC	2024-11-19		2485	27b9cc0b9f3e588e0faaf2d003bd4ba2387066b3db635dea31610159f70fa677	uri-web-content,read-proof-history,app-package-runtime,privacy,cross-chain,security-supply-chain,offline-storage	erc-7820.md
ERC	7821	yes	https://eips.ethereum.org/EIPS/eip-7821	Minimal Batch Executor Interface	Draft	Standards Track	ERC	2024-11-21	7579	1755	2b7e397fb27d3ab0186c2ab5e99de07d8bf16ce0b6a6df3bc753ed37fe26cc7b	account-wallet,uri-web-content,read-proof-history,cross-chain,security-supply-chain	erc-7821.md
ERC	7827	yes	https://eips.ethereum.org/EIPS/eip-7827	JSON Contract with Value Version Control	Draft	Standards Track	ERC	2024-11-07		692	d4afd53f6d498bbb5688a1e5e03d868ac75fdd2307f34a4cde8ce45f2329df41	uri-web-content,read-proof-history,app-package-runtime,security-supply-chain,human-interface	erc-7827.md
ERC	7828	yes	https://eips.ethereum.org/EIPS/eip-7828	Interoperable Names	Review	Standards Track	ERC	2024-11-27	155, 7930	2152	7c3b058b2bee96a4121d27772065a57b1cbc52b671a910eb8bbf4a630ff0d9ab	account-wallet,uri-web-content,read-proof-history,app-package-runtime,identity-principal,cross-chain,security-supply-chain,human-interface	erc-7828.md
ERC	7829	yes	https://eips.ethereum.org/EIPS/eip-7829	Data Asset NFT	Review	Standards Track	ERC	2024-11-29	165, 721	1488	e0b3962637dc13163fb9925e8fa7a9e3f40deaf9dbc72296c21faef0e819ebd0	account-wallet,uri-web-content,read-proof-history,cross-chain,token-payment,security-supply-chain,offline-storage	erc-7829.md
ERC	7831	yes	https://eips.ethereum.org/EIPS/eip-7831	Multi-Chain Addressing	Draft	Standards Track	ERC	2024-08-30	55, 137, 155, 165, 2304	2246	a9e0ab4165bdac80a89aacbbcdc824e722f815ad44e213e173ba4c4d74c48030	uri-web-content,app-package-runtime,agent-automation,cross-chain,token-payment,security-supply-chain,human-interface	erc-7831.md
ERC	7832	yes	https://eips.ethereum.org/EIPS/eip-7832	Sustainable collaborative NFT collections	Review	Standards Track	ERC	2024-12-04	721	1922	85e882fc7add97ddee473ffdb53ff083d3b40e660226cf3e8de44ba71929920c	account-wallet,uri-web-content,read-proof-history,identity-principal,token-payment,security-supply-chain	erc-7832.md
ERC	7836	yes	https://eips.ethereum.org/EIPS/eip-7836	Wallet Call Preparation API	Draft	Standards Track	ERC	2024-12-06	1193, 5792	1253	ac20c5a0f0f5f8495d28d55a34fc84e3bf3f483eb0bdb969dd6c164667a4dfce	account-wallet,uri-web-content,app-package-runtime,cross-chain,security-supply-chain	erc-7836.md
ERC	7837	yes	https://eips.ethereum.org/EIPS/eip-7837	Diffusive Tokens	Final	Standards Track	ERC	2024-12-07		2076	96de7fc28fbef7c59dd959d1ced295f2a3cac271eb85f4a9f4f686ac5a9ddd0f	uri-web-content,read-proof-history,identity-principal,cross-chain,token-payment,security-supply-chain,human-interface	erc-7837.md
ERC	7841	yes	https://eips.ethereum.org/EIPS/eip-7841	Cross-chain Message Format and Mailbox	Draft	Standards Track	ERC	2024-12-12		4514	cd0d0696ab4f8d8dbea09a1a4019fcf7ed74ce03b19ca04aaa563ad1a8ccdbfe	account-wallet,uri-web-content,read-proof-history,app-package-runtime,identity-principal,privacy,agent-automation,cross-chain,token-payment,security-supply-chain,offline-storage,human-interface	erc-7841.md
ERC	7845	yes	https://eips.ethereum.org/EIPS/eip-7845	Universal Orchestrator RPC	Draft	Standards Track	ERC	2024-11-07		3150	e0b678a6ceb923da1ee9ea83c8855bd203f6b854501980ed62effa70b1125e1e	account-wallet,uri-web-content,app-package-runtime,agent-automation,cross-chain,token-payment,security-supply-chain	erc-7845.md
ERC	7846	yes	https://eips.ethereum.org/EIPS/eip-7846	Wallet Connection API	Draft	Standards Track	ERC	2024-12-15		919	653bc69bb969a2e8e8893a06f8d6bea5128ee7aa03d644316f1f4bc8285fe822	account-wallet,uri-web-content,cross-chain,security-supply-chain	erc-7846.md
ERC	7847	yes	https://eips.ethereum.org/EIPS/eip-7847	Social Media NFTs	Draft	Standards Track	ERC	2024-12-18	721, 1155	2099	9887e19c7fd505e6fc947a9a32bfe78ebaab9c635f31f2e58bf8e57a41095b68	account-wallet,uri-web-content,read-proof-history,identity-principal,privacy,cross-chain,token-payment,security-supply-chain	erc-7847.md
ERC	7856	yes	https://eips.ethereum.org/EIPS/eip-7856	Chain-Specific Payment Requests	Draft	Standards Track	ERC	2025-01-01		1250	7bb05572f08f7d4d395f16df452c7c2c446e4f5d4a6fd65407f227059adff239	account-wallet,uri-web-content,app-package-runtime,identity-principal,agent-automation,cross-chain,token-payment,security-supply-chain	erc-7856.md
ERC	7857	yes	https://eips.ethereum.org/EIPS/eip-7857	AI Agents NFT with Private Metadata	Final	Standards Track	ERC	2025-01-02		4686	62253f6df07f68a4c309c33727295832b832fb34eaa7819a1888ec596655994f	account-wallet,uri-web-content,read-proof-history,identity-principal,privacy,agent-automation,token-payment,security-supply-chain,offline-storage	erc-7857.md
ERC	7858	yes	https://eips.ethereum.org/EIPS/eip-7858	Expirable NFTs and SBTs	Final	Standards Track	ERC	2024-01-04	165, 721	1707	ad84ea523c7569f17529d18387c584703765cb142524a3712f0d5e2688037bda	uri-web-content,read-proof-history,identity-principal,token-payment,security-supply-chain	erc-7858.md
ERC	7861	yes	https://eips.ethereum.org/EIPS/eip-7861	ERC-721 Verifiable Credential Extension	Draft	Standards Track	ERC	2025-01-14	165, 721	1653	f1200199eb43af3ee9538453f67c4c01f8a92a850df80c67bbf018b77f7f221d	account-wallet,uri-web-content,read-proof-history,identity-principal,privacy,cross-chain,token-payment,security-supply-chain,offline-storage	erc-7861.md
ERC	7866	yes	https://eips.ethereum.org/EIPS/eip-7866	Decentralised User Profiles	Review	Standards Track	ERC	2025-01-22	165	2310	9b201cc6b25f1d97c3197efc0df73edad39d992a72deebbc63b683ea7092d038	account-wallet,uri-web-content,read-proof-history,app-package-runtime,identity-principal,privacy,cross-chain,token-payment,security-supply-chain,offline-storage,human-interface	erc-7866.md
ERC	7871	yes	https://eips.ethereum.org/EIPS/eip-7871	Wallet Signing API	Draft	Standards Track	ERC	2024-01-29	191, 712, 5792	588	8db3e69ad689e1288cdb8f9cc81a49e039750405c2187f080358eccc6fda85a9	account-wallet,uri-web-content,security-supply-chain	erc-7871.md
ERC	7876	yes	https://eips.ethereum.org/EIPS/eip-7876	Ethereum Network Configuration for DApps	Draft	Standards Track	ERC	2025-01-03	55	3076	9ee9a791198808d68ac81ca2cb888de34179334b78f767275cfc2a66699a982d	account-wallet,uri-web-content,read-proof-history,app-package-runtime,privacy,cross-chain,token-payment,security-supply-chain,offline-storage	erc-7876.md
ERC	7878	yes	https://eips.ethereum.org/EIPS/eip-7878	Bequeathable Contracts	Final	Standards Track	ERC	2025-02-01	20, 165, 721, 1155	1159	af1e862c981a2fc0811714445be7ad0b4ed313873359d4aedd7d613ce0542276	account-wallet,uri-web-content,read-proof-history,token-payment,security-supply-chain	erc-7878.md
ERC	7884	yes	https://eips.ethereum.org/EIPS/eip-7884	Operation Router	Draft	Standards Track	ERC	2025-01-23		975	30ad19dfe895cac7846cb23371a5a71df0852b55f3417190f58a0c852224ce7f	account-wallet,uri-web-content,app-package-runtime,cross-chain,security-supply-chain,offline-storage	erc-7884.md
ERC	7887	yes	https://eips.ethereum.org/EIPS/eip-7887	Cancelation for ERC-7540 Tokenized Vaults	Draft	Standards Track	ERC	2025-02-18	165, 7540	1522	a4011f8a54d5f2b095bd3db33dd7770b957ac58841967ccab833067f01bea9c3	uri-web-content,read-proof-history,identity-principal,token-payment,security-supply-chain	erc-7887.md
ERC	7888	yes	https://eips.ethereum.org/EIPS/eip-7888	Crosschain Broadcaster	Draft	Standards Track	ERC	2025-02-18		4821	7639115acab941a41ae9ffc4eaddb4e35c4fc0aa8a535407816e65f682da9cdc	account-wallet,uri-web-content,read-proof-history,app-package-runtime,identity-principal,agent-automation,cross-chain,token-payment,security-supply-chain,offline-storage	erc-7888.md
ERC	7891	yes	https://eips.ethereum.org/EIPS/eip-7891	Splitting and Merging of NFTs	Draft	Standards Track	ERC	2025-02-15	721, 6150	1116	bad1cfb47d279d85ba7c05ca706fa9464240b74f2442e9fd2e8619214379d051	uri-web-content,read-proof-history,token-payment,security-supply-chain	erc-7891.md
ERC	7893	yes	https://eips.ethereum.org/EIPS/eip-7893	DeFi Protocol Solvency Proof Mechanism	Final	Standards Track	ERC	2025-01-30	20, 165	5410	3dac0009c52e13b6bb74180b7747347b9c116a2c6e6ae6ae7364da79e7738dfa	account-wallet,uri-web-content,read-proof-history,app-package-runtime,privacy,cross-chain,token-payment,security-supply-chain,offline-storage	erc-7893.md
ERC	7895	yes	https://eips.ethereum.org/EIPS/eip-7895	API for Hierarchical Accounts	Draft	Standards Track	ERC	2025-02-18		1185	cdec1fa485290932857b1c3b8225b2ae632e3f39a9c18dd9b8dd590ff4d5f157	account-wallet,uri-web-content,app-package-runtime,privacy,agent-automation,cross-chain,security-supply-chain	erc-7895.md
ERC	7897	yes	https://eips.ethereum.org/EIPS/eip-7897	Wallet-Linked Services for Smart Accounts	Withdrawn	Standards Track	ERC	2024-04-15	165, 1167, 4337, 6551, 7656	1356	b24a93a288da4ad26e5cea73aec4a66f1aa529729d90382513f3561fafc8e36f	account-wallet,uri-web-content,read-proof-history,app-package-runtime,agent-automation,cross-chain,security-supply-chain,offline-storage	erc-7897.md
ERC	7902	yes	https://eips.ethereum.org/EIPS/eip-7902	Wallet Capabilities for Account Abstraction	Draft	Standards Track	ERC	2025-03-01	5792, 7702	963	e919f53b703a48eb21e4aa408d251447baf4ba1222af056f1d9a158e298727fe	account-wallet,uri-web-content,app-package-runtime,agent-automation,security-supply-chain	erc-7902.md
ERC	7908	yes	https://eips.ethereum.org/EIPS/eip-7908	HD wallet In Treasury Management	Final	Standards Track	ERC	2025-03-07		1516	4483815e494fb48dd5bd59a024663a8c2f0aadbaa2df5070c9bfc98dcbcc1940	account-wallet,uri-web-content,read-proof-history,app-package-runtime,privacy,cross-chain,token-payment,security-supply-chain	erc-7908.md
ERC	7913	yes	https://eips.ethereum.org/EIPS/eip-7913	Signature Verifiers	Final	Standards Track	ERC	2025-03-21		1117	42e1990f8b979f823211e61d18936bbd27909771dcfdc1091e774c2f2e4d4105	account-wallet,uri-web-content,identity-principal,privacy,security-supply-chain,offline-storage	erc-7913.md
ERC	7920	yes	https://eips.ethereum.org/EIPS/eip-7920	Composite EIP-712 Signatures	Draft	Standards Track	ERC	2025-03-20	20, 712	1234	3fda0b7923f994f59c0a397fa7fda0ae1e23aa5449678afc2e444307dac8f491	account-wallet,uri-web-content,read-proof-history,app-package-runtime,identity-principal,cross-chain,token-payment,security-supply-chain,human-interface	erc-7920.md
ERC	7929	yes	https://eips.ethereum.org/EIPS/eip-7929	PermaLink Asset Bound Token	Draft	Standards Track	ERC	2025-04-01	721	2534	3ff508c13edb76dae9cf217fd7fde8ccb67612a7a0a11d346a1ce0088d2553a3	account-wallet,uri-web-content,read-proof-history,app-package-runtime,identity-principal,token-payment,security-supply-chain,offline-storage	erc-7929.md
ERC	7930	yes	https://eips.ethereum.org/EIPS/eip-7930	Interoperable Addresses	Review	Standards Track	ERC	2025-02-02		1691	7daa0a48c96b09dffef62185730e5c0ffada609b227c461558b44948ffad1a86	uri-web-content,read-proof-history,agent-automation,cross-chain,security-supply-chain,human-interface	erc-7930.md
ERC	7936	yes	https://eips.ethereum.org/EIPS/eip-7936	Versioned Proxy Contract Interface	Review	Standards Track	ERC	2025-04-17		978	359f958d2de9800475bd0377f84b6947e969d98c07153a1e54ecfe350cb54746	uri-web-content,read-proof-history,app-package-runtime,security-supply-chain,offline-storage	erc-7936.md
ERC	7943	yes	https://eips.ethereum.org/EIPS/eip-7943	uRWA - Universal Real World Asset Interface	Final	Standards Track	ERC	2025-06-10	165	5043	36ed5d2db5f9675a5d6efaf56b168d7ba6d561baea98a762e73bd82272a14642	account-wallet,uri-web-content,read-proof-history,identity-principal,cross-chain,token-payment,security-supply-chain,offline-storage	erc-7943.md
ERC	7945	yes	https://eips.ethereum.org/EIPS/eip-7945	Confidential Transactions Supported Token	Review	Standards Track	ERC	2025-05-09	20	2120	30f1444f36f58067e100ab41bcb75e4b5c225ef9d21b7dd749e716b37f3d1084	account-wallet,uri-web-content,read-proof-history,app-package-runtime,privacy,token-payment,security-supply-chain	erc-7945.md
ERC	7946	yes	https://eips.ethereum.org/EIPS/eip-7946	Unidirectional Wallet Uplink aka UWULink	Draft	Standards Track	ERC	2025-05-10	155, 7702	6033	bf9539b0f47c20c02ed53f1a5e837951c20bf2f59f64685d73adb1c963a61f79	account-wallet,uri-web-content,read-proof-history,app-package-runtime,identity-principal,privacy,agent-automation,cross-chain,token-payment,security-supply-chain,offline-storage,human-interface	erc-7946.md
ERC	7947	yes	https://eips.ethereum.org/EIPS/eip-7947	Account Abstraction Recovery Interface	Draft	Standards Track	ERC	2025-05-07		1176	39246f4d90cc6f178908a881b35643e83d0fe6a7a37ad3506d43b59d24157ab8	account-wallet,uri-web-content,read-proof-history,identity-principal,privacy,agent-automation,security-supply-chain,offline-storage	erc-7947.md
ERC	7950	yes	https://eips.ethereum.org/EIPS/eip-7950	Encode chain id with transaction hash	Final	Standards Track	ERC	2025-05-22	155	357	1da36d53342f0fa856b1941fc548061661ad0ef2468e59cf04701f7731ae174f	account-wallet,uri-web-content,cross-chain,security-supply-chain	erc-7950.md
ERC	7955	yes	https://eips.ethereum.org/EIPS/eip-7955	Permissionless CREATE2 Factory	Draft	Standards Track	ERC	2025-05-15	1014, 7702	3609	e3dcb88466bb99e8d02319e51b1c4b87961f950f9fb77bcd96e219ca7b8488a9	account-wallet,uri-web-content,app-package-runtime,identity-principal,privacy,cross-chain,security-supply-chain	erc-7955.md
ERC	7962	yes	https://eips.ethereum.org/EIPS/eip-7962	Key Hash Based Tokens	Draft	Standards Track	ERC	2025-05-16	20, 712, 721, 2612, 5564	2323	3eddc0ee97df2a2cfb5710b1f7dba291ebff62e340e42cdc98b2f356935ebf12	account-wallet,uri-web-content,read-proof-history,app-package-runtime,identity-principal,privacy,cross-chain,token-payment,security-supply-chain	erc-7962.md
ERC	7964	yes	https://eips.ethereum.org/EIPS/eip-7964	Crosschain EIP-712 Signatures	Draft	Standards Track	ERC	2025-06-05	712, 1271, 5267	4836	1efb5eddbc008970a669bb42d18ccde90d18045d56f0d6a5e17f4dfa5047b871	account-wallet,uri-web-content,read-proof-history,app-package-runtime,privacy,agent-automation,cross-chain,token-payment,security-supply-chain,offline-storage,human-interface	erc-7964.md
ERC	7965	yes	https://eips.ethereum.org/EIPS/eip-7965	Proof-based Broadcast in ERC-7786 Gateways	Draft	Standards Track	ERC	2025-06-06	7786, 7930	2125	9a094c0dc4378c53f9bbcc69241f04a0bb7410f29de53e0191b9a22ebeee676e	uri-web-content,read-proof-history,identity-principal,agent-automation,cross-chain,token-payment,security-supply-chain,offline-storage,human-interface	erc-7965.md
ERC	7968	yes	https://eips.ethereum.org/EIPS/eip-7968	Owner-Authorized Token Transfer Protocol	Draft	Standards Track	ERC	2025-06-11	20	1096	8a5188354c7ecf63c56005cc336f5c23f77f0bbe9a31b4d0270c4dddaf1ad2bd	account-wallet,uri-web-content,read-proof-history,privacy,token-payment,security-supply-chain,offline-storage	erc-7968.md
ERC	7969	yes	https://eips.ethereum.org/EIPS/eip-7969	DomainKeys Identified Mail (DKIM) Registry	Draft	Standards Track	ERC	2025-06-11		1468	73942ac000337e47b0bd260608e5e6dac7cec8f0a4a9e222ddee07cb5e8dce17	account-wallet,uri-web-content,read-proof-history,app-package-runtime,privacy,security-supply-chain,offline-storage	erc-7969.md
ERC	7984	yes	https://eips.ethereum.org/EIPS/eip-7984	Confidential Fungible Token	Draft	Standards Track	ERC	2025-07-03	165	1484	80b935f07058a4edb3a02ac18a86fde46fdfc165bbce4890435693b1972e8600	account-wallet,uri-web-content,read-proof-history,privacy,token-payment,security-supply-chain	erc-7984.md
ERC	7985	yes	https://eips.ethereum.org/EIPS/eip-7985	Gateway Attributes for Message Control	Draft	Standards Track	ERC	2024-07-04	7786	996	2180036367bf39bb31407e046bed65269e275f33824e33a5eb716fae1fedc087	uri-web-content,read-proof-history,app-package-runtime,cross-chain,security-supply-chain	erc-7985.md
ERC	7988	yes	https://eips.ethereum.org/EIPS/eip-7988	Minimal Avatar Smart Wallet (MASW)	Draft	Standards Track	ERC	2025-07-08	7702	1095	c9cd73d946e563f3956c6687732fe072b2b9af755cf497938fa3b19b8758f86f	account-wallet,uri-web-content,read-proof-history,app-package-runtime,cross-chain,token-payment,security-supply-chain,offline-storage	erc-7988.md
ERC	7992	yes	https://eips.ethereum.org/EIPS/eip-7992	Verifiable ML Model Inference (ZKML)	Draft	Standards Track	ERC	2025-07-23	165	1485	374eed98225570eaad0e59b17b62f68f51f3680bd59c7d415aacec4eaf031981	account-wallet,uri-web-content,read-proof-history,app-package-runtime,identity-principal,privacy,token-payment,security-supply-chain,offline-storage	erc-7992.md
ERC	7994	yes	https://eips.ethereum.org/EIPS/eip-7994	Purpose-Bound ERC-20 with Conditional Unlock	Final	Standards Track	ERC	2025-07-29	20, 7291	886	31ce28ca00e339e6643d98e0229eb3455335200da8e99be882472270a79718c6	uri-web-content,read-proof-history,identity-principal,token-payment,security-supply-chain,offline-storage	erc-7994.md
ERC	7996	yes	https://eips.ethereum.org/EIPS/eip-7996	Contract Feature Detection	Draft	Standards Track	ERC	2025-07-07	165	469	60fd111311b4bdb14d8427a7c79d92b67cd7d7179b282508d8962ba2b4e26bc8	uri-web-content,token-payment,security-supply-chain	erc-7996.md
ERC	8000	yes	https://eips.ethereum.org/EIPS/eip-8000	Operator contract for non delegated EOAs	Draft	Standards Track	ERC	2025-07-02	1153, 2771	910	fcfa6e653da45205bdd9577e0905d26a070deac78342ef89829c195aade50e76	account-wallet,uri-web-content,privacy,token-payment,security-supply-chain,offline-storage	erc-8000.md
ERC	8001	yes	https://eips.ethereum.org/EIPS/eip-8001	Agent Coordination Framework	Final	Standards Track	ERC	2025-08-02	712, 1271, 2098, 5267	1556	1cf5a643e5b252cf691df5ba30dc203671b601ce4def0b4ed561706d0d1fd449	account-wallet,uri-web-content,read-proof-history,app-package-runtime,identity-principal,privacy,agent-automation,cross-chain,security-supply-chain,offline-storage	erc-8001.md
ERC	8002	yes	https://eips.ethereum.org/EIPS/eip-8002	Simplified Payment Verification Gateway	Draft	Standards Track	ERC	2025-08-07		2604	ad236c821c33b8fd1609de4f744dc9ef2ae85800b65a6b9ae6c7fe4f9989074b	account-wallet,uri-web-content,read-proof-history,privacy,cross-chain,token-payment,security-supply-chain,offline-storage	erc-8002.md
ERC	8004	yes	https://eips.ethereum.org/EIPS/eip-8004	Trustless Agents	Draft	Standards Track	ERC	2025-08-13	155, 712, 721, 1271	3151	249dc3d96ad7bbe4afd25cacd14be942eb87751abcf1608bab19a610f3c3f8a9	account-wallet,uri-web-content,read-proof-history,app-package-runtime,identity-principal,privacy,agent-automation,cross-chain,token-payment,security-supply-chain,offline-storage	erc-8004.md
ERC	8017	yes	https://eips.ethereum.org/EIPS/eip-8017	Payout Race	Draft	Standards Track	ERC	2025-08-31	20	1984	2ae7af6e5c5c887d4adf5f5cea482fd64ac6ad144e6d7c56539330389338db1f	account-wallet,uri-web-content,read-proof-history,app-package-runtime,identity-principal,privacy,token-payment,security-supply-chain	erc-8017.md
ERC	8019	yes	https://eips.ethereum.org/EIPS/eip-8019	Minimal Wallet-Managed Auto-Login for SIWE	Review	Standards Track	ERC	2025-09-02	4361	1082	d392dec14ac47df62683607770ca83388078be426b47753a9f93b74ec6b436bd	account-wallet,uri-web-content,read-proof-history,cross-chain,security-supply-chain	erc-8019.md
ERC	8023	yes	https://eips.ethereum.org/EIPS/eip-8023	Multi-step Contract Ownership	Draft	Standards Track	ERC	2025-09-16		1297	38763201f401ead2f5812bca389f45041963dcc4d4523049c3e4e11bd88d89c0	uri-web-content,read-proof-history,identity-principal,privacy,token-payment,security-supply-chain	erc-8023.md
ERC	8033	yes	https://eips.ethereum.org/EIPS/eip-8033	Agent Council Oracles	Draft	Standards Track	ERC	2025-09-28	20	2454	71b20f2d8a3aea8125ec376d8cc032d207cb3795e1e3dc8be3a281f059ef19b1	account-wallet,uri-web-content,read-proof-history,identity-principal,agent-automation,cross-chain,token-payment,security-supply-chain,offline-storage	erc-8033.md
ERC	8034	yes	https://eips.ethereum.org/EIPS/eip-8034	Referable NFT Royalties	Final	Standards Track	ERC	2025-10-02	165, 712, 5521	3502	dd22c5536fee88f31ad6ddadf34737e9e8b5781fdd1ca8e378d483acc0314cfd	account-wallet,uri-web-content,read-proof-history,identity-principal,privacy,cross-chain,token-payment,security-supply-chain,offline-storage	erc-8034.md
ERC	8040	yes	https://eips.ethereum.org/EIPS/eip-8040	ESG Tokenization Protocol	Draft	Standards Track	ERC	2025-09-06	20, 721, 1155	1165	cefcd8ce5a99c656538ad00ce58d5b103da138e21911d5723d796c113d4db9d0	account-wallet,uri-web-content,read-proof-history,identity-principal,token-payment,security-supply-chain,offline-storage	erc-8040.md
ERC	8041	yes	https://eips.ethereum.org/EIPS/eip-8041	Fixed-Supply Agent NFT Collections	Draft	Standards Track	ERC	2025-10-11	7572, 8004, 8119	1627	10e72a9f7e88264d66d627da7c65d7489e2148705e7ae63031a307331c520d9e	uri-web-content,read-proof-history,app-package-runtime,identity-principal,privacy,agent-automation,token-payment,security-supply-chain	erc-8041.md
ERC	8042	yes	https://eips.ethereum.org/EIPS/eip-8042	Diamond Storage	Final	Standards Track	ERC	2025-10-11	7201	1852	fa77d1ce69a5fe1e337cc0090e55469d401d64ed668891ae6554f6a531cd739a	uri-web-content,app-package-runtime,security-supply-chain,offline-storage,human-interface	erc-8042.md
ERC	8047	yes	https://eips.ethereum.org/EIPS/eip-8047	Forensic Token (Forest)	Draft	Standards Track	ERC	2025-10-15	165, 1155, 5615	5267	a7cc99223f3aa2689185190970a6026537b408aa438639fe43c0f6f5a1618fed	account-wallet,uri-web-content,read-proof-history,app-package-runtime,privacy,agent-automation,token-payment,security-supply-chain,offline-storage,human-interface	erc-8047.md
ERC	8048	yes	https://eips.ethereum.org/EIPS/eip-8048	Onchain Metadata for Token Registries	Draft	Standards Track	ERC	2025-09-30	165, 7930, 8119	3357	95a217d69bd06d2263e3d5ab79e2d14e502ed095f4107940b82648dd14974936	account-wallet,uri-web-content,read-proof-history,app-package-runtime,identity-principal,privacy,agent-automation,cross-chain,token-payment,security-supply-chain,offline-storage,human-interface	erc-8048.md
ERC	8049	yes	https://eips.ethereum.org/EIPS/eip-8049	Contract-Level Onchain Metadata	Draft	Standards Track	ERC	2025-10-10	20, 165, 7930	1575	de24c4920fe0ea935ddefe24780237a416531cd30afb863b48413b5974fdc5e8	account-wallet,uri-web-content,read-proof-history,app-package-runtime,identity-principal,privacy,agent-automation,cross-chain,token-payment,security-supply-chain,offline-storage,human-interface	erc-8049.md
ERC	8054	yes	https://eips.ethereum.org/EIPS/eip-8054	Forkable ERC-20 Token	Draft	Standards Track	ERC	2025-10-10	20	1706	644cae08725d3788cd13c52f533679c80b8e4f6ca98f96a39381f3532813770d	account-wallet,uri-web-content,read-proof-history,token-payment,security-supply-chain,offline-storage	erc-8054.md
ERC	8056	yes	https://eips.ethereum.org/EIPS/eip-8056	Scaled UI Amount Extension for ERC-20 Tokens	Draft	Standards Track	ERC	2025-10-20	20, 165	1900	4e73866abfe9cc6efd2c4ee20996cfd2f22022cd2a4df3822d6029dedd997a5c	account-wallet,uri-web-content,read-proof-history,app-package-runtime,privacy,token-payment,security-supply-chain,human-interface	erc-8056.md
ERC	8063	yes	https://eips.ethereum.org/EIPS/eip-8063	Groups - Membership Tokens	Final	Standards Track	ERC	2025-10-28	20, 165	1005	1f49200220abe6a7e01cd89cb0aa42bf35f07485fb9d6c5b4ed5d757fe55d3d6	uri-web-content,identity-principal,token-payment,security-supply-chain	erc-8063.md
ERC	8065	yes	https://eips.ethereum.org/EIPS/eip-8065	Zero Knowledge Token Wrapper	Draft	Standards Track	ERC	2025-10-18	20, 165, 721, 1155, 6909	6116	57402a75756fb2e641af6010c9924f8f32ebbe7ddf75fd8af873d29c19c9059f	account-wallet,uri-web-content,read-proof-history,app-package-runtime,identity-principal,privacy,cross-chain,token-payment,security-supply-chain,offline-storage,human-interface	erc-8065.md
ERC	8074	yes	https://eips.ethereum.org/EIPS/eip-8074	Self-Describing Bytes via EIP-712 Selectors	Draft	Standards Track	ERC	2025-10-30	712	663	9166e68dc0a2c5c9f30b183c4f3e6b47fd0d74238a496d5ef5cfa75cc373e2f0	account-wallet,uri-web-content,security-supply-chain	erc-8074.md
ERC	8084	yes	https://eips.ethereum.org/EIPS/eip-8084	Zero-knowledge proof metadata	Draft	Standards Track	ERC	2025-11-10		1185	7067981dd431228e7d34f11d05bdab97e90cee40afaed96e1bd824ad7e38d259	account-wallet,uri-web-content,read-proof-history,app-package-runtime,identity-principal,privacy,token-payment,security-supply-chain,human-interface	erc-8084.md
ERC	8085	yes	https://eips.ethereum.org/EIPS/eip-8085	Dual-Mode Fungible Tokens	Draft	Standards Track	ERC	2025-11-15	20, 8086	1988	a8ade5368f2f64f3099403a70933f17432cf3e7ccb749a6d70a8ebbaddcaf906	account-wallet,uri-web-content,read-proof-history,app-package-runtime,identity-principal,privacy,token-payment,security-supply-chain	erc-8085.md
ERC	8086	yes	https://eips.ethereum.org/EIPS/eip-8086	Privacy Token	Draft	Standards Track	ERC	2025-11-19		4001	9ca0d56354f85ac43e49a9a8ba676619fa3d9b7fcafffa6b08b569face283c7c	account-wallet,uri-web-content,read-proof-history,app-package-runtime,identity-principal,privacy,agent-automation,cross-chain,token-payment,security-supply-chain,offline-storage,human-interface	erc-8086.md
ERC	8092	yes	https://eips.ethereum.org/EIPS/eip-8092	Associated Accounts	Draft	Standards Track	ERC	2025-11-25	712, 1271, 6492, 7930	2065	2f9cd5caf3a4403932878f492ed4d90b7567b79c87b03ed3e6a70614825557d9	account-wallet,uri-web-content,read-proof-history,app-package-runtime,identity-principal,cross-chain,security-supply-chain,offline-storage,human-interface	erc-8092.md
ERC	8100	yes	https://eips.ethereum.org/EIPS/eip-8100	Representable Contract State	Draft	Standards Track	ERC	2025-12-01	155	6592	df5219884cb010b13a296fb4c4a7ed72a0a1337deb7f4d9a4931f69d69f5f8e1	account-wallet,uri-web-content,read-proof-history,app-package-runtime,privacy,cross-chain,token-payment,security-supply-chain,offline-storage	erc-8100.md
ERC	8106	yes	https://eips.ethereum.org/EIPS/eip-8106	RWA Event-based Compliance Framework	Draft	Standards Track	ERC	2025-12-16	20	1202	ca865778a543a5d17849f103532e80924744d7f7cfd776617ca30769983099fe	uri-web-content,read-proof-history,app-package-runtime,privacy,cross-chain,token-payment,security-supply-chain	erc-8106.md
ERC	8107	yes	https://eips.ethereum.org/EIPS/eip-8107	ENS Trust Registry for Agent Coordination	Draft	Standards Track	ERC	2025-12-16	137, 712, 1271, 8001	3668	61c759e8f1b5fa5dc61cc8d3e8bc7dde37a97a5d772eea697bf9336a6ea852bd	account-wallet,uri-web-content,read-proof-history,app-package-runtime,identity-principal,privacy,agent-automation,cross-chain,token-payment,security-supply-chain,offline-storage,human-interface	erc-8107.md
ERC	8109	yes	https://eips.ethereum.org/EIPS/eip-8109	Diamonds, Simplified	Withdrawn	Standards Track	ERC	2025-12-21		3112	f56bf4b60ffbdbb201e66c64e355178fd51ecbf464f5b665679d860a285a5f12	account-wallet,uri-web-content,read-proof-history,app-package-runtime,token-payment,security-supply-chain,offline-storage,human-interface	erc-8109.md
ERC	8110	yes	https://eips.ethereum.org/EIPS/eip-8110	Domain Architecture for Diamonds	Draft	Standards Track	ERC	2025-12-20	2535, 8042	3291	5e2d5c9e848f018707739a0fb4370b41bef6367c47780765ddfe8eddfcb2a504	uri-web-content,read-proof-history,app-package-runtime,agent-automation,cross-chain,security-supply-chain,offline-storage	erc-8110.md
ERC	8111	yes	https://eips.ethereum.org/EIPS/eip-8111	Bound Signatures	Review	Standards Track	ERC	2025-12-23		383	e1dd6e70da5ffe69c75405f5c443b301b70e7246df806005009aed3851eb8ad4	account-wallet,uri-web-content,token-payment,security-supply-chain	erc-8111.md
ERC	8113	yes	https://eips.ethereum.org/EIPS/eip-8113	Series Accounting for Incentivized Vaults	Draft	Standards Track	ERC	2025-12-25	4626, 7540	1449	cff99ce320eb08581d482a53e619c23907ab0b1c5ef1f0ef251a9ecc914b8761	uri-web-content,token-payment,security-supply-chain	erc-8113.md
ERC	8117	yes	https://eips.ethereum.org/EIPS/eip-8117	Anti-Poisoning Compact EVM Address Format	Draft	Standards Track	ERC	2025-12-30	55, 1191	2273	83cb7449cc50934ed2889d4363f9ffb119573651a9e3aac3674cabf883aa6946	account-wallet,uri-web-content,read-proof-history,app-package-runtime,identity-principal,token-payment,security-supply-chain,human-interface	erc-8117.md
ERC	8119	yes	https://eips.ethereum.org/EIPS/eip-8119	Parameterized Storage Keys	Draft	Standards Track	ERC	2025-01-06		1388	cf1d0214d5d9da31b365d32c815c8c216b0dfe9859793f965101451b027d954e	account-wallet,uri-web-content,app-package-runtime,privacy,cross-chain,token-payment,security-supply-chain,offline-storage	erc-8119.md
ERC	8121	yes	https://eips.ethereum.org/EIPS/eip-8121	Cross-Chain Function Calls via Hooks	Draft	Standards Track	ERC	2025-12-12	3668, 7930	2378	2684e8b0e84e526e430f78c583d393f0c651fc230eb22380a3cd911aaef97da2	account-wallet,uri-web-content,read-proof-history,app-package-runtime,identity-principal,agent-automation,cross-chain,security-supply-chain,offline-storage	erc-8121.md
ERC	8122	yes	https://eips.ethereum.org/EIPS/eip-8122	Minimal Agent Registry	Draft	Standards Track	ERC	2025-12-17	6909, 7930, 8048, 8049, 8127	1369	02d182621ef2e0012374289c0260b87314e3d5705eef9f65f00b1ea51d8ad705	uri-web-content,read-proof-history,app-package-runtime,agent-automation,cross-chain,token-payment,security-supply-chain,offline-storage,human-interface	erc-8122.md
ERC	8126	yes	https://eips.ethereum.org/EIPS/eip-8126	AI Agent Verification	Final	Standards Track	ERC	2026-01-15	155, 191, 712, 721, 3009, 8004	3671	a6804194e009a34ca2c29f6ca6bdba36afe6b056ce0c0708f0faeea588081391	account-wallet,uri-web-content,read-proof-history,app-package-runtime,identity-principal,privacy,agent-automation,cross-chain,token-payment,security-supply-chain,offline-storage,human-interface	erc-8126.md
ERC	8127	yes	https://eips.ethereum.org/EIPS/eip-8127	Human Readable Token Identifiers	Draft	Standards Track	ERC	2026-01-14	7930	1331	bc7bf120ac6262732ea0306dd54b7df2d96e5b233e30f6923ed6ef159dc3860f	account-wallet,uri-web-content,read-proof-history,app-package-runtime,agent-automation,cross-chain,token-payment,security-supply-chain,human-interface	erc-8127.md
ERC	8143	yes	https://eips.ethereum.org/EIPS/eip-8143	Smart Credential Resolution Interface	Draft	Standards Track	ERC	2025-12-15	165, 3668	1043	6be6954d6b4e587548b3035f6730fde7d79d2789101a16c4fa945be879cb6a11	account-wallet,uri-web-content,read-proof-history,app-package-runtime,identity-principal,privacy,agent-automation,cross-chain,security-supply-chain	erc-8143.md
ERC	8152	yes	https://eips.ethereum.org/EIPS/eip-8152	Content-Addressable Logic Modules (CALM)	Review	Standards Track	ERC	2026-01-18		3025	6af87796e120e1c17f6c344778a91de0787e728c3617d97fbbb81e49993973e0	account-wallet,uri-web-content,read-proof-history,app-package-runtime,identity-principal,privacy,agent-automation,cross-chain,token-payment,security-supply-chain,offline-storage	erc-8152.md
ERC	8153	yes	https://eips.ethereum.org/EIPS/eip-8153	Facet-Based Diamonds	Review	Standards Track	ERC	2026-02-07	2535	4043	45923aecbfc57bd4fb58709605b3011d6e26fbf9302c66986f47ec1d536db861	account-wallet,uri-web-content,read-proof-history,app-package-runtime,cross-chain,token-payment,security-supply-chain,offline-storage	erc-8153.md
ERC	8161	yes	https://eips.ethereum.org/EIPS/eip-8161	Transferable Tokenized Vault Requests	Final	Standards Track	ERC	2025-02-12	165, 7540	960	685effb4eb191fd27b3c9c93a94d937afca582ed50cbc9c84a5de58d9fce5810	uri-web-content,read-proof-history,identity-principal,token-payment,security-supply-chain	erc-8161.md
ERC	8167	yes	https://eips.ethereum.org/EIPS/eip-8167	Modular Dispatch Proxies	Review	Standards Track	ERC	2026-02-16		1138	d64d58bb1962d33a9e3f2f8b9907e1cfde8ff7cc87d48c520e7d92445603d0c0	uri-web-content,read-proof-history,app-package-runtime,token-payment,security-supply-chain,offline-storage	erc-8167.md
ERC	8179	yes	https://eips.ethereum.org/EIPS/eip-8179	Blob Space Segments	Draft	Standards Track	ERC	2026-02-08	4844	3679	730610a83741f20873c940d6b41c14c05845ad2c3be704122cbdcafa4573c9c9	account-wallet,uri-web-content,read-proof-history,app-package-runtime,agent-automation,cross-chain,security-supply-chain,offline-storage	erc-8179.md
ERC	8180	yes	https://eips.ethereum.org/EIPS/eip-8180	Blob Authenticated Messaging	Draft	Standards Track	ERC	2026-02-21	4844, 8179	8695	cf8aac02e87f9d231adec6a2a07cdad130304f872cb316d10e7d2c30ddd15f04	account-wallet,uri-web-content,read-proof-history,app-package-runtime,identity-principal,privacy,cross-chain,token-payment,security-supply-chain,offline-storage,human-interface	erc-8180.md
ERC	8183	yes	https://eips.ethereum.org/EIPS/eip-8183	Agentic Commerce	Draft	Standards Track	ERC	2026-02-25	20	5127	257c35bbaecab58d0c36823fe8fb2d0fffc83d6f1fd7301d97674707784efa3a	account-wallet,uri-web-content,read-proof-history,app-package-runtime,identity-principal,privacy,agent-automation,cross-chain,token-payment,security-supply-chain,offline-storage	erc-8183.md
ERC	8187	yes	https://eips.ethereum.org/EIPS/eip-8187	Token Puller	Draft	Standards Track	ERC	2026-02-27	20, 712, 1271, 2612, 5267, 6492	2455	c6ee4346b5862de847e87727e9d5ad1279909ae9e2c856675861b7317af55c3d	account-wallet,uri-web-content,read-proof-history,identity-principal,token-payment,security-supply-chain,offline-storage	erc-8187.md
ERC	8196	yes	https://eips.ethereum.org/EIPS/eip-8196	AI Agent Authenticated Wallet	Final	Standards Track	ERC	2026-03-14	155, 191, 712, 4337, 8126	1312	68120cbc5d87c32ae04ae906cde43297957f6f5b592cca9d1459c1c6eeac32d7	account-wallet,uri-web-content,read-proof-history,identity-principal,privacy,agent-automation,token-payment,security-supply-chain	erc-8196.md
ERC	8199	yes	https://eips.ethereum.org/EIPS/eip-8199	Sandboxed Smart Wallet	Draft	Standards Track	ERC	2026-03-19	165, 173, 8023	1576	867a853d4a14759c9c225549aa22595ce319628709b6ab09a7899c7542d374b6	account-wallet,uri-web-content,read-proof-history,agent-automation,token-payment,security-supply-chain	erc-8199.md
ERC	8217	yes	https://eips.ethereum.org/EIPS/eip-8217	Agent NFT Identity Bindings	Draft	Standards Track	ERC	2026-04-05	8004	1450	30124d1309d8af46442aa5915633d9a51ed1c28b7a453b42dd0cf210023335ff	account-wallet,uri-web-content,read-proof-history,app-package-runtime,identity-principal,agent-automation,token-payment,security-supply-chain,offline-storage	erc-8217.md
ERC	8226	yes	https://eips.ethereum.org/EIPS/eip-8226	Regulated Agent Mandate	Draft	Standards Track	ERC	2026-04-12	165, 712, 1271	3996	e48e336f073e95d38d302a09ba28d33dacc1c5dfb60b48858067b10de578a13a	account-wallet,uri-web-content,read-proof-history,app-package-runtime,identity-principal,agent-automation,cross-chain,token-payment,security-supply-chain,offline-storage	erc-8226.md
ERC	8255	yes	https://eips.ethereum.org/EIPS/eip-8255	Expiring Token Approvals	Draft	Standards Track	ERC	2026-05-06	20, 2612	3595	55f1325f667c0994d615caa6d40391d4fb0344a0ea774c456c0bc53edcee5649	account-wallet,uri-web-content,read-proof-history,app-package-runtime,token-payment,security-supply-chain,offline-storage,human-interface	erc-8255.md
ERC	8257	yes	https://eips.ethereum.org/EIPS/eip-8257	Agent Tool Registry	Draft	Standards Track	ERC	2026-04-17	150, 165, 712, 1967	18833	1f5223d94122c763f7124d7238bb97cec1815b240a7ffb2a98f9bc9ec3b68451	account-wallet,uri-web-content,read-proof-history,app-package-runtime,identity-principal,privacy,agent-automation,cross-chain,token-payment,security-supply-chain,offline-storage,human-interface	erc-8257.md
ERC	8262	yes	https://eips.ethereum.org/EIPS/eip-8262	Zero-Knowledge Compliance Oracle	Draft	Standards Track	ERC	2026-04-07	165	11079	df9cd5b1180d14f432eacdb85b1ba391d5539ea8bb09bc96f0317980c3643b6d	account-wallet,uri-web-content,read-proof-history,app-package-runtime,identity-principal,privacy,cross-chain,token-payment,security-supply-chain,offline-storage	erc-8262.md
ERC	8273	yes	https://eips.ethereum.org/EIPS/eip-8273	Attestation-Gated Agentic Actions	Draft	Standards Track	ERC	2025-05-26	165, 1153	9160	cb920705a031da583dd32448bdd9a54650d3bb4fd74ad62b975af29beb631918	account-wallet,uri-web-content,read-proof-history,app-package-runtime,identity-principal,privacy,agent-automation,cross-chain,token-payment,security-supply-chain,offline-storage,human-interface	erc-8273.md
ERC	8286	yes	https://eips.ethereum.org/EIPS/eip-8286	Modular Accounts for Frame Transactions	Draft	Standards Track	ERC	2026-06-04	7579, 8141	3004	42e4daceffdec866a624ca299f3e4daa71a9732b3fa5cb6ee985201d4c9c5ddc	account-wallet,uri-web-content,read-proof-history,app-package-runtime,identity-principal,token-payment,security-supply-chain	erc-8286.md
ERC	8290	yes	https://eips.ethereum.org/EIPS/eip-8290	Shielded Note Teleportation	Draft	Standards Track	ERC	2026-06-05		2408	02a410e9cd4e2bec571233fd3aba5e0ea3bc6417a422b79d7a763574bbbae654	account-wallet,uri-web-content,read-proof-history,app-package-runtime,identity-principal,privacy,cross-chain,token-payment,security-supply-chain	erc-8290.md
ERC	8320	yes	https://eips.ethereum.org/EIPS/eip-8320	Regulated Asset Claim	Draft	Standards Track	ERC	2026-07-03	165, 712, 1271	3985	9c7cde0116c64781fb385834a72df14059021cc6ca21446082705dd01788043a	account-wallet,uri-web-content,read-proof-history,app-package-runtime,identity-principal,privacy,agent-automation,cross-chain,token-payment,security-supply-chain	erc-8320.md
ERC	8325	yes	https://eips.ethereum.org/EIPS/eip-8325	Asset Anchor Registry	Review	Standards Track	ERC	2026-07-04	165	3381	f17b376805438e321d48c4474c5f1b851c78a0b71e8c26952705098dee5fd129	account-wallet,uri-web-content,read-proof-history,app-package-runtime,identity-principal,cross-chain,token-payment,security-supply-chain,offline-storage	erc-8325.md
ERC	8326	yes	https://eips.ethereum.org/EIPS/eip-8326	Canonical Document Bundle Anchor	Review	Standards Track	ERC	2026-07-05	165	3452	b39f32513ee9e080ea0405667b1402e8dfdf92cc8457d1746a0a23d8b123689e	account-wallet,uri-web-content,read-proof-history,app-package-runtime,identity-principal,privacy,token-payment,security-supply-chain,offline-storage,human-interface	erc-8326.md
ERC	8327	yes	https://eips.ethereum.org/EIPS/eip-8327	Directional Transfer Domain Registry	Review	Standards Track	ERC	2026-07-05	165	3288	dbeece49d3ca33b7525dd04b25ba6544c00b3727351246ec283fdf6c1990f6dc	account-wallet,uri-web-content,read-proof-history,app-package-runtime,identity-principal,cross-chain,token-payment,security-supply-chain,offline-storage	erc-8327.md
ERC	8328	yes	https://eips.ethereum.org/EIPS/eip-8328	Subject-Linked Compliance Event Log	Review	Standards Track	ERC	2026-07-05	165	3544	a6408d6d07c4716ce928cef208d5e11339c5a1a8a8d4d2188367fe217fad6e77	account-wallet,uri-web-content,read-proof-history,app-package-runtime,identity-principal,privacy,token-payment,security-supply-chain,offline-storage	erc-8328.md
ERC	8329	yes	https://eips.ethereum.org/EIPS/eip-8329	Subject-Linked Impact Snapshot Log	Review	Standards Track	ERC	2026-07-05	165	3382	37e96b7ed4f6ee4e5c427baba1072d67312abd177adf2d4de2793fcdb9120b0f	account-wallet,uri-web-content,read-proof-history,app-package-runtime,identity-principal,privacy,token-payment,security-supply-chain,offline-storage	erc-8329.md
ERC	8330	yes	https://eips.ethereum.org/EIPS/eip-8330	Subject-Linked NAV Snapshot Oracle	Review	Standards Track	ERC	2026-07-05	165	3930	217f465801898e30be819dd1a687ea9612c17238a609df8c613ee208292a336d	account-wallet,uri-web-content,read-proof-history,app-package-runtime,identity-principal,privacy,cross-chain,token-payment,security-supply-chain,offline-storage	erc-8330.md
ERC-support	1	no-duplicate-eip-1	https://eips.ethereum.org/EIPS/eip-1	EIP Purpose and Guidelines	Living	Meta		2015-10-27		4606	edb22a68f8c3e9aff4d0ab2c08c3770db5394a72fdefeedbde601de5af34aa87	account-wallet,uri-web-content,read-proof-history,app-package-runtime,privacy,cross-chain,token-payment,security-supply-chain,human-interface	eip-1.md
